timestamp,time,open,high,low,close,volume
1769386500000,2026-01-26T00:15:00+00:00,24794.5,24829.8,24794.5,24826.3,862
1769387400000,2026-01-26T00:30:00+00:00,24825.3,24832.5,24784.3,24785.9,504
1769388300000,2026-01-26T00:45:00+00:00,24785.0,24807.2,24761.3,24773.0,700
1769389200000,2026-01-26T01:00:00+00:00,24777.5,24815.0,24751.0,24766.3,1174
1769390100000,2026-01-26T01:15:00+00:00,24766.7,24804.7,24764.0,24784.2,996
1769391000000,2026-01-26T01:30:00+00:00,24782.8,24787.2,24766.3,24768.2,910
1769391900000,2026-01-26T01:45:00+00:00,24771.5,24782.1,24758.5,24770.0,790
1769392800000,2026-01-26T02:00:00+00:00,24771.6,24782.2,24770.1,24776.6,772
1769393700000,2026-01-26T02:15:00+00:00,24775.2,24791.7,24774.0,24784.6,672
1769394600000,2026-01-26T02:30:00+00:00,24784.8,24785.8,24756.0,24756.0,662
1769395500000,2026-01-26T02:45:00+00:00,24755.7,24755.7,24735.8,24745.7,694
1769396400000,2026-01-26T03:00:00+00:00,24746.4,24784.5,24746.4,24772.1,822
1769397300000,2026-01-26T03:15:00+00:00,24772.2,24780.7,24764.5,24768.0,660
1769398200000,2026-01-26T03:30:00+00:00,24770.2,24782.7,24763.0,24772.8,646
1769399100000,2026-01-26T03:45:00+00:00,24773.8,24780.7,24767.5,24778.9,604
1769400000000,2026-01-26T04:00:00+00:00,24779.5,24779.9,24763.0,24767.9,482
1769400900000,2026-01-26T04:15:00+00:00,24767.8,24783.3,24766.5,24783.3,410
1769401800000,2026-01-26T04:30:00+00:00,24784.3,24791.7,24769.0,24772.0,526
1769402700000,2026-01-26T04:45:00+00:00,24772.2,24779.5,24770.5,24777.3,474
1769403600000,2026-01-26T05:00:00+00:00,24775.5,24783.8,24765.7,24767.8,466
1769404500000,2026-01-26T05:15:00+00:00,24766.8,24797.1,24766.8,24792.8,552
1769405400000,2026-01-26T05:30:00+00:00,24794.0,24802.5,24787.5,24799.5,462
1769406300000,2026-01-26T05:45:00+00:00,24797.5,24808.1,24794.9,24803.1,388
1769407200000,2026-01-26T06:00:00+00:00,24802.1,24815.5,24796.2,24809.7,666
1769408100000,2026-01-26T06:15:00+00:00,24812.2,24834.6,24809.6,24823.8,612
1769409000000,2026-01-26T06:30:00+00:00,24827.9,24828.0,24806.7,24826.8,592
1769409900000,2026-01-26T06:45:00+00:00,24827.0,24852.4,24819.8,24841.1,658
1769410800000,2026-01-26T07:00:00+00:00,24840.2,24867.4,24839.2,24866.2,1024
1769411700000,2026-01-26T07:15:00+00:00,24867.0,24873.5,24847.7,24863.6,826
1769412600000,2026-01-26T07:30:00+00:00,24861.6,24872.3,24843.3,24869.1,760
1769413500000,2026-01-26T07:45:00+00:00,24868.8,24877.6,24851.5,24876.2,1052
1769414400000,2026-01-26T08:00:00+00:00,24875.5,24896.7,24858.7,24884.7,2538
1769415300000,2026-01-26T08:15:00+00:00,24885.1,24913.6,24881.1,24893.8,2082
1769416200000,2026-01-26T08:30:00+00:00,24894.2,24899.3,24866.7,24888.8,2158
1769417100000,2026-01-26T08:45:00+00:00,24890.7,24897.6,24871.5,24879.4,1626
1769418000000,2026-01-26T09:00:00+00:00,24879.5,24893.9,24852.4,24853.6,1778
1769418900000,2026-01-26T09:15:00+00:00,24853.7,24863.2,24827.0,24844.2,1894
1769419800000,2026-01-26T09:30:00+00:00,24844.1,24846.0,24803.9,24803.9,1904
1769420700000,2026-01-26T09:45:00+00:00,24803.4,24814.8,24789.3,24810.3,1880
1769421600000,2026-01-26T10:00:00+00:00,24809.6,24821.3,24795.6,24821.0,1592
1769422500000,2026-01-26T10:15:00+00:00,24820.7,24844.0,24814.4,24837.9,1630
1769423400000,2026-01-26T10:30:00+00:00,24836.6,24853.6,24828.3,24841.1,1780
1769424300000,2026-01-26T10:45:00+00:00,24841.6,24846.6,24813.1,24814.7,1552
1769425200000,2026-01-26T11:00:00+00:00,24816.6,24837.7,24814.2,24834.0,1376
1769426100000,2026-01-26T11:15:00+00:00,24834.6,24857.8,24829.7,24853.9,1314
1769427000000,2026-01-26T11:30:00+00:00,24854.3,24858.5,24846.8,24848.2,1214
1769427900000,2026-01-26T11:45:00+00:00,24848.5,24855.0,24838.7,24851.5,1140
1769428800000,2026-01-26T12:00:00+00:00,24847.1,24892.1,24847.1,24888.3,1572
1769429700000,2026-01-26T12:15:00+00:00,24888.4,24900.2,24873.4,24887.5,1354
1769430600000,2026-01-26T12:30:00+00:00,24886.4,24896.3,24882.7,24885.5,1202
1769431500000,2026-01-26T12:45:00+00:00,24885.6,24894.6,24872.1,24889.8,1232
1769432400000,2026-01-26T13:00:00+00:00,24890.4,24893.7,24882.3,24888.0,1398
1769433300000,2026-01-26T13:15:00+00:00,24888.7,24908.5,24887.7,24895.3,1338
1769434200000,2026-01-26T13:30:00+00:00,24895.7,24900.8,24877.9,24885.5,1476
1769435100000,2026-01-26T13:45:00+00:00,24886.0,24926.4,24885.5,24925.7,1468
1769436000000,2026-01-26T14:00:00+00:00,24926.3,24974.4,24926.3,24965.3,1584
1769436900000,2026-01-26T14:15:00+00:00,24965.2,24980.1,24935.4,24943.6,1574
1769437800000,2026-01-26T14:30:00+00:00,24944.4,24990.7,24938.8,24955.4,2460
1769438700000,2026-01-26T14:45:00+00:00,24955.3,24964.3,24942.6,24945.0,2178
1769439600000,2026-01-26T15:00:00+00:00,24944.6,24975.2,24943.3,24973.8,1994
1769440500000,2026-01-26T15:15:00+00:00,24975.0,24975.0,24929.4,24931.1,1794
1769441400000,2026-01-26T15:30:00+00:00,24931.9,24934.7,24896.9,24911.6,1984
1769442300000,2026-01-26T15:45:00+00:00,24911.7,24963.2,24911.5,24956.0,1906
1769443200000,2026-01-26T16:00:00+00:00,24956.6,24968.5,24934.4,24965.4,1902
1769444100000,2026-01-26T16:15:00+00:00,24965.5,24968.9,24939.1,24948.7,2046
1769445000000,2026-01-26T16:30:00+00:00,24948.9,24955.2,24923.6,24925.0,1938
1769445900000,2026-01-26T16:45:00+00:00,24924.6,24946.3,24922.9,24937.6,1354
1769446800000,2026-01-26T17:00:00+00:00,24938.0,24947.1,24934.2,24945.1,1006
1769447700000,2026-01-26T17:15:00+00:00,24945.4,24966.0,24945.4,24966.0,1002
1769448600000,2026-01-26T17:30:00+00:00,24967.0,24969.7,24963.7,24968.9,976
1769449500000,2026-01-26T17:45:00+00:00,24968.2,24968.9,24949.1,24958.7,1098
1769450400000,2026-01-26T18:00:00+00:00,24958.6,24958.6,24942.9,24947.0,800
1769451300000,2026-01-26T18:15:00+00:00,24946.5,24968.9,24945.3,24968.9,820
1769452200000,2026-01-26T18:30:00+00:00,24968.8,24971.4,24957.6,24960.4,902
1769453100000,2026-01-26T18:45:00+00:00,24960.1,24960.6,24941.9,24947.1,904
1769454000000,2026-01-26T19:00:00+00:00,24946.3,24955.1,24943.6,24953.5,906
1769454900000,2026-01-26T19:15:00+00:00,24953.4,24953.4,24937.9,24941.6,900
1769455800000,2026-01-26T19:30:00+00:00,24941.3,24946.0,24932.0,24942.6,820
1769456700000,2026-01-26T19:45:00+00:00,24942.5,24943.1,24920.7,24924.4,672
1769457600000,2026-01-26T20:00:00+00:00,24923.9,24942.1,24920.7,24942.1,790
1769458500000,2026-01-26T20:15:00+00:00,24942.8,24944.0,24937.0,24937.0,836
1769459400000,2026-01-26T20:30:00+00:00,24938.0,24952.2,24936.7,24942.6,824
1769460300000,2026-01-26T20:45:00+00:00,24941.0,24942.4,24929.6,24935.8,954
1769472900000,2026-01-27T00:15:00+00:00,24937.2,24952.7,24935.5,24936.2,294
1769473800000,2026-01-27T00:30:00+00:00,24935.9,24940.2,24931.7,24932.0,290
1769474700000,2026-01-27T00:45:00+00:00,24932.9,24936.7,24931.2,24933.4,238
1769475600000,2026-01-27T01:00:00+00:00,24934.0,24935.7,24927.1,24935.2,354
1769476500000,2026-01-27T01:15:00+00:00,24935.7,24942.2,24931.0,24931.4,224
1769477400000,2026-01-27T01:30:00+00:00,24931.7,24941.1,24926.3,24934.2,420
1769478300000,2026-01-27T01:45:00+00:00,24933.8,24941.3,24930.0,24935.7,214
1769479200000,2026-01-27T02:00:00+00:00,24934.2,24963.9,24933.0,24958.3,338
1769480100000,2026-01-27T02:15:00+00:00,24958.4,24967.0,24956.2,24957.2,354
1769481000000,2026-01-27T02:30:00+00:00,24957.6,24966.8,24953.9,24959.7,300
1769481900000,2026-01-27T02:45:00+00:00,24959.1,24970.3,24946.9,24967.9,274
1769482800000,2026-01-27T03:00:00+00:00,24967.5,24970.0,24959.3,24959.5,164
1769483700000,2026-01-27T03:15:00+00:00,24959.6,24964.3,24956.5,24958.9,174
1769484600000,2026-01-27T03:30:00+00:00,24959.0,24970.2,24953.5,24966.7,288
1769485500000,2026-01-27T03:45:00+00:00,24966.4,24972.5,24961.3,24968.8,242
1769486400000,2026-01-27T04:00:00+00:00,24969.0,24993.7,24967.9,24988.8,394
1769487300000,2026-01-27T04:15:00+00:00,24988.5,25000.4,24986.4,24994.3,476
1769488200000,2026-01-27T04:30:00+00:00,24994.2,24998.7,24991.7,24996.2,340
1769489100000,2026-01-27T04:45:00+00:00,24996.0,24998.7,24994.2,24994.2,154
1769490000000,2026-01-27T05:00:00+00:00,24992.5,24993.9,24976.2,24976.7,284
1769490900000,2026-01-27T05:15:00+00:00,24977.7,24984.4,24974.3,24984.4,368
1769491800000,2026-01-27T05:30:00+00:00,24984.7,24999.3,24983.1,24999.3,324
1769492700000,2026-01-27T05:45:00+00:00,24999.7,25003.1,24997.7,25002.4,158
1769493600000,2026-01-27T06:00:00+00:00,25002.2,25015.6,25000.4,25002.3,316
1769494500000,2026-01-27T06:15:00+00:00,25002.9,25012.1,25001.8,25011.7,322
1769495400000,2026-01-27T06:30:00+00:00,25011.1,25011.1,24994.0,24997.4,374
1769496300000,2026-01-27T06:45:00+00:00,24997.2,24998.8,24987.6,24989.3,244
1769497200000,2026-01-27T07:00:00+00:00,24989.8,25016.8,24989.8,24994.2,868
1769498100000,2026-01-27T07:15:00+00:00,24995.4,25000.7,24982.5,24986.5,632
1769499000000,2026-01-27T07:30:00+00:00,24986.2,25017.9,24981.2,25007.6,718
1769499900000,2026-01-27T07:45:00+00:00,25007.4,25007.7,24981.0,24991.6,1046
1769500800000,2026-01-27T08:00:00+00:00,24992.1,25014.2,24976.7,24985.5,2642
1769501700000,2026-01-27T08:15:00+00:00,24987.8,24997.4,24948.2,24956.0,2226
1769502600000,2026-01-27T08:30:00+00:00,24956.4,24966.5,24898.7,24924.9,2270
1769503500000,2026-01-27T08:45:00+00:00,24924.6,24934.4,24902.3,24908.8,1988
1769504400000,2026-01-27T09:00:00+00:00,24908.1,24913.2,24859.7,24868.3,2072
1769505300000,2026-01-27T09:15:00+00:00,24867.9,24896.2,24867.6,24884.9,1700
1769506200000,2026-01-27T09:30:00+00:00,24885.2,24911.5,24876.3,24909.7,1728
1769507100000,2026-01-27T09:45:00+00:00,24910.1,24914.8,24887.1,24895.2,1692
1769508000000,2026-01-27T10:00:00+00:00,24894.1,24912.9,24889.1,24906.4,1480
1769508900000,2026-01-27T10:15:00+00:00,24906.9,24918.6,24906.2,24918.2,1384
1769509800000,2026-01-27T10:30:00+00:00,24917.8,24927.7,24911.6,24923.8,1378
1769510700000,2026-01-27T10:45:00+00:00,24924.2,24932.4,24905.5,24906.0,1310
1769511600000,2026-01-27T11:00:00+00:00,24905.3,24912.2,24895.6,24903.3,1796
1769512500000,2026-01-27T11:15:00+00:00,24903.2,24926.9,24902.8,24926.8,1354
1769513400000,2026-01-27T11:30:00+00:00,24926.7,24961.0,24926.7,24956.2,1588
1769514300000,2026-01-27T11:45:00+00:00,24956.3,24961.6,24927.7,24931.5,1508
1769515200000,2026-01-27T12:00:00+00:00,24931.3,24933.1,24917.9,24932.0,1502
1769516100000,2026-01-27T12:15:00+00:00,24932.2,24932.2,24895.3,24910.2,1404
1769517000000,2026-01-27T12:30:00+00:00,24910.1,24932.8,24907.7,24931.1,1390
1769517900000,2026-01-27T12:45:00+00:00,24930.6,24930.6,24912.3,24927.7,1450
1769518800000,2026-01-27T13:00:00+00:00,24929.0,24955.8,24928.2,24932.0,1486
1769519700000,2026-01-27T13:15:00+00:00,24931.2,24931.2,24912.1,24912.1,1470
1769520600000,2026-01-27T13:30:00+00:00,24911.1,24923.9,24900.0,24902.6,1518
1769521500000,2026-01-27T13:45:00+00:00,24903.1,24915.2,24896.9,24908.1,1540
1769522400000,2026-01-27T14:00:00+00:00,24907.2,24925.6,24903.4,24917.7,1632
1769523300000,2026-01-27T14:15:00+00:00,24917.5,24928.7,24908.1,24925.9,1636
1769524200000,2026-01-27T14:30:00+00:00,24926.1,24952.4,24923.1,24935.2,2408
1769525100000,2026-01-27T14:45:00+00:00,24934.6,24944.3,24909.7,24910.9,2046
1769526000000,2026-01-27T15:00:00+00:00,24910.1,24918.6,24887.9,24905.2,2308
1769526900000,2026-01-27T15:15:00+00:00,24905.1,24906.3,24843.2,24850.2,2196
1769527800000,2026-01-27T15:30:00+00:00,24848.6,24901.2,24848.0,24896.6,2086
1769528700000,2026-01-27T15:45:00+00:00,24896.3,24909.8,24879.4,24905.0,1882
1769529600000,2026-01-27T16:00:00+00:00,24904.4,24926.2,24893.6,24926.1,1778
1769530500000,2026-01-27T16:15:00+00:00,24926.3,24928.4,24901.0,24902.5,1856
1769531400000,2026-01-27T16:30:00+00:00,24902.1,24907.6,24867.5,24870.5,1864
1769532300000,2026-01-27T16:45:00+00:00,24870.3,24885.5,24858.4,24875.9,1624
1769533200000,2026-01-27T17:00:00+00:00,24874.3,24884.3,24868.5,24878.8,1334
1769534100000,2026-01-27T17:15:00+00:00,24877.8,24884.3,24863.1,24881.8,1224
1769535000000,2026-01-27T17:30:00+00:00,24882.1,24886.8,24869.2,24870.8,1220
1769535900000,2026-01-27T17:45:00+00:00,24870.7,24878.4,24868.5,24869.6,1162
1769536800000,2026-01-27T18:00:00+00:00,24869.9,24872.8,24850.8,24872.6,1082
1769537700000,2026-01-27T18:15:00+00:00,24872.8,24881.4,24872.4,24876.7,860
1769538600000,2026-01-27T18:30:00+00:00,24877.6,24885.1,24873.9,24875.4,864
1769539500000,2026-01-27T18:45:00+00:00,24875.6,24885.5,24874.9,24882.7,902
1769540400000,2026-01-27T19:00:00+00:00,24883.0,24893.8,24879.1,24891.9,850
1769541300000,2026-01-27T19:15:00+00:00,24891.5,24897.1,24889.3,24892.5,858
1769542200000,2026-01-27T19:30:00+00:00,24892.6,24894.0,24883.8,24889.7,824
1769543100000,2026-01-27T19:45:00+00:00,24889.4,24901.3,24888.8,24895.3,862
1769544000000,2026-01-27T20:00:00+00:00,24894.9,24914.5,24891.8,24913.3,866
1769544900000,2026-01-27T20:15:00+00:00,24913.4,24913.5,24891.2,24894.1,896
1769545800000,2026-01-27T20:30:00+00:00,24893.2,24900.8,24887.2,24889.7,978
1769546700000,2026-01-27T20:45:00+00:00,24889.8,24890.9,24846.6,24859.7,1554
1769559300000,2026-01-28T00:15:00+00:00,24887.0,24887.8,24870.6,24881.3,440
1769560200000,2026-01-28T00:30:00+00:00,24882.1,24904.5,24869.1,24904.1,420
1769561100000,2026-01-28T00:45:00+00:00,24904.2,24904.5,24884.6,24898.6,480
1769562000000,2026-01-28T01:00:00+00:00,24898.8,24912.6,24893.0,24905.2,412
1769562900000,2026-01-28T01:15:00+00:00,24904.8,24906.1,24896.8,24901.3,414
1769563800000,2026-01-28T01:30:00+00:00,24901.1,24902.1,24889.0,24893.8,344
1769564700000,2026-01-28T01:45:00+00:00,24894.3,24896.8,24874.7,24879.5,334
1769565600000,2026-01-28T02:00:00+00:00,24873.3,24896.1,24873.3,24884.3,408
1769566500000,2026-01-28T02:15:00+00:00,24884.5,24888.0,24878.3,24881.2,288
1769567400000,2026-01-28T02:30:00+00:00,24881.1,24888.0,24879.0,24881.8,296
1769568300000,2026-01-28T02:45:00+00:00,24883.2,24887.8,24880.7,24881.8,300
1769569200000,2026-01-28T03:00:00+00:00,24882.3,24893.7,24882.1,24892.5,164
1769570100000,2026-01-28T03:15:00+00:00,24892.9,24911.0,24891.3,24901.3,484
1769571000000,2026-01-28T03:30:00+00:00,24901.8,24909.3,24893.6,24893.6,264
1769571900000,2026-01-28T03:45:00+00:00,24893.7,24897.8,24882.3,24884.0,246
1769572800000,2026-01-28T04:00:00+00:00,24885.3,24911.2,24884.3,24909.3,368
1769573700000,2026-01-28T04:15:00+00:00,24910.0,24913.6,24901.8,24909.1,266
1769574600000,2026-01-28T04:30:00+00:00,24908.1,24910.6,24897.6,24897.6,184
1769575500000,2026-01-28T04:45:00+00:00,24897.8,24898.8,24891.3,24896.6,172
1769576400000,2026-01-28T05:00:00+00:00,24895.8,24909.8,24894.5,24906.6,298
1769577300000,2026-01-28T05:15:00+00:00,24908.0,24920.8,24907.1,24910.2,342
1769578200000,2026-01-28T05:30:00+00:00,24910.3,24926.1,24908.3,24926.1,340
1769579100000,2026-01-28T05:45:00+00:00,24926.3,24930.8,24912.7,24912.7,306
1769580000000,2026-01-28T06:00:00+00:00,24929.4,24946.0,24905.3,24911.7,810
1769580900000,2026-01-28T06:15:00+00:00,24911.5,24935.8,24909.0,24926.5,526
1769581800000,2026-01-28T06:30:00+00:00,24925.8,24942.5,24919.8,24919.8,620
1769582700000,2026-01-28T06:45:00+00:00,24916.1,24942.3,24914.8,24937.8,544
1769583600000,2026-01-28T07:00:00+00:00,24936.8,24943.2,24880.6,24892.1,1162
1769584500000,2026-01-28T07:15:00+00:00,24892.5,24895.8,24875.7,24890.2,940
1769585400000,2026-01-28T07:30:00+00:00,24888.9,24903.6,24879.0,24888.9,948
1769586300000,2026-01-28T07:45:00+00:00,24889.0,24893.5,24863.1,24866.8,1064
1769587200000,2026-01-28T08:00:00+00:00,24867.6,24915.2,24860.8,24894.4,2842
1769588100000,2026-01-28T08:15:00+00:00,24895.5,24921.8,24891.4,24912.5,2390
1769589000000,2026-01-28T08:30:00+00:00,24916.0,24916.9,24854.9,24859.0,2190
1769589900000,2026-01-28T08:45:00+00:00,24859.3,24859.3,24788.0,24796.9,2320
1769590800000,2026-01-28T09:00:00+00:00,24801.2,24823.7,24793.9,24802.7,2048
1769591700000,2026-01-28T09:15:00+00:00,24803.8,24838.0,24799.4,24823.9,1898
1769592600000,2026-01-28T09:30:00+00:00,24824.1,24848.5,24818.5,24824.7,1762
1769593500000,2026-01-28T09:45:00+00:00,24825.8,24847.7,24820.2,24836.6,1762
1769594400000,2026-01-28T10:00:00+00:00,24834.8,24857.0,24812.8,24838.4,1820
1769595300000,2026-01-28T10:15:00+00:00,24837.1,24848.9,24823.3,24845.0,1588
1769596200000,2026-01-28T10:30:00+00:00,24845.1,24850.7,24827.8,24841.4,1508
1769597100000,2026-01-28T10:45:00+00:00,24843.1,24849.4,24826.9,24837.4,1592
1769598000000,2026-01-28T11:00:00+00:00,24837.3,24849.3,24827.0,24848.9,1504
1769598900000,2026-01-28T11:15:00+00:00,24849.8,24879.2,24840.5,24870.5,1802
1769599800000,2026-01-28T11:30:00+00:00,24871.2,24890.2,24865.4,24880.0,1620
1769600700000,2026-01-28T11:45:00+00:00,24879.6,24879.6,24834.8,24836.4,1698
1769601600000,2026-01-28T12:00:00+00:00,24839.3,24847.1,24758.6,24800.4,2030
1769602500000,2026-01-28T12:15:00+00:00,24801.6,24808.0,24755.5,24779.1,2248
1769603400000,2026-01-28T12:30:00+00:00,24781.0,24790.2,24740.8,24754.2,2056
1769604300000,2026-01-28T12:45:00+00:00,24755.0,24759.2,24704.2,24709.9,2148
1769605200000,2026-01-28T13:00:00+00:00,24709.1,24762.5,24708.0,24737.4,2184
1769606100000,2026-01-28T13:15:00+00:00,24735.8,24751.9,24724.6,24731.2,1910
1769607000000,2026-01-28T13:30:00+00:00,24731.0,24776.0,24727.6,24754.8,1878
1769607900000,2026-01-28T13:45:00+00:00,24755.1,24774.8,24742.9,24761.0,1750
1769608800000,2026-01-28T14:00:00+00:00,24760.5,24777.2,24744.1,24761.9,1936
1769609700000,2026-01-28T14:15:00+00:00,24761.4,24782.7,24752.8,24767.8,2150
1769610600000,2026-01-28T14:30:00+00:00,24768.2,24798.8,24748.4,24793.7,2782
1769611500000,2026-01-28T14:45:00+00:00,24792.8,24811.9,24783.6,24796.6,2612
1769612400000,2026-01-28T15:00:00+00:00,24796.5,24833.6,24784.1,24803.3,2758
1769613300000,2026-01-28T15:15:00+00:00,24802.8,24833.9,24800.7,24801.8,2528
1769614200000,2026-01-28T15:30:00+00:00,24802.1,24818.8,24787.7,24793.1,2396
1769615100000,2026-01-28T15:45:00+00:00,24793.2,24842.4,24791.1,24820.4,2338
1769616000000,2026-01-28T16:00:00+00:00,24819.6,24837.9,24811.9,24836.2,2154
1769616900000,2026-01-28T16:15:00+00:00,24835.3,24841.3,24824.0,24835.0,2150
1769617800000,2026-01-28T16:30:00+00:00,24833.8,24834.4,24792.3,24794.1,2258
1769618700000,2026-01-28T16:45:00+00:00,24794.2,24805.5,24779.1,24790.4,1798
1769619600000,2026-01-28T17:00:00+00:00,24790.2,24825.3,24790.1,24825.2,1580
1769620500000,2026-01-28T17:15:00+00:00,24825.1,24837.1,24818.8,24825.9,1468
1769621400000,2026-01-28T17:30:00+00:00,24825.6,24834.0,24821.9,24826.3,1304
1769622300000,2026-01-28T17:45:00+00:00,24826.5,24836.6,24817.6,24818.3,1174
1769623200000,2026-01-28T18:00:00+00:00,24818.6,24833.1,24815.1,24832.4,1038
1769624100000,2026-01-28T18:15:00+00:00,24832.6,24842.3,24831.6,24833.9,948
1769625000000,2026-01-28T18:30:00+00:00,24834.0,24834.4,24823.2,24827.3,966
1769625900000,2026-01-28T18:45:00+00:00,24827.5,24835.9,24824.0,24830.8,908
1769626800000,2026-01-28T19:00:00+00:00,24831.3,24855.8,24818.3,24852.6,1320
1769627700000,2026-01-28T19:15:00+00:00,24851.5,24855.3,24821.6,24822.8,1588
1769628600000,2026-01-28T19:30:00+00:00,24819.0,24864.9,24815.8,24845.2,2280
1769629500000,2026-01-28T19:45:00+00:00,24843.8,24864.9,24841.7,24845.8,1804
1769630400000,2026-01-28T20:00:00+00:00,24844.2,24863.7,24843.7,24858.8,1630
1769631300000,2026-01-28T20:15:00+00:00,24857.8,24868.3,24844.8,24846.9,1326
1769632200000,2026-01-28T20:30:00+00:00,24846.2,24861.2,24845.3,24853.5,1280
1769633100000,2026-01-28T20:45:00+00:00,24852.2,24871.3,24850.5,24859.4,1262
1769645700000,2026-01-29T00:15:00+00:00,24834.9,24872.8,24823.1,24872.8,784
1769646600000,2026-01-29T00:30:00+00:00,24872.7,24878.4,24868.0,24874.9,518
1769647500000,2026-01-29T00:45:00+00:00,24874.6,24877.9,24864.3,24872.9,466
1769648400000,2026-01-29T01:00:00+00:00,24874.5,24875.4,24861.7,24862.4,600
1769649300000,2026-01-29T01:15:00+00:00,24862.1,24862.3,24798.8,24816.2,744
1769650200000,2026-01-29T01:30:00+00:00,24817.7,24841.9,24813.6,24832.5,728
1769651100000,2026-01-29T01:45:00+00:00,24831.7,24847.0,24830.1,24839.9,726
1769652000000,2026-01-29T02:00:00+00:00,24839.2,24849.2,24822.6,24830.2,800
1769652900000,2026-01-29T02:15:00+00:00,24830.9,24866.4,24830.9,24862.2,496
1769653800000,2026-01-29T02:30:00+00:00,24862.5,24865.1,24839.2,24846.0,428
1769654700000,2026-01-29T02:45:00+00:00,24846.1,24867.4,24838.1,24852.2,422
1769655600000,2026-01-29T03:00:00+00:00,24852.1,24864.3,24850.0,24858.9,534
1769656500000,2026-01-29T03:15:00+00:00,24860.3,24871.7,24858.8,24863.6,356
1769657400000,2026-01-29T03:30:00+00:00,24863.8,24886.7,24862.4,24883.2,526
1769658300000,2026-01-29T03:45:00+00:00,24883.3,24887.9,24855.1,24859.2,424
1769659200000,2026-01-29T04:00:00+00:00,24859.5,24872.6,24852.4,24861.9,474
1769660100000,2026-01-29T04:15:00+00:00,24861.3,24877.3,24858.5,24872.2,254
1769661000000,2026-01-29T04:30:00+00:00,24871.6,24884.9,24871.4,24872.2,250
1769661900000,2026-01-29T04:45:00+00:00,24871.5,24879.7,24870.1,24870.6,264
1769662800000,2026-01-29T05:00:00+00:00,24871.0,24916.9,24871.0,24909.7,526
1769663700000,2026-01-29T05:15:00+00:00,24909.6,24918.7,24851.4,24868.9,418
1769664600000,2026-01-29T05:30:00+00:00,24869.1,24869.1,24818.6,24843.6,430
1769665500000,2026-01-29T05:45:00+00:00,24846.4,24848.9,24750.9,24751.1,344
1769666400000,2026-01-29T06:00:00+00:00,24750.8,24793.3,24749.7,24793.2,356
1769667300000,2026-01-29T06:15:00+00:00,24793.5,24836.1,24792.4,24830.1,414
1769668200000,2026-01-29T06:30:00+00:00,24829.7,24836.3,24792.6,24795.2,550
1769669100000,2026-01-29T06:45:00+00:00,24795.5,24803.9,24787.1,24800.2,360
1769670000000,2026-01-29T07:00:00+00:00,24795.7,24828.9,24788.1,24823.9,936
1769670900000,2026-01-29T07:15:00+00:00,24824.5,24827.4,24800.6,24812.0,744
1769671800000,2026-01-29T07:30:00+00:00,24810.2,24832.9,24807.2,24817.2,982
1769672700000,2026-01-29T07:45:00+00:00,24819.2,24831.1,24778.3,24778.3,1154
1769673600000,2026-01-29T08:00:00+00:00,24782.5,24782.5,24584.3,24676.7,3168
1769674500000,2026-01-29T08:15:00+00:00,24677.0,24757.9,24676.9,24729.9,2776
1769675400000,2026-01-29T08:30:00+00:00,24728.1,24734.7,24647.9,24670.9,2630
1769676300000,2026-01-29T08:45:00+00:00,24668.6,24675.0,24608.6,24629.3,2470
1769677200000,2026-01-29T09:00:00+00:00,24628.3,24657.4,24618.9,24653.9,2266
1769678100000,2026-01-29T09:15:00+00:00,24656.4,24669.1,24593.4,24600.4,2148
1769679000000,2026-01-29T09:30:00+00:00,24600.3,24610.8,24582.3,24590.1,2206
1769679900000,2026-01-29T09:45:00+00:00,24590.3,24597.3,24518.8,24526.7,2342
1769680800000,2026-01-29T10:00:00+00:00,24526.6,24557.5,24526.4,24549.9,2262
1769681700000,2026-01-29T10:15:00+00:00,24550.6,24589.0,24543.9,24560.5,2206
1769682600000,2026-01-29T10:30:00+00:00,24560.1,24583.3,24536.1,24540.8,2102
1769683500000,2026-01-29T10:45:00+00:00,24540.6,24561.6,24507.9,24513.9,2100
1769684400000,2026-01-29T11:00:00+00:00,24513.6,24576.1,24503.9,24569.8,2352
1769685300000,2026-01-29T11:15:00+00:00,24569.9,24616.4,24563.4,24609.3,2202
1769686200000,2026-01-29T11:30:00+00:00,24608.4,24614.8,24585.3,24594.0,2124
1769687100000,2026-01-29T11:45:00+00:00,24594.8,24623.5,24591.2,24619.9,1822
1769688000000,2026-01-29T12:00:00+00:00,24620.1,24637.4,24614.0,24635.4,1840
1769688900000,2026-01-29T12:15:00+00:00,24635.5,24635.5,24592.0,24615.6,1870
1769689800000,2026-01-29T12:30:00+00:00,24615.7,24616.7,24567.3,24576.4,1946
1769690700000,2026-01-29T12:45:00+00:00,24576.5,24587.5,24561.5,24562.6,1858
1769691600000,2026-01-29T13:00:00+00:00,24562.7,24579.5,24562.5,24567.5,1816
1769692500000,2026-01-29T13:15:00+00:00,24568.0,24568.8,24539.6,24564.2,1978
1769693400000,2026-01-29T13:30:00+00:00,24563.9,24580.0,24548.0,24550.9,1772
1769694300000,2026-01-29T13:45:00+00:00,24551.9,24607.3,24550.5,24605.5,2004
1769695200000,2026-01-29T14:00:00+00:00,24607.1,24620.6,24594.2,24598.5,2182
1769696100000,2026-01-29T14:15:00+00:00,24598.4,24604.6,24557.4,24567.0,2040
1769697000000,2026-01-29T14:30:00+00:00,24565.0,24586.9,24531.1,24577.4,2866
1769697900000,2026-01-29T14:45:00+00:00,24577.5,24577.5,24428.4,24429.2,3074
1769698800000,2026-01-29T15:00:00+00:00,24430.2,24458.8,24416.9,24430.3,3088
1769699700000,2026-01-29T15:15:00+00:00,24434.2,24471.4,24416.4,24416.4,2690
1769700600000,2026-01-29T15:30:00+00:00,24414.4,24414.4,24319.6,24342.6,1938
1769701500000,2026-01-29T15:45:00+00:00,24343.2,24375.6,24270.8,24296.6,2918
1769702400000,2026-01-29T16:00:00+00:00,24296.9,24333.7,24263.1,24333.7,3040
1769703300000,2026-01-29T16:15:00+00:00,24333.1,24363.1,24292.3,24294.9,2928
1769704200000,2026-01-29T16:30:00+00:00,24294.5,24367.6,24291.5,24351.5,2910
1769705100000,2026-01-29T16:45:00+00:00,24349.9,24362.1,24338.1,24352.6,2566
1769706000000,2026-01-29T17:00:00+00:00,24354.0,24442.4,24352.1,24434.3,2150
1769706900000,2026-01-29T17:15:00+00:00,24432.4,24468.2,24432.4,24455.5,1864
1769707800000,2026-01-29T17:30:00+00:00,24454.7,24463.7,24427.4,24430.4,1750
1769708700000,2026-01-29T17:45:00+00:00,24429.7,24431.7,24379.5,24390.6,2062
1769709600000,2026-01-29T18:00:00+00:00,24391.7,24441.0,24386.4,24432.2,1792
1769710500000,2026-01-29T18:15:00+00:00,24430.9,24438.5,24417.9,24437.3,1522
1769711400000,2026-01-29T18:30:00+00:00,24436.7,24460.5,24419.0,24449.7,1760
1769712300000,2026-01-29T18:45:00+00:00,24449.4,24453.5,24430.5,24431.6,1650
1769713200000,2026-01-29T19:00:00+00:00,24430.1,24453.9,24427.0,24447.1,1442
1769714100000,2026-01-29T19:15:00+00:00,24446.9,24462.0,24442.2,24460.2,1168
1769715000000,2026-01-29T19:30:00+00:00,24461.3,24462.3,24434.9,24449.7,1456
1769715900000,2026-01-29T19:45:00+00:00,24449.9,24459.5,24438.9,24439.1,1264
1769716800000,2026-01-29T20:00:00+00:00,24439.2,24465.6,24439.2,24457.0,1332
1769717700000,2026-01-29T20:15:00+00:00,24456.9,24461.9,24440.5,24441.2,1128
1769718600000,2026-01-29T20:30:00+00:00,24438.4,24465.3,24431.6,24452.1,1406
1769719500000,2026-01-29T20:45:00+00:00,24451.3,24482.7,24442.9,24477.5,1414
1769732100000,2026-01-30T00:15:00+00:00,24463.8,24504.3,24459.6,24499.1,756
1769733000000,2026-01-30T00:30:00+00:00,24500.2,24520.9,24484.5,24487.4,488
1769733900000,2026-01-30T00:45:00+00:00,24489.5,24491.4,24482.1,24482.1,502
1769734800000,2026-01-30T01:00:00+00:00,24482.4,24483.6,24465.2,24467.4,574
1769735700000,2026-01-30T01:15:00+00:00,24467.9,24478.7,24449.4,24459.4,612
1769736600000,2026-01-30T01:30:00+00:00,24459.5,24465.4,24413.3,24427.7,758
1769737500000,2026-01-30T01:45:00+00:00,24427.4,24454.4,24423.0,24445.1,614
1769738400000,2026-01-30T02:00:00+00:00,24447.6,24459.5,24433.3,24439.9,988
1769739300000,2026-01-30T02:15:00+00:00,24440.4,24451.7,24406.1,24413.0,742
1769740200000,2026-01-30T02:30:00+00:00,24412.2,24419.3,24389.4,24409.4,844
1769741100000,2026-01-30T02:45:00+00:00,24409.3,24433.9,24406.9,24431.2,636
1769742000000,2026-01-30T03:00:00+00:00,24433.7,24481.4,24433.7,24462.0,494
1769742900000,2026-01-30T03:15:00+00:00,24462.9,24464.2,24434.9,24451.5,534
1769743800000,2026-01-30T03:30:00+00:00,24451.4,24469.2,24450.7,24455.0,548
1769744700000,2026-01-30T03:45:00+00:00,24456.5,24464.6,24450.0,24455.4,364
1769745600000,2026-01-30T04:00:00+00:00,24454.9,24469.5,24447.7,24468.0,392
1769746500000,2026-01-30T04:15:00+00:00,24467.9,24469.1,24433.0,24444.2,432
1769747400000,2026-01-30T04:30:00+00:00,24445.2,24457.3,24428.9,24443.3,384
1769748300000,2026-01-30T04:45:00+00:00,24444.3,24449.2,24428.3,24434.1,378
1769749200000,2026-01-30T05:00:00+00:00,24434.6,24447.0,24426.2,24433.4,540
1769750100000,2026-01-30T05:15:00+00:00,24433.3,24441.9,24420.3,24433.1,460
1769751000000,2026-01-30T05:30:00+00:00,24433.2,24433.4,24410.6,24410.9,488
1769751900000,2026-01-30T05:45:00+00:00,24413.0,24429.9,24407.0,24420.6,546
1769752800000,2026-01-30T06:00:00+00:00,24423.1,24430.6,24420.6,24429.4,532
1769753700000,2026-01-30T06:15:00+00:00,24429.8,24430.3,24406.4,24409.6,498
1769754600000,2026-01-30T06:30:00+00:00,24411.1,24435.6,24406.6,24429.9,614
1769755500000,2026-01-30T06:45:00+00:00,24427.4,24453.8,24410.4,24412.6,802
1769756400000,2026-01-30T07:00:00+00:00,24412.0,24438.5,24383.2,24430.4,1168
1769757300000,2026-01-30T07:15:00+00:00,24433.0,24435.5,24417.4,24423.2,1038
1769758200000,2026-01-30T07:30:00+00:00,24422.0,24438.4,24382.3,24386.8,1284
1769759100000,2026-01-30T07:45:00+00:00,24387.5,24388.9,24317.7,24324.6,1604
1769760000000,2026-01-30T08:00:00+00:00,24332.4,24436.2,24311.6,24434.6,2808
1769760900000,2026-01-30T08:15:00+00:00,24433.5,24485.1,24419.7,24475.8,2449
1769761800000,2026-01-30T08:30:00+00:00,24475.9,24494.7,24437.7,24494.7,2424
1769762700000,2026-01-30T08:45:00+00:00,24494.6,24523.7,24492.5,24522.8,1891
1769763600000,2026-01-30T09:00:00+00:00,24518.7,24523.3,24492.5,24492.5,1985
1769764500000,2026-01-30T09:15:00+00:00,24492.5,24521.2,24462.0,24518.9,2034
1769765400000,2026-01-30T09:30:00+00:00,24519.2,24522.3,24478.6,24485.3,2072
1769766300000,2026-01-30T09:45:00+00:00,24487.4,24488.5,24450.9,24460.3,2000
1769767200000,2026-01-30T10:00:00+00:00,24461.2,24474.0,24448.9,24465.0,1878
1769768100000,2026-01-30T10:15:00+00:00,24463.4,24464.1,24404.9,24421.1,1983
1769769000000,2026-01-30T10:30:00+00:00,24420.5,24468.2,24420.4,24437.7,1982
1769769900000,2026-01-30T10:45:00+00:00,24438.0,24462.3,24432.2,24441.7,1822
1769770800000,2026-01-30T11:00:00+00:00,24443.6,24471.9,24433.3,24459.0,1674
1769771700000,2026-01-30T11:15:00+00:00,24459.3,24487.1,24455.8,24481.5,1754
1769772600000,2026-01-30T11:30:00+00:00,24481.9,24513.8,24476.8,24512.1,1704
1769773500000,2026-01-30T11:45:00+00:00,24512.0,24550.9,24507.9,24540.8,1760
1769774400000,2026-01-30T12:00:00+00:00,24539.1,24568.7,24531.3,24535.4,1942
1769775300000,2026-01-30T12:15:00+00:00,24535.7,24551.7,24508.2,24508.2,1766
1769776200000,2026-01-30T12:30:00+00:00,24508.5,24531.9,24504.7,24509.3,1692
1769777100000,2026-01-30T12:45:00+00:00,24508.8,24526.3,24505.0,24511.3,1662
1769778000000,2026-01-30T13:00:00+00:00,24511.4,24529.9,24489.4,24527.4,1712
1769778900000,2026-01-30T13:15:00+00:00,24528.5,24528.5,24494.6,24503.8,1580
1769779800000,2026-01-30T13:30:00+00:00,24487.4,24506.7,24480.7,24502.3,2002
1769780700000,2026-01-30T13:45:00+00:00,24503.0,24506.0,24468.4,24469.9,1960
1769781600000,2026-01-30T14:00:00+00:00,24468.9,24514.7,24464.9,24512.9,1972
1769782500000,2026-01-30T14:15:00+00:00,24511.8,24540.4,24509.7,24540.4,1872
1769783400000,2026-01-30T14:30:00+00:00,24535.3,24580.9,24528.4,24563.6,2764
1769784300000,2026-01-30T14:45:00+00:00,24563.9,24569.0,24506.9,24514.7,2802
1769785200000,2026-01-30T15:00:00+00:00,24517.5,24563.2,24511.7,24552.9,2958
1769786100000,2026-01-30T15:15:00+00:00,24552.7,24560.6,24516.1,24518.8,2768
1769787000000,2026-01-30T15:30:00+00:00,24516.8,24580.9,24511.5,24576.7,2772
1769787900000,2026-01-30T15:45:00+00:00,24577.1,24583.8,24518.9,24520.1,2621
1769788800000,2026-01-30T16:00:00+00:00,24519.7,24553.4,24515.2,24534.8,2582
1769789700000,2026-01-30T16:15:00+00:00,24534.3,24534.3,24488.8,24520.6,2626
1769790600000,2026-01-30T16:30:00+00:00,24516.4,24566.8,24509.5,24539.2,2794
1769791500000,2026-01-30T16:45:00+00:00,24538.9,24549.5,24503.0,24506.9,2596
1769792400000,2026-01-30T17:00:00+00:00,24505.9,24519.9,24476.8,24489.7,2412
1769793300000,2026-01-30T17:15:00+00:00,24490.0,24531.4,24481.8,24527.4,2334
1769794200000,2026-01-30T17:30:00+00:00,24526.0,24535.0,24496.6,24514.9,2308
1769795100000,2026-01-30T17:45:00+00:00,24514.4,24533.0,24496.8,24497.0,2388
1769796000000,2026-01-30T18:00:00+00:00,24494.5,24507.9,24483.6,24486.5,1932
1769796900000,2026-01-30T18:15:00+00:00,24486.3,24489.1,24421.9,24474.4,2336
1769797800000,2026-01-30T18:30:00+00:00,24474.3,24477.5,24431.7,24448.7,1978
1769798700000,2026-01-30T18:45:00+00:00,24448.2,24512.2,24447.5,24497.2,2132
1769799600000,2026-01-30T19:00:00+00:00,24497.3,24512.6,24491.9,24503.7,2238
1769800500000,2026-01-30T19:15:00+00:00,24504.0,24525.1,24498.3,24498.3,1708
1769801400000,2026-01-30T19:30:00+00:00,24497.6,24518.2,24484.5,24503.4,2140
1769802300000,2026-01-30T19:45:00+00:00,24502.6,24518.2,24490.3,24491.7,1746
1769803200000,2026-01-30T20:00:00+00:00,24491.2,24514.2,24489.5,24494.7,1836
1769804100000,2026-01-30T20:15:00+00:00,24494.9,24500.3,24480.8,24487.9,1718
1769805000000,2026-01-30T20:30:00+00:00,24487.4,24501.7,24480.8,24493.7,1712
1769805900000,2026-01-30T20:45:00+00:00,24492.0,24522.8,24489.4,24509.0,1230
1769991300000,2026-02-02T00:15:00+00:00,24476.0,24501.1,24466.8,24486.5,768
1769992200000,2026-02-02T00:30:00+00:00,24486.8,24496.4,24475.1,24485.9,498
1769993100000,2026-02-02T00:45:00+00:00,24486.4,24498.4,24475.4,24475.4,520
1769994000000,2026-02-02T01:00:00+00:00,24476.0,24494.4,24422.1,24435.3,890
1769994900000,2026-02-02T01:15:00+00:00,24435.1,24442.4,24384.6,24415.4,996
1769995800000,2026-02-02T01:30:00+00:00,24417.7,24421.4,24370.6,24392.4,986
1769996700000,2026-02-02T01:45:00+00:00,24392.9,24403.7,24358.9,24372.7,1032
1769997600000,2026-02-02T02:00:00+00:00,24372.2,24393.6,24363.0,24382.9,1210
1769998500000,2026-02-02T02:15:00+00:00,24383.0,24392.4,24363.9,24375.7,954
1769999400000,2026-02-02T02:30:00+00:00,24375.3,24393.3,24364.0,24379.4,976
1770000300000,2026-02-02T02:45:00+00:00,24379.9,24380.4,24336.6,24347.4,824
1770001200000,2026-02-02T03:00:00+00:00,24347.8,24371.4,24315.1,24331.1,584
1770002100000,2026-02-02T03:15:00+00:00,24335.1,24343.4,24324.1,24331.1,756
1770003000000,2026-02-02T03:30:00+00:00,24330.4,24336.4,24276.2,24281.4,1162
1770003900000,2026-02-02T03:45:00+00:00,24280.9,24310.2,24260.5,24289.5,1088
1770004800000,2026-02-02T04:00:00+00:00,24290.1,24295.6,24222.2,24244.4,1246
1770005700000,2026-02-02T04:15:00+00:00,24243.4,24280.1,24241.5,24270.5,738
1770006600000,2026-02-02T04:30:00+00:00,24270.9,24320.7,24265.1,24317.9,676
1770007500000,2026-02-02T04:45:00+00:00,24317.4,24321.4,24304.6,24309.0,438
1770008400000,2026-02-02T05:00:00+00:00,24307.2,24320.6,24295.1,24305.6,622
1770009300000,2026-02-02T05:15:00+00:00,24305.5,24308.8,24275.6,24278.1,720
1770010200000,2026-02-02T05:30:00+00:00,24280.1,24287.9,24251.9,24253.2,734
1770011100000,2026-02-02T05:45:00+00:00,24253.3,24285.5,24244.0,24274.1,568
1770012000000,2026-02-02T06:00:00+00:00,24274.9,24305.6,24259.6,24265.0,806
1770012900000,2026-02-02T06:15:00+00:00,24265.1,24293.4,24248.1,24291.4,956
1770013800000,2026-02-02T06:30:00+00:00,24285.9,24301.4,24262.2,24293.7,932
1770014700000,2026-02-02T06:45:00+00:00,24293.0,24294.9,24205.2,24283.8,906
1770015600000,2026-02-02T07:00:00+00:00,24285.6,24310.7,24253.0,24258.6,1688
1770016500000,2026-02-02T07:15:00+00:00,24257.5,24313.5,24251.0,24310.4,1636
1770017400000,2026-02-02T07:30:00+00:00,24311.3,24334.5,24307.2,24325.1,1656
1770018300000,2026-02-02T07:45:00+00:00,24325.4,24350.2,24306.2,24345.0,1812
1770019200000,2026-02-02T08:00:00+00:00,24350.2,24464.4,24350.2,24453.8,3000
1770020100000,2026-02-02T08:15:00+00:00,24453.3,24482.7,24434.0,24444.7,2558
1770021000000,2026-02-02T08:30:00+00:00,24444.4,24527.1,24443.0,24522.4,2414
1770021900000,2026-02-02T08:45:00+00:00,24523.2,24559.2,24517.7,24540.2,2234
1770022800000,2026-02-02T09:00:00+00:00,24540.3,24561.9,24504.6,24545.8,2388
1770023700000,2026-02-02T09:15:00+00:00,24545.3,24572.9,24531.8,24558.4,2198
1770024600000,2026-02-02T09:30:00+00:00,24555.4,24583.0,24546.6,24575.6,2030
1770025500000,2026-02-02T09:45:00+00:00,24575.3,24604.1,24567.0,24580.1,1892
1770026400000,2026-02-02T10:00:00+00:00,24579.5,24618.4,24579.5,24590.8,1884
1770027300000,2026-02-02T10:15:00+00:00,24588.6,24616.0,24580.4,24616.0,1768
1770028200000,2026-02-02T10:30:00+00:00,24615.9,24629.9,24606.8,24616.8,1780
1770029100000,2026-02-02T10:45:00+00:00,24616.5,24620.5,24606.6,24611.5,1594
1770030000000,2026-02-02T11:00:00+00:00,24615.9,24669.9,24611.9,24666.1,1662
1770030900000,2026-02-02T11:15:00+00:00,24666.4,24675.8,24652.5,24675.8,1678
1770031800000,2026-02-02T11:30:00+00:00,24675.5,24684.9,24658.1,24665.3,1682
1770032700000,2026-02-02T11:45:00+00:00,24665.4,24701.3,24661.8,24692.9,1560
1770033600000,2026-02-02T12:00:00+00:00,24692.0,24721.1,24687.5,24715.9,1900
1770034500000,2026-02-02T12:15:00+00:00,24716.0,24742.5,24706.4,24736.5,1854
1770035400000,2026-02-02T12:30:00+00:00,24736.3,24753.9,24722.2,24752.7,1700
1770036300000,2026-02-02T12:45:00+00:00,24752.9,24762.3,24724.5,24729.2,1812
1770037200000,2026-02-02T13:00:00+00:00,24729.9,24742.1,24705.9,24739.4,2040
1770038100000,2026-02-02T13:15:00+00:00,24740.0,24740.5,24710.5,24721.0,1954
1770039000000,2026-02-02T13:30:00+00:00,24720.7,24734.3,24700.8,24734.0,1880
1770039900000,2026-02-02T13:45:00+00:00,24733.7,24758.5,24733.5,24752.3,1905
1770040800000,2026-02-02T14:00:00+00:00,24752.4,24763.4,24738.5,24760.0,1877
1770041700000,2026-02-02T14:15:00+00:00,24759.3,24779.3,24742.4,24747.4,1978
1770042600000,2026-02-02T14:30:00+00:00,24750.2,24774.0,24735.4,24751.5,3060
1770043500000,2026-02-02T14:45:00+00:00,24751.4,24771.5,24732.0,24747.4,2540
1770044400000,2026-02-02T15:00:00+00:00,24746.9,24809.1,24733.4,24804.4,2660
1770045300000,2026-02-02T15:15:00+00:00,24802.1,24854.8,24798.4,24830.7,2652
1770046200000,2026-02-02T15:30:00+00:00,24830.4,24832.1,24798.9,24803.7,2566
1770047100000,2026-02-02T15:45:00+00:00,24804.1,24805.4,24772.1,24798.9,2564
1770048000000,2026-02-02T16:00:00+00:00,24797.5,24819.3,24778.8,24814.1,2450
1770048900000,2026-02-02T16:15:00+00:00,24810.7,24825.4,24783.4,24784.2,2306
1770049800000,2026-02-02T16:30:00+00:00,24783.2,24797.5,24774.0,24795.0,2290
1770050700000,2026-02-02T16:45:00+00:00,24794.6,24795.9,24775.2,24788.5,2040
1770051600000,2026-02-02T17:00:00+00:00,24788.0,24809.4,24786.3,24802.2,1708
1770052500000,2026-02-02T17:15:00+00:00,24802.0,24812.5,24795.4,24798.9,1468
1770053400000,2026-02-02T17:30:00+00:00,24799.0,24812.9,24795.2,24805.5,1400
1770054300000,2026-02-02T17:45:00+00:00,24805.9,24824.7,24805.1,24815.4,1228
1770055200000,2026-02-02T18:00:00+00:00,24814.9,24825.5,24812.9,24815.0,940
1770056100000,2026-02-02T18:15:00+00:00,24814.4,24814.4,24793.5,24797.4,1332
1770057000000,2026-02-02T18:30:00+00:00,24797.0,24811.8,24793.9,24811.5,1138
1770057900000,2026-02-02T18:45:00+00:00,24811.1,24826.4,24811.0,24816.2,996
1770058800000,2026-02-02T19:00:00+00:00,24816.1,24831.8,24813.5,24824.8,934
1770059700000,2026-02-02T19:15:00+00:00,24823.9,24828.7,24820.9,24821.3,788
1770060600000,2026-02-02T19:30:00+00:00,24820.8,24824.4,24810.0,24823.6,1002
1770061500000,2026-02-02T19:45:00+00:00,24823.4,24835.8,24809.4,24811.9,1144
1770062400000,2026-02-02T20:00:00+00:00,24812.7,24831.3,24804.5,24817.4,1844
1770063300000,2026-02-02T20:15:00+00:00,24817.3,24833.9,24815.0,24833.4,1372
1770064200000,2026-02-02T20:30:00+00:00,24833.5,24841.6,24827.9,24835.8,1418
1770065100000,2026-02-02T20:45:00+00:00,24834.0,24854.9,24831.9,24854.5,1204
1770077700000,2026-02-03T00:15:00+00:00,24876.5,24877.5,24862.5,24874.6,610
1770078600000,2026-02-03T00:30:00+00:00,24875.3,24875.4,24857.4,24861.1,418
1770079500000,2026-02-03T00:45:00+00:00,24860.9,24876.6,24859.4,24874.8,412
1770080400000,2026-02-03T01:00:00+00:00,24875.3,24891.1,24873.2,24890.6,464
1770081300000,2026-02-03T01:15:00+00:00,24890.4,24895.9,24886.2,24894.6,508
1770082200000,2026-02-03T01:30:00+00:00,24893.3,24893.4,24879.8,24889.8,644
1770083100000,2026-02-03T01:45:00+00:00,24890.1,24897.4,24884.3,24896.5,474
1770084000000,2026-02-03T02:00:00+00:00,24896.1,24896.1,24874.9,24878.8,400
1770084900000,2026-02-03T02:15:00+00:00,24879.6,24892.1,24862.9,24867.1,342
1770085800000,2026-02-03T02:30:00+00:00,24866.6,24873.8,24856.6,24863.6,398
1770086700000,2026-02-03T02:45:00+00:00,24861.6,24880.5,24858.6,24877.1,374
1770087600000,2026-02-03T03:00:00+00:00,24878.3,24881.4,24865.1,24866.8,322
1770088500000,2026-02-03T03:15:00+00:00,24868.1,24877.1,24863.4,24877.1,252
1770089400000,2026-02-03T03:30:00+00:00,24872.4,24890.8,24871.9,24889.6,264
1770090300000,2026-02-03T03:45:00+00:00,24888.9,24890.1,24881.1,24888.9,254
1770091200000,2026-02-03T04:00:00+00:00,24889.8,24904.6,24889.8,24902.8,366
1770092100000,2026-02-03T04:15:00+00:00,24903.6,24905.5,24899.8,24904.7,202
1770093000000,2026-02-03T04:30:00+00:00,24905.2,24941.0,24904.9,24940.4,416
1770093900000,2026-02-03T04:45:00+00:00,24939.6,24942.4,24925.6,24926.6,336
1770094800000,2026-02-03T05:00:00+00:00,24927.8,24928.0,24867.9,24874.1,584
1770095700000,2026-02-03T05:15:00+00:00,24873.5,24898.9,24861.9,24883.9,532
1770096600000,2026-02-03T05:30:00+00:00,24883.6,24894.6,24880.3,24886.4,402
1770097500000,2026-02-03T05:45:00+00:00,24887.8,24900.9,24883.6,24884.6,374
1770098400000,2026-02-03T06:00:00+00:00,24883.1,24906.7,24874.9,24897.1,424
1770099300000,2026-02-03T06:15:00+00:00,24895.9,24902.0,24885.0,24887.1,482
1770100200000,2026-02-03T06:30:00+00:00,24886.8,24912.2,24883.0,24910.3,484
1770101100000,2026-02-03T06:45:00+00:00,24910.5,24916.7,24904.1,24912.0,314
1770102000000,2026-02-03T07:00:00+00:00,24910.3,24966.3,24906.5,24949.1,1104
1770102900000,2026-02-03T07:15:00+00:00,24949.5,24963.1,24928.9,24959.8,986
1770103800000,2026-02-03T07:30:00+00:00,24958.7,24972.2,24945.1,24949.1,1102
1770104700000,2026-02-03T07:45:00+00:00,24948.6,24963.7,24939.0,24945.3,1206
1770105600000,2026-02-03T08:00:00+00:00,24945.9,25053.1,24935.1,25053.1,2862
1770106500000,2026-02-03T08:15:00+00:00,25052.2,25099.2,25046.4,25074.1,2552
1770107400000,2026-02-03T08:30:00+00:00,25073.6,25082.5,25048.1,25080.8,2368
1770108300000,2026-02-03T08:45:00+00:00,25080.7,25088.0,25039.9,25069.6,2110
1770109200000,2026-02-03T09:00:00+00:00,25069.1,25086.7,25045.8,25046.2,2030
1770110100000,2026-02-03T09:15:00+00:00,25046.9,25048.8,24973.7,24974.6,2214
1770111000000,2026-02-03T09:30:00+00:00,24976.4,24982.5,24942.8,24947.1,2134
1770111900000,2026-02-03T09:45:00+00:00,24946.3,24963.6,24924.1,24941.6,1984
1770112800000,2026-02-03T10:00:00+00:00,24941.9,24967.9,24920.7,24921.1,1964
1770113700000,2026-02-03T10:15:00+00:00,24920.9,24928.5,24890.3,24891.1,1732
1770114600000,2026-02-03T10:30:00+00:00,24888.4,24905.0,24867.3,24876.6,1966
1770115500000,2026-02-03T10:45:00+00:00,24877.7,24877.7,24846.7,24847.3,1978
1770116400000,2026-02-03T11:00:00+00:00,24847.2,24850.5,24813.8,24843.6,2012
1770117300000,2026-02-03T11:15:00+00:00,24843.2,24852.7,24830.7,24846.5,1766
1770118200000,2026-02-03T11:30:00+00:00,24847.0,24857.8,24825.1,24857.8,1880
1770119100000,2026-02-03T11:45:00+00:00,24859.4,24881.8,24842.5,24876.2,2008
1770120000000,2026-02-03T12:00:00+00:00,24877.5,24877.5,24844.7,24855.9,1852
1770120900000,2026-02-03T12:15:00+00:00,24856.5,24867.5,24841.0,24865.7,1652
1770121800000,2026-02-03T12:30:00+00:00,24866.2,24910.8,24866.2,24910.0,1674
1770122700000,2026-02-03T12:45:00+00:00,24910.6,24913.4,24852.1,24853.5,1744
1770123600000,2026-02-03T13:00:00+00:00,24853.6,24872.6,24834.1,24856.6,1740
1770124500000,2026-02-03T13:15:00+00:00,24856.3,24867.5,24838.6,24856.6,1756
1770125400000,2026-02-03T13:30:00+00:00,24856.3,24857.2,24806.8,24809.0,1946
1770126300000,2026-02-03T13:45:00+00:00,24809.1,24809.6,24788.8,24801.4,1768
1770127200000,2026-02-03T14:00:00+00:00,24801.3,24809.7,24754.6,24754.6,2078
1770128100000,2026-02-03T14:15:00+00:00,24754.8,24761.8,24739.1,24755.1,1996
1770129000000,2026-02-03T14:30:00+00:00,24754.2,24787.0,24739.3,24764.2,3008
1770129900000,2026-02-03T14:45:00+00:00,24763.1,24809.9,24701.3,24706.7,2964
1770130800000,2026-02-03T15:00:00+00:00,24706.3,24762.7,24699.6,24753.1,3076
1770131700000,2026-02-03T15:15:00+00:00,24753.2,24782.4,24717.5,24769.4,3032
1770132600000,2026-02-03T15:30:00+00:00,24766.9,24776.0,24725.7,24737.1,3076
1770133500000,2026-02-03T15:45:00+00:00,24736.5,24809.7,24729.3,24794.2,2864
1770134400000,2026-02-03T16:00:00+00:00,24795.8,24813.6,24773.2,24789.0,2812
1770135300000,2026-02-03T16:15:00+00:00,24789.1,24795.7,24764.7,24770.4,2846
1770136200000,2026-02-03T16:30:00+00:00,24771.5,24784.1,24747.9,24760.9,2674
1770137100000,2026-02-03T16:45:00+00:00,24762.0,24768.7,24736.0,24754.8,2472
1770138000000,2026-02-03T17:00:00+00:00,24754.7,24758.5,24678.1,24690.0,2438
1770138900000,2026-02-03T17:15:00+00:00,24689.6,24737.0,24680.8,24704.5,2244
1770139800000,2026-02-03T17:30:00+00:00,24700.7,24715.4,24693.8,24708.2,2246
1770140700000,2026-02-03T17:45:00+00:00,24705.6,24742.7,24697.6,24698.9,2278
1770141600000,2026-02-03T18:00:00+00:00,24698.6,24734.4,24664.5,24667.3,2082
1770142500000,2026-02-03T18:15:00+00:00,24666.9,24690.3,24652.8,24677.4,2078
1770143400000,2026-02-03T18:30:00+00:00,24676.5,24687.0,24656.8,24658.6,1914
1770144300000,2026-02-03T18:45:00+00:00,24658.5,24671.3,24641.6,24642.0,1986
1770145200000,2026-02-03T19:00:00+00:00,24641.3,24676.0,24618.1,24674.7,2196
1770146100000,2026-02-03T19:15:00+00:00,24673.5,24712.0,24671.9,24681.9,2404
1770147000000,2026-02-03T19:30:00+00:00,24681.7,24702.3,24673.8,24688.2,2376
1770147900000,2026-02-03T19:45:00+00:00,24687.7,24711.5,24660.4,24707.5,2336
1770148800000,2026-02-03T20:00:00+00:00,24707.1,24711.8,24688.3,24702.1,2100
1770149700000,2026-02-03T20:15:00+00:00,24701.1,24710.4,24686.1,24696.1,1964
1770150600000,2026-02-03T20:30:00+00:00,24698.3,24725.6,24698.3,24717.3,1838
1770151500000,2026-02-03T20:45:00+00:00,24715.2,24748.1,24712.1,24747.6,1546
1770164100000,2026-02-04T00:15:00+00:00,24737.1,24789.1,24737.1,24767.1,598
1770165000000,2026-02-04T00:30:00+00:00,24768.3,24782.8,24766.3,24766.4,490
1770165900000,2026-02-04T00:45:00+00:00,24766.5,24775.8,24760.1,24770.1,380
1770166800000,2026-02-04T01:00:00+00:00,24773.1,24798.3,24773.1,24798.3,628
1770167700000,2026-02-04T01:15:00+00:00,24797.8,24821.1,24796.1,24817.3,382
1770168600000,2026-02-04T01:30:00+00:00,24817.9,24817.9,24788.6,24795.6,426
1770169500000,2026-02-04T01:45:00+00:00,24795.3,24804.4,24788.1,24803.9,336
1770170400000,2026-02-04T02:00:00+00:00,24805.0,24826.5,24802.3,24804.1,380
1770171300000,2026-02-04T02:15:00+00:00,24803.6,24804.7,24783.1,24789.1,416
1770172200000,2026-02-04T02:30:00+00:00,24788.6,24801.4,24788.6,24799.9,386
1770173100000,2026-02-04T02:45:00+00:00,24798.2,24801.4,24776.1,24782.3,520
1770174000000,2026-02-04T03:00:00+00:00,24785.1,24795.0,24770.6,24788.6,418
1770174900000,2026-02-04T03:15:00+00:00,24781.1,24800.3,24781.1,24782.6,278
1770175800000,2026-02-04T03:30:00+00:00,24784.1,24813.4,24784.1,24805.3,326
1770176700000,2026-02-04T03:45:00+00:00,24802.6,24804.5,24788.9,24803.7,470
1770177600000,2026-02-04T04:00:00+00:00,24803.1,24807.0,24787.8,24798.4,316
1770178500000,2026-02-04T04:15:00+00:00,24797.6,24797.6,24775.6,24783.8,292
1770179400000,2026-02-04T04:30:00+00:00,24784.6,24793.6,24780.4,24787.9,308
1770180300000,2026-02-04T04:45:00+00:00,24788.0,24792.9,24777.6,24782.9,316
1770181200000,2026-02-04T05:00:00+00:00,24782.1,24788.9,24776.8,24777.0,462
1770182100000,2026-02-04T05:15:00+00:00,24778.1,24784.3,24772.1,24780.6,328
1770183000000,2026-02-04T05:30:00+00:00,24779.3,24781.4,24760.4,24779.3,306
1770183900000,2026-02-04T05:45:00+00:00,24779.4,24786.3,24767.1,24783.1,338
1770184800000,2026-02-04T06:00:00+00:00,24784.2,24789.4,24763.3,24780.6,462
1770185700000,2026-02-04T06:15:00+00:00,24781.0,24786.6,24763.9,24782.6,458
1770186600000,2026-02-04T06:30:00+00:00,24781.2,24812.3,24781.2,24802.6,444
1770187500000,2026-02-04T06:45:00+00:00,24802.9,24821.0,24800.1,24815.3,540
1770188400000,2026-02-04T07:00:00+00:00,24813.3,24848.1,24811.7,24842.0,936
1770189300000,2026-02-04T07:15:00+00:00,24841.5,24860.4,24838.1,24855.2,918
1770190200000,2026-02-04T07:30:00+00:00,24854.5,24854.6,24836.1,24846.1,1042
1770191100000,2026-02-04T07:45:00+00:00,24845.8,24870.7,24843.7,24852.0,1130
1770192000000,2026-02-04T08:00:00+00:00,24852.1,24874.4,24800.4,24864.5,2816
1770192900000,2026-02-04T08:15:00+00:00,24866.9,24877.0,24771.8,24782.7,2566
1770193800000,2026-02-04T08:30:00+00:00,24778.9,24786.7,24732.1,24759.2,2428
1770194700000,2026-02-04T08:45:00+00:00,24758.7,24758.7,24694.0,24699.6,2448
1770195600000,2026-02-04T09:00:00+00:00,24700.9,24707.1,24639.7,24652.8,2526
1770196500000,2026-02-04T09:15:00+00:00,24652.6,24681.7,24618.1,24681.4,2450
1770197400000,2026-02-04T09:30:00+00:00,24682.1,24691.9,24641.8,24651.7,2336
1770198300000,2026-02-04T09:45:00+00:00,24656.9,24711.3,24654.4,24702.2,1988
1770199200000,2026-02-04T10:00:00+00:00,24701.2,24741.5,24697.7,24739.5,2092
1770200100000,2026-02-04T10:15:00+00:00,24739.8,24752.9,24718.9,24730.2,1966
1770201000000,2026-02-04T10:30:00+00:00,24729.7,24763.1,24728.7,24761.7,1986
1770201900000,2026-02-04T10:45:00+00:00,24761.3,24778.2,24748.0,24759.2,1776
1770202800000,2026-02-04T11:00:00+00:00,24761.1,24767.5,24712.0,24727.2,1902
1770203700000,2026-02-04T11:15:00+00:00,24726.3,24746.4,24715.6,24721.7,1574
1770204600000,2026-02-04T11:30:00+00:00,24721.8,24746.0,24714.7,24739.5,1808
1770205500000,2026-02-04T11:45:00+00:00,24740.0,24785.1,24740.0,24775.1,1954
1770206400000,2026-02-04T12:00:00+00:00,24775.7,24798.6,24771.0,24780.4,1828
1770207300000,2026-02-04T12:15:00+00:00,24779.6,24786.5,24734.8,24734.9,1846
1770208200000,2026-02-04T12:30:00+00:00,24733.1,24738.4,24682.9,24688.6,1816
1770209100000,2026-02-04T12:45:00+00:00,24688.7,24714.6,24688.0,24709.7,1818
1770210000000,2026-02-04T13:00:00+00:00,24710.8,24724.4,24691.9,24707.6,1844
1770210900000,2026-02-04T13:15:00+00:00,24707.7,24708.9,24674.0,24694.0,1806
1770211800000,2026-02-04T13:30:00+00:00,24694.2,24715.4,24685.1,24699.2,1990
1770212700000,2026-02-04T13:45:00+00:00,24699.7,24712.1,24676.6,24677.2,1952
1770213600000,2026-02-04T14:00:00+00:00,24677.1,24677.8,24642.1,24647.0,2134
1770214500000,2026-02-04T14:15:00+00:00,24647.3,24684.6,24646.1,24676.5,2114
1770215400000,2026-02-04T14:30:00+00:00,24673.4,24679.6,24630.5,24665.8,3162
1770216300000,2026-02-04T14:45:00+00:00,24664.7,24712.2,24630.0,24640.1,3082
1770217200000,2026-02-04T15:00:00+00:00,24641.4,24719.1,24626.5,24710.0,3202
1770218100000,2026-02-04T15:15:00+00:00,24709.1,24759.6,24702.2,24731.8,3324
1770219000000,2026-02-04T15:30:00+00:00,24730.5,24741.2,24661.1,24707.5,3192
1770219900000,2026-02-04T15:45:00+00:00,24708.1,24715.0,24657.2,24674.6,3192
1770220800000,2026-02-04T16:00:00+00:00,24674.1,24685.2,24631.7,24660.6,2946
1770221700000,2026-02-04T16:15:00+00:00,24663.1,24678.7,24612.4,24654.8,2892
1770222600000,2026-02-04T16:30:00+00:00,24650.5,24662.0,24589.5,24592.1,2794
1770223500000,2026-02-04T16:45:00+00:00,24592.0,24637.1,24566.1,24634.0,2672
1770224400000,2026-02-04T17:00:00+00:00,24634.1,24644.5,24616.2,24640.1,2392
1770225300000,2026-02-04T17:15:00+00:00,24640.6,24646.1,24528.4,24531.0,2176
1770226200000,2026-02-04T17:30:00+00:00,24527.7,24570.5,24519.4,24560.8,2500
1770227100000,2026-02-04T17:45:00+00:00,24560.2,24585.1,24535.6,24584.7,2278
1770228000000,2026-02-04T18:00:00+00:00,24583.9,24588.0,24530.0,24542.9,2238
1770228900000,2026-02-04T18:15:00+00:00,24543.1,24602.2,24533.7,24600.9,2134
1770229800000,2026-02-04T18:30:00+00:00,24601.4,24601.4,24552.7,24575.5,2236
1770230700000,2026-02-04T18:45:00+00:00,24573.7,24608.6,24554.5,24589.2,1986
1770231600000,2026-02-04T19:00:00+00:00,24588.4,24594.0,24561.1,24580.4,2126
1770232500000,2026-02-04T19:15:00+00:00,24580.1,24605.8,24575.0,24594.5,1912
1770233400000,2026-02-04T19:30:00+00:00,24595.0,24632.0,24593.2,24623.8,1806
1770234300000,2026-02-04T19:45:00+00:00,24623.4,24670.8,24617.3,24653.9,2014
1770235200000,2026-02-04T20:00:00+00:00,24653.1,24655.7,24619.5,24638.6,1856
1770236100000,2026-02-04T20:15:00+00:00,24639.1,24650.7,24628.0,24635.2,1612
1770237000000,2026-02-04T20:30:00+00:00,24633.7,24664.5,24633.0,24656.2,1756
1770237900000,2026-02-04T20:45:00+00:00,24655.4,24658.9,24610.5,24612.1,1368
1770250500000,2026-02-05T00:15:00+00:00,24636.0,24667.9,24615.1,24664.3,672
1770251400000,2026-02-05T00:30:00+00:00,24665.2,24679.4,24660.1,24674.6,480
1770252300000,2026-02-05T00:45:00+00:00,24672.7,24674.6,24664.8,24669.8,512
1770253200000,2026-02-05T01:00:00+00:00,24669.6,24708.6,24664.7,24698.4,662
1770254100000,2026-02-05T01:15:00+00:00,24696.8,24701.6,24674.8,24691.9,852
1770255000000,2026-02-05T01:30:00+00:00,24695.0,24713.6,24692.6,24710.6,514
1770255900000,2026-02-05T01:45:00+00:00,24710.3,24715.2,24702.5,24709.6,520
1770256800000,2026-02-05T02:00:00+00:00,24708.5,24714.6,24631.8,24632.6,808
1770257700000,2026-02-05T02:15:00+00:00,24631.8,24667.3,24601.7,24659.6,872
1770258600000,2026-02-05T02:30:00+00:00,24661.0,24673.4,24645.6,24666.0,684
1770259500000,2026-02-05T02:45:00+00:00,24667.0,24669.0,24589.0,24589.5,418
1770260400000,2026-02-05T03:00:00+00:00,24592.5,24625.5,24580.5,24623.0,428
1770261300000,2026-02-05T03:15:00+00:00,24621.0,24640.5,24601.0,24609.0,374
1770262200000,2026-02-05T03:30:00+00:00,24607.0,24621.5,24586.5,24621.5,360
1770263100000,2026-02-05T03:45:00+00:00,24620.6,24620.6,24567.0,24579.9,656
1770264000000,2026-02-05T04:00:00+00:00,24583.5,24606.5,24575.8,24578.8,456
1770264900000,2026-02-05T04:15:00+00:00,24578.9,24580.3,24539.3,24555.2,700
1770265800000,2026-02-05T04:30:00+00:00,24556.4,24604.5,24550.2,24602.2,534
1770266700000,2026-02-05T04:45:00+00:00,24602.6,24611.6,24592.6,24600.6,504
1770267600000,2026-02-05T05:00:00+00:00,24600.8,24606.8,24583.5,24583.7,668
1770268500000,2026-02-05T05:15:00+00:00,24584.0,24599.5,24562.3,24594.7,718
1770269400000,2026-02-05T05:30:00+00:00,24594.5,24638.6,24588.4,24624.0,724
1770270300000,2026-02-05T05:45:00+00:00,24622.5,24629.1,24593.5,24604.1,606
1770271200000,2026-02-05T06:00:00+00:00,24605.5,24625.1,24603.1,24617.8,490
1770272100000,2026-02-05T06:15:00+00:00,24619.5,24637.7,24604.2,24617.9,744
1770273000000,2026-02-05T06:30:00+00:00,24616.0,24635.2,24612.1,24623.8,712
1770273900000,2026-02-05T06:45:00+00:00,24625.8,24643.8,24625.1,24638.7,602
1770274800000,2026-02-05T07:00:00+00:00,24637.8,24640.5,24607.1,24628.7,930
1770275700000,2026-02-05T07:15:00+00:00,24626.3,24662.9,24618.3,24658.3,950
1770276600000,2026-02-05T07:30:00+00:00,24658.4,24671.4,24640.7,24644.8,1046
1770277500000,2026-02-05T07:45:00+00:00,24644.2,24663.3,24611.7,24615.3,1396
1770278400000,2026-02-05T08:00:00+00:00,24614.5,24640.2,24580.6,24625.4,3018
1770279300000,2026-02-05T08:15:00+00:00,24625.8,24658.7,24586.7,24606.0,2682
1770280200000,2026-02-05T08:30:00+00:00,24602.1,24608.1,24547.7,24558.3,2634
1770281100000,2026-02-05T08:45:00+00:00,24554.5,24556.4,24492.4,24492.4,2698
1770282000000,2026-02-05T09:00:00+00:00,24496.3,24511.9,24456.7,24502.1,2714
1770282900000,2026-02-05T09:15:00+00:00,24501.7,24503.6,24471.0,24501.3,2328
1770283800000,2026-02-05T09:30:00+00:00,24500.9,24529.7,24431.5,24432.9,2252
1770284700000,2026-02-05T09:45:00+00:00,24432.8,24484.1,24426.9,24482.9,2132
1770285600000,2026-02-05T10:00:00+00:00,24483.3,24522.4,24448.1,24519.5,2162
1770286500000,2026-02-05T10:15:00+00:00,24518.6,24555.2,24508.2,24552.4,1988
1770287400000,2026-02-05T10:30:00+00:00,24551.3,24555.8,24510.4,24518.4,1988
1770288300000,2026-02-05T10:45:00+00:00,24519.2,24560.7,24519.2,24545.2,1864
1770289200000,2026-02-05T11:00:00+00:00,24545.7,24558.0,24518.8,24544.7,1990
1770290100000,2026-02-05T11:15:00+00:00,24546.0,24572.4,24538.1,24570.8,1994
1770291000000,2026-02-05T11:30:00+00:00,24570.7,24576.9,24526.0,24573.4,1990
1770291900000,2026-02-05T11:45:00+00:00,24573.0,24596.5,24564.4,24571.4,1736
1770292800000,2026-02-05T12:00:00+00:00,24571.8,24594.6,24546.3,24577.1,1942
1770293700000,2026-02-05T12:15:00+00:00,24576.5,24581.1,24482.7,24489.1,2508
1770294600000,2026-02-05T12:30:00+00:00,24488.3,24493.1,24399.7,24422.7,2800
1770295500000,2026-02-05T12:45:00+00:00,24422.4,24425.9,24361.4,24407.4,2986
1770296400000,2026-02-05T13:00:00+00:00,24407.8,24438.3,24390.9,24426.6,2394
1770297300000,2026-02-05T13:15:00+00:00,24427.1,24445.4,24387.7,24395.6,2056
1770298200000,2026-02-05T13:30:00+00:00,24395.3,24440.7,24371.1,24402.2,2680
1770299100000,2026-02-05T13:45:00+00:00,24402.5,24410.0,24308.7,24317.3,2710
1770300000000,2026-02-05T14:00:00+00:00,24318.9,24343.1,24297.7,24308.3,2836
1770300900000,2026-02-05T14:15:00+00:00,24309.3,24351.9,24269.0,24345.5,2884
1770301800000,2026-02-05T14:30:00+00:00,24346.9,24448.5,24327.6,24442.2,3564
1770302700000,2026-02-05T14:45:00+00:00,24438.8,24468.2,24387.2,24390.9,3384
1770303600000,2026-02-05T15:00:00+00:00,24388.6,24406.1,24322.3,24332.3,3170
1770304500000,2026-02-05T15:15:00+00:00,24331.0,24411.7,24331.0,24352.1,3458
1770305400000,2026-02-05T15:30:00+00:00,24354.1,24413.4,24335.9,24391.5,3376
1770306300000,2026-02-05T15:45:00+00:00,24390.6,24398.2,24330.8,24380.2,3174
1770307200000,2026-02-05T16:00:00+00:00,24381.1,24387.4,24326.6,24350.5,3082
1770308100000,2026-02-05T16:15:00+00:00,24349.9,24456.3,24349.9,24436.6,3148
1770309000000,2026-02-05T16:30:00+00:00,24437.7,24493.5,24421.6,24483.8,3046
1770309900000,2026-02-05T16:45:00+00:00,24484.5,24511.4,24465.2,24511.0,2706
1770310800000,2026-02-05T17:00:00+00:00,24510.9,24514.7,24445.9,24465.2,2560
1770311700000,2026-02-05T17:15:00+00:00,24463.4,24515.9,24447.0,24513.2,2574
1770312600000,2026-02-05T17:30:00+00:00,24514.0,24536.5,24493.2,24530.6,2466
1770313500000,2026-02-05T17:45:00+00:00,24532.8,24563.6,24486.3,24492.7,2468
1770314400000,2026-02-05T18:00:00+00:00,24493.5,24515.7,24468.1,24477.9,2118
1770315300000,2026-02-05T18:15:00+00:00,24474.2,24482.1,24443.0,24465.0,1940
1770316200000,2026-02-05T18:30:00+00:00,24464.7,24483.7,24444.8,24461.7,1972
1770317100000,2026-02-05T18:45:00+00:00,24461.6,24467.8,24436.2,24459.0,1744
1770318000000,2026-02-05T19:00:00+00:00,24458.1,24508.3,24450.5,24505.4,1820
1770318900000,2026-02-05T19:15:00+00:00,24505.8,24527.4,24497.9,24500.6,1866
1770319800000,2026-02-05T19:30:00+00:00,24501.2,24502.6,24470.5,24497.0,2014
1770320700000,2026-02-05T19:45:00+00:00,24497.1,24506.5,24486.9,24502.9,1864
1770321600000,2026-02-05T20:00:00+00:00,24503.1,24533.2,24495.2,24513.0,1638
1770322500000,2026-02-05T20:15:00+00:00,24512.6,24512.7,24465.5,24467.8,1876
1770323400000,2026-02-05T20:30:00+00:00,24465.6,24489.6,24456.8,24466.9,1936
1770324300000,2026-02-05T20:45:00+00:00,24466.7,24473.5,24442.1,24452.3,1762
1770336900000,2026-02-06T00:15:00+00:00,24334.7,24360.2,24200.1,24324.4,966
1770337800000,2026-02-06T00:30:00+00:00,24324.9,24377.2,24324.9,24366.7,638
1770338700000,2026-02-06T00:45:00+00:00,24367.0,24390.5,24360.9,24390.2,542
1770339600000,2026-02-06T01:00:00+00:00,24390.4,24406.0,24368.7,24370.0,692
1770340500000,2026-02-06T01:15:00+00:00,24370.7,24372.3,24344.5,24360.6,680
1770341400000,2026-02-06T01:30:00+00:00,24363.4,24433.5,24363.4,24433.5,764
1770342300000,2026-02-06T01:45:00+00:00,24433.2,24475.0,24428.8,24475.0,930
1770343200000,2026-02-06T02:00:00+00:00,24475.1,24494.9,24472.7,24488.0,1044
1770344100000,2026-02-06T02:15:00+00:00,24488.1,24493.9,24461.0,24485.8,868
1770345000000,2026-02-06T02:30:00+00:00,24486.0,24489.7,24471.1,24480.6,796
1770345900000,2026-02-06T02:45:00+00:00,24481.5,24484.9,24456.2,24475.0,652
1770346800000,2026-02-06T03:00:00+00:00,24474.2,24482.7,24458.2,24471.1,814
1770347700000,2026-02-06T03:15:00+00:00,24471.3,24475.0,24447.7,24466.9,692
1770348600000,2026-02-06T03:30:00+00:00,24466.7,24483.3,24434.7,24438.1,586
1770349500000,2026-02-06T03:45:00+00:00,24438.8,24475.5,24438.8,24471.0,582
1770350400000,2026-02-06T04:00:00+00:00,24470.5,24470.8,24453.0,24459.7,564
1770351300000,2026-02-06T04:15:00+00:00,24461.3,24469.1,24444.6,24457.7,568
1770352200000,2026-02-06T04:30:00+00:00,24457.5,24460.2,24403.5,24405.7,530
1770353100000,2026-02-06T04:45:00+00:00,24406.4,24415.5,24389.7,24415.5,426
1770354000000,2026-02-06T05:00:00+00:00,24416.7,24427.2,24389.9,24412.5,622
1770354900000,2026-02-06T05:15:00+00:00,24412.4,24419.0,24399.2,24418.2,366
1770355800000,2026-02-06T05:30:00+00:00,24416.0,24475.7,24415.9,24474.2,410
1770356700000,2026-02-06T05:45:00+00:00,24475.2,24531.5,24467.2,24514.4,468
1770357600000,2026-02-06T06:00:00+00:00,24514.5,24539.0,24506.0,24509.9,442
1770358500000,2026-02-06T06:15:00+00:00,24506.0,24516.7,24487.3,24502.0,594
1770359400000,2026-02-06T06:30:00+00:00,24501.2,24519.4,24475.5,24478.8,486
1770360300000,2026-02-06T06:45:00+00:00,24478.6,24505.6,24467.7,24496.3,550
1770361200000,2026-02-06T07:00:00+00:00,24491.7,24494.0,24440.3,24452.7,1002
1770362100000,2026-02-06T07:15:00+00:00,24453.1,24512.9,24450.4,24508.0,1106
1770363000000,2026-02-06T07:30:00+00:00,24504.8,24513.7,24491.0,24497.9,1186
1770363900000,2026-02-06T07:45:00+00:00,24498.1,24532.9,24494.5,24527.7,1498
1770364800000,2026-02-06T08:00:00+00:00,24515.6,24526.5,24422.4,24479.4,3044
1770365700000,2026-02-06T08:15:00+00:00,24479.2,24531.6,24466.6,24466.6,2758
1770366600000,2026-02-06T08:30:00+00:00,24466.7,24481.9,24387.4,24434.6,2680
1770367500000,2026-02-06T08:45:00+00:00,24433.2,24482.4,24404.9,24463.0,2450
1770368400000,2026-02-06T09:00:00+00:00,24466.2,24518.9,24447.5,24512.4,2488
1770369300000,2026-02-06T09:15:00+00:00,24512.2,24549.3,24497.6,24532.3,2260
1770370200000,2026-02-06T09:30:00+00:00,24531.5,24577.0,24530.4,24556.9,2366
1770371100000,2026-02-06T09:45:00+00:00,24557.0,24557.2,24522.5,24527.6,2152
1770372000000,2026-02-06T10:00:00+00:00,24528.2,24560.7,24516.4,24535.9,2126
1770372900000,2026-02-06T10:15:00+00:00,24536.3,24557.6,24517.5,24535.7,1884
1770373800000,2026-02-06T10:30:00+00:00,24535.6,24580.1,24532.4,24579.5,1880
1770374700000,2026-02-06T10:45:00+00:00,24579.9,24604.9,24569.3,24598.6,2020
1770375600000,2026-02-06T11:00:00+00:00,24596.0,24627.0,24596.0,24618.1,1974
1770376500000,2026-02-06T11:15:00+00:00,24617.9,24644.0,24617.5,24632.3,1872
1770377400000,2026-02-06T11:30:00+00:00,24630.9,24640.2,24608.6,24618.4,1890
1770378300000,2026-02-06T11:45:00+00:00,24618.6,24650.3,24610.3,24639.7,1852
1770379200000,2026-02-06T12:00:00+00:00,24639.5,24657.3,24623.6,24635.8,1944
1770380100000,2026-02-06T12:15:00+00:00,24635.9,24657.6,24630.0,24641.8,1852
1770381000000,2026-02-06T12:30:00+00:00,24642.2,24644.5,24613.5,24616.8,1832
1770381900000,2026-02-06T12:45:00+00:00,24616.6,24628.3,24595.2,24603.4,1860
1770382800000,2026-02-06T13:00:00+00:00,24603.5,24625.2,24590.5,24624.4,1756
1770383700000,2026-02-06T13:15:00+00:00,24623.6,24626.6,24607.5,24621.0,1824
1770384600000,2026-02-06T13:30:00+00:00,24621.2,24632.6,24576.8,24603.9,2076
1770385500000,2026-02-06T13:45:00+00:00,24604.0,24622.0,24583.9,24588.4,1982
1770386400000,2026-02-06T14:00:00+00:00,24587.1,24620.1,24582.3,24607.0,2146
1770387300000,2026-02-06T14:15:00+00:00,24606.8,24621.9,24599.6,24612.1,1942
1770388200000,2026-02-06T14:30:00+00:00,24610.5,24681.7,24605.4,24677.9,3336
1770389100000,2026-02-06T14:45:00+00:00,24679.4,24688.1,24623.4,24628.7,2982
1770390000000,2026-02-06T15:00:00+00:00,24639.8,24649.8,24604.4,24630.2,3300
1770390900000,2026-02-06T15:15:00+00:00,24630.5,24684.7,24610.5,24682.9,3272
1770391800000,2026-02-06T15:30:00+00:00,24683.5,24709.1,24666.9,24704.5,2990
1770392700000,2026-02-06T15:45:00+00:00,24705.3,24718.7,24665.9,24706.5,2934
1770393600000,2026-02-06T16:00:00+00:00,24705.4,24733.4,24697.3,24721.9,2530
1770394500000,2026-02-06T16:15:00+00:00,24721.8,24736.2,24711.4,24715.2,2484
1770395400000,2026-02-06T16:30:00+00:00,24715.4,24731.2,24706.8,24723.1,2448
1770396300000,2026-02-06T16:45:00+00:00,24724.1,24729.9,24694.2,24705.0,2064
1770397200000,2026-02-06T17:00:00+00:00,24703.5,24729.1,24694.3,24720.1,1958
1770398100000,2026-02-06T17:15:00+00:00,24719.8,24725.4,24709.4,24723.0,1716
1770399000000,2026-02-06T17:30:00+00:00,24724.7,24735.3,24705.5,24718.6,1634
1770399900000,2026-02-06T17:45:00+00:00,24718.7,24739.4,24715.0,24715.0,1440
1770400800000,2026-02-06T18:00:00+00:00,24714.6,24721.5,24705.4,24713.8,1310
1770401700000,2026-02-06T18:15:00+00:00,24714.3,24729.1,24705.9,24719.3,1318
1770402600000,2026-02-06T18:30:00+00:00,24720.2,24733.7,24717.9,24729.3,1094
1770403500000,2026-02-06T18:45:00+00:00,24729.1,24740.1,24719.8,24719.8,1054
1770404400000,2026-02-06T19:00:00+00:00,24720.5,24733.7,24719.2,24724.4,1144
1770405300000,2026-02-06T19:15:00+00:00,24724.6,24741.2,24722.1,24739.8,1052
1770406200000,2026-02-06T19:30:00+00:00,24740.3,24741.5,24729.2,24730.3,1094
1770407100000,2026-02-06T19:45:00+00:00,24730.4,24745.0,24730.2,24737.4,1138
1770408000000,2026-02-06T20:00:00+00:00,24736.7,24747.5,24731.9,24743.5,950
1770408900000,2026-02-06T20:15:00+00:00,24743.3,24756.3,24741.9,24745.5,1014
1770409800000,2026-02-06T20:30:00+00:00,24741.9,24749.1,24736.3,24748.9,1070
1770410700000,2026-02-06T20:45:00+00:00,24747.6,24780.2,24746.7,24780.2,842
1770596100000,2026-02-09T00:15:00+00:00,24845.9,24849.9,24804.9,24808.4,604
1770597000000,2026-02-09T00:30:00+00:00,24808.0,24827.8,24806.0,24812.3,573
1770597900000,2026-02-09T00:45:00+00:00,24812.8,24814.8,24782.8,24791.3,513
1770598800000,2026-02-09T01:00:00+00:00,24794.8,24794.8,24772.3,24776.8,544
1770599700000,2026-02-09T01:15:00+00:00,24778.3,24786.6,24769.8,24774.7,467
1770600600000,2026-02-09T01:30:00+00:00,24776.7,24777.7,24762.7,24771.7,412
1770601500000,2026-02-09T01:45:00+00:00,24772.7,24775.7,24758.7,24774.7,326
1770602400000,2026-02-09T02:00:00+00:00,24772.2,24800.7,24766.7,24789.7,418
1770603300000,2026-02-09T02:15:00+00:00,24786.7,24796.7,24785.7,24795.7,254
1770604200000,2026-02-09T02:30:00+00:00,24796.7,24809.7,24795.7,24801.7,288
1770605100000,2026-02-09T02:45:00+00:00,24800.7,24804.7,24769.7,24773.7,232
1770606000000,2026-02-09T03:00:00+00:00,24774.7,24779.7,24772.7,24775.7,202
1770606900000,2026-02-09T03:15:00+00:00,24774.7,24778.7,24764.7,24773.7,200
1770607800000,2026-02-09T03:30:00+00:00,24770.7,24785.7,24769.7,24782.7,274
1770608700000,2026-02-09T03:45:00+00:00,24784.7,24785.7,24770.7,24773.7,230
1770609600000,2026-02-09T04:00:00+00:00,24774.7,24783.7,24771.7,24773.7,222
1770610500000,2026-02-09T04:15:00+00:00,24774.7,24781.7,24769.7,24776.7,164
1770611400000,2026-02-09T04:30:00+00:00,24777.7,24785.7,24769.7,24783.7,196
1770612300000,2026-02-09T04:45:00+00:00,24782.7,24786.7,24778.7,24781.7,164
1770613200000,2026-02-09T05:00:00+00:00,24780.7,24795.7,24773.7,24786.7,260
1770614100000,2026-02-09T05:15:00+00:00,24787.7,24803.7,24785.7,24795.7,202
1770615000000,2026-02-09T05:30:00+00:00,24796.7,24807.7,24795.7,24799.7,258
1770615900000,2026-02-09T05:45:00+00:00,24798.7,24813.7,24797.7,24807.2,154
1770616800000,2026-02-09T06:00:00+00:00,24806.7,24813.7,24775.7,24805.7,652
1770617700000,2026-02-09T06:15:00+00:00,24804.7,24805.7,24781.7,24781.7,324
1770618600000,2026-02-09T06:30:00+00:00,24782.7,24805.7,24779.7,24797.7,394
1770619500000,2026-02-09T06:45:00+00:00,24798.7,24820.7,24795.7,24807.7,452
1770620400000,2026-02-09T07:00:00+00:00,24806.7,24836.4,24805.7,24829.4,658
1770621300000,2026-02-09T07:15:00+00:00,24830.4,24836.4,24804.6,24811.9,414
1770622200000,2026-02-09T07:30:00+00:00,24810.9,24811.9,24784.9,24801.9,430
1770623100000,2026-02-09T07:45:00+00:00,24802.9,24828.9,24789.9,24793.9,570
1770624000000,2026-02-09T08:00:00+00:00,24803.9,24932.4,24789.5,24931.4,1467
1770624900000,2026-02-09T08:15:00+00:00,24932.4,24935.4,24843.2,24844.7,1024
1770625800000,2026-02-09T08:30:00+00:00,24843.7,24877.6,24831.2,24854.9,966
1770626700000,2026-02-09T08:45:00+00:00,24855.9,24857.9,24802.9,24811.9,952
1770627600000,2026-02-09T09:00:00+00:00,24812.9,24829.4,24791.9,24818.4,975
1770628500000,2026-02-09T09:15:00+00:00,24816.4,24822.4,24767.4,24793.4,844
1770629400000,2026-02-09T09:30:00+00:00,24794.4,24836.4,24791.4,24836.4,738
1770630300000,2026-02-09T09:45:00+00:00,24837.4,24837.4,24785.4,24788.4,828
1770631200000,2026-02-09T10:00:00+00:00,24793.4,24795.4,24770.4,24773.4,754
1770632100000,2026-02-09T10:15:00+00:00,24769.4,24771.4,24737.4,24743.4,780
1770633000000,2026-02-09T10:30:00+00:00,24744.4,24745.4,24701.4,24727.4,970
1770633900000,2026-02-09T10:45:00+00:00,24726.4,24762.4,24722.4,24759.4,740
1770634800000,2026-02-09T11:00:00+00:00,24760.4,24777.4,24740.4,24768.4,718
1770635700000,2026-02-09T11:15:00+00:00,24767.4,24787.4,24762.4,24776.4,612
1770636600000,2026-02-09T11:30:00+00:00,24777.4,24784.4,24756.4,24778.4,642
1770637500000,2026-02-09T11:45:00+00:00,24777.4,24803.4,24774.4,24796.4,590
1770638400000,2026-02-09T12:00:00+00:00,24795.4,24827.4,24781.4,24822.4,790
1770639300000,2026-02-09T12:15:00+00:00,24820.4,24828.4,24806.4,24819.4,562
1770640200000,2026-02-09T12:30:00+00:00,24818.4,24830.4,24791.4,24796.4,606
1770641100000,2026-02-09T12:45:00+00:00,24797.4,24825.4,24795.4,24824.4,508
1770642000000,2026-02-09T13:00:00+00:00,24826.4,24840.4,24824.4,24828.4,566
1770642900000,2026-02-09T13:15:00+00:00,24830.4,24835.4,24814.4,24817.4,606
1770643800000,2026-02-09T13:30:00+00:00,24818.4,24841.4,24817.4,24841.4,592
1770644700000,2026-02-09T13:45:00+00:00,24842.4,24843.4,24816.4,24826.4,538
1770645600000,2026-02-09T14:00:00+00:00,24827.4,24834.4,24814.4,24823.4,706
1770646500000,2026-02-09T14:15:00+00:00,24825.4,24831.4,24806.4,24818.4,650
1770647400000,2026-02-09T14:30:00+00:00,24819.4,24861.4,24796.4,24849.4,1716
1770648300000,2026-02-09T14:45:00+00:00,24848.4,24856.4,24796.4,24840.4,1452
1770649200000,2026-02-09T15:00:00+00:00,24838.4,24904.4,24835.4,24890.4,1148
1770650100000,2026-02-09T15:15:00+00:00,24891.4,24911.4,24889.4,24906.4,814
1770651000000,2026-02-09T15:30:00+00:00,24907.4,24948.9,24903.9,24944.9,742
1770651900000,2026-02-09T15:45:00+00:00,24945.9,24973.9,24936.9,24963.9,604
1770652800000,2026-02-09T16:00:00+00:00,24966.9,24987.9,24960.9,24977.9,656
1770653700000,2026-02-09T16:15:00+00:00,24976.9,24998.9,24968.9,24990.9,690
1770654600000,2026-02-09T16:30:00+00:00,24989.9,25011.9,24981.9,25009.9,818
1770655500000,2026-02-09T16:45:00+00:00,25010.9,25013.9,24989.9,24994.9,426
1770656400000,2026-02-09T17:00:00+00:00,24993.9,25002.9,24983.9,24988.9,394
1770657300000,2026-02-09T17:15:00+00:00,24987.9,25005.9,24986.9,24995.9,288
1770658200000,2026-02-09T17:30:00+00:00,24994.9,25003.9,24981.9,24985.9,308
1770659100000,2026-02-09T17:45:00+00:00,24986.9,25001.9,24985.9,24988.9,238
1770660000000,2026-02-09T18:00:00+00:00,24989.9,24998.9,24985.9,24995.9,206
1770660900000,2026-02-09T18:15:00+00:00,24994.9,24994.9,24959.9,24980.9,610
1770661800000,2026-02-09T18:30:00+00:00,24982.9,24997.9,24978.5,24995.9,418
1770662700000,2026-02-09T18:45:00+00:00,24996.9,25001.9,24993.9,24994.9,218
1770663600000,2026-02-09T19:00:00+00:00,24993.9,25004.9,24992.9,25003.9,212
1770664500000,2026-02-09T19:15:00+00:00,25004.9,25024.9,25002.9,25023.9,264
1770665400000,2026-02-09T19:30:00+00:00,25024.9,25024.9,25016.9,25017.9,180
1770666300000,2026-02-09T19:45:00+00:00,25018.9,25025.9,25017.9,25021.9,180
1770667200000,2026-02-09T20:00:00+00:00,25019.9,25029.9,25017.9,25028.9,212
1770668100000,2026-02-09T20:15:00+00:00,25027.9,25028.9,25010.9,25015.9,226
1770669000000,2026-02-09T20:30:00+00:00,25014.9,25019.9,25007.9,25010.9,424
1770669900000,2026-02-09T20:45:00+00:00,25011.9,25024.9,25011.9,25021.9,410
1770682500000,2026-02-10T00:15:00+00:00,24985.5,24992.5,24972.5,24981.1,347
1770683400000,2026-02-10T00:30:00+00:00,24982.5,24989.1,24976.5,24976.5,338
1770684300000,2026-02-10T00:45:00+00:00,24976.1,24992.5,24973.2,24987.5,404
1770685200000,2026-02-10T01:00:00+00:00,24988.5,24992.5,24980.5,24985.2,378
1770686100000,2026-02-10T01:15:00+00:00,24987.7,24992.5,24979.2,24979.7,367
1770687000000,2026-02-10T01:30:00+00:00,24977.2,24998.5,24971.7,24985.2,468
1770687900000,2026-02-10T01:45:00+00:00,24987.7,24997.1,24979.0,24993.7,425
1770688800000,2026-02-10T02:00:00+00:00,24993.1,24993.1,24977.2,24987.1,337
1770689700000,2026-02-10T02:15:00+00:00,24987.2,24990.7,24970.2,24972.2,276
1770690600000,2026-02-10T02:30:00+00:00,24972.7,24976.5,24957.1,24973.7,440
1770691500000,2026-02-10T02:45:00+00:00,24975.1,24980.1,24966.1,24971.7,315
1770692400000,2026-02-10T03:00:00+00:00,24970.7,24971.2,24957.1,24960.7,273
1770693300000,2026-02-10T03:15:00+00:00,24959.7,24976.5,24959.1,24966.2,197
1770694200000,2026-02-10T03:30:00+00:00,24966.2,24974.1,24962.5,24964.5,292
1770695100000,2026-02-10T03:45:00+00:00,24964.1,24973.1,24961.7,24969.5,198
1770696000000,2026-02-10T04:00:00+00:00,24968.1,24982.7,24965.5,24978.5,166
1770696900000,2026-02-10T04:15:00+00:00,24977.5,24981.1,24974.2,24974.2,67
1770697800000,2026-02-10T04:30:00+00:00,24975.7,24986.7,24974.1,24982.2,140
1770698700000,2026-02-10T04:45:00+00:00,24981.2,24988.7,24981.0,24987.1,95
1770699600000,2026-02-10T05:00:00+00:00,24988.5,24990.7,24981.2,24982.7,148
1770700500000,2026-02-10T05:15:00+00:00,24982.1,24982.7,24975.2,24977.2,157
1770701400000,2026-02-10T05:30:00+00:00,24976.0,24998.1,24975.2,24984.7,261
1770702300000,2026-02-10T05:45:00+00:00,24984.1,24989.5,24982.2,24984.5,192
1770703200000,2026-02-10T06:00:00+00:00,24985.5,24989.7,24975.5,24979.5,271
1770704100000,2026-02-10T06:15:00+00:00,24978.5,24979.5,24968.1,24970.1,210
1770705000000,2026-02-10T06:30:00+00:00,24968.7,24974.5,24958.5,24961.0,256
1770705900000,2026-02-10T06:45:00+00:00,24962.5,24973.5,24960.7,24973.5,188
1770706800000,2026-02-10T07:00:00+00:00,24972.5,24996.3,24966.3,24990.3,440
1770707700000,2026-02-10T07:15:00+00:00,24989.3,25016.3,24987.3,25015.3,256
1770708600000,2026-02-10T07:30:00+00:00,25014.3,25022.3,25004.3,25006.3,244
1770709500000,2026-02-10T07:45:00+00:00,25005.3,25012.3,24985.3,24985.3,466
1770710400000,2026-02-10T08:00:00+00:00,24982.3,24993.3,24927.3,24960.3,1529
1770711300000,2026-02-10T08:15:00+00:00,24962.3,24983.3,24940.3,24973.3,1102
1770712200000,2026-02-10T08:30:00+00:00,24972.3,24995.3,24947.3,24969.3,1120
1770713100000,2026-02-10T08:45:00+00:00,24966.3,24991.3,24960.3,24989.3,946
1770714000000,2026-02-10T09:00:00+00:00,24990.3,25012.3,24986.3,24994.3,722
1770714900000,2026-02-10T09:15:00+00:00,24995.3,25055.3,24995.3,25054.3,832
1770715800000,2026-02-10T09:30:00+00:00,25053.3,25072.3,25046.3,25046.3,696
1770716700000,2026-02-10T09:45:00+00:00,25047.3,25047.3,25028.3,25042.3,618
1770717600000,2026-02-10T10:00:00+00:00,25046.3,25047.3,25030.3,25047.3,606
1770718500000,2026-02-10T10:15:00+00:00,25048.3,25050.3,25018.3,25022.3,650
1770719400000,2026-02-10T10:30:00+00:00,25021.3,25022.3,24992.3,25003.3,600
1770720300000,2026-02-10T10:45:00+00:00,24999.3,25017.3,24996.3,25007.3,552
1770721200000,2026-02-10T11:00:00+00:00,25008.3,25010.3,24982.3,24990.3,690
1770722100000,2026-02-10T11:15:00+00:00,24991.3,25017.3,24991.3,25013.3,500
1770723000000,2026-02-10T11:30:00+00:00,25015.3,25027.3,24997.3,25024.3,554
1770723900000,2026-02-10T11:45:00+00:00,25025.3,25031.3,25008.3,25015.3,431
1770724800000,2026-02-10T12:00:00+00:00,25019.3,25026.3,25004.3,25011.3,530
1770725700000,2026-02-10T12:15:00+00:00,25012.3,25019.3,24991.3,25001.3,532
1770726600000,2026-02-10T12:30:00+00:00,25000.3,25016.3,24969.3,24970.3,638
1770727500000,2026-02-10T12:45:00+00:00,24971.3,24980.3,24956.3,24958.3,690
1770728400000,2026-02-10T13:00:00+00:00,24957.3,24965.3,24932.3,24940.3,724
1770729300000,2026-02-10T13:15:00+00:00,24941.3,24965.3,24925.3,24962.3,602
1770730200000,2026-02-10T13:30:00+00:00,24957.5,24992.3,24953.3,24989.3,721
1770731100000,2026-02-10T13:45:00+00:00,24990.3,24993.3,24961.3,24974.3,624
1770732000000,2026-02-10T14:00:00+00:00,24975.3,24993.3,24971.3,24983.3,457
1770732900000,2026-02-10T14:15:00+00:00,24984.3,24986.3,24949.3,24963.3,550
1770733800000,2026-02-10T14:30:00+00:00,24965.3,24988.3,24952.3,24978.3,1558
1770734700000,2026-02-10T14:45:00+00:00,24979.3,25002.3,24960.3,24997.3,1206
1770735600000,2026-02-10T15:00:00+00:00,24999.3,25020.3,24991.3,25015.3,1060
1770736500000,2026-02-10T15:15:00+00:00,25016.3,25019.3,24989.3,25005.3,998
1770737400000,2026-02-10T15:30:00+00:00,25004.3,25026.3,25002.3,25026.3,898
1770738300000,2026-02-10T15:45:00+00:00,25027.3,25027.3,24980.3,24983.3,952
1770739200000,2026-02-10T16:00:00+00:00,24982.3,24991.3,24955.3,24971.3,1082
1770740100000,2026-02-10T16:15:00+00:00,24969.3,24984.3,24948.3,24975.3,1028
1770741000000,2026-02-10T16:30:00+00:00,24974.3,24991.3,24962.3,24983.3,1056
1770741900000,2026-02-10T16:45:00+00:00,24985.3,25016.3,24981.3,25011.3,702
1770742800000,2026-02-10T17:00:00+00:00,25010.3,25020.3,24994.3,25020.3,622
1770743700000,2026-02-10T17:15:00+00:00,25019.3,25025.3,25012.3,25013.3,442
1770744600000,2026-02-10T17:30:00+00:00,25012.3,25024.3,25004.3,25023.3,350
1770745500000,2026-02-10T17:45:00+00:00,25024.3,25030.3,25019.3,25021.3,344
1770746400000,2026-02-10T18:00:00+00:00,25020.3,25020.3,24995.3,24999.3,404
1770747300000,2026-02-10T18:15:00+00:00,25000.3,25007.3,24985.3,24986.3,658
1770748200000,2026-02-10T18:30:00+00:00,24984.3,24997.3,24979.3,24993.3,604
1770749100000,2026-02-10T18:45:00+00:00,24991.3,25004.3,24976.3,25001.3,590
1770750000000,2026-02-10T19:00:00+00:00,25002.3,25007.3,24992.3,25003.3,528
1770750900000,2026-02-10T19:15:00+00:00,25002.3,25014.3,24995.3,25012.3,370
1770751800000,2026-02-10T19:30:00+00:00,25011.3,25016.3,25001.3,25003.3,320
1770752700000,2026-02-10T19:45:00+00:00,25004.3,25009.3,24999.3,25009.3,344
1770753600000,2026-02-10T20:00:00+00:00,25008.3,25011.3,24989.3,24992.3,322
1770754500000,2026-02-10T20:15:00+00:00,24991.3,25006.3,24989.3,24997.3,354
1770755400000,2026-02-10T20:30:00+00:00,24995.3,25003.3,24989.3,24990.3,422
1770756300000,2026-02-10T20:45:00+00:00,24989.3,24999.3,24964.3,24971.3,532
1770768900000,2026-02-11T00:15:00+00:00,25019.7,25023.3,25010.4,25014.4,510
1770769800000,2026-02-11T00:30:00+00:00,25015.4,25021.9,25013.9,25019.1,408
1770770700000,2026-02-11T00:45:00+00:00,25018.9,25020.1,25010.9,25011.2,324
1770771600000,2026-02-11T01:00:00+00:00,25009.9,25016.6,25007.2,25010.3,522
1770772500000,2026-02-11T01:15:00+00:00,25010.4,25012.4,24998.4,25003.4,336
1770773400000,2026-02-11T01:30:00+00:00,25001.4,25012.9,25001.4,25012.9,396
1770774300000,2026-02-11T01:45:00+00:00,25010.9,25022.6,25007.8,25008.2,258
1770775200000,2026-02-11T02:00:00+00:00,25007.7,25014.6,25006.3,25008.0,324
1770776100000,2026-02-11T02:15:00+00:00,25008.1,25021.1,25006.9,25019.7,276
1770777000000,2026-02-11T02:30:00+00:00,25021.8,25022.2,25016.6,25018.9,182
1770777900000,2026-02-11T02:45:00+00:00,25019.1,25020.4,25015.2,25015.5,254
1770778800000,2026-02-11T03:00:00+00:00,25016.9,25020.3,25013.8,25013.9,198
1770779700000,2026-02-11T03:15:00+00:00,25014.6,25016.1,25002.1,25012.2,274
1770780600000,2026-02-11T03:30:00+00:00,25013.1,25018.9,25011.2,25016.1,190
1770781500000,2026-02-11T03:45:00+00:00,25016.4,25022.7,25015.2,25018.4,198
1770782400000,2026-02-11T04:00:00+00:00,25017.7,25019.4,25003.4,25003.8,210
1770783300000,2026-02-11T04:15:00+00:00,25002.1,25002.1,24987.9,24988.9,248
1770784200000,2026-02-11T04:30:00+00:00,24989.2,24989.2,24974.7,24981.4,266
1770785100000,2026-02-11T04:45:00+00:00,24981.7,24986.9,24981.7,24983.8,280
1770786000000,2026-02-11T05:00:00+00:00,24983.7,25007.2,24983.6,25003.1,316
1770786900000,2026-02-11T05:15:00+00:00,25002.9,25007.5,24995.6,24997.4,300
1770787800000,2026-02-11T05:30:00+00:00,24998.4,25000.4,24991.4,24991.4,358
1770788700000,2026-02-11T05:45:00+00:00,24991.1,24994.6,24990.2,24990.9,200
1770789600000,2026-02-11T06:00:00+00:00,25008.9,25037.0,25008.7,25028.4,444
1770790500000,2026-02-11T06:15:00+00:00,25027.9,25036.6,25021.5,25034.2,310
1770791400000,2026-02-11T06:30:00+00:00,25034.7,25035.8,25022.6,25034.6,322
1770792300000,2026-02-11T06:45:00+00:00,25033.3,25033.4,25009.4,25014.9,432
1770793200000,2026-02-11T07:00:00+00:00,25017.9,25029.3,24978.2,24979.7,842
1770794100000,2026-02-11T07:15:00+00:00,24978.7,25001.5,24975.9,24991.3,692
1770795000000,2026-02-11T07:30:00+00:00,24991.7,24991.7,24975.7,24990.5,704
1770795900000,2026-02-11T07:45:00+00:00,24991.0,24994.0,24965.1,24974.9,960
1770796800000,2026-02-11T08:00:00+00:00,24969.1,24969.1,24890.1,24909.8,2660
1770797700000,2026-02-11T08:15:00+00:00,24910.0,24911.4,24865.9,24876.6,2434
1770798600000,2026-02-11T08:30:00+00:00,24882.5,24921.4,24882.3,24891.6,2211
1770799500000,2026-02-11T08:45:00+00:00,24891.7,24893.2,24850.5,24868.3,2100
1770800400000,2026-02-11T09:00:00+00:00,24868.4,24938.0,24866.4,24938.0,2014
1770801300000,2026-02-11T09:15:00+00:00,24938.4,24939.2,24901.1,24926.5,1812
1770802200000,2026-02-11T09:30:00+00:00,24926.9,24928.0,24858.5,24867.1,1804
1770803100000,2026-02-11T09:45:00+00:00,24868.0,24871.6,24835.9,24857.9,1930
1770804000000,2026-02-11T10:00:00+00:00,24858.1,24907.0,24839.1,24884.8,2108
1770804900000,2026-02-11T10:15:00+00:00,24884.4,24898.0,24874.9,24887.9,1664
1770805800000,2026-02-11T10:30:00+00:00,24888.5,24899.2,24862.0,24887.1,1548
1770806700000,2026-02-11T10:45:00+00:00,24887.0,24891.5,24854.3,24891.4,1728
1770807600000,2026-02-11T11:00:00+00:00,24894.5,24926.0,24886.5,24923.1,1782
1770808500000,2026-02-11T11:15:00+00:00,24923.4,24945.2,24922.1,24945.2,1462
1770809400000,2026-02-11T11:30:00+00:00,24946.4,24957.3,24920.5,24924.7,1586
1770810300000,2026-02-11T11:45:00+00:00,24926.3,24942.6,24907.5,24910.9,1688
1770811200000,2026-02-11T12:00:00+00:00,24910.0,24953.1,24910.0,24949.1,1784
1770812100000,2026-02-11T12:15:00+00:00,24949.5,24961.3,24936.6,24941.0,1450
1770813000000,2026-02-11T12:30:00+00:00,24939.0,24939.1,24902.1,24935.3,1734
1770813900000,2026-02-11T12:45:00+00:00,24935.2,24939.4,24889.5,24889.5,1746
1770814800000,2026-02-11T13:00:00+00:00,24887.9,24911.6,24879.5,24894.6,1570
1770815700000,2026-02-11T13:15:00+00:00,24895.2,24916.1,24888.0,24916.1,1538
1770816600000,2026-02-11T13:30:00+00:00,24914.5,24976.6,24914.0,24919.2,2408
1770817500000,2026-02-11T13:45:00+00:00,24921.0,24963.3,24921.0,24952.6,2186
1770818400000,2026-02-11T14:00:00+00:00,24952.5,24958.4,24929.1,24939.4,1886
1770819300000,2026-02-11T14:15:00+00:00,24938.5,24968.0,24913.1,24967.5,1912
1770820200000,2026-02-11T14:30:00+00:00,24966.7,24988.4,24939.5,24950.6,2972
1770821100000,2026-02-11T14:45:00+00:00,24950.1,24976.7,24930.6,24950.6,2942
1770822000000,2026-02-11T15:00:00+00:00,24950.5,24960.6,24867.2,24902.3,2852
1770822900000,2026-02-11T15:15:00+00:00,24901.6,24901.7,24818.6,24847.0,3084
1770823800000,2026-02-11T15:30:00+00:00,24848.5,24877.4,24831.5,24864.6,3108
1770824700000,2026-02-11T15:45:00+00:00,24863.5,24894.7,24841.7,24894.2,2920
1770825600000,2026-02-11T16:00:00+00:00,24894.1,24927.4,24889.0,24926.5,2736
1770826500000,2026-02-11T16:15:00+00:00,24926.2,24928.0,24866.0,24866.9,2504
1770827400000,2026-02-11T16:30:00+00:00,24868.0,24884.2,24837.1,24870.3,2610
1770828300000,2026-02-11T16:45:00+00:00,24870.5,24875.0,24827.7,24831.5,2408
1770829200000,2026-02-11T17:00:00+00:00,24831.3,24857.7,24822.3,24852.1,2234
1770830100000,2026-02-11T17:15:00+00:00,24852.8,24887.4,24847.4,24881.8,2062
1770831000000,2026-02-11T17:30:00+00:00,24881.3,24886.0,24869.8,24881.3,1832
1770831900000,2026-02-11T17:45:00+00:00,24881.1,24890.5,24867.9,24871.6,1682
1770832800000,2026-02-11T18:00:00+00:00,24870.9,24881.0,24835.5,24846.8,1786
1770833700000,2026-02-11T18:15:00+00:00,24844.3,24878.7,24842.9,24877.2,1828
1770834600000,2026-02-11T18:30:00+00:00,24877.6,24885.5,24869.6,24874.6,1688
1770835500000,2026-02-11T18:45:00+00:00,24873.1,24891.6,24871.3,24885.8,1552
1770836400000,2026-02-11T19:00:00+00:00,24885.4,24927.0,24880.8,24922.6,1410
1770837300000,2026-02-11T19:15:00+00:00,24922.5,24938.0,24922.5,24936.8,1312
1770838200000,2026-02-11T19:30:00+00:00,24936.5,24937.0,24917.8,24921.4,1122
1770839100000,2026-02-11T19:45:00+00:00,24920.4,24927.9,24906.9,24922.4,1330
1770840000000,2026-02-11T20:00:00+00:00,24921.4,24927.5,24915.9,24918.8,1240
1770840900000,2026-02-11T20:15:00+00:00,24918.6,24924.9,24911.7,24914.5,1264
1770841800000,2026-02-11T20:30:00+00:00,24912.2,24924.2,24902.3,24911.9,1334
1770842700000,2026-02-11T20:45:00+00:00,24912.2,24917.5,24902.1,24905.4,1272
1770855300000,2026-02-12T00:15:00+00:00,24894.8,24912.5,24881.4,24908.3,574
1770856200000,2026-02-12T00:30:00+00:00,24905.5,24914.3,24900.4,24914.3,480
1770857100000,2026-02-12T00:45:00+00:00,24914.9,24919.3,24911.2,24917.6,510
1770858000000,2026-02-12T01:00:00+00:00,24916.6,24926.3,24912.8,24922.6,532
1770858900000,2026-02-12T01:15:00+00:00,24922.3,24928.0,24910.3,24926.3,640
1770859800000,2026-02-12T01:30:00+00:00,24925.4,24937.1,24921.4,24928.5,552
1770860700000,2026-02-12T01:45:00+00:00,24928.8,24935.4,24923.5,24933.5,476
1770861600000,2026-02-12T02:00:00+00:00,24933.7,24937.6,24909.3,24911.5,640
1770862500000,2026-02-12T02:15:00+00:00,24913.5,24918.1,24905.1,24912.5,478
1770863400000,2026-02-12T02:30:00+00:00,24912.3,24915.8,24904.3,24909.7,526
1770864300000,2026-02-12T02:45:00+00:00,24909.8,24920.0,24907.7,24915.3,346
1770865200000,2026-02-12T03:00:00+00:00,24915.8,24923.5,24911.8,24918.1,302
1770866100000,2026-02-12T03:15:00+00:00,24917.5,24930.3,24909.9,24929.8,294
1770867000000,2026-02-12T03:30:00+00:00,24929.9,24941.2,24929.1,24939.7,364
1770867900000,2026-02-12T03:45:00+00:00,24939.8,24940.2,24934.5,24935.8,228
1770868800000,2026-02-12T04:00:00+00:00,24935.3,24952.9,24934.8,24938.7,308
1770869700000,2026-02-12T04:15:00+00:00,24938.2,24952.8,24935.0,24949.0,390
1770870600000,2026-02-12T04:30:00+00:00,24948.8,24948.8,24933.6,24934.1,414
1770871500000,2026-02-12T04:45:00+00:00,24935.1,24947.3,24933.3,24942.8,268
1770872400000,2026-02-12T05:00:00+00:00,24944.6,24950.8,24943.0,24950.8,326
1770873300000,2026-02-12T05:15:00+00:00,24949.6,24967.3,24947.8,24951.0,318
1770874200000,2026-02-12T05:30:00+00:00,24949.8,24955.6,24948.1,24951.0,272
1770875100000,2026-02-12T05:45:00+00:00,24951.3,24996.9,24946.0,24991.8,374
1770876000000,2026-02-12T06:00:00+00:00,24992.0,25014.1,24981.6,25009.5,400
1770876900000,2026-02-12T06:15:00+00:00,25005.7,25015.8,24993.5,25009.1,564
1770877800000,2026-02-12T06:30:00+00:00,25014.3,25017.1,24962.6,24965.0,834
1770878700000,2026-02-12T06:45:00+00:00,24964.6,24966.4,24948.8,24962.9,446
1770879600000,2026-02-12T07:00:00+00:00,24962.7,24979.8,24954.2,24954.9,812
1770880500000,2026-02-12T07:15:00+00:00,24954.8,24972.1,24936.6,24970.4,776
1770881400000,2026-02-12T07:30:00+00:00,24972.1,24986.3,24960.3,24960.3,752
1770882300000,2026-02-12T07:45:00+00:00,24960.9,24999.3,24952.9,24999.3,894
1770883200000,2026-02-12T08:00:00+00:00,25004.8,25133.3,25004.8,25111.8,2884
1770884100000,2026-02-12T08:15:00+00:00,25111.0,25118.4,25052.1,25070.1,2606
1770885000000,2026-02-12T08:30:00+00:00,25069.7,25076.9,25026.7,25061.2,2378
1770885900000,2026-02-12T08:45:00+00:00,25060.8,25118.1,25046.8,25117.8,2084
1770886800000,2026-02-12T09:00:00+00:00,25120.7,25166.4,25120.7,25165.9,2235
1770887700000,2026-02-12T09:15:00+00:00,25167.2,25184.5,25149.2,25157.8,2130
1770888600000,2026-02-12T09:30:00+00:00,25158.9,25172.8,25138.9,25141.1,1902
1770889500000,2026-02-12T09:45:00+00:00,25142.3,25186.8,25128.7,25172.3,1950
1770890400000,2026-02-12T10:00:00+00:00,25173.2,25203.9,25156.5,25162.8,1970
1770891300000,2026-02-12T10:15:00+00:00,25162.2,25184.1,25154.3,25178.3,1824
1770892200000,2026-02-12T10:30:00+00:00,25177.4,25186.5,25161.1,25174.2,1790
1770893100000,2026-02-12T10:45:00+00:00,25174.8,25186.4,25164.8,25184.8,1612
1770894000000,2026-02-12T11:00:00+00:00,25186.9,25207.6,25170.7,25199.2,1674
1770894900000,2026-02-12T11:15:00+00:00,25198.3,25201.2,25170.3,25183.2,1546
1770895800000,2026-02-12T11:30:00+00:00,25182.6,25183.5,25151.4,25167.3,1538
1770896700000,2026-02-12T11:45:00+00:00,25167.5,25190.0,25160.7,25185.4,1450
1770897600000,2026-02-12T12:00:00+00:00,25184.4,25209.0,25173.8,25183.7,1618
1770898500000,2026-02-12T12:15:00+00:00,25183.3,25188.8,25163.0,25186.2,1528
1770899400000,2026-02-12T12:30:00+00:00,25186.9,25199.4,25168.4,25189.8,1484
1770900300000,2026-02-12T12:45:00+00:00,25189.0,25214.5,25177.6,25208.7,1550
1770901200000,2026-02-12T13:00:00+00:00,25208.6,25209.2,25183.5,25183.9,1582
1770902100000,2026-02-12T13:15:00+00:00,25183.2,25190.8,25163.8,25183.6,1526
1770903000000,2026-02-12T13:30:00+00:00,25183.1,25194.9,25176.1,25184.4,1660
1770903900000,2026-02-12T13:45:00+00:00,25184.9,25198.5,25170.2,25189.8,1546
1770904800000,2026-02-12T14:00:00+00:00,25189.7,25196.7,25169.3,25181.7,1542
1770905700000,2026-02-12T14:15:00+00:00,25181.6,25202.1,25177.5,25186.2,1494
1770906600000,2026-02-12T14:30:00+00:00,25186.6,25224.4,25172.3,25188.0,2618
1770907500000,2026-02-12T14:45:00+00:00,25187.3,25196.9,25150.8,25153.1,2678
1770908400000,2026-02-12T15:00:00+00:00,25155.4,25181.7,25112.9,25146.9,2698
1770909300000,2026-02-12T15:15:00+00:00,25147.2,25151.3,25096.2,25117.7,2638
1770910200000,2026-02-12T15:30:00+00:00,25117.8,25124.7,25068.6,25071.7,2710
1770911100000,2026-02-12T15:45:00+00:00,25070.4,25083.9,24974.3,24978.3,2730
1770912000000,2026-02-12T16:00:00+00:00,24978.5,24978.5,24844.1,24846.6,3072
1770912900000,2026-02-12T16:15:00+00:00,24845.3,24869.4,24797.9,24803.5,3148
1770913800000,2026-02-12T16:30:00+00:00,24804.2,24897.8,24796.1,24870.3,3354
1770914700000,2026-02-12T16:45:00+00:00,24870.5,24878.5,24846.3,24867.8,3014
1770915600000,2026-02-12T17:00:00+00:00,24854.3,24886.8,24840.4,24864.5,2724
1770916500000,2026-02-12T17:15:00+00:00,24863.6,24932.0,24860.6,24901.7,2746
1770917400000,2026-02-12T17:30:00+00:00,24900.7,24940.1,24896.9,24930.2,2732
1770918300000,2026-02-12T17:45:00+00:00,24932.7,24938.4,24860.6,24862.1,2480
1770919200000,2026-02-12T18:00:00+00:00,24861.8,24884.4,24849.1,24871.7,2150
1770920100000,2026-02-12T18:15:00+00:00,24871.3,24891.8,24856.0,24876.1,2094
1770921000000,2026-02-12T18:30:00+00:00,24873.8,24922.0,24865.8,24920.4,2242
1770921900000,2026-02-12T18:45:00+00:00,24918.8,24929.1,24905.4,24920.3,1880
1770922800000,2026-02-12T19:00:00+00:00,24919.6,24942.7,24917.1,24921.1,1838
1770923700000,2026-02-12T19:15:00+00:00,24921.2,24948.5,24915.5,24918.2,1914
1770924600000,2026-02-12T19:30:00+00:00,24917.3,24954.6,24917.3,24947.2,1678
1770925500000,2026-02-12T19:45:00+00:00,24947.1,24954.5,24930.3,24938.5,1686
1770926400000,2026-02-12T20:00:00+00:00,24938.8,24953.3,24920.8,24934.2,1654
1770927300000,2026-02-12T20:15:00+00:00,24934.8,24937.0,24909.5,24909.5,1708
1770928200000,2026-02-12T20:30:00+00:00,24907.0,24923.3,24895.6,24907.0,1806
1770929100000,2026-02-12T20:45:00+00:00,24907.3,24908.0,24859.9,24879.5,1664
1770941700000,2026-02-13T00:15:00+00:00,24912.4,24913.5,24875.1,24883.8,992
1770942600000,2026-02-13T00:30:00+00:00,24883.5,24885.6,24857.6,24858.3,748
1770943500000,2026-02-13T00:45:00+00:00,24858.1,24865.1,24842.3,24861.1,820
1770944400000,2026-02-13T01:00:00+00:00,24861.8,24897.8,24861.8,24897.0,672
1770945300000,2026-02-13T01:15:00+00:00,24896.8,24903.6,24880.0,24888.8,748
1770946200000,2026-02-13T01:30:00+00:00,24888.2,24911.6,24883.6,24902.3,684
1770947100000,2026-02-13T01:45:00+00:00,24901.5,24924.3,24898.3,24913.1,742
1770948000000,2026-02-13T02:00:00+00:00,24915.0,24935.3,24915.0,24928.3,868
1770948900000,2026-02-13T02:15:00+00:00,24929.0,24933.2,24922.5,24931.2,620
1770949800000,2026-02-13T02:30:00+00:00,24931.5,24935.8,24927.0,24931.3,588
1770950700000,2026-02-13T02:45:00+00:00,24931.1,24935.8,24919.0,24935.0,552
1770951600000,2026-02-13T03:00:00+00:00,24935.3,24945.3,24931.0,24932.1,468
1770952500000,2026-02-13T03:15:00+00:00,24931.8,24933.8,24915.5,24920.3,424
1770953400000,2026-02-13T03:30:00+00:00,24920.6,24934.1,24919.5,24930.6,490
1770954300000,2026-02-13T03:45:00+00:00,24931.4,24933.3,24908.1,24910.9,548
1770955200000,2026-02-13T04:00:00+00:00,24911.0,24919.0,24904.8,24918.9,522
1770956100000,2026-02-13T04:15:00+00:00,24919.8,24937.8,24918.0,24934.0,474
1770957000000,2026-02-13T04:30:00+00:00,24933.8,24934.5,24903.3,24909.5,488
1770957900000,2026-02-13T04:45:00+00:00,24909.8,24918.2,24905.7,24914.8,478
1770958800000,2026-02-13T05:00:00+00:00,24914.7,24920.0,24905.3,24907.9,676
1770959700000,2026-02-13T05:15:00+00:00,24906.6,24908.2,24873.5,24883.3,856
1770960600000,2026-02-13T05:30:00+00:00,24883.8,24890.8,24861.3,24865.1,864
1770961500000,2026-02-13T05:45:00+00:00,24865.8,24870.3,24840.0,24845.3,678
1770962400000,2026-02-13T06:00:00+00:00,24845.0,24859.3,24843.0,24843.9,760
1770963300000,2026-02-13T06:15:00+00:00,24844.8,24860.0,24817.8,24824.3,924
1770964200000,2026-02-13T06:30:00+00:00,24825.0,24827.8,24787.5,24802.6,1120
1770965100000,2026-02-13T06:45:00+00:00,24802.8,24839.4,24802.7,24834.3,890
1770966000000,2026-02-13T07:00:00+00:00,24835.2,24868.4,24835.1,24851.9,1282
1770966900000,2026-02-13T07:15:00+00:00,24851.3,24880.0,24842.4,24861.6,1130
1770967800000,2026-02-13T07:30:00+00:00,24860.4,24863.5,24833.1,24847.6,1184
1770968700000,2026-02-13T07:45:00+00:00,24847.8,24856.2,24806.9,24833.7,1304
1770969600000,2026-02-13T08:00:00+00:00,24834.0,24873.1,24778.7,24796.4,2980
1770970500000,2026-02-13T08:15:00+00:00,24794.7,24813.9,24725.3,24796.9,2798
1770971400000,2026-02-13T08:30:00+00:00,24797.2,24829.9,24781.9,24820.1,2550
1770972300000,2026-02-13T08:45:00+00:00,24819.3,24848.8,24819.3,24841.8,2346
1770973200000,2026-02-13T09:00:00+00:00,24842.9,24845.8,24776.9,24781.7,2380
1770974100000,2026-02-13T09:15:00+00:00,24779.7,24839.8,24779.3,24811.5,2232
1770975000000,2026-02-13T09:30:00+00:00,24811.3,24818.0,24784.9,24788.9,2166
1770975900000,2026-02-13T09:45:00+00:00,24789.0,24835.9,24786.8,24803.4,2020
1770976800000,2026-02-13T10:00:00+00:00,24803.0,24821.7,24785.9,24809.8,2064
1770977700000,2026-02-13T10:15:00+00:00,24811.9,24853.3,24803.6,24852.0,2064
1770978600000,2026-02-13T10:30:00+00:00,24852.3,24853.8,24821.4,24831.9,2116
1770979500000,2026-02-13T10:45:00+00:00,24834.4,24838.5,24784.8,24792.9,2156
1770980400000,2026-02-13T11:00:00+00:00,24793.8,24803.7,24778.2,24793.5,2152
1770981300000,2026-02-13T11:15:00+00:00,24793.3,24813.9,24780.9,24783.2,2248
1770982200000,2026-02-13T11:30:00+00:00,24784.2,24803.9,24752.2,24793.7,2292
1770983100000,2026-02-13T11:45:00+00:00,24794.9,24836.8,24780.5,24833.7,2174
1770984000000,2026-02-13T12:00:00+00:00,24832.5,24836.9,24802.5,24818.5,2200
1770984900000,2026-02-13T12:15:00+00:00,24818.8,24837.7,24808.6,24822.3,2144
1770985800000,2026-02-13T12:30:00+00:00,24823.2,24834.7,24804.1,24810.9,1958
1770986700000,2026-02-13T12:45:00+00:00,24811.8,24850.8,24786.1,24823.7,2152
1770987600000,2026-02-13T13:00:00+00:00,24822.4,24856.8,24805.6,24811.9,2314
1770988500000,2026-02-13T13:15:00+00:00,24811.8,24854.1,24804.5,24853.3,2114
1770989400000,2026-02-13T13:30:00+00:00,24894.9,24911.4,24860.2,24879.7,2650
1770990300000,2026-02-13T13:45:00+00:00,24877.9,24906.0,24849.7,24883.2,2344
1770991200000,2026-02-13T14:00:00+00:00,24882.3,24920.1,24867.5,24878.2,2282
1770992100000,2026-02-13T14:15:00+00:00,24877.6,24885.7,24840.1,24862.8,2110
1770993000000,2026-02-13T14:30:00+00:00,24861.9,24877.7,24785.4,24840.9,3448
1770993900000,2026-02-13T14:45:00+00:00,24842.4,24886.7,24786.9,24811.2,3512
1770994800000,2026-02-13T15:00:00+00:00,24811.9,24874.9,24806.3,24860.9,3400
1770995700000,2026-02-13T15:15:00+00:00,24857.4,24900.4,24842.4,24890.7,3248
1770996600000,2026-02-13T15:30:00+00:00,24891.0,24925.1,24853.3,24855.5,2956
1770997500000,2026-02-13T15:45:00+00:00,24856.8,24893.5,24841.7,24872.0,3002
1770998400000,2026-02-13T16:00:00+00:00,24873.4,24905.4,24867.5,24895.2,2842
1770999300000,2026-02-13T16:15:00+00:00,24895.5,24931.1,24871.3,24877.1,2906
1771000200000,2026-02-13T16:30:00+00:00,24875.8,24900.3,24856.7,24896.3,2834
1771001100000,2026-02-13T16:45:00+00:00,24896.4,24914.4,24894.1,24898.6,2366
1771002000000,2026-02-13T17:00:00+00:00,24898.8,24921.9,24891.3,24920.8,1916
1771002900000,2026-02-13T17:15:00+00:00,24920.3,24930.9,24902.3,24920.2,2036
1771003800000,2026-02-13T17:30:00+00:00,24921.5,24959.1,24919.9,24940.3,1818
1771004700000,2026-02-13T17:45:00+00:00,24940.6,24948.2,24913.7,24921.2,2038
1771005600000,2026-02-13T18:00:00+00:00,24922.0,24931.1,24896.6,24926.8,1802
1771006500000,2026-02-13T18:15:00+00:00,24928.3,24953.5,24923.4,24928.3,1662
1771007400000,2026-02-13T18:30:00+00:00,24928.8,24944.6,24920.7,24923.9,1580
1771008300000,2026-02-13T18:45:00+00:00,24924.2,24938.2,24907.6,24912.9,1566
1771009200000,2026-02-13T19:00:00+00:00,24912.8,24926.6,24906.0,24919.4,1648
1771010100000,2026-02-13T19:15:00+00:00,24920.2,24932.7,24904.1,24906.7,1514
1771011000000,2026-02-13T19:30:00+00:00,24908.0,24921.0,24888.1,24897.6,1820
1771011900000,2026-02-13T19:45:00+00:00,24897.3,24912.3,24867.7,24869.3,1646
1771012800000,2026-02-13T20:00:00+00:00,24869.5,24883.1,24867.4,24867.7,1572
1771013700000,2026-02-13T20:15:00+00:00,24867.3,24880.5,24837.7,24842.3,1726
1771014600000,2026-02-13T20:30:00+00:00,24841.6,24856.3,24832.6,24851.6,1906
1771015500000,2026-02-13T20:45:00+00:00,24851.1,24897.9,24849.3,24894.1,1332
1771200900000,2026-02-16T00:15:00+00:00,24935.3,24935.3,24890.4,24899.8,410
1771201800000,2026-02-16T00:30:00+00:00,24898.8,24914.0,24895.2,24895.2,506
1771202700000,2026-02-16T00:45:00+00:00,24895.6,24906.0,24892.1,24900.6,356
1771203600000,2026-02-16T01:00:00+00:00,24901.1,24914.0,24894.0,24897.3,438
1771204500000,2026-02-16T01:15:00+00:00,24896.5,24904.2,24892.9,24894.4,392
1771205400000,2026-02-16T01:30:00+00:00,24897.1,24900.7,24888.5,24894.9,362
1771206300000,2026-02-16T01:45:00+00:00,24895.4,24912.4,24893.0,24911.7,274
1771207200000,2026-02-16T02:00:00+00:00,24911.6,24922.9,24898.3,24906.0,404
1771208100000,2026-02-16T02:15:00+00:00,24906.4,24917.4,24906.0,24910.6,360
1771209000000,2026-02-16T02:30:00+00:00,24910.4,24920.4,24909.1,24914.0,260
1771209900000,2026-02-16T02:45:00+00:00,24914.2,24915.9,24908.2,24912.5,218
1771210800000,2026-02-16T03:00:00+00:00,24912.9,24918.2,24908.4,24916.1,258
1771211700000,2026-02-16T03:15:00+00:00,24915.0,24925.2,24909.6,24912.4,234
1771212600000,2026-02-16T03:30:00+00:00,24913.1,24920.2,24911.2,24918.4,274
1771213500000,2026-02-16T03:45:00+00:00,24918.6,24930.4,24916.9,24930.4,220
1771214400000,2026-02-16T04:00:00+00:00,24928.9,24941.4,24927.1,24936.4,270
1771215300000,2026-02-16T04:15:00+00:00,24935.9,24943.7,24931.7,24943.7,182
1771216200000,2026-02-16T04:30:00+00:00,24945.4,24945.6,24936.0,24937.1,136
1771217100000,2026-02-16T04:45:00+00:00,24935.2,24948.1,24934.0,24941.4,190
1771218000000,2026-02-16T05:00:00+00:00,24941.7,24942.3,24929.2,24935.2,162
1771218900000,2026-02-16T05:15:00+00:00,24935.7,24935.9,24925.1,24926.6,184
1771219800000,2026-02-16T05:30:00+00:00,24926.7,24926.9,24911.9,24913.7,360
1771220700000,2026-02-16T05:45:00+00:00,24914.1,24923.6,24908.1,24917.2,282
1771221600000,2026-02-16T06:00:00+00:00,24917.3,24921.9,24914.8,24919.7,312
1771222500000,2026-02-16T06:15:00+00:00,24919.5,24922.4,24904.6,24921.9,290
1771223400000,2026-02-16T06:30:00+00:00,24918.9,24935.0,24916.4,24933.0,370
1771224300000,2026-02-16T06:45:00+00:00,24932.1,24938.5,24930.6,24938.5,250
1771225200000,2026-02-16T07:00:00+00:00,24932.5,24967.4,24932.5,24955.9,712
1771226100000,2026-02-16T07:15:00+00:00,24955.4,24965.5,24948.7,24960.0,590
1771227000000,2026-02-16T07:30:00+00:00,24959.0,24990.4,24955.0,24987.0,686
1771227900000,2026-02-16T07:45:00+00:00,24987.5,25001.0,24979.7,25000.7,924
1771228800000,2026-02-16T08:00:00+00:00,24997.9,25008.7,24958.3,24987.8,2456
1771229700000,2026-02-16T08:15:00+00:00,24984.4,24997.4,24951.1,24953.2,2024
1771230600000,2026-02-16T08:30:00+00:00,24950.5,24975.8,24927.8,24944.9,1990
1771231500000,2026-02-16T08:45:00+00:00,24944.4,24964.5,24927.1,24947.7,1972
1771232400000,2026-02-16T09:00:00+00:00,24947.8,24983.9,24937.5,24981.2,1748
1771233300000,2026-02-16T09:15:00+00:00,24981.5,24983.0,24962.2,24969.9,1622
1771234200000,2026-02-16T09:30:00+00:00,24970.0,24970.0,24931.8,24932.1,1552
1771235100000,2026-02-16T09:45:00+00:00,24932.9,24939.7,24916.6,24929.7,1596
1771236000000,2026-02-16T10:00:00+00:00,24929.3,24941.4,24905.1,24912.2,1638
1771236900000,2026-02-16T10:15:00+00:00,24912.6,24912.6,24890.0,24903.9,1536
1771237800000,2026-02-16T10:30:00+00:00,24904.0,24932.3,24887.3,24931.4,1402
1771238700000,2026-02-16T10:45:00+00:00,24930.8,24937.1,24918.2,24920.4,1356
1771239600000,2026-02-16T11:00:00+00:00,24920.3,24920.3,24894.3,24912.1,1398
1771240500000,2026-02-16T11:15:00+00:00,24912.0,24932.0,24901.3,24931.4,1296
1771241400000,2026-02-16T11:30:00+00:00,24930.7,24934.3,24903.5,24931.4,1344
1771242300000,2026-02-16T11:45:00+00:00,24930.4,24941.7,24915.8,24927.7,1284
1771243200000,2026-02-16T12:00:00+00:00,24928.3,24939.8,24910.5,24931.4,1262
1771244100000,2026-02-16T12:15:00+00:00,24930.9,24948.4,24925.2,24943.9,1294
1771245000000,2026-02-16T12:30:00+00:00,24943.3,24943.3,24906.7,24906.7,1340
1771245900000,2026-02-16T12:45:00+00:00,24906.9,24919.4,24903.2,24911.0,1362
1771246800000,2026-02-16T13:00:00+00:00,24912.6,24914.6,24887.4,24888.8,1372
1771247700000,2026-02-16T13:15:00+00:00,24888.6,24920.9,24885.2,24914.4,1378
1771248600000,2026-02-16T13:30:00+00:00,24912.3,24921.8,24896.4,24914.9,1450
1771249500000,2026-02-16T13:45:00+00:00,24915.6,24922.4,24900.0,24900.0,1382
1771250400000,2026-02-16T14:00:00+00:00,24899.1,24904.7,24874.5,24874.5,1632
1771251300000,2026-02-16T14:15:00+00:00,24874.4,24876.4,24843.6,24855.3,1894
1771252200000,2026-02-16T14:30:00+00:00,24855.7,24863.9,24827.3,24840.8,2296
1771253100000,2026-02-16T14:45:00+00:00,24839.4,24871.0,24823.3,24856.2,1982
1771254000000,2026-02-16T15:00:00+00:00,24857.2,24886.5,24855.1,24867.3,1800
1771254900000,2026-02-16T15:15:00+00:00,24866.2,24876.4,24851.0,24856.2,1850
1771255800000,2026-02-16T15:30:00+00:00,24856.0,24865.0,24843.4,24844.4,1862
1771256700000,2026-02-16T15:45:00+00:00,24841.8,24864.1,24804.2,24805.5,1920
1771257600000,2026-02-16T16:00:00+00:00,24808.7,24818.4,24782.2,24810.2,2088
1771258500000,2026-02-16T16:15:00+00:00,24811.2,24813.3,24783.3,24803.4,2036
1771259400000,2026-02-16T16:30:00+00:00,24802.6,24818.9,24776.9,24815.7,1782
1771260300000,2026-02-16T16:45:00+00:00,24815.6,24823.9,24808.3,24811.4,1126
1771261200000,2026-02-16T17:00:00+00:00,24810.4,24821.5,24807.6,24815.4,830
1771262100000,2026-02-16T17:15:00+00:00,24814.5,24817.0,24810.0,24815.6,584
1771263000000,2026-02-16T17:30:00+00:00,24815.7,24825.2,24814.0,24819.1,546
1771263900000,2026-02-16T17:45:00+00:00,24818.4,24822.2,24814.2,24821.9,620
1771264800000,2026-02-16T18:00:00+00:00,24821.8,24821.8,24817.0,24819.9,142
1771265700000,2026-02-16T18:15:00+00:00,24820.0,24823.6,24819.4,24821.7,148
1771266600000,2026-02-16T18:30:00+00:00,24821.0,24821.9,24818.0,24819.1,68
1771267500000,2026-02-16T18:45:00+00:00,24820.7,24822.3,24810.9,24810.9,80
1771268400000,2026-02-16T19:00:00+00:00,24811.8,24817.2,24808.1,24808.1,104
1771269300000,2026-02-16T19:15:00+00:00,24807.8,24814.9,24806.2,24814.6,82
1771270200000,2026-02-16T19:30:00+00:00,24814.4,24815.8,24813.6,24814.5,48
1771271100000,2026-02-16T19:45:00+00:00,24814.0,24818.2,24813.5,24818.2,72
1771272000000,2026-02-16T20:00:00+00:00,24818.6,24820.2,24818.6,24818.9,50
1771272900000,2026-02-16T20:15:00+00:00,24819.0,24821.2,24817.3,24818.3,64
1771273800000,2026-02-16T20:30:00+00:00,24817.1,24817.1,24808.9,24810.3,118
1771274700000,2026-02-16T20:45:00+00:00,24810.2,24815.4,24808.4,24811.4,196
1771287300000,2026-02-17T00:15:00+00:00,24847.2,24848.2,24830.4,24836.8,462
1771288200000,2026-02-17T00:30:00+00:00,24836.9,24837.5,24813.2,24824.9,358
1771289100000,2026-02-17T00:45:00+00:00,24825.0,24825.2,24810.2,24817.7,466
1771290000000,2026-02-17T01:00:00+00:00,24818.0,24836.2,24813.9,24831.2,562
1771290900000,2026-02-17T01:15:00+00:00,24831.4,24833.2,24807.3,24813.0,508
1771291800000,2026-02-17T01:30:00+00:00,24812.0,24822.8,24808.9,24811.7,358
1771292700000,2026-02-17T01:45:00+00:00,24811.8,24815.4,24753.5,24761.2,698
1771293600000,2026-02-17T02:00:00+00:00,24758.9,24766.9,24745.4,24765.0,910
1771294500000,2026-02-17T02:15:00+00:00,24765.2,24779.4,24762.2,24779.2,530
1771295400000,2026-02-17T02:30:00+00:00,24776.8,24782.7,24771.4,24778.7,468
1771296300000,2026-02-17T02:45:00+00:00,24778.2,24784.6,24766.7,24777.3,534
1771297200000,2026-02-17T03:00:00+00:00,24777.4,24778.6,24738.3,24748.4,760
1771298100000,2026-02-17T03:15:00+00:00,24749.3,24761.0,24748.2,24753.4,392
1771299000000,2026-02-17T03:30:00+00:00,24754.0,24754.0,24702.2,24716.0,956
1771299900000,2026-02-17T03:45:00+00:00,24715.0,24728.2,24708.7,24719.9,470
1771300800000,2026-02-17T04:00:00+00:00,24720.7,24727.0,24716.2,24718.5,490
1771301700000,2026-02-17T04:15:00+00:00,24718.4,24725.3,24709.9,24715.0,358
1771302600000,2026-02-17T04:30:00+00:00,24713.7,24713.7,24700.3,24704.2,280
1771303500000,2026-02-17T04:45:00+00:00,24705.2,24717.4,24705.0,24714.7,302
1771304400000,2026-02-17T05:00:00+00:00,24715.4,24723.7,24710.5,24717.6,418
1771305300000,2026-02-17T05:15:00+00:00,24717.1,24717.9,24671.8,24703.8,762
1771306200000,2026-02-17T05:30:00+00:00,24704.3,24711.4,24689.7,24703.4,652
1771307100000,2026-02-17T05:45:00+00:00,24703.5,24709.0,24686.9,24689.0,470
1771308000000,2026-02-17T06:00:00+00:00,24689.2,24728.8,24689.2,24714.0,570
1771308900000,2026-02-17T06:15:00+00:00,24714.2,24722.2,24706.7,24709.4,502
1771309800000,2026-02-17T06:30:00+00:00,24711.9,24729.4,24701.9,24716.0,488
1771310700000,2026-02-17T06:45:00+00:00,24716.2,24721.8,24710.4,24711.9,382
1771311600000,2026-02-17T07:00:00+00:00,24712.8,24722.7,24694.9,24698.2,1042
1771312500000,2026-02-17T07:15:00+00:00,24698.6,24728.0,24686.1,24696.0,904
1771313400000,2026-02-17T07:30:00+00:00,24697.9,24731.2,24693.2,24711.2,1026
1771314300000,2026-02-17T07:45:00+00:00,24711.3,24750.3,24710.6,24738.1,1088
1771315200000,2026-02-17T08:00:00+00:00,24743.0,24791.2,24724.7,24762.7,2514
1771316100000,2026-02-17T08:15:00+00:00,24760.8,24790.2,24742.7,24789.7,2302
1771317000000,2026-02-17T08:30:00+00:00,24788.7,24812.3,24757.5,24759.2,2288
1771317900000,2026-02-17T08:45:00+00:00,24759.8,24794.3,24757.0,24787.4,2116
1771318800000,2026-02-17T09:00:00+00:00,24789.0,24840.1,24788.8,24807.2,2064
1771319700000,2026-02-17T09:15:00+00:00,24807.1,24840.3,24803.9,24835.7,1894
1771320600000,2026-02-17T09:30:00+00:00,24836.1,24867.3,24835.6,24855.2,1782
1771321500000,2026-02-17T09:45:00+00:00,24855.3,24858.8,24826.9,24854.9,1482
1771322400000,2026-02-17T10:00:00+00:00,24853.9,24871.5,24820.9,24831.8,1572
1771323300000,2026-02-17T10:15:00+00:00,24833.3,24856.7,24830.7,24836.9,1464
1771324200000,2026-02-17T10:30:00+00:00,24836.8,24843.0,24808.7,24813.4,1624
1771325100000,2026-02-17T10:45:00+00:00,24812.9,24833.7,24800.8,24805.1,1618
1771326000000,2026-02-17T11:00:00+00:00,24803.3,24813.5,24769.3,24802.6,1754
1771326900000,2026-02-17T11:15:00+00:00,24797.9,24826.1,24774.8,24824.2,1512
1771327800000,2026-02-17T11:30:00+00:00,24824.4,24848.2,24816.7,24835.6,1618
1771328700000,2026-02-17T11:45:00+00:00,24835.7,24860.6,24830.9,24851.8,1526
1771329600000,2026-02-17T12:00:00+00:00,24850.7,24857.7,24841.1,24844.8,1708
1771330500000,2026-02-17T12:15:00+00:00,24844.3,24844.8,24807.7,24812.5,1602
1771331400000,2026-02-17T12:30:00+00:00,24815.0,24817.9,24781.6,24792.2,1570
1771332300000,2026-02-17T12:45:00+00:00,24794.7,24794.9,24754.5,24760.2,1746
1771333200000,2026-02-17T13:00:00+00:00,24760.5,24762.6,24721.8,24750.8,1924
1771334100000,2026-02-17T13:15:00+00:00,24751.5,24820.6,24746.6,24805.7,1869
1771335000000,2026-02-17T13:30:00+00:00,24809.1,24821.2,24790.7,24819.6,1654
1771335900000,2026-02-17T13:45:00+00:00,24820.4,24866.3,24804.0,24828.1,2303
1771336800000,2026-02-17T14:00:00+00:00,24828.3,24880.5,24827.6,24864.6,2012
1771337700000,2026-02-17T14:15:00+00:00,24864.0,24879.6,24852.0,24868.9,1892
1771338600000,2026-02-17T14:30:00+00:00,24871.1,24931.0,24871.1,24890.4,3162
1771339500000,2026-02-17T14:45:00+00:00,24891.0,24909.0,24809.6,24822.5,3030
1771340400000,2026-02-17T15:00:00+00:00,24821.6,24876.8,24820.0,24845.7,3072
1771341300000,2026-02-17T15:15:00+00:00,24847.6,24915.6,24840.3,24874.5,3040
1771342200000,2026-02-17T15:30:00+00:00,24873.3,24879.7,24839.0,24859.6,2832
1771343100000,2026-02-17T15:45:00+00:00,24858.2,24895.6,24857.6,24884.4,2850
1771344000000,2026-02-17T16:00:00+00:00,24883.9,24979.7,24870.7,24973.7,2596
1771344900000,2026-02-17T16:15:00+00:00,24975.2,25014.0,24965.2,24994.9,2638
1771345800000,2026-02-17T16:30:00+00:00,24990.3,25010.9,24970.5,24991.8,2592
1771346700000,2026-02-17T16:45:00+00:00,24992.6,25002.1,24973.7,24988.9,2296
1771347600000,2026-02-17T17:00:00+00:00,24988.8,24992.2,24937.0,24947.2,2248
1771348500000,2026-02-17T17:15:00+00:00,24946.7,24975.7,24946.7,24975.7,2186
1771349400000,2026-02-17T17:30:00+00:00,24975.9,24982.3,24930.3,24933.1,2182
1771350300000,2026-02-17T17:45:00+00:00,24931.1,24963.1,24919.2,24960.6,2334
1771351200000,2026-02-17T18:00:00+00:00,24960.7,24967.2,24944.7,24955.2,1900
1771352100000,2026-02-17T18:15:00+00:00,24953.8,25000.3,24951.6,24988.6,1986
1771353000000,2026-02-17T18:30:00+00:00,24988.8,25023.2,24984.8,25015.2,1634
1771353900000,2026-02-17T18:45:00+00:00,25014.7,25041.5,25013.3,25032.7,1586
1771354800000,2026-02-17T19:00:00+00:00,25031.5,25036.2,25013.9,25026.2,1606
1771355700000,2026-02-17T19:15:00+00:00,25024.8,25032.0,25016.3,25018.3,1248
1771356600000,2026-02-17T19:30:00+00:00,25017.8,25036.9,25015.2,25036.1,1310
1771357500000,2026-02-17T19:45:00+00:00,25036.2,25036.2,25015.7,25017.2,1346
1771358400000,2026-02-17T20:00:00+00:00,25017.9,25030.2,25010.6,25018.7,1220
1771359300000,2026-02-17T20:15:00+00:00,25018.8,25024.9,25011.0,25018.6,1264
1771360200000,2026-02-17T20:30:00+00:00,25014.6,25029.2,25005.0,25023.8,1324
1771361100000,2026-02-17T20:45:00+00:00,25024.0,25027.1,25009.2,25021.7,1436
1771373700000,2026-02-18T00:15:00+00:00,25018.6,25018.9,25006.2,25014.1,554
1771374600000,2026-02-18T00:30:00+00:00,25014.2,25020.0,25008.9,25012.4,650
1771375500000,2026-02-18T00:45:00+00:00,25013.0,25013.1,25003.5,25009.9,298
1771376400000,2026-02-18T01:00:00+00:00,25010.7,25024.8,25007.0,25014.7,522
1771377300000,2026-02-18T01:15:00+00:00,25015.9,25027.0,25009.0,25014.1,428
1771378200000,2026-02-18T01:30:00+00:00,25013.2,25019.2,25008.1,25015.4,470
1771379100000,2026-02-18T01:45:00+00:00,25016.4,25017.4,25005.7,25012.9,328
1771380000000,2026-02-18T02:00:00+00:00,25014.6,25018.7,25009.2,25012.2,334
1771380900000,2026-02-18T02:15:00+00:00,25013.1,25013.1,25002.7,25006.2,222
1771381800000,2026-02-18T02:30:00+00:00,25006.8,25016.7,25006.8,25015.0,242
1771382700000,2026-02-18T02:45:00+00:00,25015.7,25016.4,25006.2,25007.7,210
1771383600000,2026-02-18T03:00:00+00:00,25008.5,25011.4,24992.2,24998.7,274
1771384500000,2026-02-18T03:15:00+00:00,24998.5,25006.2,24993.2,25004.7,302
1771385400000,2026-02-18T03:30:00+00:00,25004.9,25012.8,25002.9,25009.9,356
1771386300000,2026-02-18T03:45:00+00:00,25010.0,25023.4,25009.9,25019.0,230
1771387200000,2026-02-18T04:00:00+00:00,25019.9,25037.2,25017.0,25032.4,358
1771388100000,2026-02-18T04:15:00+00:00,25032.2,25038.7,25027.9,25034.9,250
1771389000000,2026-02-18T04:30:00+00:00,25034.8,25060.7,25033.2,25059.6,332
1771389900000,2026-02-18T04:45:00+00:00,25062.5,25062.5,25051.5,25060.0,260
1771390800000,2026-02-18T05:00:00+00:00,25060.1,25062.2,25051.9,25062.0,274
1771391700000,2026-02-18T05:15:00+00:00,25061.2,25069.7,25058.2,25063.3,260
1771392600000,2026-02-18T05:30:00+00:00,25063.2,25071.0,25059.2,25059.3,292
1771393500000,2026-02-18T05:45:00+00:00,25060.4,25063.2,25054.6,25060.9,236
1771394400000,2026-02-18T06:00:00+00:00,25061.7,25069.8,25053.2,25055.7,368
1771395300000,2026-02-18T06:15:00+00:00,25056.1,25067.2,25055.2,25064.2,384
1771396200000,2026-02-18T06:30:00+00:00,25064.5,25071.1,25055.5,25065.2,352
1771397100000,2026-02-18T06:45:00+00:00,25064.0,25073.7,25051.0,25055.0,312
1771398000000,2026-02-18T07:00:00+00:00,25048.3,25065.1,25031.2,25038.1,1098
1771398900000,2026-02-18T07:15:00+00:00,25037.9,25052.0,25033.2,25052.0,738
1771399800000,2026-02-18T07:30:00+00:00,25051.9,25061.8,25049.2,25056.3,676
1771400700000,2026-02-18T07:45:00+00:00,25056.1,25057.8,25029.1,25042.6,1058
1771401600000,2026-02-18T08:00:00+00:00,25048.4,25144.8,25040.8,25100.8,2678
1771402500000,2026-02-18T08:15:00+00:00,25101.2,25164.1,25092.6,25103.6,2344
1771403400000,2026-02-18T08:30:00+00:00,25104.9,25142.5,25104.9,25131.0,2044
1771404300000,2026-02-18T08:45:00+00:00,25132.3,25166.4,25110.7,25155.3,1860
1771405200000,2026-02-18T09:00:00+00:00,25157.8,25167.7,25132.8,25143.2,1962
1771406100000,2026-02-18T09:15:00+00:00,25143.3,25153.9,25114.9,25146.8,1834
1771407000000,2026-02-18T09:30:00+00:00,25147.9,25184.7,25142.4,25179.0,1716
1771407900000,2026-02-18T09:45:00+00:00,25178.9,25192.5,25166.7,25181.4,1634
1771408800000,2026-02-18T10:00:00+00:00,25180.3,25206.1,25174.2,25194.2,1526
1771409700000,2026-02-18T10:15:00+00:00,25193.9,25200.0,25181.4,25195.0,1418
1771410600000,2026-02-18T10:30:00+00:00,25195.9,25207.9,25183.3,25207.9,1464
1771411500000,2026-02-18T10:45:00+00:00,25206.4,25236.6,25196.6,25236.4,1510
1771412400000,2026-02-18T11:00:00+00:00,25235.8,25256.0,25213.7,25225.8,1684
1771413300000,2026-02-18T11:15:00+00:00,25227.3,25231.9,25206.9,25223.4,1492
1771414200000,2026-02-18T11:30:00+00:00,25223.3,25223.7,25184.1,25193.2,1546
1771415100000,2026-02-18T11:45:00+00:00,25193.0,25206.4,25191.8,25197.3,1320
1771416000000,2026-02-18T12:00:00+00:00,25196.6,25237.8,25196.6,25237.8,1796
1771416900000,2026-02-18T12:15:00+00:00,25237.6,25237.9,25198.6,25206.9,1610
1771417800000,2026-02-18T12:30:00+00:00,25207.4,25207.5,25163.5,25179.1,1934
1771418700000,2026-02-18T12:45:00+00:00,25178.7,25205.9,25176.2,25199.4,1628
1771419600000,2026-02-18T13:00:00+00:00,25199.7,25202.8,25170.9,25184.9,1642
1771420500000,2026-02-18T13:15:00+00:00,25184.4,25188.4,25150.9,25174.1,1570
1771421400000,2026-02-18T13:30:00+00:00,25176.9,25182.6,25158.7,25163.4,1686
1771422300000,2026-02-18T13:45:00+00:00,25163.2,25163.9,25101.0,25107.1,1982
1771423200000,2026-02-18T14:00:00+00:00,25107.8,25134.9,25085.5,25123.8,1832
1771424100000,2026-02-18T14:15:00+00:00,25123.9,25136.3,25110.5,25128.1,1752
1771425000000,2026-02-18T14:30:00+00:00,25126.6,25203.3,25103.8,25198.4,3020
1771425900000,2026-02-18T14:45:00+00:00,25197.4,25232.1,25176.7,25230.9,2506
1771426800000,2026-02-18T15:00:00+00:00,25231.7,25267.9,25231.7,25260.7,2246
1771427700000,2026-02-18T15:15:00+00:00,25259.1,25265.1,25231.8,25256.8,2114
1771428600000,2026-02-18T15:30:00+00:00,25257.1,25272.0,25247.3,25250.0,2156
1771429500000,2026-02-18T15:45:00+00:00,25250.1,25300.7,25243.7,25294.2,1888
1771430400000,2026-02-18T16:00:00+00:00,25294.1,25309.3,25274.5,25278.8,2032
1771431300000,2026-02-18T16:15:00+00:00,25279.2,25292.8,25270.7,25278.7,1988
1771432200000,2026-02-18T16:30:00+00:00,25278.3,25289.7,25256.7,25272.1,2022
1771433100000,2026-02-18T16:45:00+00:00,25272.7,25280.1,25253.6,25260.1,1736
1771434000000,2026-02-18T17:00:00+00:00,25259.8,25283.2,25253.3,25275.0,1528
1771434900000,2026-02-18T17:15:00+00:00,25273.4,25283.5,25273.4,25280.9,1350
1771435800000,2026-02-18T17:30:00+00:00,25280.7,25288.8,25270.0,25282.9,1226
1771436700000,2026-02-18T17:45:00+00:00,25282.8,25289.5,25277.7,25279.5,1050
1771437600000,2026-02-18T18:00:00+00:00,25280.0,25291.9,25273.0,25276.8,956
1771438500000,2026-02-18T18:15:00+00:00,25277.0,25279.3,25218.3,25228.6,1170
1771439400000,2026-02-18T18:30:00+00:00,25228.4,25259.6,25213.4,25244.7,1558
1771440300000,2026-02-18T18:45:00+00:00,25244.1,25255.6,25221.0,25241.3,1422
1771441200000,2026-02-18T19:00:00+00:00,25241.2,25251.5,25229.7,25230.2,1424
1771442100000,2026-02-18T19:15:00+00:00,25230.5,25241.5,25222.1,25236.3,1446
1771443000000,2026-02-18T19:30:00+00:00,25237.5,25239.5,25201.9,25202.7,1898
1771443900000,2026-02-18T19:45:00+00:00,25203.4,25210.8,25168.7,25181.7,1956
1771444800000,2026-02-18T20:00:00+00:00,25183.7,25194.1,25166.6,25168.1,1774
1771445700000,2026-02-18T20:15:00+00:00,25167.2,25175.2,25159.2,25170.5,1662
1771446600000,2026-02-18T20:30:00+00:00,25170.0,25211.2,25170.0,25205.2,1462
1771447500000,2026-02-18T20:45:00+00:00,25203.8,25237.1,25198.6,25231.0,1264
1771460100000,2026-02-19T00:15:00+00:00,25217.9,25230.3,25200.3,25205.1,528
1771461000000,2026-02-19T00:30:00+00:00,25206.2,25222.8,25204.9,25216.9,332
1771461900000,2026-02-19T00:45:00+00:00,25215.4,25219.5,25210.1,25219.5,286
1771462800000,2026-02-19T01:00:00+00:00,25220.3,25254.6,25219.1,25252.9,632
1771463700000,2026-02-19T01:15:00+00:00,25252.4,25256.9,25236.8,25240.8,468
1771464600000,2026-02-19T01:30:00+00:00,25241.1,25246.9,25225.3,25232.4,576
1771465500000,2026-02-19T01:45:00+00:00,25232.3,25236.8,25217.2,25233.8,308
1771466400000,2026-02-19T02:00:00+00:00,25234.6,25243.3,25225.6,25238.5,342
1771467300000,2026-02-19T02:15:00+00:00,25238.1,25242.1,25234.2,25240.3,262
1771468200000,2026-02-19T02:30:00+00:00,25240.9,25245.4,25234.6,25238.3,236
1771469100000,2026-02-19T02:45:00+00:00,25238.1,25239.4,25231.6,25235.1,160
1771470000000,2026-02-19T03:00:00+00:00,25235.9,25239.8,25230.9,25235.8,180
1771470900000,2026-02-19T03:15:00+00:00,25235.3,25243.6,25232.6,25241.1,242
1771471800000,2026-02-19T03:30:00+00:00,25241.3,25246.1,25223.8,25231.3,336
1771472700000,2026-02-19T03:45:00+00:00,25230.4,25231.1,25223.8,25230.4,198
1771473600000,2026-02-19T04:00:00+00:00,25230.9,25235.9,25230.4,25232.1,204
1771474500000,2026-02-19T04:15:00+00:00,25232.2,25234.6,25221.2,25223.7,284
1771475400000,2026-02-19T04:30:00+00:00,25223.8,25227.8,25219.6,25222.4,172
1771476300000,2026-02-19T04:45:00+00:00,25222.1,25223.2,25216.1,25218.3,120
1771477200000,2026-02-19T05:00:00+00:00,25217.8,25220.9,25204.5,25212.3,252
1771478100000,2026-02-19T05:15:00+00:00,25212.6,25212.6,25203.1,25211.1,340
1771479000000,2026-02-19T05:30:00+00:00,25210.9,25216.1,25202.0,25202.0,352
1771479900000,2026-02-19T05:45:00+00:00,25202.3,25214.5,25199.9,25203.8,410
1771480800000,2026-02-19T06:00:00+00:00,25203.9,25212.3,25194.4,25201.0,464
1771481700000,2026-02-19T06:15:00+00:00,25201.1,25202.6,25183.6,25188.6,408
1771482600000,2026-02-19T06:30:00+00:00,25188.9,25196.9,25176.8,25176.8,426
1771483500000,2026-02-19T06:45:00+00:00,25175.7,25189.5,25174.3,25188.7,382
1771484400000,2026-02-19T07:00:00+00:00,25198.4,25203.8,25173.6,25187.2,716
1771485300000,2026-02-19T07:15:00+00:00,25186.6,25193.0,25178.5,25186.5,596
1771486200000,2026-02-19T07:30:00+00:00,25184.7,25194.1,25181.4,25189.5,638
1771487100000,2026-02-19T07:45:00+00:00,25189.2,25192.9,25152.8,25170.9,1002
1771488000000,2026-02-19T08:00:00+00:00,25164.9,25210.6,25147.9,25173.5,2618
1771488900000,2026-02-19T08:15:00+00:00,25172.6,25201.1,25172.2,25180.3,2150
1771489800000,2026-02-19T08:30:00+00:00,25180.5,25197.4,25134.0,25154.0,2164
1771490700000,2026-02-19T08:45:00+00:00,25153.1,25160.0,25118.3,25123.7,1992
1771491600000,2026-02-19T09:00:00+00:00,25123.6,25139.4,25111.2,25137.1,1974
1771492500000,2026-02-19T09:15:00+00:00,25138.1,25145.3,25105.8,25105.8,1778
1771493400000,2026-02-19T09:30:00+00:00,25105.7,25113.1,25069.8,25071.5,1864
1771494300000,2026-02-19T09:45:00+00:00,25073.3,25074.2,25039.0,25043.1,1900
1771495200000,2026-02-19T10:00:00+00:00,25041.4,25044.3,25009.2,25029.6,2206
1771496100000,2026-02-19T10:15:00+00:00,25028.8,25062.8,25027.7,25034.2,1818
1771497000000,2026-02-19T10:30:00+00:00,25034.5,25048.4,25018.7,25043.6,1766
1771497900000,2026-02-19T10:45:00+00:00,25043.1,25060.2,25038.2,25052.7,1766
1771498800000,2026-02-19T11:00:00+00:00,25052.8,25084.1,25040.1,25073.8,1788
1771499700000,2026-02-19T11:15:00+00:00,25074.1,25095.2,25061.0,25083.6,1494
1771500600000,2026-02-19T11:30:00+00:00,25083.1,25085.2,25066.1,25077.0,1294
1771501500000,2026-02-19T11:45:00+00:00,25076.6,25083.7,25035.4,25041.7,1520
1771502400000,2026-02-19T12:00:00+00:00,25040.9,25048.8,25012.1,25044.6,1868
1771503300000,2026-02-19T12:15:00+00:00,25044.2,25064.9,25032.5,25053.4,1518
1771504200000,2026-02-19T12:30:00+00:00,25051.0,25052.5,25028.5,25041.1,1448
1771505100000,2026-02-19T12:45:00+00:00,25041.2,25054.9,25034.7,25038.4,1306
1771506000000,2026-02-19T13:00:00+00:00,25038.6,25049.9,25020.7,25026.1,1596
1771506900000,2026-02-19T13:15:00+00:00,25026.7,25030.8,24977.5,24991.2,1580
1771507800000,2026-02-19T13:30:00+00:00,24991.1,25037.1,24982.7,25023.5,1804
1771508700000,2026-02-19T13:45:00+00:00,25023.4,25040.1,25014.4,25026.1,1608
1771509600000,2026-02-19T14:00:00+00:00,25027.9,25034.5,25008.5,25019.6,1748
1771510500000,2026-02-19T14:15:00+00:00,25020.0,25030.8,25000.8,25003.6,1674
1771511400000,2026-02-19T14:30:00+00:00,25003.9,25012.1,24961.6,25005.0,3140
1771512300000,2026-02-19T14:45:00+00:00,25007.0,25014.4,24961.9,24996.0,2692
1771513200000,2026-02-19T15:00:00+00:00,25002.8,25026.9,24980.1,24990.6,2692
1771514100000,2026-02-19T15:15:00+00:00,24991.4,25017.7,24981.7,24999.0,2752
1771515000000,2026-02-19T15:30:00+00:00,24999.5,25043.4,24986.8,25028.7,2438
1771515900000,2026-02-19T15:45:00+00:00,25022.7,25034.1,24989.6,25018.6,2380
1771516800000,2026-02-19T16:00:00+00:00,25018.7,25020.3,24978.6,24990.1,2364
1771517700000,2026-02-19T16:15:00+00:00,24991.1,25023.4,24989.7,24998.7,2118
1771518600000,2026-02-19T16:30:00+00:00,25001.3,25034.7,24996.1,24997.5,2296
1771519500000,2026-02-19T16:45:00+00:00,24997.4,25009.1,24977.9,24991.0,2210
1771520400000,2026-02-19T17:00:00+00:00,24990.6,24993.8,24967.3,24986.5,2026
1771521300000,2026-02-19T17:15:00+00:00,24989.4,25009.6,24981.5,24988.1,1882
1771522200000,2026-02-19T17:30:00+00:00,24986.7,24998.8,24980.0,24989.9,1802
1771523100000,2026-02-19T17:45:00+00:00,24990.1,24991.1,24963.4,24969.9,1894
1771524000000,2026-02-19T18:00:00+00:00,24969.2,24985.8,24955.4,24982.8,1588
1771524900000,2026-02-19T18:15:00+00:00,24982.1,24983.8,24953.8,24970.6,1596
1771525800000,2026-02-19T18:30:00+00:00,24969.6,24983.0,24966.1,24979.2,1638
1771526700000,2026-02-19T18:45:00+00:00,24979.1,25004.3,24975.1,25000.2,1514
1771527600000,2026-02-19T19:00:00+00:00,25000.0,25000.1,24984.4,24989.2,1454
1771528500000,2026-02-19T19:15:00+00:00,24989.1,24997.6,24980.6,24986.2,1170
1771529400000,2026-02-19T19:30:00+00:00,24985.4,24994.0,24963.0,24976.1,1428
1771530300000,2026-02-19T19:45:00+00:00,24976.0,24988.6,24969.0,24984.0,1476
1771531200000,2026-02-19T20:00:00+00:00,24984.1,25005.9,24984.1,25005.6,1184
1771532100000,2026-02-19T20:15:00+00:00,25005.7,25008.8,24993.8,24996.2,1260
1771533000000,2026-02-19T20:30:00+00:00,24994.4,25008.2,24994.4,25003.2,1154
1771533900000,2026-02-19T20:45:00+00:00,25003.5,25011.4,24999.0,25002.0,1136
1771546500000,2026-02-20T00:15:00+00:00,25034.2,25048.0,25020.4,25041.5,596
1771547400000,2026-02-20T00:30:00+00:00,25041.0,25051.0,25040.7,25049.3,420
1771548300000,2026-02-20T00:45:00+00:00,25049.4,25056.2,25047.2,25047.9,264
1771549200000,2026-02-20T01:00:00+00:00,25048.7,25073.8,25048.5,25069.2,404
1771550100000,2026-02-20T01:15:00+00:00,25068.2,25068.3,25049.9,25055.7,542
1771551000000,2026-02-20T01:30:00+00:00,25053.1,25060.2,25046.6,25046.6,488
1771551900000,2026-02-20T01:45:00+00:00,25046.5,25056.7,25044.9,25047.8,424
1771552800000,2026-02-20T02:00:00+00:00,25048.1,25067.6,25047.0,25048.1,502
1771553700000,2026-02-20T02:15:00+00:00,25048.9,25049.4,25041.4,25045.5,380
1771554600000,2026-02-20T02:30:00+00:00,25045.0,25053.0,25040.6,25040.6,480
1771555500000,2026-02-20T02:45:00+00:00,25040.7,25049.9,25027.1,25045.5,378
1771556400000,2026-02-20T03:00:00+00:00,25046.0,25051.7,25043.4,25046.9,248
1771557300000,2026-02-20T03:15:00+00:00,25047.3,25050.9,25045.4,25046.4,208
1771558200000,2026-02-20T03:30:00+00:00,25047.0,25049.7,25038.7,25038.7,190
1771559100000,2026-02-20T03:45:00+00:00,25039.2,25047.7,25037.2,25039.4,260
1771560000000,2026-02-20T04:00:00+00:00,25040.5,25049.2,25038.0,25044.6,300
1771560900000,2026-02-20T04:15:00+00:00,25045.2,25046.0,25037.0,25042.0,212
1771561800000,2026-02-20T04:30:00+00:00,25045.4,25046.7,25040.2,25046.3,136
1771562700000,2026-02-20T04:45:00+00:00,25047.2,25056.2,25046.5,25054.0,274
1771563600000,2026-02-20T05:00:00+00:00,25054.5,25065.0,25052.2,25054.8,446
1771564500000,2026-02-20T05:15:00+00:00,25055.7,25065.2,25054.9,25062.7,204
1771565400000,2026-02-20T05:30:00+00:00,25062.0,25071.7,25062.0,25066.4,394
1771566300000,2026-02-20T05:45:00+00:00,25065.9,25082.7,25065.9,25080.7,290
1771567200000,2026-02-20T06:00:00+00:00,25081.7,25095.6,25078.2,25093.1,450
1771568100000,2026-02-20T06:15:00+00:00,25092.9,25095.4,25081.6,25082.7,324
1771569000000,2026-02-20T06:30:00+00:00,25084.7,25085.6,25074.2,25079.7,402
1771569900000,2026-02-20T06:45:00+00:00,25079.6,25084.0,25072.6,25076.7,304
1771570800000,2026-02-20T07:00:00+00:00,25076.3,25088.8,25064.6,25074.5,822
1771571700000,2026-02-20T07:15:00+00:00,25075.2,25083.5,25067.0,25067.6,634
1771572600000,2026-02-20T07:30:00+00:00,25065.3,25077.1,25060.8,25064.2,682
1771573500000,2026-02-20T07:45:00+00:00,25064.4,25067.0,25045.8,25062.3,1040
1771574400000,2026-02-20T08:00:00+00:00,25045.8,25064.4,25021.6,25025.0,2298
1771575300000,2026-02-20T08:15:00+00:00,25020.9,25056.5,24990.4,25054.0,2000
1771576200000,2026-02-20T08:30:00+00:00,25053.6,25053.8,25014.3,25040.8,1886
1771577100000,2026-02-20T08:45:00+00:00,25041.0,25078.7,25034.3,25077.9,1528
1771578000000,2026-02-20T09:00:00+00:00,25078.3,25116.9,25068.2,25112.3,1792
1771578900000,2026-02-20T09:15:00+00:00,25111.5,25131.3,25105.9,25112.6,1514
1771579800000,2026-02-20T09:30:00+00:00,25112.5,25114.6,25083.2,25109.9,1592
1771580700000,2026-02-20T09:45:00+00:00,25109.8,25109.8,25087.1,25096.7,1562
1771581600000,2026-02-20T10:00:00+00:00,25096.8,25115.7,25086.6,25114.9,1492
1771582500000,2026-02-20T10:15:00+00:00,25115.7,25122.9,25095.8,25121.4,1302
1771583400000,2026-02-20T10:30:00+00:00,25121.5,25122.0,25099.2,25112.2,1332
1771584300000,2026-02-20T10:45:00+00:00,25112.5,25123.2,25081.7,25082.9,1642
1771585200000,2026-02-20T11:00:00+00:00,25082.3,25097.6,25051.9,25089.8,1834
1771586100000,2026-02-20T11:15:00+00:00,25088.6,25101.0,25084.9,25098.5,1356
1771587000000,2026-02-20T11:30:00+00:00,25099.0,25112.4,25097.5,25104.2,1302
1771587900000,2026-02-20T11:45:00+00:00,25104.7,25106.0,25080.7,25089.1,1486
1771588800000,2026-02-20T12:00:00+00:00,25089.4,25098.5,25075.8,25096.9,1786
1771589700000,2026-02-20T12:15:00+00:00,25097.0,25102.8,25078.3,25083.4,1378
1771590600000,2026-02-20T12:30:00+00:00,25082.9,25085.8,25060.7,25065.9,1456
1771591500000,2026-02-20T12:45:00+00:00,25066.6,25079.3,25055.1,25068.8,1370
1771592400000,2026-02-20T13:00:00+00:00,25068.3,25086.7,25063.0,25086.7,1152
1771593300000,2026-02-20T13:15:00+00:00,25086.9,25111.2,25085.2,25106.4,1220
1771594200000,2026-02-20T13:30:00+00:00,25105.5,25107.9,25070.6,25085.4,1966
1771595100000,2026-02-20T13:45:00+00:00,25086.0,25093.9,25069.7,25093.0,1474
1771596000000,2026-02-20T14:00:00+00:00,25093.1,25107.1,25088.1,25098.2,1464
1771596900000,2026-02-20T14:15:00+00:00,25097.9,25098.7,25078.4,25083.7,1604
1771597800000,2026-02-20T14:30:00+00:00,25080.9,25147.9,25078.9,25124.6,2734
1771598700000,2026-02-20T14:45:00+00:00,25124.0,25144.0,25108.8,25144.0,2446
1771599600000,2026-02-20T15:00:00+00:00,25149.9,25327.2,25137.3,25159.2,3328
1771600500000,2026-02-20T15:15:00+00:00,25156.4,25229.8,25142.7,25190.3,3122
1771601400000,2026-02-20T15:30:00+00:00,25190.5,25225.3,25171.3,25218.8,3024
1771602300000,2026-02-20T15:45:00+00:00,25218.3,25276.1,25204.7,25267.7,2600
1771603200000,2026-02-20T16:00:00+00:00,25268.7,25271.7,25228.3,25229.3,2566
1771604100000,2026-02-20T16:15:00+00:00,25229.1,25251.7,25220.6,25241.0,2700
1771605000000,2026-02-20T16:30:00+00:00,25240.1,25274.8,25228.9,25264.2,2454
1771605900000,2026-02-20T16:45:00+00:00,25263.7,25273.0,25239.0,25244.4,1924
1771606800000,2026-02-20T17:00:00+00:00,25245.1,25251.2,25192.0,25192.0,2138
1771607700000,2026-02-20T17:15:00+00:00,25192.1,25195.3,25169.5,25190.8,2612
1771608600000,2026-02-20T17:30:00+00:00,25193.3,25218.5,25190.1,25211.6,2360
1771609500000,2026-02-20T17:45:00+00:00,25212.1,25231.5,25197.1,25219.7,2090
1771610400000,2026-02-20T18:00:00+00:00,25219.1,25222.8,25202.8,25207.4,1642
1771611300000,2026-02-20T18:15:00+00:00,25207.2,25214.6,25171.1,25200.9,1840
1771612200000,2026-02-20T18:30:00+00:00,25198.4,25251.2,25169.2,25235.3,2208
1771613100000,2026-02-20T18:45:00+00:00,25235.8,25254.4,25223.1,25248.5,1802
1771614000000,2026-02-20T19:00:00+00:00,25248.3,25252.4,25223.6,25224.5,1519
1771614900000,2026-02-20T19:15:00+00:00,25223.7,25235.4,25210.5,25217.2,1382
1771615800000,2026-02-20T19:30:00+00:00,25217.0,25224.6,25211.9,25212.2,1358
1771616700000,2026-02-20T19:45:00+00:00,25213.8,25224.1,25209.8,25211.4,1398
1771617600000,2026-02-20T20:00:00+00:00,25212.6,25239.4,25212.6,25236.2,1404
1771618500000,2026-02-20T20:15:00+00:00,25236.1,25237.3,25225.8,25230.2,1078
1771619400000,2026-02-20T20:30:00+00:00,25228.6,25235.6,25226.1,25235.2,1208
1771620300000,2026-02-20T20:45:00+00:00,25233.9,25239.5,25226.1,25236.7,674
1771805700000,2026-02-23T00:15:00+00:00,25146.8,25169.7,25132.9,25138.5,620
1771806600000,2026-02-23T00:30:00+00:00,25138.4,25144.0,25118.9,25122.2,422
1771807500000,2026-02-23T00:45:00+00:00,25122.0,25132.1,25104.4,25108.0,656
1771808400000,2026-02-23T01:00:00+00:00,25107.4,25107.4,25078.9,25091.5,730
1771809300000,2026-02-23T01:15:00+00:00,25092.0,25111.7,25085.9,25103.2,570
1771810200000,2026-02-23T01:30:00+00:00,25102.5,25117.3,25097.9,25114.4,520
1771811100000,2026-02-23T01:45:00+00:00,25116.2,25119.1,25086.7,25086.7,548
1771812000000,2026-02-23T02:00:00+00:00,25087.5,25101.2,25075.3,25075.7,558
1771812900000,2026-02-23T02:15:00+00:00,25076.0,25106.0,25073.2,25101.5,580
1771813800000,2026-02-23T02:30:00+00:00,25100.9,25107.9,25097.0,25100.2,314
1771814700000,2026-02-23T02:45:00+00:00,25100.4,25104.3,25092.8,25093.7,338
1771815600000,2026-02-23T03:00:00+00:00,25093.9,25100.4,25089.3,25090.6,234
1771816500000,2026-02-23T03:15:00+00:00,25090.5,25090.6,25072.3,25083.9,286
1771817400000,2026-02-23T03:30:00+00:00,25086.0,25087.0,25077.8,25083.2,252
1771818300000,2026-02-23T03:45:00+00:00,25081.5,25091.0,25081.4,25085.9,178
1771819200000,2026-02-23T04:00:00+00:00,25086.1,25094.4,25083.4,25087.0,158
1771820100000,2026-02-23T04:15:00+00:00,25085.9,25092.7,25084.3,25087.8,316
1771821000000,2026-02-23T04:30:00+00:00,25087.9,25091.7,25081.0,25082.2,298
1771821900000,2026-02-23T04:45:00+00:00,25082.7,25083.4,25072.9,25079.4,258
1771822800000,2026-02-23T05:00:00+00:00,25079.9,25079.9,25061.3,25063.4,304
1771823700000,2026-02-23T05:15:00+00:00,25062.7,25065.0,25038.9,25055.2,356
1771824600000,2026-02-23T05:30:00+00:00,25057.4,25067.0,25045.2,25053.4,308
1771825500000,2026-02-23T05:45:00+00:00,25054.3,25067.2,25050.3,25062.2,294
1771826400000,2026-02-23T06:00:00+00:00,25061.7,25062.9,25054.7,25061.9,264
1771827300000,2026-02-23T06:15:00+00:00,25061.4,25061.7,25056.0,25058.7,366
1771828200000,2026-02-23T06:30:00+00:00,25057.7,25091.7,25057.7,25086.3,414
1771829100000,2026-02-23T06:45:00+00:00,25085.9,25096.7,25085.9,25095.9,316
1771830000000,2026-02-23T07:00:00+00:00,25097.6,25125.4,25097.5,25116.2,862
1771830900000,2026-02-23T07:15:00+00:00,25115.8,25126.8,25107.0,25109.1,708
1771831800000,2026-02-23T07:30:00+00:00,25109.3,25121.5,25102.4,25111.2,792
1771832700000,2026-02-23T07:45:00+00:00,25111.3,25116.8,25099.9,25116.5,1046
1771833600000,2026-02-23T08:00:00+00:00,25111.4,25121.9,25056.1,25079.0,2512
1771834500000,2026-02-23T08:15:00+00:00,25082.4,25117.8,25070.8,25117.2,2140
1771835400000,2026-02-23T08:30:00+00:00,25118.8,25137.7,25094.6,25096.7,1964
1771836300000,2026-02-23T08:45:00+00:00,25096.5,25161.5,25095.7,25160.5,1640
1771837200000,2026-02-23T09:00:00+00:00,25166.9,25182.5,25148.7,25170.6,1698
1771838100000,2026-02-23T09:15:00+00:00,25171.8,25182.1,25155.0,25162.2,1562
1771839000000,2026-02-23T09:30:00+00:00,25163.4,25163.4,25120.8,25120.8,1576
1771839900000,2026-02-23T09:45:00+00:00,25120.9,25135.1,25108.5,25108.7,1550
1771840800000,2026-02-23T10:00:00+00:00,25108.8,25118.1,25100.9,25103.8,1480
1771841700000,2026-02-23T10:15:00+00:00,25103.9,25110.1,25005.3,25087.4,1506
1771842600000,2026-02-23T10:30:00+00:00,25087.5,25140.2,25085.1,25133.7,1458
1771843500000,2026-02-23T10:45:00+00:00,25133.5,25139.1,25107.5,25127.6,1276
1771844400000,2026-02-23T11:00:00+00:00,25128.7,25149.1,25128.2,25135.0,1292
1771845300000,2026-02-23T11:15:00+00:00,25134.8,25144.8,25117.3,25125.3,1292
1771846200000,2026-02-23T11:30:00+00:00,25125.6,25139.4,25118.2,25138.3,1138
1771847100000,2026-02-23T11:45:00+00:00,25138.4,25141.7,25114.4,25133.4,1308
1771848000000,2026-02-23T12:00:00+00:00,25134.2,25147.7,25125.6,25125.7,1314
1771848900000,2026-02-23T12:15:00+00:00,25124.6,25124.6,25101.6,25105.7,1320
1771849800000,2026-02-23T12:30:00+00:00,25108.4,25109.2,25084.5,25097.8,1302
1771850700000,2026-02-23T12:45:00+00:00,25097.6,25097.6,25081.5,25096.1,1216
1771851600000,2026-02-23T13:00:00+00:00,25095.9,25120.6,25085.0,25115.2,1456
1771852500000,2026-02-23T13:15:00+00:00,25114.7,25125.2,25104.5,25123.6,1258
1771853400000,2026-02-23T13:30:00+00:00,25124.2,25161.2,25124.1,25160.0,1392
1771854300000,2026-02-23T13:45:00+00:00,25160.8,25163.6,25141.5,25145.3,1360
1771855200000,2026-02-23T14:00:00+00:00,25145.1,25158.4,25140.7,25151.2,1364
1771856100000,2026-02-23T14:15:00+00:00,25150.7,25160.5,25131.2,25140.8,1342
1771857000000,2026-02-23T14:30:00+00:00,25140.1,25146.0,25104.9,25116.8,2750
1771857900000,2026-02-23T14:45:00+00:00,25114.9,25122.6,25088.5,25104.5,2618
1771858800000,2026-02-23T15:00:00+00:00,25106.2,25123.4,25054.1,25062.7,2628
1771859700000,2026-02-23T15:15:00+00:00,25061.1,25071.5,25047.7,25059.2,2534
1771860600000,2026-02-23T15:30:00+00:00,25059.6,25062.9,25014.9,25016.9,2436
1771861500000,2026-02-23T15:45:00+00:00,25017.6,25019.7,24969.0,24976.1,2282
1771862400000,2026-02-23T16:00:00+00:00,24975.9,24981.1,24932.4,24940.6,2504
1771863300000,2026-02-23T16:15:00+00:00,24942.1,24976.8,24926.5,24975.0,2496
1771864200000,2026-02-23T16:30:00+00:00,24973.8,25005.3,24968.6,25000.6,2528
1771865100000,2026-02-23T16:45:00+00:00,25000.2,25004.2,24980.6,24981.6,2110
1771866000000,2026-02-23T17:00:00+00:00,24981.4,24990.6,24970.3,24973.5,1794
1771866900000,2026-02-23T17:15:00+00:00,24973.3,24986.6,24960.3,24960.6,1786
1771867800000,2026-02-23T17:30:00+00:00,24959.9,24962.6,24919.9,24936.1,1818
1771868700000,2026-02-23T17:45:00+00:00,24936.3,24972.7,24923.2,24971.3,1880
1771869600000,2026-02-23T18:00:00+00:00,24970.8,24990.7,24969.6,24990.6,1550
1771870500000,2026-02-23T18:15:00+00:00,24989.2,25007.5,24985.3,25006.0,1366
1771871400000,2026-02-23T18:30:00+00:00,25005.7,25013.2,24986.2,24991.2,1366
1771872300000,2026-02-23T18:45:00+00:00,24990.7,24999.7,24963.3,24967.2,1404
1771873200000,2026-02-23T19:00:00+00:00,24966.8,24978.8,24966.8,24969.2,1418
1771874100000,2026-02-23T19:15:00+00:00,24967.7,24976.5,24961.9,24964.5,1124
1771875000000,2026-02-23T19:30:00+00:00,24964.4,24970.1,24943.3,24951.5,1182
1771875900000,2026-02-23T19:45:00+00:00,24951.8,24980.8,24951.2,24971.7,1338
1771876800000,2026-02-23T20:00:00+00:00,24971.0,24984.0,24965.8,24965.9,1286
1771877700000,2026-02-23T20:15:00+00:00,24966.1,24975.1,24964.9,24969.9,1228
1771878600000,2026-02-23T20:30:00+00:00,24968.5,24984.7,24967.6,24976.6,1268
1771879500000,2026-02-23T20:45:00+00:00,24976.8,24984.1,24951.5,24962.8,1240
1771892100000,2026-02-24T00:15:00+00:00,24981.8,24997.8,24974.1,24977.2,508
1771893000000,2026-02-24T00:30:00+00:00,24976.6,24988.7,24975.0,24987.3,428
1771893900000,2026-02-24T00:45:00+00:00,24986.3,24996.9,24984.9,24992.9,314
1771894800000,2026-02-24T01:00:00+00:00,24993.4,24993.8,24981.8,24985.0,580
1771895700000,2026-02-24T01:15:00+00:00,24985.3,24998.1,24982.3,24989.8,514
1771896600000,2026-02-24T01:30:00+00:00,24988.7,24997.5,24976.6,24992.0,580
1771897500000,2026-02-24T01:45:00+00:00,24992.2,24994.6,24979.8,24984.4,478
1771898400000,2026-02-24T02:00:00+00:00,24984.5,24992.3,24975.8,24989.8,676
1771899300000,2026-02-24T02:15:00+00:00,24989.9,25025.3,24987.9,25021.8,570
1771900200000,2026-02-24T02:30:00+00:00,25021.9,25029.8,25017.4,25018.2,480
1771901100000,2026-02-24T02:45:00+00:00,25017.8,25021.6,25016.8,25019.8,220
1771902000000,2026-02-24T03:00:00+00:00,25019.5,25020.8,25013.0,25016.0,160
1771902900000,2026-02-24T03:15:00+00:00,25016.1,25018.5,25011.0,25014.0,180
1771903800000,2026-02-24T03:30:00+00:00,25014.5,25024.3,25011.0,25020.3,328
1771904700000,2026-02-24T03:45:00+00:00,25021.1,25028.5,25019.1,25023.4,258
1771905600000,2026-02-24T04:00:00+00:00,25023.8,25025.4,25019.6,25023.5,244
1771906500000,2026-02-24T04:15:00+00:00,25023.8,25035.2,25022.5,25029.8,174
1771907400000,2026-02-24T04:30:00+00:00,25030.0,25033.8,25025.8,25032.3,210
1771908300000,2026-02-24T04:45:00+00:00,25033.3,25038.0,25031.5,25036.3,178
1771909200000,2026-02-24T05:00:00+00:00,25035.8,25042.3,25025.2,25039.3,408
1771910100000,2026-02-24T05:15:00+00:00,25039.2,25040.5,25024.4,25030.5,390
1771911000000,2026-02-24T05:30:00+00:00,25030.6,25030.6,25015.7,25022.5,316
1771911900000,2026-02-24T05:45:00+00:00,25021.8,25021.8,25010.3,25013.2,354
1771912800000,2026-02-24T06:00:00+00:00,25014.9,25016.8,25009.9,25010.1,270
1771913700000,2026-02-24T06:15:00+00:00,25010.4,25014.3,25002.5,25008.7,348
1771914600000,2026-02-24T06:30:00+00:00,25008.3,25010.5,25000.4,25005.3,348
1771915500000,2026-02-24T06:45:00+00:00,25004.1,25012.7,25000.1,25002.4,352
1771916400000,2026-02-24T07:00:00+00:00,25001.5,25020.2,24988.4,24994.8,906
1771917300000,2026-02-24T07:15:00+00:00,24996.0,25004.8,24982.6,25004.8,800
1771918200000,2026-02-24T07:30:00+00:00,25004.5,25011.4,24982.6,24991.1,862
1771919100000,2026-02-24T07:45:00+00:00,24991.4,24994.4,24955.0,24958.3,1222
1771920000000,2026-02-24T08:00:00+00:00,24951.4,24969.4,24869.2,24906.0,2952
1771920900000,2026-02-24T08:15:00+00:00,24910.0,24956.2,24883.5,24931.8,2598
1771921800000,2026-02-24T08:30:00+00:00,24938.9,24954.0,24872.7,24898.3,2320
1771922700000,2026-02-24T08:45:00+00:00,24897.8,24907.9,24868.6,24896.7,2382
1771923600000,2026-02-24T09:00:00+00:00,24897.6,24951.1,24892.7,24935.8,2214
1771924500000,2026-02-24T09:15:00+00:00,24936.4,24952.0,24908.4,24921.3,1942
1771925400000,2026-02-24T09:30:00+00:00,24920.6,24931.6,24888.6,24927.8,1820
1771926300000,2026-02-24T09:45:00+00:00,24925.7,24953.6,24914.9,24949.0,1654
1771927200000,2026-02-24T10:00:00+00:00,24949.1,24962.5,24937.0,24943.9,1674
1771928100000,2026-02-24T10:15:00+00:00,24943.7,24968.9,24940.9,24968.6,1588
1771929000000,2026-02-24T10:30:00+00:00,24968.5,24976.2,24946.0,24957.2,1634
1771929900000,2026-02-24T10:45:00+00:00,24958.8,24969.7,24943.4,24957.7,1626
1771930800000,2026-02-24T11:00:00+00:00,24961.5,24983.8,24948.6,24950.3,1608
1771931700000,2026-02-24T11:15:00+00:00,24949.1,24969.0,24944.7,24965.3,1422
1771932600000,2026-02-24T11:30:00+00:00,24965.5,24980.4,24963.8,24966.9,1460
1771933500000,2026-02-24T11:45:00+00:00,24967.3,24987.9,24962.1,24984.4,1220
1771934400000,2026-02-24T12:00:00+00:00,24985.0,25001.4,24973.7,24994.8,1878
1771935300000,2026-02-24T12:15:00+00:00,24995.2,24996.8,24953.1,24953.9,1672
1771936200000,2026-02-24T12:30:00+00:00,24954.0,24961.2,24917.9,24918.4,1706
1771937100000,2026-02-24T12:45:00+00:00,24917.9,24937.5,24904.2,24930.2,1574
1771938000000,2026-02-24T13:00:00+00:00,24931.6,24956.8,24923.7,24945.3,1624
1771938900000,2026-02-24T13:15:00+00:00,24945.4,24966.5,24945.1,24952.8,1440
1771939800000,2026-02-24T13:30:00+00:00,24952.3,24958.8,24939.0,24950.1,1550
1771940700000,2026-02-24T13:45:00+00:00,24949.9,24982.0,24948.3,24972.8,1468
1771941600000,2026-02-24T14:00:00+00:00,24972.7,24974.9,24939.7,24941.7,1620
1771942500000,2026-02-24T14:15:00+00:00,24942.7,24943.5,24909.7,24914.5,1842
1771943400000,2026-02-24T14:30:00+00:00,24912.0,25017.9,24882.8,25017.3,3168
1771944300000,2026-02-24T14:45:00+00:00,25016.8,25042.0,24995.2,25020.3,2914
1771945200000,2026-02-24T15:00:00+00:00,25022.0,25026.6,24991.6,25007.6,2850
1771946100000,2026-02-24T15:15:00+00:00,25007.2,25078.3,25002.1,25070.6,2596
1771947000000,2026-02-24T15:30:00+00:00,25070.9,25082.5,25042.6,25043.8,2530
1771947900000,2026-02-24T15:45:00+00:00,25043.1,25043.8,25001.7,25002.3,2200
1771948800000,2026-02-24T16:00:00+00:00,25004.7,25012.9,24981.9,25012.8,2320
1771949700000,2026-02-24T16:15:00+00:00,25013.1,25018.4,24991.7,25013.2,2130
1771950600000,2026-02-24T16:30:00+00:00,25012.3,25016.6,24980.4,24991.2,2320
1771951500000,2026-02-24T16:45:00+00:00,24988.8,25012.1,24971.4,25005.8,1810
1771952400000,2026-02-24T17:00:00+00:00,25005.4,25018.9,24989.1,25018.1,1774
1771953300000,2026-02-24T17:15:00+00:00,25018.5,25028.3,25015.7,25024.1,1294
1771954200000,2026-02-24T17:30:00+00:00,25024.6,25025.1,25012.6,25012.6,1188
1771955100000,2026-02-24T17:45:00+00:00,25012.3,25031.6,25008.7,25025.6,1284
1771956000000,2026-02-24T18:00:00+00:00,25024.6,25041.0,25024.2,25030.8,1132
1771956900000,2026-02-24T18:15:00+00:00,25030.5,25035.4,25016.3,25022.7,1176
1771957800000,2026-02-24T18:30:00+00:00,25022.2,25050.3,25019.3,25048.6,1274
1771958700000,2026-02-24T18:45:00+00:00,25047.3,25049.9,25041.9,25042.7,1122
1771959600000,2026-02-24T19:00:00+00:00,25042.6,25046.0,25031.3,25039.8,1298
1771960500000,2026-02-24T19:15:00+00:00,25040.0,25041.0,25028.2,25032.3,1360
1771961400000,2026-02-24T19:30:00+00:00,25032.2,25045.9,25030.8,25043.7,1158
1771962300000,2026-02-24T19:45:00+00:00,25042.6,25052.3,25040.5,25044.1,908
1771963200000,2026-02-24T20:00:00+00:00,25044.6,25048.8,25032.7,25033.4,1100
1771964100000,2026-02-24T20:15:00+00:00,25033.3,25043.8,25031.2,25035.2,1092
1771965000000,2026-02-24T20:30:00+00:00,25034.3,25046.7,25033.9,25044.8,1142
1771965900000,2026-02-24T20:45:00+00:00,25044.6,25060.8,25031.6,25037.8,1204
1771978500000,2026-02-25T00:15:00+00:00,25020.1,25027.9,25013.7,25021.7,278
1771979400000,2026-02-25T00:30:00+00:00,25022.9,25032.2,25016.7,25032.2,376
1771980300000,2026-02-25T00:45:00+00:00,25032.1,25041.0,25027.0,25039.2,366
1771981200000,2026-02-25T01:00:00+00:00,25039.3,25047.7,25032.4,25042.5,458
1771982100000,2026-02-25T01:15:00+00:00,25042.4,25048.2,25026.4,25033.5,494
1771983000000,2026-02-25T01:30:00+00:00,25032.9,25041.7,25029.9,25037.9,424
1771983900000,2026-02-25T01:45:00+00:00,25039.4,25046.0,25034.9,25039.5,570
1771984800000,2026-02-25T02:00:00+00:00,25037.2,25039.7,25029.3,25030.3,548
1771985700000,2026-02-25T02:15:00+00:00,25030.8,25038.2,25027.5,25035.3,366
1771986600000,2026-02-25T02:30:00+00:00,25036.2,25039.5,25032.2,25032.9,336
1771987500000,2026-02-25T02:45:00+00:00,25033.0,25043.4,25030.7,25038.2,368
1771988400000,2026-02-25T03:00:00+00:00,25039.8,25042.7,25023.4,25027.7,400
1771989300000,2026-02-25T03:15:00+00:00,25027.4,25028.7,25020.7,25025.2,532
1771990200000,2026-02-25T03:30:00+00:00,25025.4,25027.0,24986.8,25015.9,740
1771991100000,2026-02-25T03:45:00+00:00,25016.4,25041.5,25015.9,25031.2,542
1771992000000,2026-02-25T04:00:00+00:00,25031.0,25031.0,25008.7,25014.2,682
1771992900000,2026-02-25T04:15:00+00:00,25014.3,25028.4,25004.7,25026.6,444
1771993800000,2026-02-25T04:30:00+00:00,25027.9,25033.5,25026.2,25028.2,396
1771994700000,2026-02-25T04:45:00+00:00,25028.9,25031.0,25021.7,25022.7,318
1771995600000,2026-02-25T05:00:00+00:00,25023.7,25033.0,25022.7,25026.1,534
1771996500000,2026-02-25T05:15:00+00:00,25026.2,25032.1,25019.7,25027.5,468
1771997400000,2026-02-25T05:30:00+00:00,25027.6,25028.9,25021.2,25025.7,350
1771998300000,2026-02-25T05:45:00+00:00,25026.2,25031.8,25017.1,25022.2,568
1771999200000,2026-02-25T06:00:00+00:00,25021.5,25022.4,25012.2,25020.5,398
1772000100000,2026-02-25T06:15:00+00:00,25019.7,25025.4,25012.0,25012.2,452
1772001000000,2026-02-25T06:30:00+00:00,25011.9,25028.3,25009.2,25018.0,476
1772001900000,2026-02-25T06:45:00+00:00,25017.0,25017.3,25008.2,25010.9,242
1772002800000,2026-02-25T07:00:00+00:00,25011.3,25029.2,25006.5,25019.0,846
1772003700000,2026-02-25T07:15:00+00:00,25018.8,25040.5,25017.5,25039.7,706
1772004600000,2026-02-25T07:30:00+00:00,25039.6,25042.3,25024.7,25035.0,854
1772005500000,2026-02-25T07:45:00+00:00,25034.9,25057.9,25030.5,25030.5,1146
1772006400000,2026-02-25T08:00:00+00:00,25032.5,25084.6,25001.7,25002.0,2766
1772007300000,2026-02-25T08:15:00+00:00,25002.3,25062.1,24978.7,25038.3,2402
1772008200000,2026-02-25T08:30:00+00:00,25038.8,25049.0,25008.9,25042.5,2060
1772009100000,2026-02-25T08:45:00+00:00,25043.1,25048.7,25020.7,25036.6,1858
1772010000000,2026-02-25T09:00:00+00:00,25036.5,25043.4,25002.7,25035.8,1916
1772010900000,2026-02-25T09:15:00+00:00,25037.0,25047.7,25026.4,25035.8,1872
1772011800000,2026-02-25T09:30:00+00:00,25034.6,25046.2,25022.7,25045.9,1654
1772012700000,2026-02-25T09:45:00+00:00,25044.8,25057.7,25036.3,25056.4,1408
1772013600000,2026-02-25T10:00:00+00:00,25058.4,25064.8,25037.8,25058.8,1556
1772014500000,2026-02-25T10:15:00+00:00,25058.9,25088.9,25058.4,25067.0,1424
1772015400000,2026-02-25T10:30:00+00:00,25066.4,25083.5,25058.1,25081.6,1316
1772016300000,2026-02-25T10:45:00+00:00,25081.2,25095.2,25060.8,25067.5,1378
1772017200000,2026-02-25T11:00:00+00:00,25070.0,25085.8,25059.8,25081.9,1520
1772018100000,2026-02-25T11:15:00+00:00,25082.7,25086.3,25057.8,25068.6,1408
1772019000000,2026-02-25T11:30:00+00:00,25068.7,25093.3,25068.6,25091.3,1256
1772019900000,2026-02-25T11:45:00+00:00,25091.9,25092.2,25076.8,25083.3,1268
1772020800000,2026-02-25T12:00:00+00:00,25078.3,25089.5,25070.1,25088.3,1532
1772021700000,2026-02-25T12:15:00+00:00,25087.8,25109.5,25083.4,25087.7,1346
1772022600000,2026-02-25T12:30:00+00:00,25088.4,25096.4,25067.9,25069.8,1380
1772023500000,2026-02-25T12:45:00+00:00,25069.9,25080.0,25063.4,25067.7,1466
1772024400000,2026-02-25T13:00:00+00:00,25067.9,25085.6,25063.6,25085.6,1478
1772025300000,2026-02-25T13:15:00+00:00,25085.0,25098.0,25077.1,25094.8,1278
1772026200000,2026-02-25T13:30:00+00:00,25095.1,25125.4,25078.1,25119.5,1530
1772027100000,2026-02-25T13:45:00+00:00,25118.4,25146.4,25115.0,25134.3,1488
1772028000000,2026-02-25T14:00:00+00:00,25134.9,25144.4,25116.1,25125.7,1542
1772028900000,2026-02-25T14:15:00+00:00,25125.4,25156.2,25121.6,25155.6,1618
1772029800000,2026-02-25T14:30:00+00:00,25154.0,25162.2,25129.0,25140.8,2734
1772030700000,2026-02-25T14:45:00+00:00,25142.7,25175.2,25140.4,25153.1,2344
1772031600000,2026-02-25T15:00:00+00:00,25153.0,25167.4,25111.2,25111.2,2300
1772032500000,2026-02-25T15:15:00+00:00,25110.9,25132.2,25105.0,25114.9,2422
1772033400000,2026-02-25T15:30:00+00:00,25114.8,25125.8,25106.9,25118.3,2116
1772034300000,2026-02-25T15:45:00+00:00,25118.4,25140.9,25112.1,25127.3,2060
1772035200000,2026-02-25T16:00:00+00:00,25127.7,25144.4,25112.8,25142.0,1958
1772036100000,2026-02-25T16:15:00+00:00,25140.9,25165.4,25138.3,25158.4,1880
1772037000000,2026-02-25T16:30:00+00:00,25158.4,25169.7,25154.4,25163.0,1649
1772037900000,2026-02-25T16:45:00+00:00,25163.8,25175.2,25159.8,25160.7,1336
1772038800000,2026-02-25T17:00:00+00:00,25161.2,25177.8,25158.7,25176.8,1268
1772039700000,2026-02-25T17:15:00+00:00,25176.7,25186.1,25173.6,25173.7,948
1772040600000,2026-02-25T17:30:00+00:00,25173.8,25186.4,25169.1,25183.2,868
1772041500000,2026-02-25T17:45:00+00:00,25183.6,25194.1,25177.5,25187.3,822
1772042400000,2026-02-25T18:00:00+00:00,25187.4,25190.9,25182.6,25186.3,680
1772043300000,2026-02-25T18:15:00+00:00,25186.4,25190.2,25183.6,25186.3,654
1772044200000,2026-02-25T18:30:00+00:00,25186.4,25189.9,25177.7,25182.1,582
1772045100000,2026-02-25T18:45:00+00:00,25182.5,25192.2,25182.2,25187.7,584
1772046000000,2026-02-25T19:00:00+00:00,25186.9,25191.3,25184.3,25189.4,656
1772046900000,2026-02-25T19:15:00+00:00,25189.7,25192.9,25186.3,25189.7,590
1772047800000,2026-02-25T19:30:00+00:00,25189.9,25196.4,25188.6,25188.7,654
1772048700000,2026-02-25T19:45:00+00:00,25188.5,25190.6,25183.6,25185.9,564
1772049600000,2026-02-25T20:00:00+00:00,25185.8,25191.4,25185.8,25189.9,630
1772050500000,2026-02-25T20:15:00+00:00,25189.7,25199.8,25189.4,25189.4,684
1772051400000,2026-02-25T20:30:00+00:00,25189.3,25198.3,25186.1,25190.8,992
1772052300000,2026-02-25T20:45:00+00:00,25190.4,25205.1,25188.5,25196.7,1164
1772064900000,2026-02-26T00:15:00+00:00,25178.4,25183.1,25165.3,25173.3,508
1772065800000,2026-02-26T00:30:00+00:00,25173.2,25175.6,25165.9,25169.3,474
1772066700000,2026-02-26T00:45:00+00:00,25169.9,25172.2,25164.8,25165.6,466
1772067600000,2026-02-26T01:00:00+00:00,25165.0,25166.8,25147.6,25160.8,586
1772068500000,2026-02-26T01:15:00+00:00,25160.6,25164.0,25141.8,25143.6,736
1772069400000,2026-02-26T01:30:00+00:00,25143.0,25164.5,25139.5,25163.0,710
1772070300000,2026-02-26T01:45:00+00:00,25159.1,25161.7,25150.3,25156.7,518
1772071200000,2026-02-26T02:00:00+00:00,25156.2,25156.8,25138.2,25138.7,624
1772072100000,2026-02-26T02:15:00+00:00,25138.3,25148.8,25137.9,25139.2,504
1772073000000,2026-02-26T02:30:00+00:00,25139.1,25143.8,25131.6,25136.1,370
1772073900000,2026-02-26T02:45:00+00:00,25135.6,25140.8,25133.3,25140.4,382
1772074800000,2026-02-26T03:00:00+00:00,25140.1,25143.0,25136.8,25141.3,388
1772075700000,2026-02-26T03:15:00+00:00,25140.0,25146.9,25139.5,25141.6,336
1772076600000,2026-02-26T03:30:00+00:00,25141.8,25156.5,25140.1,25150.9,352
1772077500000,2026-02-26T03:45:00+00:00,25151.2,25152.6,25136.1,25137.1,384
1772078400000,2026-02-26T04:00:00+00:00,25136.8,25142.0,25135.0,25136.8,342
1772079300000,2026-02-26T04:15:00+00:00,25137.1,25137.1,25132.0,25134.8,248
1772080200000,2026-02-26T04:30:00+00:00,25135.8,25136.3,25117.8,25121.6,350
1772081100000,2026-02-26T04:45:00+00:00,25121.8,25131.8,25117.5,25126.3,276
1772082000000,2026-02-26T05:00:00+00:00,25125.5,25127.6,25116.6,25117.5,456
1772082900000,2026-02-26T05:15:00+00:00,25117.3,25126.3,25116.5,25122.3,440
1772083800000,2026-02-26T05:30:00+00:00,25121.9,25123.3,25111.3,25116.0,436
1772084700000,2026-02-26T05:45:00+00:00,25117.3,25121.8,25113.7,25119.2,490
1772085600000,2026-02-26T06:00:00+00:00,25118.0,25124.0,25099.0,25106.0,476
1772086500000,2026-02-26T06:15:00+00:00,25105.8,25107.0,25098.6,25098.6,416
1772087400000,2026-02-26T06:30:00+00:00,25097.3,25110.1,25083.3,25105.5,484
1772088300000,2026-02-26T06:45:00+00:00,25105.6,25124.6,25104.8,25120.7,380
1772089200000,2026-02-26T07:00:00+00:00,25124.7,25155.5,25124.7,25151.8,1058
1772090100000,2026-02-26T07:15:00+00:00,25151.3,25154.6,25136.3,25154.6,760
1772091000000,2026-02-26T07:30:00+00:00,25154.4,25162.9,25145.5,25159.2,620
1772091900000,2026-02-26T07:45:00+00:00,25158.9,25164.5,25135.2,25142.8,910
1772092800000,2026-02-26T08:00:00+00:00,25140.9,25154.0,25084.1,25085.9,2968
1772093700000,2026-02-26T08:15:00+00:00,25087.3,25151.4,25074.8,25136.9,2532
1772094600000,2026-02-26T08:30:00+00:00,25138.4,25143.7,25101.3,25107.5,2180
1772095500000,2026-02-26T08:45:00+00:00,25108.8,25134.4,25086.9,25129.7,2016
1772096400000,2026-02-26T09:00:00+00:00,25129.4,25140.0,25098.2,25112.9,2058
1772097300000,2026-02-26T09:15:00+00:00,25116.6,25135.1,25106.5,25131.4,1756
1772098200000,2026-02-26T09:30:00+00:00,25131.3,25188.6,25128.4,25186.9,1850
1772099100000,2026-02-26T09:45:00+00:00,25185.7,25200.3,25171.2,25177.5,1542
1772100000000,2026-02-26T10:00:00+00:00,25178.2,25188.9,25160.5,25179.5,1612
1772100900000,2026-02-26T10:15:00+00:00,25178.3,25199.0,25160.3,25197.5,1670
1772101800000,2026-02-26T10:30:00+00:00,25197.3,25249.4,25197.3,25242.7,1532
1772102700000,2026-02-26T10:45:00+00:00,25243.0,25245.3,25211.4,25221.4,1550
1772103600000,2026-02-26T11:00:00+00:00,25221.8,25239.0,25211.3,25230.3,1596
1772104500000,2026-02-26T11:15:00+00:00,25229.7,25252.3,25220.0,25244.0,1462
1772105400000,2026-02-26T11:30:00+00:00,25242.8,25276.3,25242.6,25272.3,1448
1772106300000,2026-02-26T11:45:00+00:00,25273.0,25278.9,25256.4,25270.7,1460
1772107200000,2026-02-26T12:00:00+00:00,25271.5,25288.5,25271.4,25276.3,1464
1772108100000,2026-02-26T12:15:00+00:00,25275.6,25289.1,25266.9,25286.8,1420
1772109000000,2026-02-26T12:30:00+00:00,25287.1,25288.9,25255.9,25262.1,1424
1772109900000,2026-02-26T12:45:00+00:00,25261.9,25277.2,25259.3,25260.5,1496
1772110800000,2026-02-26T13:00:00+00:00,25259.3,25282.4,25255.8,25277.9,1482
1772111700000,2026-02-26T13:15:00+00:00,25275.7,25295.9,25262.4,25263.6,1442
1772112600000,2026-02-26T13:30:00+00:00,25263.7,25283.8,25262.9,25283.3,1600
1772113500000,2026-02-26T13:45:00+00:00,25283.5,25286.7,25255.4,25256.3,1632
1772114400000,2026-02-26T14:00:00+00:00,25255.5,25282.9,25254.0,25272.3,1722
1772115300000,2026-02-26T14:15:00+00:00,25271.5,25281.3,25249.4,25261.3,1732
1772116200000,2026-02-26T14:30:00+00:00,25265.3,25301.9,25251.4,25285.2,3160
1772117100000,2026-02-26T14:45:00+00:00,25285.0,25285.0,25233.5,25241.6,3010
1772118000000,2026-02-26T15:00:00+00:00,25242.9,25254.2,25203.5,25214.3,2906
1772118900000,2026-02-26T15:15:00+00:00,25212.3,25212.3,25143.0,25182.5,3172
1772119800000,2026-02-26T15:30:00+00:00,25181.7,25250.3,25175.9,25239.7,3144
1772120700000,2026-02-26T15:45:00+00:00,25239.9,25293.9,25236.9,25282.9,2752
1772121600000,2026-02-26T16:00:00+00:00,25282.8,25297.7,25245.3,25252.1,2698
1772122500000,2026-02-26T16:15:00+00:00,25252.5,25285.9,25250.3,25263.4,2600
1772123400000,2026-02-26T16:30:00+00:00,25260.8,25280.2,25229.7,25230.2,2564
1772124300000,2026-02-26T16:45:00+00:00,25229.7,25249.5,25209.1,25211.6,2372
1772125200000,2026-02-26T17:00:00+00:00,25211.3,25240.3,25211.3,25220.6,2144
1772126100000,2026-02-26T17:15:00+00:00,25221.1,25233.1,25218.5,25231.9,1848
1772127000000,2026-02-26T17:30:00+00:00,25230.5,25251.3,25214.4,25217.2,1916
1772127900000,2026-02-26T17:45:00+00:00,25213.9,25228.9,25206.8,25221.6,1730
1772128800000,2026-02-26T18:00:00+00:00,25221.3,25227.3,25207.3,25226.2,1776
1772129700000,2026-02-26T18:15:00+00:00,25225.7,25253.1,25218.6,25244.1,1664
1772130600000,2026-02-26T18:30:00+00:00,25242.3,25291.8,25232.7,25286.3,2066
1772131500000,2026-02-26T18:45:00+00:00,25286.0,25297.4,25260.8,25267.3,1894
1772132400000,2026-02-26T19:00:00+00:00,25266.8,25295.5,25263.4,25291.4,1722
1772133300000,2026-02-26T19:15:00+00:00,25291.8,25312.3,25289.8,25293.5,1714
1772134200000,2026-02-26T19:30:00+00:00,25293.3,25307.3,25291.1,25302.1,1426
1772135100000,2026-02-26T19:45:00+00:00,25302.5,25319.9,25300.2,25315.8,1316
1772136000000,2026-02-26T20:00:00+00:00,25316.3,25338.8,25312.8,25314.0,1470
1772136900000,2026-02-26T20:15:00+00:00,25313.4,25317.9,25307.2,25312.7,1338
1772137800000,2026-02-26T20:30:00+00:00,25311.1,25332.5,25308.9,25332.3,1304
1772138700000,2026-02-26T20:45:00+00:00,25331.9,25332.3,25317.3,25328.6,1392
1772151300000,2026-02-27T00:15:00+00:00,25278.0,25279.6,25261.8,25262.4,572
1772152200000,2026-02-27T00:30:00+00:00,25262.6,25270.1,25238.9,25240.9,538
1772153100000,2026-02-27T00:45:00+00:00,25240.6,25254.8,25240.6,25245.1,414
1772154000000,2026-02-27T01:00:00+00:00,25244.7,25251.6,25233.1,25249.3,618
1772154900000,2026-02-27T01:15:00+00:00,25249.6,25259.3,25244.9,25247.1,706
1772155800000,2026-02-27T01:30:00+00:00,25245.0,25251.0,25232.9,25245.4,814
1772156700000,2026-02-27T01:45:00+00:00,25245.9,25253.1,25235.4,25248.6,742
1772157600000,2026-02-27T02:00:00+00:00,25248.0,25258.4,25235.6,25242.0,660
1772158500000,2026-02-27T02:15:00+00:00,25240.9,25249.8,25240.6,25247.8,480
1772159400000,2026-02-27T02:30:00+00:00,25248.1,25253.9,25242.4,25248.0,546
1772160300000,2026-02-27T02:45:00+00:00,25248.4,25268.1,25246.9,25266.4,526
1772161200000,2026-02-27T03:00:00+00:00,25267.5,25274.6,25263.8,25272.5,402
1772162100000,2026-02-27T03:15:00+00:00,25272.9,25274.6,25260.3,25262.5,430
1772163000000,2026-02-27T03:30:00+00:00,25262.6,25270.4,25262.6,25267.0,464
1772163900000,2026-02-27T03:45:00+00:00,25265.5,25270.0,25260.4,25267.9,376
1772164800000,2026-02-27T04:00:00+00:00,25269.9,25271.4,25256.8,25257.5,376
1772165700000,2026-02-27T04:15:00+00:00,25257.1,25271.6,25248.6,25270.1,270
1772166600000,2026-02-27T04:30:00+00:00,25268.8,25276.6,25265.1,25274.5,274
1772167500000,2026-02-27T04:45:00+00:00,25272.8,25274.4,25267.5,25269.9,248
1772168400000,2026-02-27T05:00:00+00:00,25269.2,25279.6,25269.2,25279.6,496
1772169300000,2026-02-27T05:15:00+00:00,25280.6,25289.5,25278.1,25286.5,504
1772170200000,2026-02-27T05:30:00+00:00,25287.9,25293.3,25279.9,25286.8,422
1772171100000,2026-02-27T05:45:00+00:00,25287.6,25291.0,25271.6,25271.9,418
1772172000000,2026-02-27T06:00:00+00:00,25271.4,25275.3,25245.8,25253.0,546
1772172900000,2026-02-27T06:15:00+00:00,25252.6,25254.0,25240.9,25253.3,578
1772173800000,2026-02-27T06:30:00+00:00,25253.9,25273.1,25253.9,25255.8,510
1772174700000,2026-02-27T06:45:00+00:00,25256.1,25267.8,25255.5,25258.4,346
1772175600000,2026-02-27T07:00:00+00:00,25259.0,25289.9,25258.9,25282.9,948
1772176500000,2026-02-27T07:15:00+00:00,25283.0,25293.7,25278.0,25292.5,672
1772177400000,2026-02-27T07:30:00+00:00,25292.3,25298.5,25287.4,25292.4,658
1772178300000,2026-02-27T07:45:00+00:00,25291.1,25304.4,25285.3,25299.6,944
1772179200000,2026-02-27T08:00:00+00:00,25297.1,25316.8,25235.6,25235.6,2944
1772180100000,2026-02-27T08:15:00+00:00,25236.8,25296.3,25222.7,25287.4,2664
1772181000000,2026-02-27T08:30:00+00:00,25288.7,25328.3,25281.9,25318.7,2478
1772181900000,2026-02-27T08:45:00+00:00,25319.2,25375.0,25319.2,25357.4,1822
1772182800000,2026-02-27T09:00:00+00:00,25362.4,25385.9,25354.2,25367.4,1996
1772183700000,2026-02-27T09:15:00+00:00,25368.1,25396.1,25354.0,25364.1,2158
1772184600000,2026-02-27T09:30:00+00:00,25363.4,25380.8,25337.8,25339.2,2160
1772185500000,2026-02-27T09:45:00+00:00,25339.6,25361.0,25326.4,25345.1,1956
1772186400000,2026-02-27T10:00:00+00:00,25344.3,25353.8,25315.9,25330.1,2030
1772187300000,2026-02-27T10:15:00+00:00,25330.2,25342.8,25292.4,25296.5,1944
1772188200000,2026-02-27T10:30:00+00:00,25295.7,25312.1,25290.9,25309.1,1836
1772189100000,2026-02-27T10:45:00+00:00,25307.5,25309.3,25271.8,25285.1,2056
1772190000000,2026-02-27T11:00:00+00:00,25285.2,25302.0,25279.9,25286.6,1966
1772190900000,2026-02-27T11:15:00+00:00,25286.0,25299.7,25271.8,25299.7,1610
1772191800000,2026-02-27T11:30:00+00:00,25298.2,25314.1,25274.7,25285.8,1942
1772192700000,2026-02-27T11:45:00+00:00,25285.2,25308.3,25280.2,25305.2,1872
1772193600000,2026-02-27T12:00:00+00:00,25306.4,25340.7,25295.2,25338.8,2012
1772194500000,2026-02-27T12:15:00+00:00,25338.2,25345.2,25318.7,25325.2,1652
1772195400000,2026-02-27T12:30:00+00:00,25325.3,25329.9,25300.9,25303.8,1786
1772196300000,2026-02-27T12:45:00+00:00,25305.1,25312.9,25283.9,25301.0,1854
1772197200000,2026-02-27T13:00:00+00:00,25300.3,25308.0,25283.7,25286.9,1940
1772198100000,2026-02-27T13:15:00+00:00,25287.2,25291.6,25231.8,25232.9,1990
1772199000000,2026-02-27T13:30:00+00:00,25232.2,25238.1,25183.4,25230.9,2632
1772199900000,2026-02-27T13:45:00+00:00,25231.8,25267.3,25226.3,25266.4,2364
1772200800000,2026-02-27T14:00:00+00:00,25266.9,25268.7,25236.5,25246.8,2226
1772201700000,2026-02-27T14:15:00+00:00,25245.0,25247.8,25215.3,25228.4,2256
1772202600000,2026-02-27T14:30:00+00:00,25228.1,25265.6,25176.4,25196.4,3228
1772203500000,2026-02-27T14:45:00+00:00,25194.7,25223.4,25183.6,25209.1,3068
1772204400000,2026-02-27T15:00:00+00:00,25208.0,25285.6,25203.7,25256.8,3118
1772205300000,2026-02-27T15:15:00+00:00,25257.9,25276.8,25249.1,25262.2,3046
1772206200000,2026-02-27T15:30:00+00:00,25263.1,25283.9,25246.5,25277.0,2738
1772207100000,2026-02-27T15:45:00+00:00,25276.3,25283.5,25261.4,25274.8,2592
1772208000000,2026-02-27T16:00:00+00:00,25272.8,25315.5,25272.3,25313.6,2704
1772208900000,2026-02-27T16:15:00+00:00,25311.0,25324.8,25296.6,25298.7,2610
1772209800000,2026-02-27T16:30:00+00:00,25294.1,25313.0,25234.8,25235.9,2784
1772210700000,2026-02-27T16:45:00+00:00,25236.1,25243.1,25224.6,25227.4,2482
1772211600000,2026-02-27T17:00:00+00:00,25227.1,25263.2,25227.1,25236.1,2254
1772212500000,2026-02-27T17:15:00+00:00,25235.6,25237.6,25187.2,25198.9,2296
1772213400000,2026-02-27T17:30:00+00:00,25198.3,25232.4,25184.5,25209.0,2360
1772214300000,2026-02-27T17:45:00+00:00,25209.5,25213.4,25185.7,25209.2,2100
1772215200000,2026-02-27T18:00:00+00:00,25210.8,25215.7,25195.3,25197.6,1960
1772216100000,2026-02-27T18:15:00+00:00,25197.0,25203.6,25182.3,25198.2,1772
1772217000000,2026-02-27T18:30:00+00:00,25198.3,25212.8,25191.5,25208.4,1654
1772217900000,2026-02-27T18:45:00+00:00,25208.3,25209.2,25197.4,25200.0,1594
1772218800000,2026-02-27T19:00:00+00:00,25200.6,25221.0,25193.5,25194.0,1572
1772219700000,2026-02-27T19:15:00+00:00,25193.8,25199.0,25183.8,25187.1,1498
1772220600000,2026-02-27T19:30:00+00:00,25187.2,25187.4,25153.7,25157.7,1772
1772221500000,2026-02-27T19:45:00+00:00,25158.0,25165.9,25143.1,25150.1,1620
1772222400000,2026-02-27T20:00:00+00:00,25150.7,25180.3,25148.4,25179.3,1552
1772223300000,2026-02-27T20:15:00+00:00,25178.9,25194.3,25173.6,25185.6,1694
1772224200000,2026-02-27T20:30:00+00:00,25186.1,25194.2,25166.3,25172.4,1838
1772225100000,2026-02-27T20:45:00+00:00,25172.3,25176.6,25143.5,25152.1,1326
1772410500000,2026-03-02T00:15:00+00:00,24961.8,24961.8,24822.7,24852.4,1046
1772411400000,2026-03-02T00:30:00+00:00,24850.0,24890.9,24830.4,24887.6,638
1772412300000,2026-03-02T00:45:00+00:00,24888.2,24924.0,24888.2,24919.4,990
1772413200000,2026-03-02T01:00:00+00:00,24918.3,25004.6,24917.9,24992.1,1588
1772414100000,2026-03-02T01:15:00+00:00,24993.1,24993.1,24959.9,24974.2,1352
1772415000000,2026-03-02T01:30:00+00:00,24973.4,24999.8,24961.3,24973.5,1392
1772415900000,2026-03-02T01:45:00+00:00,24971.7,24976.6,24948.2,24950.4,1048
1772416800000,2026-03-02T02:00:00+00:00,24950.9,24956.1,24860.7,24872.4,1314
1772417700000,2026-03-02T02:15:00+00:00,24871.4,24901.1,24864.9,24880.9,772
1772418600000,2026-03-02T02:30:00+00:00,24882.1,24919.9,24872.6,24915.1,770
1772419500000,2026-03-02T02:45:00+00:00,24913.6,24925.4,24891.9,24923.7,862
1772420400000,2026-03-02T03:00:00+00:00,24922.4,24929.8,24898.1,24914.9,790
1772421300000,2026-03-02T03:15:00+00:00,24916.9,24931.4,24909.0,24930.7,718
1772422200000,2026-03-02T03:30:00+00:00,24931.9,24933.6,24911.9,24928.1,846
1772423100000,2026-03-02T03:45:00+00:00,24932.0,24950.2,24920.7,24938.6,822
1772424000000,2026-03-02T04:00:00+00:00,24939.1,24957.4,24936.6,24949.4,680
1772424900000,2026-03-02T04:15:00+00:00,24949.9,24958.1,24906.4,24944.4,962
1772425800000,2026-03-02T04:30:00+00:00,24942.9,24964.7,24930.9,24936.1,776
1772426700000,2026-03-02T04:45:00+00:00,24934.6,24939.8,24904.4,24909.6,680
1772427600000,2026-03-02T05:00:00+00:00,24907.9,24929.4,24896.1,24905.1,894
1772428500000,2026-03-02T05:15:00+00:00,24905.6,24934.6,24904.1,24922.7,812
1772429400000,2026-03-02T05:30:00+00:00,24921.2,24932.9,24889.6,24899.1,650
1772430300000,2026-03-02T05:45:00+00:00,24899.2,24906.4,24832.2,24834.9,712
1772431200000,2026-03-02T06:00:00+00:00,24836.4,24859.6,24833.1,24853.7,802
1772432100000,2026-03-02T06:15:00+00:00,24854.1,24870.1,24790.7,24820.9,1296
1772433000000,2026-03-02T06:30:00+00:00,24821.6,24824.1,24760.9,24761.1,1232
1772433900000,2026-03-02T06:45:00+00:00,24761.6,24784.2,24716.6,24773.0,1526
1772434800000,2026-03-02T07:00:00+00:00,24772.4,24778.3,24663.2,24711.1,1988
1772435700000,2026-03-02T07:15:00+00:00,24714.7,24780.5,24698.4,24729.4,1828
1772436600000,2026-03-02T07:30:00+00:00,24729.6,24756.9,24707.8,24731.7,1646
1772437500000,2026-03-02T07:45:00+00:00,24731.2,24731.7,24664.3,24694.4,2002
1772438400000,2026-03-02T08:00:00+00:00,24691.5,24768.9,24635.8,24715.9,3396
1772439300000,2026-03-02T08:15:00+00:00,24717.8,24744.9,24654.0,24696.0,3164
1772440200000,2026-03-02T08:30:00+00:00,24690.5,24774.3,24680.2,24767.2,3012
1772441100000,2026-03-02T08:45:00+00:00,24763.7,24806.4,24740.4,24747.2,2706
1772442000000,2026-03-02T09:00:00+00:00,24747.5,24804.6,24707.4,24802.4,2928
1772442900000,2026-03-02T09:15:00+00:00,24802.8,24881.1,24802.8,24844.4,2628
1772443800000,2026-03-02T09:30:00+00:00,24841.0,24871.7,24800.7,24833.7,2594
1772444700000,2026-03-02T09:45:00+00:00,24832.4,24844.1,24805.5,24832.7,2460
1772445600000,2026-03-02T10:00:00+00:00,24833.2,24870.3,24815.3,24857.8,2562
1772446500000,2026-03-02T10:15:00+00:00,24857.4,24884.9,24810.2,24831.1,2388
1772447400000,2026-03-02T10:30:00+00:00,24830.7,24857.3,24820.6,24851.5,2250
1772448300000,2026-03-02T10:45:00+00:00,24857.1,24858.8,24783.8,24818.5,2131
1772449200000,2026-03-02T11:00:00+00:00,24817.4,24830.5,24772.6,24779.9,2340
1772450100000,2026-03-02T11:15:00+00:00,24780.4,24814.3,24763.4,24786.4,2144
1772451000000,2026-03-02T11:30:00+00:00,24786.6,24824.4,24784.5,24823.4,2094
1772451900000,2026-03-02T11:45:00+00:00,24824.4,24857.1,24757.9,24778.8,2454
1772452800000,2026-03-02T12:00:00+00:00,24777.9,24788.0,24711.3,24729.2,2604
1772453700000,2026-03-02T12:15:00+00:00,24726.4,24726.4,24684.1,24718.8,2356
1772454600000,2026-03-02T12:30:00+00:00,24718.7,24725.8,24661.9,24661.9,2458
1772455500000,2026-03-02T12:45:00+00:00,24662.1,24691.9,24649.8,24673.4,2492
1772456400000,2026-03-02T13:00:00+00:00,24670.9,24690.2,24643.6,24654.2,2564
1772457300000,2026-03-02T13:15:00+00:00,24655.7,24676.0,24631.7,24641.1,2532
1772458200000,2026-03-02T13:30:00+00:00,24640.8,24641.4,24587.6,24594.4,2542
1772459100000,2026-03-02T13:45:00+00:00,24594.3,24612.4,24572.0,24590.5,2272
1772460000000,2026-03-02T14:00:00+00:00,24592.1,24607.6,24559.4,24597.3,2488
1772460900000,2026-03-02T14:15:00+00:00,24598.5,24602.5,24565.9,24584.4,2350
1772461800000,2026-03-02T14:30:00+00:00,24582.3,24685.9,24573.9,24672.9,3430
1772462700000,2026-03-02T14:45:00+00:00,24667.0,24705.1,24612.7,24647.8,3278
1772463600000,2026-03-02T15:00:00+00:00,24647.6,24702.4,24644.3,24680.0,3120
1772464500000,2026-03-02T15:15:00+00:00,24680.3,24700.0,24634.1,24652.5,3202
1772465400000,2026-03-02T15:30:00+00:00,24653.8,24673.9,24622.6,24651.7,3169
1772466300000,2026-03-02T15:45:00+00:00,24648.8,24661.5,24605.1,24609.4,2992
1772467200000,2026-03-02T16:00:00+00:00,24609.6,24699.6,24597.8,24679.1,2765
1772468100000,2026-03-02T16:15:00+00:00,24677.9,24685.3,24626.1,24654.9,2812
1772469000000,2026-03-02T16:30:00+00:00,24655.7,24681.7,24585.7,24678.4,2780
1772469900000,2026-03-02T16:45:00+00:00,24678.8,24705.0,24670.6,24685.2,2392
1772470800000,2026-03-02T17:00:00+00:00,24685.6,24704.4,24665.9,24688.5,1948
1772471700000,2026-03-02T17:15:00+00:00,24688.6,24719.5,24682.4,24683.5,1912
1772472600000,2026-03-02T17:30:00+00:00,24679.7,24697.6,24677.0,24692.2,1864
1772473500000,2026-03-02T17:45:00+00:00,24691.0,24705.9,24686.0,24702.0,1682
1772474400000,2026-03-02T18:00:00+00:00,24702.9,24706.5,24692.5,24700.2,1512
1772475300000,2026-03-02T18:15:00+00:00,24700.4,24710.5,24691.8,24710.4,1634
1772476200000,2026-03-02T18:30:00+00:00,24712.3,24712.7,24686.6,24695.3,1692
1772477100000,2026-03-02T18:45:00+00:00,24694.4,24695.2,24664.5,24666.9,1570
1772478000000,2026-03-02T19:00:00+00:00,24666.1,24688.0,24662.2,24683.3,1672
1772478900000,2026-03-02T19:15:00+00:00,24686.8,24705.1,24685.8,24698.0,1778
1772479800000,2026-03-02T19:30:00+00:00,24698.4,24706.7,24674.0,24681.9,1150
1772480700000,2026-03-02T19:45:00+00:00,24681.2,24689.1,24678.4,24681.6,984
1772481600000,2026-03-02T20:00:00+00:00,24682.2,24689.7,24570.9,24581.0,2170
1772482500000,2026-03-02T20:15:00+00:00,24580.5,24633.2,24574.8,24603.1,2462
1772483400000,2026-03-02T20:30:00+00:00,24603.5,24632.5,24601.1,24625.4,2056
1772484300000,2026-03-02T20:45:00+00:00,24632.4,24641.9,24619.9,24633.3,1786
1772496900000,2026-03-03T00:15:00+00:00,24551.5,24657.6,24551.5,24651.1,840
1772497800000,2026-03-03T00:30:00+00:00,24653.6,24658.8,24644.5,24650.8,596
1772498700000,2026-03-03T00:45:00+00:00,24651.1,24657.3,24639.3,24642.1,684
1772499600000,2026-03-03T01:00:00+00:00,24641.2,24676.3,24637.3,24658.6,1060
1772500500000,2026-03-03T01:15:00+00:00,24659.7,24661.3,24604.3,24604.3,1048
1772501400000,2026-03-03T01:30:00+00:00,24604.6,24615.3,24577.8,24583.6,1252
1772502300000,2026-03-03T01:45:00+00:00,24582.8,24589.2,24543.3,24543.3,960
1772503200000,2026-03-03T02:00:00+00:00,24542.3,24548.2,24513.3,24528.6,1626
1772504100000,2026-03-03T02:15:00+00:00,24528.0,24533.8,24473.7,24501.1,1426
1772505000000,2026-03-03T02:30:00+00:00,24499.1,24563.1,24495.8,24541.1,942
1772505900000,2026-03-03T02:45:00+00:00,24541.8,24550.1,24530.8,24537.5,514
1772506800000,2026-03-03T03:00:00+00:00,24537.6,24553.1,24504.3,24520.1,852
1772507700000,2026-03-03T03:15:00+00:00,24520.0,24531.0,24506.6,24512.3,696
1772508600000,2026-03-03T03:30:00+00:00,24513.8,24540.8,24494.3,24527.1,964
1772509500000,2026-03-03T03:45:00+00:00,24528.5,24540.5,24507.0,24518.1,902
1772510400000,2026-03-03T04:00:00+00:00,24517.8,24528.1,24490.6,24500.6,780
1772511300000,2026-03-03T04:15:00+00:00,24504.1,24512.3,24444.3,24453.3,620
1772512200000,2026-03-03T04:30:00+00:00,24453.8,24460.8,24433.5,24449.6,944
1772513100000,2026-03-03T04:45:00+00:00,24452.3,24453.5,24423.3,24434.8,912
1772514000000,2026-03-03T05:00:00+00:00,24438.3,24460.6,24428.4,24447.1,968
1772514900000,2026-03-03T05:15:00+00:00,24448.1,24455.3,24438.3,24451.3,762
1772515800000,2026-03-03T05:30:00+00:00,24451.6,24451.6,24395.6,24406.8,598
1772516700000,2026-03-03T05:45:00+00:00,24407.8,24407.8,24380.6,24395.6,506
1772517600000,2026-03-03T06:00:00+00:00,24397.1,24426.7,24395.8,24420.6,918
1772518500000,2026-03-03T06:15:00+00:00,24420.9,24437.3,24393.3,24435.5,964
1772519400000,2026-03-03T06:30:00+00:00,24432.3,24443.8,24394.0,24402.3,1024
1772520300000,2026-03-03T06:45:00+00:00,24400.1,24405.8,24374.3,24395.8,820
1772521200000,2026-03-03T07:00:00+00:00,24391.8,24405.3,24336.3,24337.3,1522
1772522100000,2026-03-03T07:15:00+00:00,24338.6,24353.8,24292.3,24306.5,1818
1772523000000,2026-03-03T07:30:00+00:00,24305.3,24312.5,24259.4,24283.2,1638
1772523900000,2026-03-03T07:45:00+00:00,24279.5,24306.5,24233.3,24269.5,1810
1772524800000,2026-03-03T08:00:00+00:00,24267.7,24283.8,24127.8,24141.2,3383
1772525700000,2026-03-03T08:15:00+00:00,24138.6,24158.0,24074.5,24077.6,3154
1772526600000,2026-03-03T08:30:00+00:00,24075.4,24095.3,23947.7,23953.4,3112
1772527500000,2026-03-03T08:45:00+00:00,23951.1,23991.1,23887.5,23901.4,3109
1772528400000,2026-03-03T09:00:00+00:00,23908.4,23989.0,23899.7,23930.1,3162
1772529300000,2026-03-03T09:15:00+00:00,23929.6,23949.9,23869.4,23921.5,3003
1772530200000,2026-03-03T09:30:00+00:00,23918.6,23934.0,23848.0,23854.0,2930
1772531100000,2026-03-03T09:45:00+00:00,23854.4,23878.5,23818.9,23860.5,2774
1772532000000,2026-03-03T10:00:00+00:00,23860.3,23901.4,23778.4,23789.4,2804
1772532900000,2026-03-03T10:15:00+00:00,23789.3,23789.4,23706.8,23708.1,2862
1772533800000,2026-03-03T10:30:00+00:00,23706.2,23706.2,23589.3,23686.4,3076
1772534700000,2026-03-03T10:45:00+00:00,23690.6,23734.9,23662.4,23719.5,2968
1772535600000,2026-03-03T11:00:00+00:00,23721.5,23736.7,23675.7,23693.4,2882
1772536500000,2026-03-03T11:15:00+00:00,23694.1,23712.0,23603.3,23685.4,2914
1772537400000,2026-03-03T11:30:00+00:00,23687.6,23734.7,23686.7,23709.9,2854
1772538300000,2026-03-03T11:45:00+00:00,23709.2,23753.7,23688.8,23732.4,2788
1772539200000,2026-03-03T12:00:00+00:00,23734.4,23827.5,23688.0,23811.7,2790
1772540100000,2026-03-03T12:15:00+00:00,23812.0,23849.4,23803.2,23828.4,2602
1772541000000,2026-03-03T12:30:00+00:00,23834.1,23843.3,23781.9,23827.8,2466
1772541900000,2026-03-03T12:45:00+00:00,23827.3,23849.4,23785.0,23825.4,2514
1772542800000,2026-03-03T13:00:00+00:00,23826.2,23840.9,23736.9,23748.9,2698
1772543700000,2026-03-03T13:15:00+00:00,23747.1,23780.3,23732.7,23756.9,2554
1772544600000,2026-03-03T13:30:00+00:00,23754.6,23755.4,23701.8,23718.1,2566
1772545500000,2026-03-03T13:45:00+00:00,23716.9,23736.4,23695.4,23717.5,2618
1772546400000,2026-03-03T14:00:00+00:00,23720.1,23720.1,23642.4,23646.2,2590
1772547300000,2026-03-03T14:15:00+00:00,23646.3,23700.2,23612.9,23686.2,2612
1772548200000,2026-03-03T14:30:00+00:00,23688.0,23769.8,23678.4,23692.3,3445
1772549100000,2026-03-03T14:45:00+00:00,23692.5,23721.5,23635.6,23648.7,3418
1772550000000,2026-03-03T15:00:00+00:00,23650.8,23699.4,23607.3,23677.7,3458
1772550900000,2026-03-03T15:15:00+00:00,23678.4,23686.3,23589.8,23608.0,3090
1772551800000,2026-03-03T15:30:00+00:00,23609.0,23669.6,23606.1,23643.5,3416
1772552700000,2026-03-03T15:45:00+00:00,23641.6,23704.7,23630.9,23693.2,3318
1772553600000,2026-03-03T16:00:00+00:00,23692.9,23766.9,23661.5,23735.4,3292
1772554500000,2026-03-03T16:15:00+00:00,23734.9,23765.1,23692.2,23742.1,3170
1772555400000,2026-03-03T16:30:00+00:00,23734.7,23873.8,23707.4,23854.6,3192
1772556300000,2026-03-03T16:45:00+00:00,23853.9,23932.7,23851.3,23880.8,3024
1772557200000,2026-03-03T17:00:00+00:00,23879.8,23885.7,23831.1,23859.8,2232
1772558100000,2026-03-03T17:15:00+00:00,23864.8,23910.1,23850.7,23903.3,1984
1772559000000,2026-03-03T17:30:00+00:00,23902.0,23903.0,23850.2,23891.3,1872
1772559900000,2026-03-03T17:45:00+00:00,23891.5,23895.8,23847.1,23865.7,1624
1772560800000,2026-03-03T18:00:00+00:00,23866.3,23911.5,23865.0,23879.8,1508
1772561700000,2026-03-03T18:15:00+00:00,23879.9,23946.2,23879.2,23932.0,1416
1772562600000,2026-03-03T18:30:00+00:00,23932.5,24013.8,23929.8,23989.2,1614
1772563500000,2026-03-03T18:45:00+00:00,23989.1,24011.6,23976.3,23984.1,1688
1772564400000,2026-03-03T19:00:00+00:00,23983.9,24004.0,23942.3,23961.7,1488
1772565300000,2026-03-03T19:15:00+00:00,23962.8,24000.0,23961.6,23975.8,1360
1772566200000,2026-03-03T19:30:00+00:00,23974.5,24105.4,23969.4,24101.3,1800
1772567100000,2026-03-03T19:45:00+00:00,24102.8,24112.1,24052.5,24069.8,1700
1772568000000,2026-03-03T20:00:00+00:00,24071.1,24088.0,24057.5,24059.6,1524
1772568900000,2026-03-03T20:15:00+00:00,24058.6,24069.6,24036.6,24040.7,1462
1772569800000,2026-03-03T20:30:00+00:00,24038.5,24070.3,24012.6,24022.8,1284
1772570700000,2026-03-03T20:45:00+00:00,24020.2,24026.4,23980.0,24021.6,1230
1772583300000,2026-03-04T00:15:00+00:00,23994.1,24039.1,23943.8,24030.3,822
1772584200000,2026-03-04T00:30:00+00:00,24029.3,24029.3,23960.3,23962.8,484
1772585100000,2026-03-04T00:45:00+00:00,23962.3,24011.8,23962.3,23999.9,630
1772586000000,2026-03-04T01:00:00+00:00,24002.4,24025.3,23941.3,23950.1,1022
1772586900000,2026-03-04T01:15:00+00:00,23954.3,23955.1,23872.8,23888.8,1490
1772587800000,2026-03-04T01:30:00+00:00,23889.3,23935.8,23861.6,23935.8,1158
1772588700000,2026-03-04T01:45:00+00:00,23935.1,23936.8,23873.3,23891.1,1170
1772589600000,2026-03-04T02:00:00+00:00,23889.3,23910.8,23844.0,23858.3,1264
1772590500000,2026-03-04T02:15:00+00:00,23858.1,23889.8,23812.6,23822.3,984
1772591400000,2026-03-04T02:30:00+00:00,23823.3,23846.3,23793.6,23831.3,914
1772592300000,2026-03-04T02:45:00+00:00,23833.8,23880.3,23817.3,23819.6,790
1772593200000,2026-03-04T03:00:00+00:00,23816.8,23826.1,23776.8,23805.2,1054
1772594100000,2026-03-04T03:15:00+00:00,23804.0,23821.6,23783.1,23796.6,980
1772595000000,2026-03-04T03:30:00+00:00,23790.4,23803.8,23747.1,23768.6,1384
1772595900000,2026-03-04T03:45:00+00:00,23769.1,23825.8,23759.1,23824.6,1282
1772596800000,2026-03-04T04:00:00+00:00,23823.5,23835.2,23799.8,23821.3,866
1772597700000,2026-03-04T04:15:00+00:00,23820.8,23831.8,23790.1,23804.8,846
1772598600000,2026-03-04T04:30:00+00:00,23802.3,23809.3,23775.1,23804.3,700
1772599500000,2026-03-04T04:45:00+00:00,23803.3,23813.3,23770.0,23789.1,1030
1772600400000,2026-03-04T05:00:00+00:00,23786.1,23809.8,23757.8,23769.2,1096
1772601300000,2026-03-04T05:15:00+00:00,23770.6,23793.5,23727.0,23749.8,880
1772602200000,2026-03-04T05:30:00+00:00,23749.6,23803.3,23741.0,23779.3,858
1772603100000,2026-03-04T05:45:00+00:00,23780.2,23792.8,23750.6,23756.8,678
1772604000000,2026-03-04T06:00:00+00:00,23756.3,23759.8,23720.5,23732.1,790
1772604900000,2026-03-04T06:15:00+00:00,23732.0,23781.8,23700.1,23779.0,1008
1772605800000,2026-03-04T06:30:00+00:00,23780.0,23875.5,23778.4,23838.4,1294
1772606700000,2026-03-04T06:45:00+00:00,23840.1,23843.6,23800.5,23817.7,798
1772607600000,2026-03-04T07:00:00+00:00,23814.0,23839.3,23767.3,23782.0,1806
1772608500000,2026-03-04T07:15:00+00:00,23781.7,23868.3,23776.8,23859.0,1748
1772609400000,2026-03-04T07:30:00+00:00,23857.8,23901.2,23853.8,23890.0,1838
1772610300000,2026-03-04T07:45:00+00:00,23889.9,23914.3,23849.8,23867.8,2140
1772611200000,2026-03-04T08:00:00+00:00,23864.3,23930.4,23837.6,23930.4,3244
1772612100000,2026-03-04T08:15:00+00:00,23928.8,23940.5,23838.4,23860.6,3168
1772613000000,2026-03-04T08:30:00+00:00,23870.0,23881.6,23804.2,23853.5,2934
1772613900000,2026-03-04T08:45:00+00:00,23854.6,23873.2,23812.0,23837.6,2810
1772614800000,2026-03-04T09:00:00+00:00,23838.7,23939.4,23798.0,23923.9,2782
1772615700000,2026-03-04T09:15:00+00:00,23924.9,23950.1,23896.3,23938.9,2570
1772616600000,2026-03-04T09:30:00+00:00,23940.6,23962.2,23914.3,23949.4,2390
1772617500000,2026-03-04T09:45:00+00:00,23949.5,24018.5,23943.0,24015.0,2264
1772618400000,2026-03-04T10:00:00+00:00,24014.8,24124.9,23988.3,24116.7,2734
1772619300000,2026-03-04T10:15:00+00:00,24117.1,24130.5,24068.6,24082.4,2924
1772620200000,2026-03-04T10:30:00+00:00,24084.9,24143.9,24082.9,24133.2,2536
1772621100000,2026-03-04T10:45:00+00:00,24136.4,24168.2,24111.9,24159.3,2452
1772622000000,2026-03-04T11:00:00+00:00,24158.4,24191.5,24156.8,24178.4,2528
1772622900000,2026-03-04T11:15:00+00:00,24181.0,24210.9,24160.1,24162.0,2450
1772623800000,2026-03-04T11:30:00+00:00,24165.1,24186.3,24121.4,24130.0,2338
1772624700000,2026-03-04T11:45:00+00:00,24130.1,24154.9,24121.4,24127.9,2292
1772625600000,2026-03-04T12:00:00+00:00,24126.9,24161.4,24120.4,24148.2,2510
1772626500000,2026-03-04T12:15:00+00:00,24148.4,24148.9,24031.9,24037.0,2560
1772627400000,2026-03-04T12:30:00+00:00,24036.6,24074.7,24006.7,24070.5,2388
1772628300000,2026-03-04T12:45:00+00:00,24070.7,24101.0,24057.7,24100.7,1983
1772629200000,2026-03-04T13:00:00+00:00,24096.9,24213.2,24096.9,24204.4,2438
1772630100000,2026-03-04T13:15:00+00:00,24204.0,24207.4,24159.2,24184.7,2372
1772631000000,2026-03-04T13:30:00+00:00,24188.7,24214.4,24177.0,24207.5,2494
1772631900000,2026-03-04T13:45:00+00:00,24208.7,24212.7,24134.1,24169.9,2534
1772632800000,2026-03-04T14:00:00+00:00,24170.4,24171.8,24111.1,24140.4,2532
1772633700000,2026-03-04T14:15:00+00:00,24140.5,24168.1,24132.6,24140.8,2566
1772634600000,2026-03-04T14:30:00+00:00,24140.4,24161.0,24061.0,24120.8,3466
1772635500000,2026-03-04T14:45:00+00:00,24116.9,24159.3,24088.0,24157.9,3146
1772636400000,2026-03-04T15:00:00+00:00,24158.9,24200.2,24143.1,24173.5,3110
1772637300000,2026-03-04T15:15:00+00:00,24171.4,24233.9,24171.4,24209.8,2686
1772638200000,2026-03-04T15:30:00+00:00,24210.1,24227.1,24158.4,24166.2,2778
1772639100000,2026-03-04T15:45:00+00:00,24165.2,24219.7,24159.9,24200.7,2774
1772640000000,2026-03-04T16:00:00+00:00,24201.0,24221.5,24178.7,24187.6,2750
1772640900000,2026-03-04T16:15:00+00:00,24190.9,24229.5,24173.0,24200.7,2906
1772641800000,2026-03-04T16:30:00+00:00,24201.0,24221.5,24161.4,24214.2,2703
1772642700000,2026-03-04T16:45:00+00:00,24213.5,24224.4,24199.0,24205.3,2160
1772643600000,2026-03-04T17:00:00+00:00,24202.6,24220.3,24198.0,24210.3,1876
1772644500000,2026-03-04T17:15:00+00:00,24211.7,24220.2,24175.3,24180.3,2010
1772645400000,2026-03-04T17:30:00+00:00,24180.9,24202.8,24157.0,24187.7,2100
1772646300000,2026-03-04T17:45:00+00:00,24187.9,24210.9,24187.4,24203.8,1678
1772647200000,2026-03-04T18:00:00+00:00,24204.6,24220.0,24194.5,24215.4,1532
1772648100000,2026-03-04T18:15:00+00:00,24215.5,24225.8,24207.3,24217.7,1630
1772649000000,2026-03-04T18:30:00+00:00,24218.3,24266.4,24218.3,24258.3,1560
1772649900000,2026-03-04T18:45:00+00:00,24259.3,24264.7,24246.3,24253.4,1372
1772650800000,2026-03-04T19:00:00+00:00,24254.8,24268.8,24246.6,24263.1,1276
1772651700000,2026-03-04T19:15:00+00:00,24262.8,24266.4,24247.2,24248.8,1294
1772652600000,2026-03-04T19:30:00+00:00,24248.6,24270.7,24248.6,24268.3,1236
1772653500000,2026-03-04T19:45:00+00:00,24268.6,24285.6,24264.2,24267.3,1312
1772654400000,2026-03-04T20:00:00+00:00,24269.5,24272.7,24249.7,24252.5,1386
1772655300000,2026-03-04T20:15:00+00:00,24251.1,24259.1,24239.3,24256.9,1588
1772656200000,2026-03-04T20:30:00+00:00,24255.8,24270.3,24248.9,24264.5,1390
1772657100000,2026-03-04T20:45:00+00:00,24262.8,24275.8,24247.8,24253.5,1524
1772669700000,2026-03-05T00:15:00+00:00,24303.7,24312.8,24281.6,24307.7,796
1772670600000,2026-03-05T00:30:00+00:00,24308.1,24310.1,24290.3,24295.1,512
1772671500000,2026-03-05T00:45:00+00:00,24294.6,24307.4,24292.3,24305.3,638
1772672400000,2026-03-05T01:00:00+00:00,24301.0,24306.8,24267.6,24279.3,848
1772673300000,2026-03-05T01:15:00+00:00,24279.1,24286.5,24218.8,24218.8,1112
1772674200000,2026-03-05T01:30:00+00:00,24219.1,24227.1,24165.3,24177.6,948
1772675100000,2026-03-05T01:45:00+00:00,24181.1,24203.3,24143.1,24173.6,1290
1772676000000,2026-03-05T02:00:00+00:00,24173.8,24188.6,24165.3,24174.3,976
1772676900000,2026-03-05T02:15:00+00:00,24173.8,24182.5,24137.5,24149.8,1044
1772677800000,2026-03-05T02:30:00+00:00,24150.6,24176.8,24125.1,24170.2,1040
1772678700000,2026-03-05T02:45:00+00:00,24171.3,24199.3,24149.6,24169.1,798
1772679600000,2026-03-05T03:00:00+00:00,24169.0,24180.7,24139.3,24144.1,848
1772680500000,2026-03-05T03:15:00+00:00,24143.8,24150.3,24097.1,24099.3,776
1772681400000,2026-03-05T03:30:00+00:00,24099.6,24099.6,24052.6,24077.1,1142
1772682300000,2026-03-05T03:45:00+00:00,24078.1,24092.1,24063.5,24068.3,758
1772683200000,2026-03-05T04:00:00+00:00,24071.6,24094.8,24058.1,24080.3,796
1772684100000,2026-03-05T04:15:00+00:00,24081.3,24100.8,24078.8,24096.0,544
1772685000000,2026-03-05T04:30:00+00:00,24098.3,24125.6,24090.1,24121.3,548
1772685900000,2026-03-05T04:45:00+00:00,24123.0,24149.7,24123.0,24145.6,668
1772686800000,2026-03-05T05:00:00+00:00,24146.3,24152.3,24134.8,24142.1,718
1772687700000,2026-03-05T05:15:00+00:00,24141.5,24142.1,24097.3,24106.3,680
1772688600000,2026-03-05T05:30:00+00:00,24106.5,24108.6,24045.0,24045.8,568
1772689500000,2026-03-05T05:45:00+00:00,24046.6,24062.6,24040.0,24045.3,516
1772690400000,2026-03-05T06:00:00+00:00,24048.1,24049.4,23999.6,23999.6,1030
1772691300000,2026-03-05T06:15:00+00:00,23999.7,24032.8,23991.6,24017.2,1152
1772692200000,2026-03-05T06:30:00+00:00,24017.5,24025.6,23995.1,24023.3,994
1772693100000,2026-03-05T06:45:00+00:00,24023.1,24109.9,24011.3,24109.9,1016
1772694000000,2026-03-05T07:00:00+00:00,24107.6,24142.3,24098.3,24122.7,1560
1772694900000,2026-03-05T07:15:00+00:00,24122.3,24188.4,24116.1,24157.4,1448
1772695800000,2026-03-05T07:30:00+00:00,24156.9,24156.9,24103.3,24105.4,1294
1772696700000,2026-03-05T07:45:00+00:00,24105.9,24138.5,24086.6,24124.3,1720
1772697600000,2026-03-05T08:00:00+00:00,24123.4,24154.3,24029.4,24040.4,3334
1772698500000,2026-03-05T08:15:00+00:00,24041.4,24097.7,24032.6,24038.6,2970
1772699400000,2026-03-05T08:30:00+00:00,24037.9,24101.1,24018.7,24063.4,2934
1772700300000,2026-03-05T08:45:00+00:00,24066.4,24162.5,24059.7,24162.5,2606
1772701200000,2026-03-05T09:00:00+00:00,24156.9,24356.4,24156.9,24306.1,3124
1772702100000,2026-03-05T09:15:00+00:00,24307.7,24332.4,24240.5,24252.9,2958
1772703000000,2026-03-05T09:30:00+00:00,24251.6,24261.2,24184.0,24218.6,2604
1772703900000,2026-03-05T09:45:00+00:00,24217.6,24271.9,24203.9,24262.5,2326
1772704800000,2026-03-05T10:00:00+00:00,24262.7,24289.1,24241.9,24264.6,2116
1772705700000,2026-03-05T10:15:00+00:00,24265.9,24290.0,24255.9,24288.9,2032
1772706600000,2026-03-05T10:30:00+00:00,24288.4,24296.0,24234.2,24247.5,2098
1772707500000,2026-03-05T10:45:00+00:00,24248.7,24270.6,24226.9,24253.1,2056
1772708400000,2026-03-05T11:00:00+00:00,24252.9,24302.3,24229.9,24300.6,1922
1772709300000,2026-03-05T11:15:00+00:00,24299.8,24313.4,24270.4,24283.6,1859
1772710200000,2026-03-05T11:30:00+00:00,24283.4,24290.5,24212.0,24241.9,2067
1772711100000,2026-03-05T11:45:00+00:00,24242.6,24262.3,24218.7,24220.2,1960
1772712000000,2026-03-05T12:00:00+00:00,24224.4,24227.4,24177.9,24188.6,2066
1772712900000,2026-03-05T12:15:00+00:00,24184.5,24254.1,24176.4,24238.1,1882
1772713800000,2026-03-05T12:30:00+00:00,24237.2,24248.9,24181.4,24186.4,1878
1772714700000,2026-03-05T12:45:00+00:00,24183.4,24216.8,24144.4,24153.8,2188
1772715600000,2026-03-05T13:00:00+00:00,24153.9,24157.8,24125.9,24145.4,2256
1772716500000,2026-03-05T13:15:00+00:00,24147.4,24163.7,24125.9,24127.0,2028
1772717400000,2026-03-05T13:30:00+00:00,24126.9,24134.2,24051.9,24080.7,2308
1772718300000,2026-03-05T13:45:00+00:00,24080.9,24088.0,23982.5,23998.7,2344
1772719200000,2026-03-05T14:00:00+00:00,23998.9,24007.1,23961.3,23976.9,2452
1772720100000,2026-03-05T14:15:00+00:00,23976.0,23990.0,23937.5,23966.1,2574
1772721000000,2026-03-05T14:30:00+00:00,23965.5,24051.9,23964.4,23982.6,3332
1772721900000,2026-03-05T14:45:00+00:00,23981.4,24069.3,23964.0,24066.0,3190
1772722800000,2026-03-05T15:00:00+00:00,24067.4,24097.5,24009.7,24047.7,3150
1772723700000,2026-03-05T15:15:00+00:00,24044.5,24054.8,23913.2,23924.9,3092
1772724600000,2026-03-05T15:30:00+00:00,23925.4,23944.6,23883.0,23903.1,3178
1772725500000,2026-03-05T15:45:00+00:00,23901.1,23927.3,23870.3,23919.4,3196
1772726400000,2026-03-05T16:00:00+00:00,23922.4,23930.4,23781.1,23821.8,3074
1772727300000,2026-03-05T16:15:00+00:00,23820.9,23830.0,23735.1,23758.0,3256
1772728200000,2026-03-05T16:30:00+00:00,23755.3,23839.9,23755.3,23830.7,3256
1772729100000,2026-03-05T16:45:00+00:00,23830.8,23882.5,23830.8,23880.1,2946
1772730000000,2026-03-05T17:00:00+00:00,23881.3,23927.4,23848.1,23848.8,2752
1772730900000,2026-03-05T17:15:00+00:00,23849.6,23851.6,23787.7,23787.7,2716
1772731800000,2026-03-05T17:30:00+00:00,23785.2,23800.6,23742.8,23747.8,2832
1772732700000,2026-03-05T17:45:00+00:00,23748.1,23764.0,23671.6,23680.3,2482
1772733600000,2026-03-05T18:00:00+00:00,23679.8,23753.1,23674.3,23745.6,2548
1772734500000,2026-03-05T18:15:00+00:00,23743.8,23752.1,23661.3,23691.1,2468
1772735400000,2026-03-05T18:30:00+00:00,23689.6,23763.0,23679.8,23762.3,2442
1772736300000,2026-03-05T18:45:00+00:00,23764.0,23767.8,23690.3,23722.8,2350
1772737200000,2026-03-05T19:00:00+00:00,23720.2,23739.6,23707.6,23732.7,2368
1772738100000,2026-03-05T19:15:00+00:00,23732.2,23754.7,23712.8,23723.9,2096
1772739000000,2026-03-05T19:30:00+00:00,23723.3,23727.8,23683.8,23719.3,2250
1772739900000,2026-03-05T19:45:00+00:00,23717.8,23745.5,23702.0,23721.4,2184
1772740800000,2026-03-05T20:00:00+00:00,23721.6,23792.0,23696.2,23781.3,2436
1772741700000,2026-03-05T20:15:00+00:00,23781.6,23858.6,23774.8,23826.6,2430
1772742600000,2026-03-05T20:30:00+00:00,23825.7,23842.7,23802.8,23814.6,2118
1772743500000,2026-03-05T20:45:00+00:00,23818.5,23843.3,23792.8,23832.6,2098
1772756100000,2026-03-06T00:15:00+00:00,23884.2,23891.3,23861.3,23870.3,1096
1772757000000,2026-03-06T00:30:00+00:00,23869.3,23878.8,23863.8,23876.3,698
1772757900000,2026-03-06T00:45:00+00:00,23875.8,23882.3,23862.1,23875.1,694
1772758800000,2026-03-06T01:00:00+00:00,23873.3,23900.3,23862.7,23892.3,750
1772759700000,2026-03-06T01:15:00+00:00,23894.8,23898.8,23837.5,23858.8,904
1772760600000,2026-03-06T01:30:00+00:00,23858.3,23889.8,23852.9,23873.6,1442
1772761500000,2026-03-06T01:45:00+00:00,23873.8,23910.8,23863.8,23888.1,904
1772762400000,2026-03-06T02:00:00+00:00,23888.6,23951.8,23888.3,23939.6,820
1772763300000,2026-03-06T02:15:00+00:00,23940.3,23970.1,23936.2,23960.3,890
1772764200000,2026-03-06T02:30:00+00:00,23959.8,23967.1,23938.8,23941.1,664
1772765100000,2026-03-06T02:45:00+00:00,23941.6,23941.6,23913.8,23917.8,578
1772766000000,2026-03-06T03:00:00+00:00,23918.8,23951.6,23918.8,23942.8,626
1772766900000,2026-03-06T03:15:00+00:00,23941.0,23944.1,23927.8,23935.8,604
1772767800000,2026-03-06T03:30:00+00:00,23936.6,23937.3,23913.8,23936.1,994
1772768700000,2026-03-06T03:45:00+00:00,23937.1,23961.8,23934.1,23959.6,922
1772769600000,2026-03-06T04:00:00+00:00,23960.0,23963.8,23954.1,23954.6,670
1772770500000,2026-03-06T04:15:00+00:00,23954.5,23957.8,23925.8,23929.1,440
1772771400000,2026-03-06T04:30:00+00:00,23929.0,23957.8,23924.8,23952.6,476
1772772300000,2026-03-06T04:45:00+00:00,23953.6,23960.8,23937.6,23940.5,492
1772773200000,2026-03-06T05:00:00+00:00,23948.3,23977.7,23939.3,23968.3,606
1772774100000,2026-03-06T05:15:00+00:00,23967.1,23971.8,23958.3,23965.6,468
1772775000000,2026-03-06T05:30:00+00:00,23963.3,23989.3,23952.5,23976.7,670
1772775900000,2026-03-06T05:45:00+00:00,23978.2,23979.6,23951.2,23953.3,702
1772776800000,2026-03-06T06:00:00+00:00,23951.3,23984.5,23949.3,23970.3,500
1772777700000,2026-03-06T06:15:00+00:00,23969.3,23981.3,23954.8,23967.6,596
1772778600000,2026-03-06T06:30:00+00:00,23968.3,23974.6,23954.8,23973.4,582
1772779500000,2026-03-06T06:45:00+00:00,23973.5,23973.9,23945.7,23950.6,580
1772780400000,2026-03-06T07:00:00+00:00,23951.1,23954.5,23894.3,23913.8,1310
1772781300000,2026-03-06T07:15:00+00:00,23914.0,23960.7,23910.5,23937.1,1198
1772782200000,2026-03-06T07:30:00+00:00,23936.3,23943.8,23924.9,23934.6,1144
1772783100000,2026-03-06T07:45:00+00:00,23933.3,23933.8,23896.5,23929.0,1354
1772784000000,2026-03-06T08:00:00+00:00,23931.4,23980.3,23896.6,23973.9,3034
1772784900000,2026-03-06T08:15:00+00:00,23973.7,24003.3,23900.9,23911.1,2842
1772785800000,2026-03-06T08:30:00+00:00,23915.9,23992.5,23910.2,23978.9,2626
1772786700000,2026-03-06T08:45:00+00:00,23977.5,24020.7,23961.0,23973.5,2202
1772787600000,2026-03-06T09:00:00+00:00,23974.0,23983.6,23868.4,23899.0,2750
1772788500000,2026-03-06T09:15:00+00:00,23898.4,23910.2,23792.4,23802.5,2890
1772789400000,2026-03-06T09:30:00+00:00,23801.9,23835.5,23747.7,23771.5,2876
1772790300000,2026-03-06T09:45:00+00:00,23772.7,23803.0,23726.4,23774.1,2660
1772791200000,2026-03-06T10:00:00+00:00,23773.6,23872.2,23772.4,23835.1,2376
1772792100000,2026-03-06T10:15:00+00:00,23836.9,23863.3,23771.4,23843.1,2394
1772793000000,2026-03-06T10:30:00+00:00,23840.9,23842.9,23792.9,23807.3,2222
1772793900000,2026-03-06T10:45:00+00:00,23804.7,23813.0,23766.8,23779.4,2378
1772794800000,2026-03-06T11:00:00+00:00,23779.7,23789.2,23700.1,23764.2,2574
1772795700000,2026-03-06T11:15:00+00:00,23763.6,23784.7,23728.9,23735.0,2206
1772796600000,2026-03-06T11:30:00+00:00,23735.2,23741.5,23570.7,23598.1,2592
1772797500000,2026-03-06T11:45:00+00:00,23599.0,23634.1,23530.2,23552.1,2690
1772798400000,2026-03-06T12:00:00+00:00,23557.9,23589.4,23523.9,23584.2,2730
1772799300000,2026-03-06T12:15:00+00:00,23587.2,23648.4,23585.5,23623.3,2416
1772800200000,2026-03-06T12:30:00+00:00,23623.7,23626.8,23567.9,23578.7,2386
1772801100000,2026-03-06T12:45:00+00:00,23578.6,23599.5,23548.9,23598.5,2452
1772802000000,2026-03-06T13:00:00+00:00,23595.4,23669.1,23592.9,23661.7,2472
1772802900000,2026-03-06T13:15:00+00:00,23661.4,23680.0,23635.4,23667.4,2048
1772803800000,2026-03-06T13:30:00+00:00,23667.1,23667.1,23552.5,23560.3,2832
1772804700000,2026-03-06T13:45:00+00:00,23559.5,23563.6,23377.1,23400.9,2990
1772805600000,2026-03-06T14:00:00+00:00,23397.5,23441.5,23373.1,23392.5,2986
1772806500000,2026-03-06T14:15:00+00:00,23392.2,23417.9,23349.4,23417.9,2694
1772807400000,2026-03-06T14:30:00+00:00,23414.4,23448.3,23328.1,23389.7,3586
1772808300000,2026-03-06T14:45:00+00:00,23385.5,23486.2,23366.9,23436.1,3478
1772809200000,2026-03-06T15:00:00+00:00,23438.9,23531.9,23438.9,23513.3,3486
1772810100000,2026-03-06T15:15:00+00:00,23514.5,23602.9,23509.0,23580.7,3206
1772811000000,2026-03-06T15:30:00+00:00,23578.2,23612.4,23521.7,23528.7,2998
1772811900000,2026-03-06T15:45:00+00:00,23529.4,23557.0,23464.7,23537.5,2964
1772812800000,2026-03-06T16:00:00+00:00,23538.5,23588.1,23525.3,23527.7,2990
1772813700000,2026-03-06T16:15:00+00:00,23528.3,23549.4,23501.4,23535.4,3114
1772814600000,2026-03-06T16:30:00+00:00,23538.2,23630.6,23513.8,23598.1,3090
1772815500000,2026-03-06T16:45:00+00:00,23596.5,23644.8,23583.4,23611.9,2792
1772816400000,2026-03-06T17:00:00+00:00,23611.5,23626.0,23559.8,23577.3,2722
1772817300000,2026-03-06T17:15:00+00:00,23577.8,23629.3,23566.3,23578.2,2706
1772818200000,2026-03-06T17:30:00+00:00,23577.2,23599.7,23533.2,23542.3,2556
1772819100000,2026-03-06T17:45:00+00:00,23541.3,23578.5,23540.7,23560.2,2460
1772820000000,2026-03-06T18:00:00+00:00,23560.3,23663.3,23558.3,23653.2,2454
1772820900000,2026-03-06T18:15:00+00:00,23653.8,23670.5,23621.3,23627.7,2234
1772821800000,2026-03-06T18:30:00+00:00,23627.6,23660.5,23619.5,23642.8,1862
1772822700000,2026-03-06T18:45:00+00:00,23641.4,23649.8,23602.8,23615.3,2156
1772823600000,2026-03-06T19:00:00+00:00,23616.8,23653.3,23615.1,23645.5,2048
1772824500000,2026-03-06T19:15:00+00:00,23643.8,23647.8,23598.9,23643.5,1956
1772825400000,2026-03-06T19:30:00+00:00,23642.8,23662.0,23628.5,23642.0,1858
1772826300000,2026-03-06T19:45:00+00:00,23641.2,23649.8,23627.5,23646.3,1862
1772827200000,2026-03-06T20:00:00+00:00,23646.8,23675.9,23643.3,23662.3,1978
1772828100000,2026-03-06T20:15:00+00:00,23661.5,23689.0,23604.8,23625.4,2238
1772829000000,2026-03-06T20:30:00+00:00,23624.8,23649.8,23599.8,23625.8,2366
1772829900000,2026-03-06T20:45:00+00:00,23622.8,23645.3,23620.2,23642.3,1374
1773015300000,2026-03-09T00:15:00+00:00,23178.7,23182.6,22919.7,22956.7,1160
1773016200000,2026-03-09T00:30:00+00:00,22959.7,23007.5,22931.5,22937.2,890
1773017100000,2026-03-09T00:45:00+00:00,22940.2,22949.7,22894.2,22930.3,1458
1773018000000,2026-03-09T01:00:00+00:00,22931.4,22954.4,22858.9,22889.7,1642
1773018900000,2026-03-09T01:15:00+00:00,22893.8,22903.7,22823.7,22825.0,1512
1773019800000,2026-03-09T01:30:00+00:00,22832.2,22890.2,22807.7,22816.1,1408
1773020700000,2026-03-09T01:45:00+00:00,22815.8,22821.2,22741.2,22745.2,1290
1773021600000,2026-03-09T02:00:00+00:00,22747.7,22815.2,22731.8,22779.5,1542
1773022500000,2026-03-09T02:15:00+00:00,22779.4,22786.2,22720.9,22742.7,1294
1773023400000,2026-03-09T02:30:00+00:00,22739.8,22793.7,22701.2,22792.7,1178
1773024300000,2026-03-09T02:45:00+00:00,22794.0,22837.0,22765.8,22774.0,1112
1773025200000,2026-03-09T03:00:00+00:00,22773.5,22804.4,22725.8,22759.4,968
1773026100000,2026-03-09T03:15:00+00:00,22765.0,22779.5,22720.6,22740.4,1040
1773027000000,2026-03-09T03:30:00+00:00,22739.2,22772.2,22710.2,22715.5,1140
1773027900000,2026-03-09T03:45:00+00:00,22718.2,22749.7,22712.4,22737.2,992
1773028800000,2026-03-09T04:00:00+00:00,22737.7,22798.0,22734.7,22762.8,962
1773029700000,2026-03-09T04:15:00+00:00,22768.2,22788.5,22742.9,22782.9,820
1773030600000,2026-03-09T04:30:00+00:00,22781.4,22786.5,22742.8,22750.9,864
1773031500000,2026-03-09T04:45:00+00:00,22750.8,22756.5,22738.9,22745.9,496
1773032400000,2026-03-09T05:00:00+00:00,22750.9,22811.9,22722.3,22795.4,842
1773033300000,2026-03-09T05:15:00+00:00,22795.3,22954.2,22782.7,22953.9,1460
1773034200000,2026-03-09T05:30:00+00:00,22953.7,22963.4,22849.7,22920.9,1406
1773035100000,2026-03-09T05:45:00+00:00,22921.0,22972.4,22903.2,22968.5,836
1773036000000,2026-03-09T06:00:00+00:00,22970.2,23058.2,22959.5,23036.7,1234
1773036900000,2026-03-09T06:15:00+00:00,23039.2,23045.9,22966.5,22993.5,1100
1773037800000,2026-03-09T06:30:00+00:00,22992.0,23008.4,22952.2,22973.3,1120
1773038700000,2026-03-09T06:45:00+00:00,22973.6,22973.7,22900.0,22908.2,1108
1773039600000,2026-03-09T07:00:00+00:00,22909.0,22962.7,22849.2,22949.9,2174
1773040500000,2026-03-09T07:15:00+00:00,22949.8,23069.0,22943.2,23046.7,2152
1773041400000,2026-03-09T07:30:00+00:00,23047.2,23060.5,22990.7,23026.2,2006
1773042300000,2026-03-09T07:45:00+00:00,23024.4,23026.8,22958.6,22961.8,2324
1773043200000,2026-03-09T08:00:00+00:00,22950.9,23095.4,22922.9,22966.4,3468
1773044100000,2026-03-09T08:15:00+00:00,22967.2,23027.2,22915.3,22963.4,3154
1773045000000,2026-03-09T08:30:00+00:00,22958.4,23055.4,22931.8,22948.0,3218
1773045900000,2026-03-09T08:45:00+00:00,22947.3,23060.1,22939.9,23029.0,3068
1773046800000,2026-03-09T09:00:00+00:00,23033.9,23053.2,22950.8,23040.6,2942
1773047700000,2026-03-09T09:15:00+00:00,23039.4,23146.8,23026.4,23141.3,2908
1773048600000,2026-03-09T09:30:00+00:00,23140.4,23281.1,23101.3,23244.3,3246
1773049500000,2026-03-09T09:45:00+00:00,23243.6,23271.7,23188.2,23220.9,3040
1773050400000,2026-03-09T10:00:00+00:00,23220.8,23250.5,23165.8,23179.3,2882
1773051300000,2026-03-09T10:15:00+00:00,23181.9,23192.5,23155.6,23167.0,2666
1773052200000,2026-03-09T10:30:00+00:00,23162.2,23213.9,23136.2,23203.4,2676
1773053100000,2026-03-09T10:45:00+00:00,23199.8,23214.0,23141.8,23199.3,2516
1773054000000,2026-03-09T11:00:00+00:00,23198.8,23235.1,23195.3,23199.0,2668
1773054900000,2026-03-09T11:15:00+00:00,23199.9,23207.9,23167.7,23170.3,2370
1773055800000,2026-03-09T11:30:00+00:00,23171.0,23239.2,23146.8,23197.0,2580
1773056700000,2026-03-09T11:45:00+00:00,23195.3,23234.2,23189.7,23203.9,2356
1773057600000,2026-03-09T12:00:00+00:00,23206.4,23267.8,23202.5,23253.3,2472
1773058500000,2026-03-09T12:15:00+00:00,23251.9,23292.5,23241.8,23286.9,2258
1773059400000,2026-03-09T12:30:00+00:00,23287.0,23309.3,23201.5,23203.6,2410
1773060300000,2026-03-09T12:45:00+00:00,23203.3,23212.1,23170.0,23208.4,2460
1773061200000,2026-03-09T13:00:00+00:00,23209.9,23324.8,23207.3,23320.4,2742
1773062100000,2026-03-09T13:15:00+00:00,23319.5,23328.0,23283.5,23306.6,2660
1773063000000,2026-03-09T13:30:00+00:00,23310.3,23345.4,23234.5,23268.4,3444
1773063900000,2026-03-09T13:45:00+00:00,23269.6,23290.9,23160.8,23233.2,3400
1773064800000,2026-03-09T14:00:00+00:00,23228.0,23267.0,23114.5,23173.9,3462
1773065700000,2026-03-09T14:15:00+00:00,23173.8,23267.6,23173.8,23226.6,3348
1773066600000,2026-03-09T14:30:00+00:00,23222.7,23323.3,23222.7,23320.6,3238
1773067500000,2026-03-09T14:45:00+00:00,23320.3,23347.3,23278.2,23318.9,2998
1773068400000,2026-03-09T15:00:00+00:00,23323.6,23373.3,23316.2,23373.3,2890
1773069300000,2026-03-09T15:15:00+00:00,23373.6,23453.2,23373.6,23447.7,2818
1773070200000,2026-03-09T15:30:00+00:00,23448.4,23465.0,23395.5,23398.4,2936
1773071100000,2026-03-09T15:45:00+00:00,23393.2,23432.4,23373.0,23409.9,2658
1773072000000,2026-03-09T16:00:00+00:00,23411.3,23452.0,23389.5,23412.3,2672
1773072900000,2026-03-09T16:15:00+00:00,23412.4,23430.8,23339.8,23392.4,2798
1773073800000,2026-03-09T16:30:00+00:00,23387.9,23451.8,23361.4,23448.7,2704
1773074700000,2026-03-09T16:45:00+00:00,23450.1,23462.0,23436.6,23448.2,2176
1773075600000,2026-03-09T17:00:00+00:00,23447.8,23450.9,23380.7,23389.0,2114
1773076500000,2026-03-09T17:15:00+00:00,23388.9,23390.8,23335.2,23344.2,2292
1773077400000,2026-03-09T17:30:00+00:00,23344.3,23353.6,23301.4,23313.1,2188
1773078300000,2026-03-09T17:45:00+00:00,23312.0,23365.6,23311.6,23345.2,2166
1773079200000,2026-03-09T18:00:00+00:00,23344.2,23392.2,23343.6,23387.2,2088
1773080100000,2026-03-09T18:15:00+00:00,23387.5,23440.2,23382.3,23385.7,2070
1773081000000,2026-03-09T18:30:00+00:00,23383.0,23414.8,23381.4,23388.2,1964
1773081900000,2026-03-09T18:45:00+00:00,23388.1,23392.3,23354.7,23358.7,1698
1773082800000,2026-03-09T19:00:00+00:00,23360.2,23384.7,23357.5,23377.0,1646
1773083700000,2026-03-09T19:15:00+00:00,23377.2,23706.0,23373.7,23699.8,2718
1773084600000,2026-03-09T19:30:00+00:00,23701.2,23941.7,23644.3,23806.4,2824
1773085500000,2026-03-09T19:45:00+00:00,23803.5,23813.2,23738.0,23775.1,2388
1773086400000,2026-03-09T20:00:00+00:00,23777.4,23804.4,23699.9,23743.2,1844
1773087300000,2026-03-09T20:15:00+00:00,23743.0,23749.3,23702.1,23747.2,1240
1773088200000,2026-03-09T20:30:00+00:00,23746.7,23780.9,23719.8,23764.5,1286
1773089100000,2026-03-09T20:45:00+00:00,23764.4,23805.7,23746.5,23801.7,1402
1773101700000,2026-03-10T00:15:00+00:00,23669.9,23724.7,23644.8,23721.7,992
1773102600000,2026-03-10T00:30:00+00:00,23721.5,23752.7,23688.0,23751.5,776
1773103500000,2026-03-10T00:45:00+00:00,23753.5,23753.7,23702.0,23704.5,600
1773104400000,2026-03-10T01:00:00+00:00,23705.1,23740.5,23688.7,23734.3,956
1773105300000,2026-03-10T01:15:00+00:00,23734.7,23743.0,23708.2,23715.8,1048
1773106200000,2026-03-10T01:30:00+00:00,23716.2,23720.5,23669.2,23679.0,1274
1773107100000,2026-03-10T01:45:00+00:00,23682.5,23738.5,23677.3,23729.5,760
1773108000000,2026-03-10T02:00:00+00:00,23730.2,23739.7,23693.1,23719.2,860
1773108900000,2026-03-10T02:15:00+00:00,23714.0,23717.5,23693.5,23698.7,538
1773109800000,2026-03-10T02:30:00+00:00,23698.2,23700.0,23640.6,23643.2,880
1773110700000,2026-03-10T02:45:00+00:00,23644.2,23649.5,23580.5,23592.7,1114
1773111600000,2026-03-10T03:00:00+00:00,23594.5,23618.8,23581.0,23597.2,852
1773112500000,2026-03-10T03:15:00+00:00,23596.8,23624.0,23580.3,23593.5,728
1773113400000,2026-03-10T03:30:00+00:00,23590.7,23593.2,23552.2,23555.8,1006
1773114300000,2026-03-10T03:45:00+00:00,23555.3,23555.5,23512.2,23521.2,1176
1773115200000,2026-03-10T04:00:00+00:00,23520.6,23551.7,23505.8,23549.0,898
1773116100000,2026-03-10T04:15:00+00:00,23549.5,23563.0,23540.2,23545.1,588
1773117000000,2026-03-10T04:30:00+00:00,23549.0,23583.3,23543.3,23565.2,702
1773117900000,2026-03-10T04:45:00+00:00,23561.5,23570.0,23526.6,23557.0,842
1773118800000,2026-03-10T05:00:00+00:00,23558.0,23637.5,23556.2,23620.0,1094
1773119700000,2026-03-10T05:15:00+00:00,23621.0,23628.5,23599.5,23612.7,820
1773120600000,2026-03-10T05:30:00+00:00,23611.7,23619.1,23603.7,23616.8,506
1773121500000,2026-03-10T05:45:00+00:00,23616.0,23663.2,23614.4,23653.5,558
1773122400000,2026-03-10T06:00:00+00:00,23658.7,23679.5,23655.6,23668.2,612
1773123300000,2026-03-10T06:15:00+00:00,23669.0,23687.2,23653.5,23687.2,818
1773124200000,2026-03-10T06:30:00+00:00,23684.5,23706.0,23665.3,23677.5,960
1773125100000,2026-03-10T06:45:00+00:00,23677.8,23683.0,23657.7,23680.2,878
1773126000000,2026-03-10T07:00:00+00:00,23668.6,23745.0,23627.2,23708.2,1716
1773126900000,2026-03-10T07:15:00+00:00,23707.6,23807.5,23692.1,23805.2,1848
1773127800000,2026-03-10T07:30:00+00:00,23804.3,23828.3,23761.5,23788.5,1780
1773128700000,2026-03-10T07:45:00+00:00,23792.5,23862.8,23784.2,23862.8,2002
1773129600000,2026-03-10T08:00:00+00:00,23860.6,23921.5,23850.1,23866.3,3216
1773130500000,2026-03-10T08:15:00+00:00,23864.8,23941.3,23828.2,23924.0,2847
1773131400000,2026-03-10T08:30:00+00:00,23922.4,23961.9,23908.5,23953.5,2654
1773132300000,2026-03-10T08:45:00+00:00,23953.8,23987.9,23884.0,23885.3,2592
1773133200000,2026-03-10T09:00:00+00:00,23885.4,23995.4,23872.8,23988.5,2378
1773134100000,2026-03-10T09:15:00+00:00,23989.2,24004.0,23961.8,24000.5,2430
1773135000000,2026-03-10T09:30:00+00:00,24001.5,24036.9,23997.0,24027.2,2296
1773135900000,2026-03-10T09:45:00+00:00,24028.2,24028.2,23936.4,23944.5,2276
1773136800000,2026-03-10T10:00:00+00:00,23945.3,23950.7,23908.1,23917.7,2420
1773137700000,2026-03-10T10:15:00+00:00,23917.0,23982.9,23889.9,23970.0,2226
1773138600000,2026-03-10T10:30:00+00:00,23970.3,23990.2,23922.4,23972.1,2446
1773139500000,2026-03-10T10:45:00+00:00,23971.3,23995.5,23949.7,23992.9,2162
1773140400000,2026-03-10T11:00:00+00:00,23995.5,24057.7,23965.5,23972.5,2534
1773141300000,2026-03-10T11:15:00+00:00,23972.0,23977.0,23930.0,23950.5,2152
1773142200000,2026-03-10T11:30:00+00:00,23951.5,23956.8,23898.7,23906.6,2162
1773143100000,2026-03-10T11:45:00+00:00,23906.4,23909.9,23880.5,23898.3,2300
1773144000000,2026-03-10T12:00:00+00:00,23898.4,23898.4,23786.3,23832.9,2606
1773144900000,2026-03-10T12:15:00+00:00,23833.2,23857.0,23810.6,23813.2,2390
1773145800000,2026-03-10T12:30:00+00:00,23813.5,23882.8,23786.3,23870.7,2334
1773146700000,2026-03-10T12:45:00+00:00,23870.3,23921.0,23869.0,23906.5,2070
1773147600000,2026-03-10T13:00:00+00:00,23903.3,23936.5,23903.3,23920.1,2228
1773148500000,2026-03-10T13:15:00+00:00,23920.4,23950.6,23901.3,23946.4,2136
1773149400000,2026-03-10T13:30:00+00:00,23946.2,23962.5,23839.0,23867.4,3386
1773150300000,2026-03-10T13:45:00+00:00,23866.0,23873.8,23806.4,23821.2,3240
1773151200000,2026-03-10T14:00:00+00:00,23822.5,23841.4,23756.3,23780.5,3150
1773152100000,2026-03-10T14:15:00+00:00,23777.1,23902.5,23777.1,23887.5,2968
1773153000000,2026-03-10T14:30:00+00:00,23887.3,23982.2,23885.6,23978.4,2694
1773153900000,2026-03-10T14:45:00+00:00,23978.6,24045.3,23966.1,24030.0,2624
1773154800000,2026-03-10T15:00:00+00:00,24031.0,24056.7,23991.2,23996.7,2594
1773155700000,2026-03-10T15:15:00+00:00,23996.2,24050.0,23990.9,24022.7,2329
1773156600000,2026-03-10T15:30:00+00:00,24022.9,24030.9,23979.0,24024.3,2424
1773157500000,2026-03-10T15:45:00+00:00,24024.4,24026.3,23952.9,23961.5,2378
1773158400000,2026-03-10T16:00:00+00:00,23960.1,23960.1,23887.0,23929.8,2603
1773159300000,2026-03-10T16:15:00+00:00,23929.6,23953.1,23901.9,23920.5,2547
1773160200000,2026-03-10T16:30:00+00:00,23920.5,23988.2,23920.1,23981.6,2493
1773161100000,2026-03-10T16:45:00+00:00,23982.1,24020.5,23949.0,24019.7,2244
1773162000000,2026-03-10T17:00:00+00:00,24019.3,24085.2,24014.2,24054.2,2158
1773162900000,2026-03-10T17:15:00+00:00,24055.2,24097.8,24051.8,24085.0,2220
1773163800000,2026-03-10T17:30:00+00:00,24083.0,24084.0,23970.7,23996.4,2658
1773164700000,2026-03-10T17:45:00+00:00,23997.3,24039.2,23989.5,24020.5,2154
1773165600000,2026-03-10T18:00:00+00:00,24019.8,24026.6,23859.7,23860.0,2120
1773166500000,2026-03-10T18:15:00+00:00,23861.3,23890.0,23740.2,23863.3,3158
1773167400000,2026-03-10T18:30:00+00:00,23865.9,23883.8,23804.5,23814.9,2818
1773168300000,2026-03-10T18:45:00+00:00,23813.0,23856.0,23797.8,23808.6,2508
1773169200000,2026-03-10T19:00:00+00:00,23812.0,23848.5,23806.0,23846.5,2322
1773170100000,2026-03-10T19:15:00+00:00,23847.9,23867.3,23783.1,23793.5,2280
1773171000000,2026-03-10T19:30:00+00:00,23793.7,23845.9,23759.2,23796.2,2372
1773171900000,2026-03-10T19:45:00+00:00,23797.1,23804.7,23748.5,23781.7,1992
1773172800000,2026-03-10T20:00:00+00:00,23783.1,23792.7,23764.2,23789.5,1092
1773173700000,2026-03-10T20:15:00+00:00,23791.0,23803.0,23773.2,23798.1,850
1773174600000,2026-03-10T20:30:00+00:00,23798.6,23802.0,23778.6,23794.4,772
1773175500000,2026-03-10T20:45:00+00:00,23793.7,23806.6,23782.1,23793.1,778
1773188100000,2026-03-11T00:15:00+00:00,23836.2,23927.8,23836.2,23901.7,984
1773189000000,2026-03-11T00:30:00+00:00,23900.2,23907.0,23884.5,23898.1,850
1773189900000,2026-03-11T00:45:00+00:00,23898.5,23901.4,23879.2,23883.0,568
1773190800000,2026-03-11T01:00:00+00:00,23883.4,23915.0,23876.8,23914.5,1006
1773191700000,2026-03-11T01:15:00+00:00,23915.1,23931.3,23910.5,23919.5,922
1773192600000,2026-03-11T01:30:00+00:00,23919.9,23945.2,23918.0,23940.7,806
1773193500000,2026-03-11T01:45:00+00:00,23941.0,23942.3,23920.7,23922.5,642
1773194400000,2026-03-11T02:00:00+00:00,23923.7,23935.3,23922.5,23926.2,560
1773195300000,2026-03-11T02:15:00+00:00,23928.2,23946.4,23926.5,23941.0,570
1773196200000,2026-03-11T02:30:00+00:00,23941.2,23941.2,23920.1,23940.2,542
1773197100000,2026-03-11T02:45:00+00:00,23939.2,23948.0,23932.1,23935.2,392
1773198000000,2026-03-11T03:00:00+00:00,23932.1,23947.8,23931.3,23946.2,414
1773198900000,2026-03-11T03:15:00+00:00,23947.1,23956.0,23944.2,23946.3,454
1773199800000,2026-03-11T03:30:00+00:00,23948.1,23977.5,23946.2,23976.4,592
1773200700000,2026-03-11T03:45:00+00:00,23975.9,23981.6,23968.2,23977.3,522
1773201600000,2026-03-11T04:00:00+00:00,23977.4,23977.4,23947.1,23954.4,448
1773202500000,2026-03-11T04:15:00+00:00,23954.1,23959.1,23953.9,23954.8,300
1773203400000,2026-03-11T04:30:00+00:00,23954.6,23956.3,23947.2,23952.1,394
1773204300000,2026-03-11T04:45:00+00:00,23950.7,23956.8,23948.1,23949.3,366
1773205200000,2026-03-11T05:00:00+00:00,23948.6,23952.8,23923.2,23926.2,780
1773206100000,2026-03-11T05:15:00+00:00,23926.1,23935.5,23919.3,23922.5,748
1773207000000,2026-03-11T05:30:00+00:00,23921.2,23924.1,23890.7,23890.8,636
1773207900000,2026-03-11T05:45:00+00:00,23890.3,23891.1,23840.8,23843.0,968
1773208800000,2026-03-11T06:00:00+00:00,23840.5,23844.1,23822.3,23836.5,950
1773209700000,2026-03-11T06:15:00+00:00,23835.7,23838.1,23809.1,23823.5,808
1773210600000,2026-03-11T06:30:00+00:00,23825.5,23857.9,23821.5,23857.1,838
1773211500000,2026-03-11T06:45:00+00:00,23856.6,23857.0,23827.6,23839.7,508
1773212400000,2026-03-11T07:00:00+00:00,23840.0,23872.0,23808.0,23871.6,1286
1773213300000,2026-03-11T07:15:00+00:00,23871.8,23871.8,23799.6,23803.2,1526
1773214200000,2026-03-11T07:30:00+00:00,23802.7,23818.0,23713.0,23735.8,1742
1773215100000,2026-03-11T07:45:00+00:00,23735.9,23769.2,23705.4,23708.9,1888
1773216000000,2026-03-11T08:00:00+00:00,23711.3,23715.1,23646.5,23692.0,3004
1773216900000,2026-03-11T08:15:00+00:00,23687.4,23716.9,23654.6,23660.9,2692
1773217800000,2026-03-11T08:30:00+00:00,23663.4,23684.6,23597.2,23644.6,2742
1773218700000,2026-03-11T08:45:00+00:00,23639.4,23654.2,23558.3,23591.7,2654
1773219600000,2026-03-11T09:00:00+00:00,23590.5,23591.6,23527.9,23539.0,2592
1773220500000,2026-03-11T09:15:00+00:00,23537.9,23603.3,23537.8,23550.5,2390
1773221400000,2026-03-11T09:30:00+00:00,23549.7,23582.0,23539.1,23566.7,2336
1773222300000,2026-03-11T09:45:00+00:00,23565.8,23596.0,23538.8,23541.6,2290
1773223200000,2026-03-11T10:00:00+00:00,23544.6,23629.7,23533.3,23625.7,2430
1773224100000,2026-03-11T10:15:00+00:00,23625.8,23652.1,23620.8,23646.9,2118
1773225000000,2026-03-11T10:30:00+00:00,23646.3,23779.4,23644.5,23767.9,2317
1773225900000,2026-03-11T10:45:00+00:00,23768.5,23794.6,23754.1,23785.7,2298
1773226800000,2026-03-11T11:00:00+00:00,23787.4,23803.7,23748.1,23767.3,2206
1773227700000,2026-03-11T11:15:00+00:00,23767.2,23769.1,23642.1,23659.0,2200
1773228600000,2026-03-11T11:30:00+00:00,23658.8,23678.2,23613.8,23628.8,2198
1773229500000,2026-03-11T11:45:00+00:00,23629.9,23666.8,23582.4,23627.7,2496
1773230400000,2026-03-11T12:00:00+00:00,23627.9,23643.0,23584.6,23605.3,2206
1773231300000,2026-03-11T12:15:00+00:00,23602.5,23667.1,23593.5,23656.0,2152
1773232200000,2026-03-11T12:30:00+00:00,23654.5,23685.4,23540.6,23550.9,2434
1773233100000,2026-03-11T12:45:00+00:00,23549.9,23570.9,23515.7,23566.1,2540
1773234000000,2026-03-11T13:00:00+00:00,23563.8,23642.3,23563.8,23573.5,2524
1773234900000,2026-03-11T13:15:00+00:00,23573.6,23650.7,23569.1,23646.6,2314
1773235800000,2026-03-11T13:30:00+00:00,23645.3,23686.5,23638.1,23651.8,3076
1773236700000,2026-03-11T13:45:00+00:00,23650.4,23705.7,23628.9,23694.2,3118
1773237600000,2026-03-11T14:00:00+00:00,23694.1,23814.5,23680.2,23722.6,3266
1773238500000,2026-03-11T14:15:00+00:00,23720.6,23728.9,23579.7,23611.8,2950
1773239400000,2026-03-11T14:30:00+00:00,23611.3,23683.2,23594.0,23679.8,2990
1773240300000,2026-03-11T14:45:00+00:00,23679.7,23729.4,23665.0,23723.9,2600
1773241200000,2026-03-11T15:00:00+00:00,23725.8,23730.2,23607.1,23633.0,2768
1773242100000,2026-03-11T15:15:00+00:00,23631.5,23653.3,23601.4,23602.1,2654
1773243000000,2026-03-11T15:30:00+00:00,23603.2,23625.5,23568.8,23569.7,2653
1773243900000,2026-03-11T15:45:00+00:00,23567.9,23626.7,23551.9,23588.6,2597
1773244800000,2026-03-11T16:00:00+00:00,23584.9,23595.1,23564.8,23593.4,2464
1773245700000,2026-03-11T16:15:00+00:00,23593.8,23600.3,23546.2,23576.3,2660
1773246600000,2026-03-11T16:30:00+00:00,23576.3,23677.7,23576.3,23654.1,2623
1773247500000,2026-03-11T16:45:00+00:00,23653.8,23677.3,23643.3,23671.8,2103
1773248400000,2026-03-11T17:00:00+00:00,23670.8,23684.5,23650.9,23665.7,1657
1773249300000,2026-03-11T17:15:00+00:00,23666.2,23689.3,23649.6,23678.8,1851
1773250200000,2026-03-11T17:30:00+00:00,23679.9,23685.1,23580.7,23616.5,2441
1773251100000,2026-03-11T17:45:00+00:00,23616.7,23662.1,23605.8,23638.3,2387
1773252000000,2026-03-11T18:00:00+00:00,23639.6,23648.0,23603.7,23626.8,1925
1773252900000,2026-03-11T18:15:00+00:00,23626.9,23669.7,23619.0,23661.5,1708
1773253800000,2026-03-11T18:30:00+00:00,23660.5,23667.6,23649.3,23664.5,1497
1773254700000,2026-03-11T18:45:00+00:00,23664.8,23681.8,23648.2,23665.8,1564
1773255600000,2026-03-11T19:00:00+00:00,23665.3,23670.1,23639.9,23640.1,1444
1773256500000,2026-03-11T19:15:00+00:00,23641.1,23663.6,23637.9,23650.5,1473
1773257400000,2026-03-11T19:30:00+00:00,23652.2,23686.4,23643.8,23685.5,1450
1773258300000,2026-03-11T19:45:00+00:00,23687.1,23695.9,23667.7,23687.3,1415
1773259200000,2026-03-11T20:00:00+00:00,23687.5,23690.9,23660.0,23660.0,906
1773260100000,2026-03-11T20:15:00+00:00,23659.6,23661.2,23647.9,23652.4,544
1773261000000,2026-03-11T20:30:00+00:00,23650.7,23650.8,23625.5,23627.5,576
1773261900000,2026-03-11T20:45:00+00:00,23627.9,23629.5,23614.4,23624.2,614
1773274500000,2026-03-12T00:15:00+00:00,23405.1,23411.2,23313.5,23387.4,1012
1773275400000,2026-03-12T00:30:00+00:00,23386.5,23411.5,23375.7,23409.9,664
1773276300000,2026-03-12T00:45:00+00:00,23407.5,23418.0,23401.5,23410.6,804
1773277200000,2026-03-12T01:00:00+00:00,23408.3,23423.1,23400.1,23409.0,1178
1773278100000,2026-03-12T01:15:00+00:00,23409.2,23436.4,23401.0,23436.4,1144
1773279000000,2026-03-12T01:30:00+00:00,23437.6,23483.0,23436.0,23475.2,842
1773279900000,2026-03-12T01:45:00+00:00,23475.5,23477.2,23393.0,23414.2,984
1773280800000,2026-03-12T02:00:00+00:00,23414.7,23419.2,23381.0,23382.2,1048
1773281700000,2026-03-12T02:15:00+00:00,23381.7,23393.7,23342.0,23350.5,878
1773282600000,2026-03-12T02:30:00+00:00,23348.7,23352.1,23280.0,23301.2,952
1773283500000,2026-03-12T02:45:00+00:00,23302.7,23307.5,23276.7,23284.7,892
1773284400000,2026-03-12T03:00:00+00:00,23283.2,23301.5,23269.5,23272.5,784
1773285300000,2026-03-12T03:15:00+00:00,23272.1,23278.5,23255.0,23259.7,804
1773286200000,2026-03-12T03:30:00+00:00,23259.6,23262.4,23238.1,23250.4,934
1773287100000,2026-03-12T03:45:00+00:00,23251.5,23275.9,23250.2,23275.9,767
1773288000000,2026-03-12T04:00:00+00:00,23275.2,23298.5,23264.7,23298.5,677
1773288900000,2026-03-12T04:15:00+00:00,23298.4,23312.4,23295.9,23307.1,470
1773289800000,2026-03-12T04:30:00+00:00,23306.7,23308.4,23281.0,23282.7,516
1773290700000,2026-03-12T04:45:00+00:00,23282.5,23296.1,23282.5,23288.7,525
1773291600000,2026-03-12T05:00:00+00:00,23287.7,23352.7,23287.1,23339.0,1100
1773292500000,2026-03-12T05:15:00+00:00,23342.8,23347.6,23325.7,23334.5,914
1773293400000,2026-03-12T05:30:00+00:00,23334.2,23350.5,23329.2,23350.5,736
1773294300000,2026-03-12T05:45:00+00:00,23349.5,23353.6,23313.2,23343.9,764
1773295200000,2026-03-12T06:00:00+00:00,23340.1,23343.5,23326.2,23339.7,656
1773296100000,2026-03-12T06:15:00+00:00,23340.4,23372.1,23337.2,23368.7,810
1773297000000,2026-03-12T06:30:00+00:00,23371.2,23399.5,23365.0,23384.2,685
1773297900000,2026-03-12T06:45:00+00:00,23384.1,23394.1,23373.9,23381.2,498
1773298800000,2026-03-12T07:00:00+00:00,23382.6,23421.9,23373.2,23420.2,1283
1773299700000,2026-03-12T07:15:00+00:00,23419.2,23453.0,23413.4,23446.9,1368
1773300600000,2026-03-12T07:30:00+00:00,23446.3,23466.2,23411.7,23459.2,1441
1773301500000,2026-03-12T07:45:00+00:00,23459.1,23483.1,23426.5,23476.2,1635
1773302400000,2026-03-12T08:00:00+00:00,23472.8,23558.8,23471.8,23519.4,2930
1773303300000,2026-03-12T08:15:00+00:00,23522.2,23547.6,23491.1,23491.1,2638
1773304200000,2026-03-12T08:30:00+00:00,23489.4,23536.9,23479.2,23529.8,2632
1773305100000,2026-03-12T08:45:00+00:00,23530.2,23604.9,23513.4,23589.9,2497
1773306000000,2026-03-12T09:00:00+00:00,23589.8,23595.5,23487.8,23503.0,2431
1773306900000,2026-03-12T09:15:00+00:00,23502.4,23553.6,23466.0,23551.6,2383
1773307800000,2026-03-12T09:30:00+00:00,23552.8,23621.8,23548.5,23612.9,2427
1773308700000,2026-03-12T09:45:00+00:00,23613.5,23625.9,23593.1,23618.0,2216
1773309600000,2026-03-12T10:00:00+00:00,23618.3,23623.8,23558.9,23587.2,2088
1773310500000,2026-03-12T10:15:00+00:00,23587.0,23587.0,23551.4,23572.4,2099
1773311400000,2026-03-12T10:30:00+00:00,23572.8,23642.9,23572.8,23598.7,2165
1773312300000,2026-03-12T10:45:00+00:00,23599.3,23651.8,23597.8,23605.6,2137
1773313200000,2026-03-12T11:00:00+00:00,23602.3,23614.9,23568.2,23600.5,2098
1773314100000,2026-03-12T11:15:00+00:00,23601.7,23647.6,23599.1,23641.2,1936
1773315000000,2026-03-12T11:30:00+00:00,23641.5,23689.2,23641.5,23676.8,1986
1773315900000,2026-03-12T11:45:00+00:00,23675.5,23687.3,23603.3,23604.6,2000
1773316800000,2026-03-12T12:00:00+00:00,23604.5,23611.3,23522.4,23550.0,2350
1773317700000,2026-03-12T12:15:00+00:00,23549.7,23568.8,23517.8,23553.7,2129
1773318600000,2026-03-12T12:30:00+00:00,23554.0,23566.1,23523.0,23558.2,2064
1773319500000,2026-03-12T12:45:00+00:00,23557.7,23585.5,23533.7,23584.8,2178
1773320400000,2026-03-12T13:00:00+00:00,23586.8,23619.8,23571.9,23572.0,2302
1773321300000,2026-03-12T13:15:00+00:00,23570.0,23576.5,23443.4,23540.4,2984
1773322200000,2026-03-12T13:30:00+00:00,23537.3,23585.2,23495.5,23525.1,3328
1773323100000,2026-03-12T13:45:00+00:00,23521.8,23565.4,23446.5,23485.3,3158
1773324000000,2026-03-12T14:00:00+00:00,23484.9,23556.3,23484.9,23526.5,3155
1773324900000,2026-03-12T14:15:00+00:00,23528.3,23535.9,23386.8,23386.8,2986
1773325800000,2026-03-12T14:30:00+00:00,23390.1,23467.6,23381.7,23467.6,2874
1773326700000,2026-03-12T14:45:00+00:00,23466.9,23546.9,23441.3,23495.2,3080
1773327600000,2026-03-12T15:00:00+00:00,23496.0,23501.2,23350.9,23384.4,2878
1773328500000,2026-03-12T15:15:00+00:00,23383.3,23461.5,23374.9,23444.6,2771
1773329400000,2026-03-12T15:30:00+00:00,23440.8,23525.5,23395.9,23511.6,3025
1773330300000,2026-03-12T15:45:00+00:00,23509.3,23540.2,23477.5,23527.1,2950
1773331200000,2026-03-12T16:00:00+00:00,23525.9,23572.9,23473.8,23519.8,2852
1773332100000,2026-03-12T16:15:00+00:00,23517.3,23614.4,23511.5,23559.5,2958
1773333000000,2026-03-12T16:30:00+00:00,23554.6,23615.6,23541.4,23578.6,2880
1773333900000,2026-03-12T16:45:00+00:00,23574.7,23578.0,23520.4,23554.0,2638
1773334800000,2026-03-12T17:00:00+00:00,23552.0,23604.9,23543.7,23560.7,2368
1773335700000,2026-03-12T17:15:00+00:00,23559.7,23605.3,23552.5,23586.7,2416
1773336600000,2026-03-12T17:30:00+00:00,23587.2,23624.1,23569.5,23570.7,2322
1773337500000,2026-03-12T17:45:00+00:00,23571.7,23593.2,23551.4,23572.0,2394
1773338400000,2026-03-12T18:00:00+00:00,23571.5,23599.3,23567.6,23583.7,1992
1773339300000,2026-03-12T18:15:00+00:00,23584.0,23595.4,23548.8,23571.7,1912
1773340200000,2026-03-12T18:30:00+00:00,23571.1,23578.1,23549.7,23569.5,1704
1773341100000,2026-03-12T18:45:00+00:00,23569.4,23585.8,23547.9,23551.1,1740
1773342000000,2026-03-12T19:00:00+00:00,23550.1,23579.4,23534.9,23562.1,1810
1773342900000,2026-03-12T19:15:00+00:00,23562.4,23580.6,23553.7,23560.5,1576
1773343800000,2026-03-12T19:30:00+00:00,23560.9,23579.1,23552.0,23564.9,1786
1773344700000,2026-03-12T19:45:00+00:00,23563.9,23563.9,23512.1,23521.2,1942
1773345600000,2026-03-12T20:00:00+00:00,23519.4,23536.5,23506.0,23510.6,934
1773346500000,2026-03-12T20:15:00+00:00,23510.2,23514.6,23499.2,23505.9,668
1773347400000,2026-03-12T20:30:00+00:00,23503.3,23507.7,23494.6,23507.1,468
1773348300000,2026-03-12T20:45:00+00:00,23507.6,23516.6,23503.5,23510.0,578
1773360900000,2026-03-13T00:15:00+00:00,23539.2,23584.2,23521.0,23569.7,826
1773361800000,2026-03-13T00:30:00+00:00,23573.0,23599.0,23570.0,23581.0,766
1773362700000,2026-03-13T00:45:00+00:00,23581.5,23594.5,23570.7,23594.5,610
1773363600000,2026-03-13T01:00:00+00:00,23594.1,23651.9,23594.1,23647.0,818
1773364500000,2026-03-13T01:15:00+00:00,23648.5,23661.0,23638.4,23651.2,726
1773365400000,2026-03-13T01:30:00+00:00,23651.1,23658.2,23618.5,23619.4,764
1773366300000,2026-03-13T01:45:00+00:00,23619.0,23621.2,23607.1,23615.2,682
1773367200000,2026-03-13T02:00:00+00:00,23614.7,23639.5,23608.4,23622.7,826
1773368100000,2026-03-13T02:15:00+00:00,23621.2,23622.2,23601.0,23606.2,722
1773369000000,2026-03-13T02:30:00+00:00,23605.7,23620.7,23599.2,23603.0,676
1773369900000,2026-03-13T02:45:00+00:00,23602.2,23612.0,23598.9,23599.5,540
1773370800000,2026-03-13T03:00:00+00:00,23598.7,23608.7,23591.0,23595.5,530
1773371700000,2026-03-13T03:15:00+00:00,23596.2,23601.7,23587.1,23594.9,582
1773372600000,2026-03-13T03:30:00+00:00,23593.5,23604.4,23577.6,23601.0,730
1773373500000,2026-03-13T03:45:00+00:00,23602.1,23621.0,23601.4,23618.1,506
1773374400000,2026-03-13T04:00:00+00:00,23616.0,23629.7,23610.6,23610.9,560
1773375300000,2026-03-13T04:15:00+00:00,23611.4,23619.2,23590.0,23595.7,648
1773376200000,2026-03-13T04:30:00+00:00,23594.2,23600.2,23581.0,23599.9,474
1773377100000,2026-03-13T04:45:00+00:00,23600.6,23601.9,23586.6,23592.5,482
1773378000000,2026-03-13T05:00:00+00:00,23593.4,23600.5,23571.9,23577.0,784
1773378900000,2026-03-13T05:15:00+00:00,23577.7,23595.5,23570.8,23584.5,696
1773379800000,2026-03-13T05:30:00+00:00,23584.0,23606.1,23584.0,23590.2,620
1773380700000,2026-03-13T05:45:00+00:00,23591.0,23606.7,23587.2,23601.2,534
1773381600000,2026-03-13T06:00:00+00:00,23600.5,23600.5,23577.1,23595.2,644
1773382500000,2026-03-13T06:15:00+00:00,23594.9,23594.9,23562.2,23563.2,686
1773383400000,2026-03-13T06:30:00+00:00,23564.4,23565.2,23516.2,23526.4,880
1773384300000,2026-03-13T06:45:00+00:00,23526.9,23527.3,23481.1,23490.4,976
1773385200000,2026-03-13T07:00:00+00:00,23483.1,23495.5,23401.3,23409.7,1808
1773386100000,2026-03-13T07:15:00+00:00,23408.8,23429.4,23373.5,23425.2,1714
1773387000000,2026-03-13T07:30:00+00:00,23425.4,23461.3,23419.4,23444.7,1670
1773387900000,2026-03-13T07:45:00+00:00,23443.4,23448.4,23373.4,23384.4,1695
1773388800000,2026-03-13T08:00:00+00:00,23387.5,23405.7,23310.1,23321.9,3018
1773389700000,2026-03-13T08:15:00+00:00,23321.4,23349.7,23273.8,23303.2,2728
1773390600000,2026-03-13T08:30:00+00:00,23303.4,23383.3,23303.3,23342.3,2790
1773391500000,2026-03-13T08:45:00+00:00,23342.8,23410.7,23319.4,23399.6,2498
1773392400000,2026-03-13T09:00:00+00:00,23398.9,23449.5,23365.5,23372.1,2596
1773393300000,2026-03-13T09:15:00+00:00,23371.9,23427.5,23353.4,23420.5,2344
1773394200000,2026-03-13T09:30:00+00:00,23421.0,23425.4,23371.3,23392.0,2298
1773395100000,2026-03-13T09:45:00+00:00,23389.7,23425.3,23377.7,23411.9,2019
1773396000000,2026-03-13T10:00:00+00:00,23412.5,23484.4,23396.6,23483.4,2153
1773396900000,2026-03-13T10:15:00+00:00,23483.6,23514.6,23477.0,23492.6,2082
1773397800000,2026-03-13T10:30:00+00:00,23492.8,23495.8,23452.4,23461.5,1878
1773398700000,2026-03-13T10:45:00+00:00,23461.2,23549.3,23454.7,23544.8,2404
1773399600000,2026-03-13T11:00:00+00:00,23541.8,23581.7,23522.3,23524.6,2468
1773400500000,2026-03-13T11:15:00+00:00,23527.2,23573.4,23519.8,23549.8,2211
1773401400000,2026-03-13T11:30:00+00:00,23547.9,23577.2,23536.2,23577.2,2043
1773402300000,2026-03-13T11:45:00+00:00,23577.3,23595.5,23565.2,23594.3,1954
1773403200000,2026-03-13T12:00:00+00:00,23593.9,23611.1,23570.0,23584.0,2017
1773404100000,2026-03-13T12:15:00+00:00,23583.9,23596.1,23573.4,23587.9,1944
1773405000000,2026-03-13T12:30:00+00:00,23587.3,23615.6,23580.1,23602.9,2183
1773405900000,2026-03-13T12:45:00+00:00,23603.1,23691.6,23602.3,23637.1,2611
1773406800000,2026-03-13T13:00:00+00:00,23636.5,23653.4,23609.4,23632.0,2354
1773407700000,2026-03-13T13:15:00+00:00,23632.4,23663.4,23613.4,23663.0,2141
1773408600000,2026-03-13T13:30:00+00:00,23660.4,23754.0,23660.4,23744.3,3143
1773409500000,2026-03-13T13:45:00+00:00,23744.0,23744.5,23660.1,23666.9,2880
1773410400000,2026-03-13T14:00:00+00:00,23665.8,23685.3,23597.4,23614.8,3018
1773411300000,2026-03-13T14:15:00+00:00,23613.8,23628.0,23584.3,23616.6,2965
1773412200000,2026-03-13T14:30:00+00:00,23616.1,23658.3,23549.9,23551.2,3018
1773413100000,2026-03-13T14:45:00+00:00,23550.1,23568.6,23480.4,23481.5,3105
1773414000000,2026-03-13T15:00:00+00:00,23486.1,23546.8,23480.4,23545.6,3060
1773414900000,2026-03-13T15:15:00+00:00,23545.4,23547.9,23458.4,23471.3,2963
1773415800000,2026-03-13T15:30:00+00:00,23476.0,23490.4,23422.5,23439.9,2858
1773416700000,2026-03-13T15:45:00+00:00,23437.0,23493.1,23399.0,23404.3,2961
1773417600000,2026-03-13T16:00:00+00:00,23402.9,23421.6,23380.7,23393.3,2909
1773418500000,2026-03-13T16:15:00+00:00,23393.9,23431.5,23370.2,23423.8,2945
1773419400000,2026-03-13T16:30:00+00:00,23420.3,23454.6,23413.6,23416.6,3098
1773420300000,2026-03-13T16:45:00+00:00,23416.7,23450.1,23396.2,23405.7,2512
1773421200000,2026-03-13T17:00:00+00:00,23404.7,23428.7,23388.8,23428.7,2364
1773422100000,2026-03-13T17:15:00+00:00,23429.9,23445.8,23395.1,23411.4,2502
1773423000000,2026-03-13T17:30:00+00:00,23410.6,23418.6,23393.6,23406.0,2380
1773423900000,2026-03-13T17:45:00+00:00,23405.7,23415.7,23363.4,23371.7,2365
1773424800000,2026-03-13T18:00:00+00:00,23372.2,23385.1,23369.1,23384.0,2061
1773425700000,2026-03-13T18:15:00+00:00,23383.3,23389.8,23355.8,23386.5,1883
1773426600000,2026-03-13T18:30:00+00:00,23384.8,23429.9,23381.0,23426.1,1993
1773427500000,2026-03-13T18:45:00+00:00,23426.0,23432.8,23410.9,23421.0,1750
1773428400000,2026-03-13T19:00:00+00:00,23420.9,23420.9,23392.8,23401.9,1822
1773429300000,2026-03-13T19:15:00+00:00,23402.7,23411.3,23363.0,23369.7,1757
1773430200000,2026-03-13T19:30:00+00:00,23369.9,23386.6,23347.6,23356.6,1822
1773431100000,2026-03-13T19:45:00+00:00,23357.3,23383.1,23344.2,23383.1,1664
1773432000000,2026-03-13T20:00:00+00:00,23383.3,23390.0,23363.2,23365.8,998
1773432900000,2026-03-13T20:15:00+00:00,23365.2,23375.7,23362.0,23365.2,604
1773433800000,2026-03-13T20:30:00+00:00,23369.7,23371.4,23360.7,23361.7,422
1773434700000,2026-03-13T20:45:00+00:00,23362.0,23368.9,23355.1,23356.2,444
1773620100000,2026-03-16T00:15:00+00:00,23472.8,23550.6,23472.8,23499.3,858
1773621000000,2026-03-16T00:30:00+00:00,23495.8,23519.5,23493.8,23510.8,544
1773621900000,2026-03-16T00:45:00+00:00,23511.2,23539.4,23507.3,23532.3,848
1773622800000,2026-03-16T01:00:00+00:00,23532.5,23549.8,23508.3,23511.5,1052
1773623700000,2026-03-16T01:15:00+00:00,23511.8,23531.3,23477.3,23477.3,964
1773624600000,2026-03-16T01:30:00+00:00,23476.5,23478.8,23444.7,23466.5,1306
1773625500000,2026-03-16T01:45:00+00:00,23466.3,23491.9,23466.2,23484.8,996
1773626400000,2026-03-16T02:00:00+00:00,23484.3,23487.7,23454.5,23462.0,894
1773627300000,2026-03-16T02:15:00+00:00,23462.1,23472.6,23441.2,23446.7,786
1773628200000,2026-03-16T02:30:00+00:00,23447.1,23450.1,23434.0,23439.2,746
1773629100000,2026-03-16T02:45:00+00:00,23438.9,23453.6,23432.5,23449.8,546
1773630000000,2026-03-16T03:00:00+00:00,23450.2,23454.8,23443.3,23445.2,502
1773630900000,2026-03-16T03:15:00+00:00,23446.6,23471.4,23440.8,23470.3,402
1773631800000,2026-03-16T03:30:00+00:00,23472.0,23510.3,23472.0,23507.1,654
1773632700000,2026-03-16T03:45:00+00:00,23507.3,23527.4,23507.3,23524.6,620
1773633600000,2026-03-16T04:00:00+00:00,23521.3,23524.1,23510.8,23510.8,440
1773634500000,2026-03-16T04:15:00+00:00,23511.7,23521.9,23506.8,23509.3,490
1773635400000,2026-03-16T04:30:00+00:00,23509.5,23509.9,23489.6,23489.7,298
1773636300000,2026-03-16T04:45:00+00:00,23489.5,23497.8,23465.2,23466.5,454
1773637200000,2026-03-16T05:00:00+00:00,23466.8,23490.1,23458.3,23489.7,692
1773638100000,2026-03-16T05:15:00+00:00,23489.4,23493.0,23467.7,23472.5,466
1773639000000,2026-03-16T05:30:00+00:00,23472.8,23494.7,23457.7,23493.3,560
1773639900000,2026-03-16T05:45:00+00:00,23494.4,23527.5,23494.0,23519.5,612
1773640800000,2026-03-16T06:00:00+00:00,23518.8,23535.0,23518.8,23530.8,760
1773641700000,2026-03-16T06:15:00+00:00,23530.3,23532.3,23504.8,23508.5,554
1773642600000,2026-03-16T06:30:00+00:00,23508.7,23524.2,23508.6,23517.8,622
1773643500000,2026-03-16T06:45:00+00:00,23517.7,23556.7,23513.4,23550.2,632
1773644400000,2026-03-16T07:00:00+00:00,23550.9,23551.2,23515.4,23515.4,1416
1773645300000,2026-03-16T07:15:00+00:00,23515.9,23515.9,23480.3,23484.9,1283
1773646200000,2026-03-16T07:30:00+00:00,23485.0,23490.4,23444.8,23469.9,1501
1773647100000,2026-03-16T07:45:00+00:00,23470.5,23482.7,23438.8,23443.7,1578
1773648000000,2026-03-16T08:00:00+00:00,23444.4,23495.7,23426.6,23431.6,3014
1773648900000,2026-03-16T08:15:00+00:00,23429.9,23456.3,23399.8,23426.7,2816
1773649800000,2026-03-16T08:30:00+00:00,23426.4,23451.4,23387.9,23390.4,2566
1773650700000,2026-03-16T08:45:00+00:00,23393.8,23451.1,23379.6,23420.4,2502
1773651600000,2026-03-16T09:00:00+00:00,23420.9,23447.5,23363.6,23436.6,2524
1773652500000,2026-03-16T09:15:00+00:00,23435.1,23437.5,23353.0,23380.0,2356
1773653400000,2026-03-16T09:30:00+00:00,23379.6,23379.6,23324.0,23340.0,2438
1773654300000,2026-03-16T09:45:00+00:00,23339.8,23390.1,23320.7,23331.2,2390
1773655200000,2026-03-16T10:00:00+00:00,23330.4,23371.5,23323.6,23362.3,2451
1773656100000,2026-03-16T10:15:00+00:00,23362.4,23439.8,23351.6,23424.5,2402
1773657000000,2026-03-16T10:30:00+00:00,23426.6,23456.6,23413.4,23440.5,2240
1773657900000,2026-03-16T10:45:00+00:00,23440.1,23487.4,23434.6,23486.5,2122
1773658800000,2026-03-16T11:00:00+00:00,23486.9,23506.4,23474.5,23492.8,2074
1773659700000,2026-03-16T11:15:00+00:00,23491.8,23510.2,23479.9,23481.6,2138
1773660600000,2026-03-16T11:30:00+00:00,23482.6,23518.0,23461.4,23513.5,2032
1773661500000,2026-03-16T11:45:00+00:00,23514.6,23530.9,23501.6,23528.1,1876
1773662400000,2026-03-16T12:00:00+00:00,23528.5,23583.3,23524.4,23571.7,2011
1773663300000,2026-03-16T12:15:00+00:00,23572.9,23576.4,23548.1,23565.1,1804
1773664200000,2026-03-16T12:30:00+00:00,23562.3,23599.7,23561.6,23596.1,2060
1773665100000,2026-03-16T12:45:00+00:00,23595.8,23611.6,23557.0,23562.9,2260
1773666000000,2026-03-16T13:00:00+00:00,23567.9,23597.3,23564.9,23582.4,2074
1773666900000,2026-03-16T13:15:00+00:00,23583.8,23604.6,23574.6,23593.5,2004
1773667800000,2026-03-16T13:30:00+00:00,23593.4,23639.6,23577.9,23637.9,2832
1773668700000,2026-03-16T13:45:00+00:00,23635.7,23667.6,23618.1,23666.8,2636
1773669600000,2026-03-16T14:00:00+00:00,23666.7,23691.5,23644.9,23660.5,2728
1773670500000,2026-03-16T14:15:00+00:00,23660.4,23664.5,23620.5,23620.6,2600
1773671400000,2026-03-16T14:30:00+00:00,23620.4,23624.1,23554.9,23577.2,2859
1773672300000,2026-03-16T14:45:00+00:00,23576.7,23642.4,23569.9,23640.3,2580
1773673200000,2026-03-16T15:00:00+00:00,23640.7,23646.3,23610.3,23635.3,2668
1773674100000,2026-03-16T15:15:00+00:00,23637.5,23662.2,23624.0,23656.6,2332
1773675000000,2026-03-16T15:30:00+00:00,23656.9,23683.6,23654.8,23666.2,2200
1773675900000,2026-03-16T15:45:00+00:00,23666.6,23676.6,23604.9,23604.9,2392
1773676800000,2026-03-16T16:00:00+00:00,23606.0,23612.3,23574.2,23600.9,2582
1773677700000,2026-03-16T16:15:00+00:00,23601.8,23628.2,23550.7,23554.3,2708
1773678600000,2026-03-16T16:30:00+00:00,23552.6,23606.9,23547.4,23589.1,2666
1773679500000,2026-03-16T16:45:00+00:00,23588.5,23592.0,23558.8,23560.5,2300
1773680400000,2026-03-16T17:00:00+00:00,23562.3,23604.9,23559.7,23592.7,2345
1773681300000,2026-03-16T17:15:00+00:00,23594.0,23609.2,23575.5,23596.5,1934
1773682200000,2026-03-16T17:30:00+00:00,23598.1,23612.4,23568.3,23569.5,1913
1773683100000,2026-03-16T17:45:00+00:00,23569.7,23588.3,23548.1,23570.5,1930
1773684000000,2026-03-16T18:00:00+00:00,23570.6,23613.8,23569.7,23596.9,1812
1773684900000,2026-03-16T18:15:00+00:00,23597.2,23622.1,23594.7,23610.7,1762
1773685800000,2026-03-16T18:30:00+00:00,23610.0,23614.6,23597.8,23610.2,1290
1773686700000,2026-03-16T18:45:00+00:00,23611.0,23618.9,23604.9,23611.1,1262
1773687600000,2026-03-16T19:00:00+00:00,23610.3,23661.3,23599.8,23617.0,1934
1773688500000,2026-03-16T19:15:00+00:00,23615.8,23632.8,23597.1,23610.9,1950
1773689400000,2026-03-16T19:30:00+00:00,23610.1,23623.5,23587.4,23591.9,1632
1773690300000,2026-03-16T19:45:00+00:00,23591.7,23633.7,23584.4,23626.9,1766
1773691200000,2026-03-16T20:00:00+00:00,23627.2,23631.4,23614.4,23619.5,894
1773692100000,2026-03-16T20:15:00+00:00,23619.3,23619.3,23600.8,23602.3,622
1773693000000,2026-03-16T20:30:00+00:00,23604.2,23613.5,23598.2,23603.9,552
1773693900000,2026-03-16T20:45:00+00:00,23605.5,23614.8,23599.0,23607.5,542
1773706500000,2026-03-17T00:15:00+00:00,23588.8,23596.1,23541.6,23546.8,746
1773707400000,2026-03-17T00:30:00+00:00,23547.8,23561.6,23538.5,23541.6,580
1773708300000,2026-03-17T00:45:00+00:00,23540.8,23545.3,23517.3,23531.3,730
1773709200000,2026-03-17T01:00:00+00:00,23530.3,23548.1,23524.5,23543.0,888
1773710100000,2026-03-17T01:15:00+00:00,23543.6,23557.5,23540.3,23557.0,796
1773711000000,2026-03-17T01:30:00+00:00,23557.2,23580.2,23537.8,23543.5,850
1773711900000,2026-03-17T01:45:00+00:00,23543.3,23570.3,23534.7,23563.4,696
1773712800000,2026-03-17T02:00:00+00:00,23563.8,23566.1,23553.6,23562.4,508
1773713700000,2026-03-17T02:15:00+00:00,23562.8,23564.4,23549.5,23557.3,546
1773714600000,2026-03-17T02:30:00+00:00,23558.0,23569.0,23556.1,23562.7,592
1773715500000,2026-03-17T02:45:00+00:00,23562.5,23564.8,23540.6,23540.8,652
1773716400000,2026-03-17T03:00:00+00:00,23540.3,23551.3,23529.6,23551.1,626
1773717300000,2026-03-17T03:15:00+00:00,23551.3,23565.6,23551.3,23556.0,518
1773718200000,2026-03-17T03:30:00+00:00,23555.3,23561.8,23538.1,23542.0,740
1773719100000,2026-03-17T03:45:00+00:00,23541.8,23548.3,23530.0,23534.8,472
1773720000000,2026-03-17T04:00:00+00:00,23534.5,23535.7,23518.4,23529.0,456
1773720900000,2026-03-17T04:15:00+00:00,23530.3,23536.5,23521.8,23535.1,376
1773721800000,2026-03-17T04:30:00+00:00,23535.4,23552.0,23535.4,23545.3,378
1773722700000,2026-03-17T04:45:00+00:00,23546.1,23560.5,23545.3,23550.0,374
1773723600000,2026-03-17T05:00:00+00:00,23549.5,23552.1,23535.5,23547.7,466
1773724500000,2026-03-17T05:15:00+00:00,23547.6,23552.0,23539.5,23541.6,412
1773725400000,2026-03-17T05:30:00+00:00,23541.8,23545.3,23514.5,23515.5,564
1773726300000,2026-03-17T05:45:00+00:00,23516.4,23517.4,23431.1,23432.3,802
1773727200000,2026-03-17T06:00:00+00:00,23432.5,23437.1,23399.8,23415.5,1468
1773728100000,2026-03-17T06:15:00+00:00,23414.3,23437.8,23399.8,23431.6,1198
1773729000000,2026-03-17T06:30:00+00:00,23429.6,23454.0,23414.5,23450.2,922
1773729900000,2026-03-17T06:45:00+00:00,23450.3,23450.3,23425.1,23443.8,778
1773730800000,2026-03-17T07:00:00+00:00,23439.5,23483.0,23425.5,23458.3,1590
1773731700000,2026-03-17T07:15:00+00:00,23457.3,23523.5,23455.2,23494.0,1288
1773732600000,2026-03-17T07:30:00+00:00,23493.8,23523.7,23492.7,23502.9,1110
1773733500000,2026-03-17T07:45:00+00:00,23501.2,23504.6,23473.1,23489.8,1348
1773734400000,2026-03-17T08:00:00+00:00,23488.9,23523.8,23468.9,23478.7,2888
1773735300000,2026-03-17T08:15:00+00:00,23478.6,23521.0,23466.7,23468.4,2714
1773736200000,2026-03-17T08:30:00+00:00,23469.9,23539.9,23455.7,23531.3,2565
1773737100000,2026-03-17T08:45:00+00:00,23530.4,23540.0,23447.9,23493.7,2396
1773738000000,2026-03-17T09:00:00+00:00,23493.6,23547.9,23493.6,23517.3,2342
1773738900000,2026-03-17T09:15:00+00:00,23517.8,23605.5,23515.6,23604.4,2313
1773739800000,2026-03-17T09:30:00+00:00,23604.5,23640.3,23598.3,23635.2,2440
1773740700000,2026-03-17T09:45:00+00:00,23634.7,23644.2,23603.5,23626.7,1952
1773741600000,2026-03-17T10:00:00+00:00,23627.0,23627.0,23559.6,23575.6,2044
1773742500000,2026-03-17T10:15:00+00:00,23575.4,23580.9,23521.6,23540.7,2242
1773743400000,2026-03-17T10:30:00+00:00,23540.0,23584.9,23538.3,23573.2,2194
1773744300000,2026-03-17T10:45:00+00:00,23571.9,23587.7,23544.3,23584.3,2050
1773745200000,2026-03-17T11:00:00+00:00,23585.9,23609.3,23585.0,23595.3,2060
1773746100000,2026-03-17T11:15:00+00:00,23595.5,23629.4,23595.5,23611.8,1950
1773747000000,2026-03-17T11:30:00+00:00,23607.6,23621.5,23582.1,23617.4,2006
1773747900000,2026-03-17T11:45:00+00:00,23616.7,23623.6,23585.9,23588.5,1920
1773748800000,2026-03-17T12:00:00+00:00,23585.6,23666.3,23584.8,23659.5,2054
1773749700000,2026-03-17T12:15:00+00:00,23660.5,23680.4,23654.7,23678.9,1927
1773750600000,2026-03-17T12:30:00+00:00,23678.6,23694.9,23641.6,23650.1,1941
1773751500000,2026-03-17T12:45:00+00:00,23649.3,23674.0,23641.7,23673.4,1893
1773752400000,2026-03-17T13:00:00+00:00,23672.8,23721.9,23670.1,23714.4,2053
1773753300000,2026-03-17T13:15:00+00:00,23715.9,23741.5,23708.7,23734.3,1905
1773754200000,2026-03-17T13:30:00+00:00,23733.5,23781.3,23731.6,23752.7,2692
1773755100000,2026-03-17T13:45:00+00:00,23750.9,23773.3,23738.4,23745.0,2472
1773756000000,2026-03-17T14:00:00+00:00,23745.4,23773.7,23726.1,23728.1,2624
1773756900000,2026-03-17T14:15:00+00:00,23726.3,23752.5,23710.5,23722.5,2656
1773757800000,2026-03-17T14:30:00+00:00,23723.9,23773.0,23713.7,23770.5,2492
1773758700000,2026-03-17T14:45:00+00:00,23770.9,23806.8,23769.7,23804.2,2268
1773759600000,2026-03-17T15:00:00+00:00,23803.7,23812.0,23736.8,23749.6,2600
1773760500000,2026-03-17T15:15:00+00:00,23748.9,23775.6,23735.2,23738.7,2724
1773761400000,2026-03-17T15:30:00+00:00,23738.5,23743.6,23688.0,23728.1,2786
1773762300000,2026-03-17T15:45:00+00:00,23726.9,23749.2,23717.5,23730.3,2546
1773763200000,2026-03-17T16:00:00+00:00,23730.2,23732.6,23669.9,23698.4,2710
1773764100000,2026-03-17T16:15:00+00:00,23697.9,23725.2,23690.6,23709.6,2781
1773765000000,2026-03-17T16:30:00+00:00,23709.3,23731.7,23686.3,23730.7,2746
1773765900000,2026-03-17T16:45:00+00:00,23730.9,23731.8,23688.4,23690.2,2268
1773766800000,2026-03-17T17:00:00+00:00,23689.1,23736.8,23688.6,23722.4,1980
1773767700000,2026-03-17T17:15:00+00:00,23721.6,23726.4,23710.3,23715.8,1910
1773768600000,2026-03-17T17:30:00+00:00,23713.0,23724.5,23698.5,23700.9,1816
1773769500000,2026-03-17T17:45:00+00:00,23702.1,23726.7,23696.9,23716.5,1801
1773770400000,2026-03-17T18:00:00+00:00,23719.5,23722.9,23697.7,23709.6,1510
1773771300000,2026-03-17T18:15:00+00:00,23708.8,23710.6,23663.1,23663.3,1624
1773772200000,2026-03-17T18:30:00+00:00,23663.1,23678.7,23662.1,23672.6,1690
1773773100000,2026-03-17T18:45:00+00:00,23672.7,23692.6,23672.2,23689.1,1468
1773774000000,2026-03-17T19:00:00+00:00,23689.5,23690.9,23672.1,23685.3,1450
1773774900000,2026-03-17T19:15:00+00:00,23685.4,23695.7,23676.0,23678.8,1350
1773775800000,2026-03-17T19:30:00+00:00,23678.7,23685.4,23666.0,23670.4,1364
1773776700000,2026-03-17T19:45:00+00:00,23671.2,23694.8,23671.2,23689.0,1684
1773777600000,2026-03-17T20:00:00+00:00,23690.4,23700.7,23688.6,23696.8,750
1773778500000,2026-03-17T20:15:00+00:00,23697.0,23698.2,23691.2,23691.8,472
1773779400000,2026-03-17T20:30:00+00:00,23692.3,23698.3,23692.0,23693.2,308
1773780300000,2026-03-17T20:45:00+00:00,23689.8,23691.9,23672.9,23684.0,652
1773792900000,2026-03-18T00:15:00+00:00,23702.0,23708.7,23694.0,23699.2,518
1773793800000,2026-03-18T00:30:00+00:00,23696.5,23707.7,23692.8,23706.0,418
1773794700000,2026-03-18T00:45:00+00:00,23705.7,23738.7,23705.7,23735.6,726
1773795600000,2026-03-18T01:00:00+00:00,23736.2,23764.0,23735.5,23761.8,652
1773796500000,2026-03-18T01:15:00+00:00,23762.0,23766.9,23753.2,23754.0,558
1773797400000,2026-03-18T01:30:00+00:00,23753.1,23762.1,23749.4,23761.7,418
1773798300000,2026-03-18T01:45:00+00:00,23761.8,23761.8,23742.5,23751.3,354
1773799200000,2026-03-18T02:00:00+00:00,23750.4,23764.0,23744.8,23763.0,594
1773800100000,2026-03-18T02:15:00+00:00,23762.8,23774.5,23761.5,23772.2,470
1773801000000,2026-03-18T02:30:00+00:00,23773.3,23777.2,23768.5,23769.0,474
1773801900000,2026-03-18T02:45:00+00:00,23769.4,23777.6,23768.2,23769.2,406
1773802800000,2026-03-18T03:00:00+00:00,23770.0,23779.0,23768.9,23777.8,294
1773803700000,2026-03-18T03:15:00+00:00,23778.1,23785.7,23774.6,23781.7,286
1773804600000,2026-03-18T03:30:00+00:00,23780.9,23783.9,23778.3,23782.0,368
1773805500000,2026-03-18T03:45:00+00:00,23782.5,23811.6,23782.5,23802.6,454
1773806400000,2026-03-18T04:00:00+00:00,23802.9,23824.1,23802.9,23822.5,410
1773807300000,2026-03-18T04:15:00+00:00,23822.3,23826.2,23813.6,23814.5,366
1773808200000,2026-03-18T04:30:00+00:00,23814.8,23819.6,23813.2,23817.9,294
1773809100000,2026-03-18T04:45:00+00:00,23817.6,23838.5,23817.6,23828.7,356
1773810000000,2026-03-18T05:00:00+00:00,23829.0,23833.5,23822.0,23827.2,394
1773810900000,2026-03-18T05:15:00+00:00,23826.8,23846.4,23826.6,23841.2,412
1773811800000,2026-03-18T05:30:00+00:00,23841.6,23863.7,23840.7,23859.2,470
1773812700000,2026-03-18T05:45:00+00:00,23859.0,23881.2,23857.7,23877.5,354
1773813600000,2026-03-18T06:00:00+00:00,23876.3,23900.0,23873.2,23879.7,570
1773814500000,2026-03-18T06:15:00+00:00,23881.0,23908.0,23871.8,23902.3,704
1773815400000,2026-03-18T06:30:00+00:00,23901.3,23909.5,23881.7,23903.7,890
1773816300000,2026-03-18T06:45:00+00:00,23902.1,23911.8,23893.8,23906.1,618
1773817200000,2026-03-18T07:00:00+00:00,23905.1,23922.0,23872.0,23876.9,1246
1773818100000,2026-03-18T07:15:00+00:00,23877.3,23887.0,23859.3,23875.6,950
1773819000000,2026-03-18T07:30:00+00:00,23876.8,23881.1,23845.3,23849.5,1120
1773819900000,2026-03-18T07:45:00+00:00,23849.8,23849.8,23815.1,23835.2,1406
1773820800000,2026-03-18T08:00:00+00:00,23830.1,23875.5,23795.2,23870.6,2822
1773821700000,2026-03-18T08:15:00+00:00,23869.3,23883.0,23818.4,23819.0,2398
1773822600000,2026-03-18T08:30:00+00:00,23821.4,23841.7,23804.4,23832.7,2548
1773823500000,2026-03-18T08:45:00+00:00,23831.9,23870.7,23815.2,23867.5,2254
1773824400000,2026-03-18T09:00:00+00:00,23868.5,23889.8,23845.4,23850.6,2340
1773825300000,2026-03-18T09:15:00+00:00,23850.8,23894.0,23847.2,23889.4,2058
1773826200000,2026-03-18T09:30:00+00:00,23891.9,23925.6,23880.3,23924.3,1814
1773827100000,2026-03-18T09:45:00+00:00,23925.0,23931.4,23892.7,23899.6,1806
1773828000000,2026-03-18T10:00:00+00:00,23898.7,23936.3,23898.1,23918.4,1806
1773828900000,2026-03-18T10:15:00+00:00,23918.0,23948.8,23907.6,23920.8,1805
1773829800000,2026-03-18T10:30:00+00:00,23921.1,23937.1,23904.8,23906.2,1774
1773830700000,2026-03-18T10:45:00+00:00,23905.8,23910.2,23886.6,23889.4,1852
1773831600000,2026-03-18T11:00:00+00:00,23888.1,23924.4,23880.0,23921.9,1888
1773832500000,2026-03-18T11:15:00+00:00,23921.5,23943.4,23830.3,23833.7,2159
1773833400000,2026-03-18T11:30:00+00:00,23832.1,23879.5,23824.4,23864.9,2526
1773834300000,2026-03-18T11:45:00+00:00,23864.4,23868.5,23834.6,23836.7,2246
1773835200000,2026-03-18T12:00:00+00:00,23837.4,23844.4,23755.8,23786.8,2632
1773836100000,2026-03-18T12:15:00+00:00,23787.1,23787.5,23686.5,23742.0,2388
1773837000000,2026-03-18T12:30:00+00:00,23742.3,23742.3,23626.7,23646.9,2658
1773837900000,2026-03-18T12:45:00+00:00,23648.4,23652.4,23586.3,23598.1,3110
1773838800000,2026-03-18T13:00:00+00:00,23599.5,23630.5,23571.5,23573.3,3022
1773839700000,2026-03-18T13:15:00+00:00,23574.0,23650.2,23545.6,23625.0,2852
1773840600000,2026-03-18T13:30:00+00:00,23625.1,23661.1,23603.7,23620.8,3164
1773841500000,2026-03-18T13:45:00+00:00,23618.1,23645.0,23567.5,23593.8,2968
1773842400000,2026-03-18T14:00:00+00:00,23593.5,23640.4,23549.3,23555.0,3142
1773843300000,2026-03-18T14:15:00+00:00,23554.1,23570.3,23511.6,23528.3,3058
1773844200000,2026-03-18T14:30:00+00:00,23528.4,23554.5,23466.2,23477.5,2994
1773845100000,2026-03-18T14:45:00+00:00,23477.6,23500.7,23439.5,23500.3,2980
1773846000000,2026-03-18T15:00:00+00:00,23500.0,23567.0,23495.2,23545.6,2896
1773846900000,2026-03-18T15:15:00+00:00,23545.9,23555.4,23483.5,23523.9,2814
1773847800000,2026-03-18T15:30:00+00:00,23523.7,23541.3,23478.7,23501.3,2682
1773848700000,2026-03-18T15:45:00+00:00,23499.3,23516.6,23471.8,23498.8,2786
1773849600000,2026-03-18T16:00:00+00:00,23499.7,23519.1,23472.6,23511.2,2646
1773850500000,2026-03-18T16:15:00+00:00,23511.6,23536.5,23487.2,23517.8,2488
1773851400000,2026-03-18T16:30:00+00:00,23517.2,23524.6,23478.9,23483.4,2630
1773852300000,2026-03-18T16:45:00+00:00,23483.3,23513.2,23478.1,23493.5,2182
1773853200000,2026-03-18T17:00:00+00:00,23493.1,23498.5,23459.8,23469.6,2272
1773854100000,2026-03-18T17:15:00+00:00,23469.9,23506.6,23467.7,23486.5,2084
1773855000000,2026-03-18T17:30:00+00:00,23485.2,23509.3,23474.0,23501.8,2068
1773855900000,2026-03-18T17:45:00+00:00,23502.1,23529.8,23501.5,23517.5,1914
1773856800000,2026-03-18T18:00:00+00:00,23511.5,23538.2,23500.4,23510.0,2246
1773857700000,2026-03-18T18:15:00+00:00,23509.5,23509.5,23453.6,23473.2,2468
1773858600000,2026-03-18T18:30:00+00:00,23471.3,23485.1,23404.1,23438.2,2794
1773859500000,2026-03-18T18:45:00+00:00,23437.8,23445.7,23376.5,23377.2,2404
1773860400000,2026-03-18T19:00:00+00:00,23378.2,23397.2,23354.5,23381.5,2388
1773861300000,2026-03-18T19:15:00+00:00,23382.9,23384.5,23305.7,23322.0,2074
1773862200000,2026-03-18T19:30:00+00:00,23315.7,23327.1,23252.4,23265.1,2232
1773863100000,2026-03-18T19:45:00+00:00,23265.3,23277.5,23227.9,23247.6,2284
1773864000000,2026-03-18T20:00:00+00:00,23246.7,23256.2,23205.3,23207.1,1468
1773864900000,2026-03-18T20:15:00+00:00,23207.2,23207.2,23117.4,23134.5,1514
1773865800000,2026-03-18T20:30:00+00:00,23134.7,23161.6,23109.7,23158.3,1164
1773866700000,2026-03-18T20:45:00+00:00,23157.8,23164.0,23126.4,23136.5,958
1773879300000,2026-03-19T00:15:00+00:00,23157.8,23167.4,23108.6,23139.9,940
1773880200000,2026-03-19T00:30:00+00:00,23140.9,23155.9,23077.9,23077.9,572
1773881100000,2026-03-19T00:45:00+00:00,23078.1,23125.5,23075.6,23119.6,610
1773882000000,2026-03-19T01:00:00+00:00,23120.1,23129.9,23106.9,23118.0,584
1773882900000,2026-03-19T01:15:00+00:00,23118.6,23183.0,23117.1,23181.4,584
1773883800000,2026-03-19T01:30:00+00:00,23182.8,23197.8,23171.8,23182.2,758
1773884700000,2026-03-19T01:45:00+00:00,23182.3,23200.3,23169.3,23172.3,666
1773885600000,2026-03-19T02:00:00+00:00,23172.7,23240.1,23149.8,23229.2,938
1773886500000,2026-03-19T02:15:00+00:00,23229.4,23246.5,23217.0,23241.5,620
1773887400000,2026-03-19T02:30:00+00:00,23242.8,23261.2,23237.4,23240.5,570
1773888300000,2026-03-19T02:45:00+00:00,23239.3,23240.6,23223.4,23230.0,464
1773889200000,2026-03-19T03:00:00+00:00,23232.6,23240.4,23223.8,23237.9,434
1773890100000,2026-03-19T03:15:00+00:00,23239.2,23239.8,23218.7,23227.2,286
1773891000000,2026-03-19T03:30:00+00:00,23227.4,23236.9,23212.5,23235.5,410
1773891900000,2026-03-19T03:45:00+00:00,23235.7,23246.4,23214.9,23214.9,416
1773892800000,2026-03-19T04:00:00+00:00,23213.7,23213.7,23163.9,23170.7,478
1773893700000,2026-03-19T04:15:00+00:00,23171.4,23172.9,23128.3,23136.9,434
1773894600000,2026-03-19T04:30:00+00:00,23135.6,23144.5,23099.7,23109.5,398
1773895500000,2026-03-19T04:45:00+00:00,23109.4,23113.1,23083.1,23112.5,482
1773896400000,2026-03-19T05:00:00+00:00,23113.8,23124.4,23095.4,23111.1,436
1773897300000,2026-03-19T05:15:00+00:00,23110.8,23130.4,23106.5,23106.5,358
1773898200000,2026-03-19T05:30:00+00:00,23106.3,23107.3,23045.9,23049.6,389
1773899100000,2026-03-19T05:45:00+00:00,23050.7,23066.5,23046.4,23047.8,618
1773900000000,2026-03-19T06:00:00+00:00,23048.5,23094.4,23048.1,23093.7,562
1773900900000,2026-03-19T06:15:00+00:00,23091.7,23131.2,23088.4,23090.9,631
1773901800000,2026-03-19T06:30:00+00:00,23091.3,23128.8,23078.7,23124.1,504
1773902700000,2026-03-19T06:45:00+00:00,23126.4,23126.8,23054.8,23084.0,635
1773903600000,2026-03-19T07:00:00+00:00,23077.4,23103.2,23017.8,23074.2,1427
1773904500000,2026-03-19T07:15:00+00:00,23075.7,23156.2,23070.9,23134.6,1617
1773905400000,2026-03-19T07:30:00+00:00,23134.8,23142.6,23078.5,23089.2,1721
1773906300000,2026-03-19T07:45:00+00:00,23090.7,23130.0,23080.1,23113.9,1786
1773907200000,2026-03-19T08:00:00+00:00,23119.4,23177.4,23102.4,23152.5,2842
1773908100000,2026-03-19T08:15:00+00:00,23154.5,23164.7,22985.7,23021.5,2765
1773909000000,2026-03-19T08:30:00+00:00,23024.5,23058.2,22929.2,22930.7,2958
1773909900000,2026-03-19T08:45:00+00:00,22931.0,22981.9,22912.8,22950.7,2889
1773910800000,2026-03-19T09:00:00+00:00,22953.3,23024.2,22952.4,23008.5,2904
1773911700000,2026-03-19T09:15:00+00:00,23007.5,23034.3,22847.4,22891.0,2978
1773912600000,2026-03-19T09:30:00+00:00,22888.0,22961.4,22868.5,22909.8,2968
1773913500000,2026-03-19T09:45:00+00:00,22910.4,23046.7,22895.3,23023.4,2918
1773914400000,2026-03-19T10:00:00+00:00,23025.2,23026.1,22960.4,22968.2,2630
1773915300000,2026-03-19T10:15:00+00:00,22970.3,22972.9,22933.6,22950.9,2450
1773916200000,2026-03-19T10:30:00+00:00,22950.7,22967.6,22910.4,22931.9,2454
1773917100000,2026-03-19T10:45:00+00:00,22931.2,22954.1,22905.4,22921.3,2326
1773918000000,2026-03-19T11:00:00+00:00,22926.5,22952.4,22902.4,22928.7,2440
1773918900000,2026-03-19T11:15:00+00:00,22926.4,22933.3,22877.3,22912.7,2394
1773919800000,2026-03-19T11:30:00+00:00,22913.7,22933.6,22875.7,22893.7,2338
1773920700000,2026-03-19T11:45:00+00:00,22893.8,22958.5,22883.0,22938.9,2100
1773921600000,2026-03-19T12:00:00+00:00,22939.0,22954.2,22867.1,22886.1,2238
1773922500000,2026-03-19T12:15:00+00:00,22885.8,22896.9,22809.2,22819.4,2101
1773923400000,2026-03-19T12:30:00+00:00,22818.9,22851.9,22782.2,22844.3,2547
1773924300000,2026-03-19T12:45:00+00:00,22849.4,22849.4,22778.1,22812.2,2694
1773925200000,2026-03-19T13:00:00+00:00,22815.9,22821.8,22765.9,22776.2,2429
1773926100000,2026-03-19T13:15:00+00:00,22773.5,22887.9,22747.7,22778.9,2768
1773927000000,2026-03-19T13:30:00+00:00,22780.2,22875.2,22765.9,22870.0,3506
1773927900000,2026-03-19T13:45:00+00:00,22869.1,22966.4,22841.8,22949.0,3122
1773928800000,2026-03-19T14:00:00+00:00,22947.7,22992.9,22925.4,22938.6,3096
1773929700000,2026-03-19T14:15:00+00:00,22939.2,22951.5,22846.7,22868.2,3086
1773930600000,2026-03-19T14:30:00+00:00,22868.6,22934.7,22856.4,22912.7,3166
1773931500000,2026-03-19T14:45:00+00:00,22914.1,22923.9,22864.0,22865.7,3014
1773932400000,2026-03-19T15:00:00+00:00,22868.3,22973.2,22866.9,22953.9,2978
1773933300000,2026-03-19T15:15:00+00:00,22954.9,22985.7,22862.7,22888.8,2928
1773934200000,2026-03-19T15:30:00+00:00,22888.5,22891.5,22838.9,22858.3,2794
1773935100000,2026-03-19T15:45:00+00:00,22859.9,22934.9,22841.6,22915.8,2990
1773936000000,2026-03-19T16:00:00+00:00,22912.8,22968.9,22877.2,22894.7,2800
1773936900000,2026-03-19T16:15:00+00:00,22895.4,22909.3,22827.5,22838.1,3004
1773937800000,2026-03-19T16:30:00+00:00,22840.6,22866.8,22808.2,22841.7,2870
1773938700000,2026-03-19T16:45:00+00:00,22842.4,22847.7,22771.7,22799.4,2310
1773939600000,2026-03-19T17:00:00+00:00,22803.2,22806.7,22713.9,22727.3,1774
1773940500000,2026-03-19T17:15:00+00:00,22729.0,22822.4,22715.0,22816.9,2080
1773941400000,2026-03-19T17:30:00+00:00,22817.6,22827.7,22776.6,22786.8,2120
1773942300000,2026-03-19T17:45:00+00:00,22787.4,22803.2,22772.1,22784.8,1922
1773943200000,2026-03-19T18:00:00+00:00,22784.7,22834.7,22760.6,22832.4,1542
1773944100000,2026-03-19T18:15:00+00:00,22832.6,22844.7,22787.9,22787.9,1132
1773945000000,2026-03-19T18:30:00+00:00,22789.0,22789.0,22753.3,22771.6,1206
1773945900000,2026-03-19T18:45:00+00:00,22771.5,22848.8,22763.2,22840.1,1174
1773946800000,2026-03-19T19:00:00+00:00,22839.6,23082.6,22836.7,23066.0,2108
1773947700000,2026-03-19T19:15:00+00:00,23065.4,23117.9,22968.3,22995.0,1758
1773948600000,2026-03-19T19:30:00+00:00,22997.9,23035.4,22954.3,23034.4,1314
1773949500000,2026-03-19T19:45:00+00:00,23034.6,23035.1,22966.5,22983.4,1174
1773950400000,2026-03-19T20:00:00+00:00,22983.7,23025.9,22970.0,23025.9,548
1773951300000,2026-03-19T20:15:00+00:00,23026.1,23036.2,23006.4,23015.2,446
1773952200000,2026-03-19T20:30:00+00:00,23013.4,23020.3,22992.6,23018.2,406
1773953100000,2026-03-19T20:45:00+00:00,23019.7,23031.0,22982.6,22990.7,572
1773965700000,2026-03-20T00:15:00+00:00,23027.8,23049.5,22990.7,23001.5,744
1773966600000,2026-03-20T00:30:00+00:00,23000.3,23014.7,22983.6,22999.2,540
1773967500000,2026-03-20T00:45:00+00:00,23001.0,23006.1,22986.6,22997.8,598
1773968400000,2026-03-20T01:00:00+00:00,22997.3,23029.3,22987.0,23023.7,862
1773969300000,2026-03-20T01:15:00+00:00,23024.2,23028.1,23000.5,23027.6,970
1773970200000,2026-03-20T01:30:00+00:00,23028.8,23059.5,23028.8,23054.0,948
1773971100000,2026-03-20T01:45:00+00:00,23055.0,23069.8,23017.7,23032.0,674
1773972000000,2026-03-20T02:00:00+00:00,23035.0,23035.7,23017.7,23024.2,714
1773972900000,2026-03-20T02:15:00+00:00,23024.1,23032.0,23013.2,23019.7,696
1773973800000,2026-03-20T02:30:00+00:00,23020.3,23033.2,23009.2,23017.5,754
1773974700000,2026-03-20T02:45:00+00:00,23018.2,23028.7,23010.7,23011.0,640
1773975600000,2026-03-20T03:00:00+00:00,23013.2,23013.2,22983.5,23002.5,704
1773976500000,2026-03-20T03:15:00+00:00,23004.8,23009.5,22988.8,22995.5,354
1773977400000,2026-03-20T03:30:00+00:00,23003.0,23017.5,22995.5,22998.0,572
1773978300000,2026-03-20T03:45:00+00:00,22998.3,23003.0,22980.5,22990.7,500
1773979200000,2026-03-20T04:00:00+00:00,22991.0,23004.2,22985.3,22991.2,448
1773980100000,2026-03-20T04:15:00+00:00,22991.6,22992.2,22978.5,22983.2,352
1773981000000,2026-03-20T04:30:00+00:00,22983.7,22987.0,22977.1,22978.3,334
1773981900000,2026-03-20T04:45:00+00:00,22978.8,22979.2,22961.0,22969.1,430
1773982800000,2026-03-20T05:00:00+00:00,22968.2,22968.3,22934.5,22949.7,792
1773983700000,2026-03-20T05:15:00+00:00,22951.2,22978.3,22948.7,22976.0,792
1773984600000,2026-03-20T05:30:00+00:00,22975.7,22983.5,22962.5,22978.7,700
1773985500000,2026-03-20T05:45:00+00:00,22979.4,22993.7,22976.0,22983.1,574
1773986400000,2026-03-20T06:00:00+00:00,22983.3,22999.5,22971.2,22977.2,674
1773987300000,2026-03-20T06:15:00+00:00,22977.5,22979.1,22946.0,22956.3,694
1773988200000,2026-03-20T06:30:00+00:00,22956.0,22975.1,22936.2,22949.7,768
1773989100000,2026-03-20T06:45:00+00:00,22949.0,22952.5,22921.7,22935.5,594
1773990000000,2026-03-20T07:00:00+00:00,22927.5,22927.5,22881.5,22919.1,1566
1773990900000,2026-03-20T07:15:00+00:00,22919.0,22997.7,22918.8,22991.2,1426
1773991800000,2026-03-20T07:30:00+00:00,22991.0,23041.0,22986.7,23036.0,1352
1773992700000,2026-03-20T07:45:00+00:00,23035.7,23054.5,23021.1,23047.7,1598
1773993600000,2026-03-20T08:00:00+00:00,23051.4,23153.7,23026.4,23150.8,2682
1773994500000,2026-03-20T08:15:00+00:00,23148.4,23156.5,23061.6,23062.7,2504
1773995400000,2026-03-20T08:30:00+00:00,23059.7,23115.2,23051.3,23057.6,2510
1773996300000,2026-03-20T08:45:00+00:00,23056.7,23086.3,23023.2,23033.0,2438
1773997200000,2026-03-20T09:00:00+00:00,23029.5,23043.4,22976.2,22978.2,2466
1773998100000,2026-03-20T09:15:00+00:00,22977.5,22978.3,22922.7,22933.5,2578
1773999000000,2026-03-20T09:30:00+00:00,22933.7,22973.8,22903.8,22931.0,2498
1773999900000,2026-03-20T09:45:00+00:00,22932.1,22932.1,22815.9,22855.8,2874
1774000800000,2026-03-20T10:00:00+00:00,22857.2,22863.2,22735.8,22753.2,2848
1774001700000,2026-03-20T10:15:00+00:00,22754.7,22769.0,22672.3,22725.8,2853
1774002600000,2026-03-20T10:30:00+00:00,22726.3,22799.6,22708.8,22776.2,2672
1774003500000,2026-03-20T10:45:00+00:00,22778.4,22782.5,22687.9,22716.9,2934
1774004400000,2026-03-20T11:00:00+00:00,22716.0,22854.4,22709.7,22817.3,2632
1774005300000,2026-03-20T11:15:00+00:00,22817.7,22880.4,22804.2,22818.2,2400
1774006200000,2026-03-20T11:30:00+00:00,22818.7,22870.2,22796.6,22854.9,2358
1774007100000,2026-03-20T11:45:00+00:00,22855.2,22894.7,22825.4,22884.2,2332
1774008000000,2026-03-20T12:00:00+00:00,22885.2,22901.1,22839.5,22859.2,2712
1774008900000,2026-03-20T12:15:00+00:00,22856.1,22886.2,22828.8,22883.9,2408
1774009800000,2026-03-20T12:30:00+00:00,22879.4,22897.0,22821.9,22868.4,2602
1774010700000,2026-03-20T12:45:00+00:00,22868.3,22910.9,22849.9,22884.3,2556
1774011600000,2026-03-20T13:00:00+00:00,22884.9,22896.4,22798.0,22826.4,2528
1774012500000,2026-03-20T13:15:00+00:00,22824.3,22844.8,22798.3,22807.7,2472
1774013400000,2026-03-20T13:30:00+00:00,22807.9,22817.7,22721.3,22789.4,3316
1774014300000,2026-03-20T13:45:00+00:00,22789.0,22805.2,22658.8,22666.7,3190
1774015200000,2026-03-20T14:00:00+00:00,22665.0,22671.5,22517.4,22527.1,3292
1774016100000,2026-03-20T14:15:00+00:00,22527.0,22558.2,22491.0,22498.9,3328
1774017000000,2026-03-20T14:30:00+00:00,22494.9,22546.7,22457.7,22473.6,3082
1774017900000,2026-03-20T14:45:00+00:00,22471.1,22492.6,22376.8,22415.0,2872
1774018800000,2026-03-20T15:00:00+00:00,22417.6,22475.5,22395.6,22453.9,2978
1774019700000,2026-03-20T15:15:00+00:00,22451.4,22502.9,22356.9,22369.9,3030
1774020600000,2026-03-20T15:30:00+00:00,22367.6,22443.9,22366.1,22414.7,3040
1774021500000,2026-03-20T15:45:00+00:00,22411.5,22445.0,22390.2,22409.6,2858
1774022400000,2026-03-20T16:00:00+00:00,22409.9,22466.9,22372.0,22388.8,2940
1774023300000,2026-03-20T16:15:00+00:00,22393.1,22413.6,22359.9,22369.0,2845
1774024200000,2026-03-20T16:30:00+00:00,22368.2,22378.0,22295.3,22312.3,3079
1774025100000,2026-03-20T16:45:00+00:00,22310.1,22323.2,22259.8,22305.2,2669
1774026000000,2026-03-20T17:00:00+00:00,22307.5,22338.2,22276.7,22288.3,2637
1774026900000,2026-03-20T17:15:00+00:00,22289.2,22328.3,22279.1,22297.1,2399
1774027800000,2026-03-20T17:30:00+00:00,22296.7,22312.0,22235.0,22256.6,2361
1774028700000,2026-03-20T17:45:00+00:00,22257.6,22289.5,22240.2,22282.5,2313
1774029600000,2026-03-20T18:00:00+00:00,22287.3,22293.3,22238.0,22241.0,2028
1774030500000,2026-03-20T18:15:00+00:00,22241.3,22250.2,22132.2,22172.0,2542
1774031400000,2026-03-20T18:30:00+00:00,22171.0,22184.1,22132.9,22138.8,2336
1774032300000,2026-03-20T18:45:00+00:00,22136.5,22156.5,22132.3,22151.8,2202
1774033200000,2026-03-20T19:00:00+00:00,22153.8,22178.1,22138.5,22156.6,2138
1774034100000,2026-03-20T19:15:00+00:00,22156.4,22172.3,22125.7,22134.8,2228
1774035000000,2026-03-20T19:30:00+00:00,22136.0,22144.0,22065.0,22135.0,2576
1774035900000,2026-03-20T19:45:00+00:00,22134.2,22182.8,22096.6,22160.2,2508
1774036800000,2026-03-20T20:00:00+00:00,22159.8,22205.2,22152.1,22199.6,1630
1774037700000,2026-03-20T20:15:00+00:00,22199.2,22206.8,22162.3,22171.1,918
1774038600000,2026-03-20T20:30:00+00:00,22169.0,22174.2,22160.1,22163.7,702
1774039500000,2026-03-20T20:45:00+00:00,22163.5,22205.5,22161.3,22195.2,758
1774224900000,2026-03-23T00:15:00+00:00,22012.3,22111.6,22012.3,22082.8,1310
1774225800000,2026-03-23T00:30:00+00:00,22080.8,22088.1,21977.6,22010.6,1442
1774226700000,2026-03-23T00:45:00+00:00,22007.9,22022.0,21963.6,21984.3,1572
1774227600000,2026-03-23T01:00:00+00:00,21985.3,22082.3,21968.1,22081.8,2076
1774228500000,2026-03-23T01:15:00+00:00,22081.9,22152.4,22079.8,22131.1,1714
1774229400000,2026-03-23T01:30:00+00:00,22131.6,22187.1,22112.6,22187.1,1730
1774230300000,2026-03-23T01:45:00+00:00,22185.8,22198.6,22153.1,22160.3,1620
1774231200000,2026-03-23T02:00:00+00:00,22160.9,22178.2,22124.6,22130.4,1476
1774232100000,2026-03-23T02:15:00+00:00,22128.7,22169.8,22120.8,22138.3,1472
1774233000000,2026-03-23T02:30:00+00:00,22137.1,22141.8,22088.8,22103.1,1176
1774233900000,2026-03-23T02:45:00+00:00,22102.8,22105.1,22071.1,22086.8,1130
1774234800000,2026-03-23T03:00:00+00:00,22087.9,22104.1,22050.8,22052.6,1084
1774235700000,2026-03-23T03:15:00+00:00,22054.6,22080.6,22048.6,22049.8,994
1774236600000,2026-03-23T03:30:00+00:00,22051.8,22059.8,22029.1,22041.6,1324
1774237500000,2026-03-23T03:45:00+00:00,22042.3,22055.6,22005.1,22013.4,1090
1774238400000,2026-03-23T04:00:00+00:00,22013.8,22027.4,21990.8,22026.3,1090
1774239300000,2026-03-23T04:15:00+00:00,22024.8,22039.4,22018.8,22034.9,878
1774240200000,2026-03-23T04:30:00+00:00,22035.6,22049.8,22029.2,22029.2,728
1774241100000,2026-03-23T04:45:00+00:00,22029.1,22056.1,22028.3,22056.1,758
1774242000000,2026-03-23T05:00:00+00:00,22059.3,22094.6,22049.6,22069.1,1314
1774242900000,2026-03-23T05:15:00+00:00,22068.1,22080.6,22045.4,22053.3,866
1774243800000,2026-03-23T05:30:00+00:00,22053.6,22071.5,22009.8,22037.8,1346
1774244700000,2026-03-23T05:45:00+00:00,22037.3,22038.6,21991.6,22033.3,1496
1774245600000,2026-03-23T06:00:00+00:00,22035.0,22040.1,21977.6,21997.6,1594
1774246500000,2026-03-23T06:15:00+00:00,21997.8,22010.2,21984.2,21993.8,1638
1774247400000,2026-03-23T06:30:00+00:00,21989.8,21998.3,21946.1,21947.6,1462
1774248300000,2026-03-23T06:45:00+00:00,21947.1,21960.3,21896.2,21919.3,1312
1774249200000,2026-03-23T07:00:00+00:00,21917.6,22000.8,21905.6,21983.6,2114
1774250100000,2026-03-23T07:15:00+00:00,21982.1,21990.3,21892.7,21907.4,2342
1774251000000,2026-03-23T07:30:00+00:00,21906.9,21944.1,21877.5,21917.1,2248
1774251900000,2026-03-23T07:45:00+00:00,21917.9,21936.2,21858.1,21879.3,2386
1774252800000,2026-03-23T08:00:00+00:00,21877.4,21994.0,21868.7,21975.5,3410
1774253700000,2026-03-23T08:15:00+00:00,21976.7,21978.3,21896.4,21899.9,3256
1774254600000,2026-03-23T08:30:00+00:00,21902.9,21987.6,21871.5,21896.0,3062
1774255500000,2026-03-23T08:45:00+00:00,21896.5,21986.5,21887.2,21954.9,3012
1774256400000,2026-03-23T09:00:00+00:00,21953.4,21979.0,21897.4,21953.5,2960
1774257300000,2026-03-23T09:15:00+00:00,21952.6,22029.5,21936.9,21991.6,2902
1774258200000,2026-03-23T09:30:00+00:00,21989.8,21995.9,21872.6,21903.4,2838
1774259100000,2026-03-23T09:45:00+00:00,21903.1,21958.1,21892.9,21912.1,2700
1774260000000,2026-03-23T10:00:00+00:00,21911.8,21961.8,21888.3,21913.1,2736
1774260900000,2026-03-23T10:15:00+00:00,21913.5,21918.5,21856.7,21863.7,2746
1774261800000,2026-03-23T10:30:00+00:00,21863.2,21943.7,21862.8,21909.2,2700
1774262700000,2026-03-23T10:45:00+00:00,21909.1,21955.9,21850.3,21906.6,2762
1774263600000,2026-03-23T11:00:00+00:00,21909.8,23068.1,21909.2,22442.3,1102
1774264500000,2026-03-23T11:15:00+00:00,22797.7,22841.3,22685.3,22816.8,352
1774265400000,2026-03-23T11:30:00+00:00,22809.3,23003.4,22708.2,22727.1,2830
1774266300000,2026-03-23T11:45:00+00:00,22727.0,22744.0,22599.5,22641.6,3432
1774267200000,2026-03-23T12:00:00+00:00,22638.4,22701.6,22561.0,22577.0,3394
1774268100000,2026-03-23T12:15:00+00:00,22571.1,22807.3,22566.1,22783.0,2986
1774269000000,2026-03-23T12:30:00+00:00,22785.0,22892.6,22653.1,22890.7,3338
1774269900000,2026-03-23T12:45:00+00:00,22890.4,22928.6,22831.9,22879.7,3286
1774270800000,2026-03-23T13:00:00+00:00,22884.0,22934.7,22812.3,22813.0,3152
1774271700000,2026-03-23T13:15:00+00:00,22814.4,22835.5,22724.0,22738.6,3086
1774272600000,2026-03-23T13:30:00+00:00,22737.9,22883.4,22677.4,22780.5,3460
1774273500000,2026-03-23T13:45:00+00:00,22780.0,22868.1,22779.2,22846.8,3332
1774274400000,2026-03-23T14:00:00+00:00,22848.4,22917.5,22837.4,22862.3,3244
1774275300000,2026-03-23T14:15:00+00:00,22863.0,23000.4,22856.1,22910.9,2978
1774276200000,2026-03-23T14:30:00+00:00,22911.4,22928.7,22804.3,22889.6,3176
1774277100000,2026-03-23T14:45:00+00:00,22890.6,22996.0,22864.3,22963.4,2952
1774278000000,2026-03-23T15:00:00+00:00,22964.8,23085.6,22959.9,23048.7,2850
1774278900000,2026-03-23T15:15:00+00:00,23049.9,23063.4,22953.1,22974.9,3068
1774279800000,2026-03-23T15:30:00+00:00,22971.9,22990.2,22864.6,22876.1,2908
1774280700000,2026-03-23T15:45:00+00:00,22873.6,22887.8,22657.8,22669.4,3134
1774281600000,2026-03-23T16:00:00+00:00,22666.6,22730.4,22653.8,22711.7,3216
1774282500000,2026-03-23T16:15:00+00:00,22710.1,22722.9,22589.0,22591.6,3046
1774283400000,2026-03-23T16:30:00+00:00,22588.6,22680.8,22575.9,22680.6,3126
1774284300000,2026-03-23T16:45:00+00:00,22680.3,22731.3,22661.3,22686.1,2702
1774285200000,2026-03-23T17:00:00+00:00,22689.8,22738.9,22662.7,22705.2,2638
1774286100000,2026-03-23T17:15:00+00:00,22705.8,22776.3,22682.1,22769.6,2572
1774287000000,2026-03-23T17:30:00+00:00,22773.8,22860.5,22771.5,22788.0,2478
1774287900000,2026-03-23T17:45:00+00:00,22788.5,22814.4,22751.3,22806.2,2174
1774288800000,2026-03-23T18:00:00+00:00,22806.1,22809.8,22717.4,22793.9,2306
1774289700000,2026-03-23T18:15:00+00:00,22793.1,22807.6,22773.7,22778.7,2100
1774290600000,2026-03-23T18:30:00+00:00,22779.8,22878.4,22779.8,22863.5,2238
1774291500000,2026-03-23T18:45:00+00:00,22862.7,22890.3,22840.5,22841.6,1846
1774292400000,2026-03-23T19:00:00+00:00,22841.1,22842.2,22812.1,22820.2,1788
1774293300000,2026-03-23T19:15:00+00:00,22818.1,22823.7,22758.3,22782.7,1766
1774294200000,2026-03-23T19:30:00+00:00,22782.4,22802.2,22768.7,22788.0,1734
1774295100000,2026-03-23T19:45:00+00:00,22788.1,22817.8,22719.7,22743.3,1924
1774296000000,2026-03-23T20:00:00+00:00,22739.8,22743.8,22710.8,22723.3,1314
1774296900000,2026-03-23T20:15:00+00:00,22723.9,22750.8,22722.1,22738.0,810
1774297800000,2026-03-23T20:30:00+00:00,22740.3,22784.1,22725.0,22781.4,676
1774298700000,2026-03-23T20:45:00+00:00,22780.2,22784.6,22769.3,22776.1,806
1774311300000,2026-03-24T00:15:00+00:00,22720.2,22732.5,22602.5,22657.7,1092
1774312200000,2026-03-24T00:30:00+00:00,22657.5,22672.3,22542.5,22568.0,1066
1774313100000,2026-03-24T00:45:00+00:00,22569.3,22593.0,22557.0,22564.9,1360
1774314000000,2026-03-24T01:00:00+00:00,22569.3,22572.5,22495.0,22502.8,1506
1774314900000,2026-03-24T01:15:00+00:00,22496.8,22543.0,22455.5,22526.7,1396
1774315800000,2026-03-24T01:30:00+00:00,22525.2,22525.2,22441.0,22445.0,1550
1774316700000,2026-03-24T01:45:00+00:00,22445.4,22451.4,22395.5,22443.9,1594
1774317600000,2026-03-24T02:00:00+00:00,22444.7,22447.2,22386.5,22408.6,1514
1774318500000,2026-03-24T02:15:00+00:00,22404.7,22481.0,22386.8,22460.1,1464
1774319400000,2026-03-24T02:30:00+00:00,22460.0,22494.3,22450.0,22488.7,1208
1774320300000,2026-03-24T02:45:00+00:00,22490.3,22499.3,22448.4,22452.7,1098
1774321200000,2026-03-24T03:00:00+00:00,22452.3,22458.2,22434.0,22449.5,828
1774322100000,2026-03-24T03:15:00+00:00,22451.2,22468.3,22438.8,22461.0,800
1774323000000,2026-03-24T03:30:00+00:00,22458.8,22462.5,22405.3,22451.6,1274
1774323900000,2026-03-24T03:45:00+00:00,22452.5,22472.8,22437.3,22472.8,1010
1774324800000,2026-03-24T04:00:00+00:00,22475.8,22488.7,22465.7,22479.9,924
1774325700000,2026-03-24T04:15:00+00:00,22477.7,22477.8,22437.5,22440.5,804
1774326600000,2026-03-24T04:30:00+00:00,22441.2,22446.9,22425.7,22430.8,674
1774327500000,2026-03-24T04:45:00+00:00,22431.0,22455.8,22428.0,22435.8,570
1774328400000,2026-03-24T05:00:00+00:00,22436.0,22440.7,22382.7,22419.7,1260
1774329300000,2026-03-24T05:15:00+00:00,22422.2,22472.8,22369.3,22369.5,1262
1774330200000,2026-03-24T05:30:00+00:00,22369.8,22454.5,22359.7,22440.3,1232
1774331100000,2026-03-24T05:45:00+00:00,22439.3,22451.5,22425.0,22438.3,964
1774332000000,2026-03-24T06:00:00+00:00,22438.0,22483.4,22427.5,22477.8,1192
1774332900000,2026-03-24T06:15:00+00:00,22477.7,22543.8,22475.2,22528.3,1132
1774333800000,2026-03-24T06:30:00+00:00,22525.8,22571.0,22522.3,22558.0,1322
1774334700000,2026-03-24T06:45:00+00:00,22556.3,22576.8,22514.2,22552.0,1172
1774335600000,2026-03-24T07:00:00+00:00,22552.7,22679.8,22548.5,22672.0,1974
1774336500000,2026-03-24T07:15:00+00:00,22670.8,22692.7,22644.8,22659.8,1876
1774337400000,2026-03-24T07:30:00+00:00,22659.5,22666.0,22628.3,22660.2,1714
1774338300000,2026-03-24T07:45:00+00:00,22661.0,22661.4,22624.0,22635.5,1904
1774339200000,2026-03-24T08:00:00+00:00,22636.2,22722.7,22624.2,22677.7,2880
1774340100000,2026-03-24T08:15:00+00:00,22678.1,22688.4,22529.1,22541.2,2736
1774341000000,2026-03-24T08:30:00+00:00,22540.7,22577.0,22499.6,22512.2,2858
1774341900000,2026-03-24T08:45:00+00:00,22510.1,22573.0,22458.2,22474.4,2918
1774342800000,2026-03-24T09:00:00+00:00,22475.3,22514.3,22404.7,22407.8,2850
1774343700000,2026-03-24T09:15:00+00:00,22407.4,22487.1,22390.8,22472.0,2628
1774344600000,2026-03-24T09:30:00+00:00,22471.6,22500.6,22434.9,22485.7,2614
1774345500000,2026-03-24T09:45:00+00:00,22485.6,22580.7,22448.4,22561.1,2562
1774346400000,2026-03-24T10:00:00+00:00,22562.4,22602.4,22506.9,22586.6,2570
1774347300000,2026-03-24T10:15:00+00:00,22587.2,22599.0,22531.9,22537.9,2250
1774348200000,2026-03-24T10:30:00+00:00,22537.3,22619.4,22514.6,22614.7,2250
1774349100000,2026-03-24T10:45:00+00:00,22614.0,22627.0,22552.4,22572.1,2076
1774350000000,2026-03-24T11:00:00+00:00,22569.7,22617.4,22538.6,22600.6,2186
1774350900000,2026-03-24T11:15:00+00:00,22597.7,22601.6,22553.6,22587.4,2102
1774351800000,2026-03-24T11:30:00+00:00,22588.0,22600.0,22561.1,22574.0,1956
1774352700000,2026-03-24T11:45:00+00:00,22574.8,22637.7,22490.6,22617.6,2332
1774353600000,2026-03-24T12:00:00+00:00,22617.7,22629.8,22528.8,22563.3,2184
1774354500000,2026-03-24T12:15:00+00:00,22567.9,22598.0,22548.9,22551.8,2128
1774355400000,2026-03-24T12:30:00+00:00,22550.6,22554.4,22424.1,22427.5,2374
1774356300000,2026-03-24T12:45:00+00:00,22426.9,22467.9,22410.6,22423.5,2374
1774357200000,2026-03-24T13:00:00+00:00,22423.4,22446.7,22342.2,22426.1,2528
1774358100000,2026-03-24T13:15:00+00:00,22427.7,22439.7,22366.1,22397.4,2354
1774359000000,2026-03-24T13:30:00+00:00,22394.2,22446.6,22366.9,22377.1,2802
1774359900000,2026-03-24T13:45:00+00:00,22374.4,22436.9,22333.8,22436.9,2784
1774360800000,2026-03-24T14:00:00+00:00,22437.7,22503.5,22412.7,22454.1,2720
1774361700000,2026-03-24T14:15:00+00:00,22453.5,22482.3,22425.0,22458.2,2774
1774362600000,2026-03-24T14:30:00+00:00,22456.2,22526.9,22453.6,22510.0,2658
1774363500000,2026-03-24T14:45:00+00:00,22510.7,22632.7,22436.5,22571.1,2852
1774364400000,2026-03-24T15:00:00+00:00,22569.6,22617.8,22545.2,22584.7,2830
1774365300000,2026-03-24T15:15:00+00:00,22584.3,22643.9,22575.1,22605.1,2504
1774366200000,2026-03-24T15:30:00+00:00,22604.4,22632.2,22577.9,22624.2,2388
1774367100000,2026-03-24T15:45:00+00:00,22624.3,22662.1,22541.7,22541.7,2316
1774368000000,2026-03-24T16:00:00+00:00,22542.8,22577.0,22532.9,22559.3,2492
1774368900000,2026-03-24T16:15:00+00:00,22559.4,22627.9,22558.9,22627.9,2326
1774369800000,2026-03-24T16:30:00+00:00,22626.9,22650.2,22542.0,22600.8,2442
1774370700000,2026-03-24T16:45:00+00:00,22601.8,22619.9,22555.1,22580.3,2214
1774371600000,2026-03-24T17:00:00+00:00,22581.0,22589.2,22469.5,22491.3,2322
1774372500000,2026-03-24T17:15:00+00:00,22489.3,22526.8,22484.8,22524.3,2326
1774373400000,2026-03-24T17:30:00+00:00,22523.2,22547.1,22487.4,22491.6,2260
1774374300000,2026-03-24T17:45:00+00:00,22491.5,22585.4,22488.5,22585.4,2262
1774375200000,2026-03-24T18:00:00+00:00,22583.5,22613.3,22556.7,22563.3,2072
1774376100000,2026-03-24T18:15:00+00:00,22563.5,22586.1,22536.1,22573.0,2008
1774377000000,2026-03-24T18:30:00+00:00,22573.7,22667.8,22568.8,22616.3,2048
1774377900000,2026-03-24T18:45:00+00:00,22615.5,22635.8,22587.0,22601.4,1736
1774378800000,2026-03-24T19:00:00+00:00,22600.5,22647.5,22599.2,22642.9,1692
1774379700000,2026-03-24T19:15:00+00:00,22641.9,22641.9,22590.9,22595.7,1644
1774380600000,2026-03-24T19:30:00+00:00,22595.5,22601.5,22566.7,22584.5,1912
1774381500000,2026-03-24T19:45:00+00:00,22584.8,22587.2,22557.2,22565.8,1758
1774382400000,2026-03-24T20:00:00+00:00,22564.9,22569.3,22547.9,22559.8,884
1774383300000,2026-03-24T20:15:00+00:00,22559.5,22923.5,22551.5,22764.2,1912
1774384200000,2026-03-24T20:30:00+00:00,22765.0,22913.2,22760.5,22829.3,1992
1774385100000,2026-03-24T20:45:00+00:00,22830.9,22867.0,22758.0,22836.7,1494
1774397700000,2026-03-25T00:15:00+00:00,22909.7,22925.3,22875.4,22896.4,888
1774398600000,2026-03-25T00:30:00+00:00,22895.4,22978.4,22867.7,22955.6,1062
1774399500000,2026-03-25T00:45:00+00:00,22956.2,22967.8,22928.6,22937.3,846
1774400400000,2026-03-25T01:00:00+00:00,22931.7,22975.7,22911.4,22929.2,1192
1774401300000,2026-03-25T01:15:00+00:00,22930.7,22958.6,22927.0,22935.8,1002
1774402200000,2026-03-25T01:30:00+00:00,22935.3,22952.8,22909.8,22920.4,1112
1774403100000,2026-03-25T01:45:00+00:00,22917.4,22940.6,22906.6,22908.4,802
1774404000000,2026-03-25T02:00:00+00:00,22908.6,22908.9,22842.7,22852.5,1258
1774404900000,2026-03-25T02:15:00+00:00,22852.8,22868.4,22846.9,22861.2,940
1774405800000,2026-03-25T02:30:00+00:00,22860.5,22861.9,22847.4,22849.9,792
1774406700000,2026-03-25T02:45:00+00:00,22850.1,22863.5,22824.0,22828.4,774
1774407600000,2026-03-25T03:00:00+00:00,22828.7,22844.5,22819.4,22822.7,836
1774408500000,2026-03-25T03:15:00+00:00,22822.9,22835.0,22811.9,22833.8,836
1774409400000,2026-03-25T03:30:00+00:00,22833.5,22848.8,22823.2,22834.4,688
1774410300000,2026-03-25T03:45:00+00:00,22835.4,22857.3,22834.4,22853.7,732
1774411200000,2026-03-25T04:00:00+00:00,22852.9,22877.9,22850.5,22876.4,618
1774412100000,2026-03-25T04:15:00+00:00,22875.9,22897.4,22870.2,22891.4,536
1774413000000,2026-03-25T04:30:00+00:00,22893.2,22907.4,22887.7,22899.6,584
1774413900000,2026-03-25T04:45:00+00:00,22899.4,22914.7,22883.5,22908.8,604
1774414800000,2026-03-25T05:00:00+00:00,22909.8,22909.8,22869.8,22892.9,840
1774415700000,2026-03-25T05:15:00+00:00,22893.0,22893.6,22863.2,22871.0,814
1774416600000,2026-03-25T05:30:00+00:00,22869.4,22905.7,22866.6,22903.9,698
1774417500000,2026-03-25T05:45:00+00:00,22902.3,22903.0,22861.7,22871.0,806
1774418400000,2026-03-25T06:00:00+00:00,22871.3,22871.4,22832.3,22839.4,980
1774419300000,2026-03-25T06:15:00+00:00,22836.8,22859.4,22835.7,22841.4,858
1774420200000,2026-03-25T06:30:00+00:00,22838.8,22850.9,22824.2,22839.0,1000
1774421100000,2026-03-25T06:45:00+00:00,22840.4,22869.4,22836.3,22848.4,790
1774422000000,2026-03-25T07:00:00+00:00,22848.6,22853.9,22815.2,22833.1,1346
1774422900000,2026-03-25T07:15:00+00:00,22834.4,22852.8,22793.7,22816.5,1356
1774423800000,2026-03-25T07:30:00+00:00,22815.9,22865.7,22803.9,22854.9,1390
1774424700000,2026-03-25T07:45:00+00:00,22855.1,22910.8,22847.1,22909.0,1632
1774425600000,2026-03-25T08:00:00+00:00,22910.4,23035.6,22910.4,23014.2,2688
1774426500000,2026-03-25T08:15:00+00:00,23016.1,23061.4,22992.7,22993.7,2394
1774427400000,2026-03-25T08:30:00+00:00,22995.7,23051.3,22969.4,23021.7,2408
1774428300000,2026-03-25T08:45:00+00:00,23021.2,23039.7,22957.3,22975.2,2130
1774429200000,2026-03-25T09:00:00+00:00,22976.5,23044.4,22952.7,23034.7,2022
1774430100000,2026-03-25T09:15:00+00:00,23032.4,23049.7,22939.6,22959.9,2164
1774431000000,2026-03-25T09:30:00+00:00,22960.4,22997.2,22941.5,22944.1,2050
1774431900000,2026-03-25T09:45:00+00:00,22947.5,22991.4,22904.3,22977.9,2182
1774432800000,2026-03-25T10:00:00+00:00,22988.7,23019.9,22966.4,22986.7,2100
1774433700000,2026-03-25T10:15:00+00:00,22985.8,23003.2,22950.2,22955.6,1958
1774434600000,2026-03-25T10:30:00+00:00,22955.0,22987.8,22940.8,22951.8,1868
1774435500000,2026-03-25T10:45:00+00:00,22952.3,23009.5,22944.7,22984.9,1926
1774436400000,2026-03-25T11:00:00+00:00,22985.8,23032.8,22985.1,23011.9,1734
1774437300000,2026-03-25T11:15:00+00:00,23013.4,23039.2,23000.4,23008.6,1754
1774438200000,2026-03-25T11:30:00+00:00,23009.2,23042.5,23009.2,23038.2,1666
1774439100000,2026-03-25T11:45:00+00:00,23036.9,23039.9,22956.4,23022.5,2054
1774440000000,2026-03-25T12:00:00+00:00,23023.4,23072.4,23015.7,23049.4,2078
1774440900000,2026-03-25T12:15:00+00:00,23049.2,23053.6,22885.9,22930.9,2714
1774441800000,2026-03-25T12:30:00+00:00,22930.1,22986.9,22870.1,22954.6,2380
1774442700000,2026-03-25T12:45:00+00:00,22954.7,23007.2,22939.9,22983.2,2318
1774443600000,2026-03-25T13:00:00+00:00,22988.4,23027.6,22960.2,22991.7,2262
1774444500000,2026-03-25T13:15:00+00:00,22992.9,23010.5,22987.1,23001.3,2194
1774445400000,2026-03-25T13:30:00+00:00,23001.7,23044.9,22972.8,22981.5,2762
1774446300000,2026-03-25T13:45:00+00:00,22982.3,22997.2,22926.5,22941.5,2782
1774447200000,2026-03-25T14:00:00+00:00,22940.9,22984.8,22897.5,22983.7,2720
1774448100000,2026-03-25T14:15:00+00:00,22982.9,23013.2,22939.6,22989.9,2528
1774449000000,2026-03-25T14:30:00+00:00,22992.8,23016.7,22972.7,22987.1,2504
1774449900000,2026-03-25T14:45:00+00:00,22986.4,23020.7,22960.7,22967.1,2292
1774450800000,2026-03-25T15:00:00+00:00,22972.7,22976.9,22861.2,22865.8,2544
1774451700000,2026-03-25T15:15:00+00:00,22863.9,22940.0,22801.1,22938.9,2634
1774452600000,2026-03-25T15:30:00+00:00,22942.9,22946.2,22883.7,22919.0,2320
1774453500000,2026-03-25T15:45:00+00:00,22920.9,22924.7,22883.2,22890.8,2346
1774454400000,2026-03-25T16:00:00+00:00,22891.1,22903.5,22860.2,22892.2,2422
1774455300000,2026-03-25T16:15:00+00:00,22890.5,22940.7,22869.7,22937.4,2538
1774456200000,2026-03-25T16:30:00+00:00,22938.2,22986.2,22927.0,22964.4,2316
1774457100000,2026-03-25T16:45:00+00:00,22964.8,22969.8,22926.8,22942.2,1856
1774458000000,2026-03-25T17:00:00+00:00,22942.7,22967.1,22919.9,22949.3,1936
1774458900000,2026-03-25T17:15:00+00:00,22948.5,22964.6,22921.8,22953.7,1836
1774459800000,2026-03-25T17:30:00+00:00,22954.2,22989.3,22943.2,22972.1,1816
1774460700000,2026-03-25T17:45:00+00:00,22971.4,22973.6,22912.7,22928.3,1918
1774461600000,2026-03-25T18:00:00+00:00,22929.3,22942.8,22918.2,22933.2,1582
1774462500000,2026-03-25T18:15:00+00:00,22933.3,22950.5,22925.5,22927.0,1502
1774463400000,2026-03-25T18:30:00+00:00,22926.9,22936.9,22916.4,22924.9,1266
1774464300000,2026-03-25T18:45:00+00:00,22923.8,22926.2,22856.8,22901.9,1554
1774465200000,2026-03-25T19:00:00+00:00,22900.8,22919.8,22878.3,22919.6,1676
1774466100000,2026-03-25T19:15:00+00:00,22918.9,22945.6,22918.9,22928.0,1486
1774467000000,2026-03-25T19:30:00+00:00,22926.7,22928.3,22895.0,22897.8,1484
1774467900000,2026-03-25T19:45:00+00:00,22896.8,22918.8,22894.0,22916.8,1484
1774468800000,2026-03-25T20:00:00+00:00,22918.8,22924.7,22886.2,22900.0,766
1774469700000,2026-03-25T20:15:00+00:00,22900.4,22908.2,22886.3,22886.6,542
1774470600000,2026-03-25T20:30:00+00:00,22889.0,22901.8,22885.3,22895.9,410
1774471500000,2026-03-25T20:45:00+00:00,22896.4,22902.7,22888.0,22902.6,390
1774484100000,2026-03-26T00:15:00+00:00,22880.1,22906.4,22861.0,22884.0,834
1774485000000,2026-03-26T00:30:00+00:00,22883.9,22894.0,22875.4,22880.5,638
1774485900000,2026-03-26T00:45:00+00:00,22882.5,22890.5,22862.0,22878.7,868
1774486800000,2026-03-26T01:00:00+00:00,22878.9,22895.5,22872.7,22882.0,842
1774487700000,2026-03-26T01:15:00+00:00,22881.0,22883.4,22852.2,22862.7,892
1774488600000,2026-03-26T01:30:00+00:00,22860.0,22879.0,22857.7,22862.2,986
1774489500000,2026-03-26T01:45:00+00:00,22860.7,22865.7,22848.0,22860.6,772
1774490400000,2026-03-26T02:00:00+00:00,22858.8,22875.8,22849.4,22853.4,840
1774491300000,2026-03-26T02:15:00+00:00,22853.0,22858.7,22813.8,22818.0,1170
1774492200000,2026-03-26T02:30:00+00:00,22817.9,22821.4,22749.3,22767.5,1210
1774493100000,2026-03-26T02:45:00+00:00,22767.6,22784.6,22762.5,22766.7,886
1774494000000,2026-03-26T03:00:00+00:00,22764.5,22779.9,22751.4,22779.7,820
1774494900000,2026-03-26T03:15:00+00:00,22780.2,22788.8,22769.0,22782.7,652
1774495800000,2026-03-26T03:30:00+00:00,22782.5,22841.2,22781.4,22826.0,1026
1774496700000,2026-03-26T03:45:00+00:00,22825.8,22833.3,22797.7,22803.6,798
1774497600000,2026-03-26T04:00:00+00:00,22802.5,22808.7,22784.0,22802.4,746
1774498500000,2026-03-26T04:15:00+00:00,22799.7,22817.0,22798.5,22811.6,556
1774499400000,2026-03-26T04:30:00+00:00,22812.1,22814.1,22795.2,22802.9,536
1774500300000,2026-03-26T04:45:00+00:00,22802.2,22811.0,22789.9,22800.1,724
1774501200000,2026-03-26T05:00:00+00:00,22800.2,22812.0,22763.0,22775.0,1022
1774502100000,2026-03-26T05:15:00+00:00,22774.0,22778.0,22716.9,22726.5,862
1774503000000,2026-03-26T05:30:00+00:00,22727.7,22742.1,22714.5,22714.5,748
1774503900000,2026-03-26T05:45:00+00:00,22715.5,22716.5,22699.0,22701.3,550
1774504800000,2026-03-26T06:00:00+00:00,22695.8,22717.8,22684.0,22699.1,840
1774505700000,2026-03-26T06:15:00+00:00,22697.2,22756.6,22689.7,22754.6,992
1774506600000,2026-03-26T06:30:00+00:00,22754.7,22767.5,22728.9,22744.6,1036
1774507500000,2026-03-26T06:45:00+00:00,22745.5,22758.2,22725.3,22753.3,748
1774508400000,2026-03-26T07:00:00+00:00,22748.8,22757.7,22693.2,22716.0,1206
1774509300000,2026-03-26T07:15:00+00:00,22715.5,22735.5,22664.5,22697.9,1362
1774510200000,2026-03-26T07:30:00+00:00,22697.3,22720.5,22684.6,22701.4,1270
1774511100000,2026-03-26T07:45:00+00:00,22700.8,22718.6,22687.9,22694.6,1426
1774512000000,2026-03-26T08:00:00+00:00,22702.9,22762.4,22675.5,22678.1,2550
1774512900000,2026-03-26T08:15:00+00:00,22682.1,22715.0,22646.3,22651.0,2410
1774513800000,2026-03-26T08:30:00+00:00,22652.4,22690.7,22627.0,22629.4,2368
1774514700000,2026-03-26T08:45:00+00:00,22629.3,22692.2,22616.8,22672.4,2162
1774515600000,2026-03-26T09:00:00+00:00,22673.5,22674.3,22604.6,22625.0,2280
1774516500000,2026-03-26T09:15:00+00:00,22625.6,22635.7,22587.2,22587.3,2188
1774517400000,2026-03-26T09:30:00+00:00,22585.5,22586.9,22550.3,22573.8,2286
1774518300000,2026-03-26T09:45:00+00:00,22575.0,22629.3,22558.8,22615.0,1938
1774519200000,2026-03-26T10:00:00+00:00,22614.8,22659.7,22586.9,22659.6,1960
1774520100000,2026-03-26T10:15:00+00:00,22658.9,22686.4,22635.0,22679.0,1826
1774521000000,2026-03-26T10:30:00+00:00,22678.0,22702.6,22637.4,22638.3,1946
1774521900000,2026-03-26T10:45:00+00:00,22638.7,22655.0,22622.4,22650.8,1798
1774522800000,2026-03-26T11:00:00+00:00,22655.8,22682.2,22635.3,22647.3,1784
1774523700000,2026-03-26T11:15:00+00:00,22647.6,22663.5,22607.4,22628.5,1892
1774524600000,2026-03-26T11:30:00+00:00,22628.6,22634.7,22581.3,22588.1,1868
1774525500000,2026-03-26T11:45:00+00:00,22587.9,22597.2,22559.1,22559.4,1874
1774526400000,2026-03-26T12:00:00+00:00,22560.9,22641.4,22533.0,22632.9,2002
1774527300000,2026-03-26T12:15:00+00:00,22633.0,22644.5,22598.4,22607.1,1706
1774528200000,2026-03-26T12:30:00+00:00,22607.0,22607.9,22548.8,22573.6,1962
1774529100000,2026-03-26T12:45:00+00:00,22575.5,22618.6,22575.5,22601.3,1826
1774530000000,2026-03-26T13:00:00+00:00,22602.0,22618.5,22561.1,22597.4,2032
1774530900000,2026-03-26T13:15:00+00:00,22596.7,22613.2,22576.0,22600.4,2016
1774531800000,2026-03-26T13:30:00+00:00,22595.3,22687.2,22586.0,22687.2,2720
1774532700000,2026-03-26T13:45:00+00:00,22687.6,22755.1,22678.4,22753.0,2720
1774533600000,2026-03-26T14:00:00+00:00,22757.2,22757.9,22693.8,22743.8,2662
1774534500000,2026-03-26T14:15:00+00:00,22743.9,22755.3,22724.1,22726.3,2392
1774535400000,2026-03-26T14:30:00+00:00,22726.0,22804.9,22683.8,22696.3,2594
1774536300000,2026-03-26T14:45:00+00:00,22695.6,22718.4,22639.1,22683.8,2708
1774537200000,2026-03-26T15:00:00+00:00,22687.4,22706.8,22669.3,22692.3,2530
1774538100000,2026-03-26T15:15:00+00:00,22689.7,22695.2,22645.3,22674.2,2398
1774539000000,2026-03-26T15:30:00+00:00,22672.6,22676.9,22615.0,22631.8,2180
1774539900000,2026-03-26T15:45:00+00:00,22633.6,22674.4,22621.3,22639.4,2208
1774540800000,2026-03-26T16:00:00+00:00,22639.5,22683.7,22634.4,22640.4,2042
1774541700000,2026-03-26T16:15:00+00:00,22639.7,22639.7,22544.2,22565.4,2318
1774542600000,2026-03-26T16:30:00+00:00,22565.8,22609.0,22544.2,22597.3,2344
1774543500000,2026-03-26T16:45:00+00:00,22596.9,22605.0,22574.5,22597.9,1852
1774544400000,2026-03-26T17:00:00+00:00,22597.6,22637.6,22596.0,22607.9,1706
1774545300000,2026-03-26T17:15:00+00:00,22608.3,22617.6,22574.3,22595.9,1822
1774546200000,2026-03-26T17:30:00+00:00,22595.3,22617.1,22571.8,22573.6,1640
1774547100000,2026-03-26T17:45:00+00:00,22572.0,22578.1,22542.1,22562.6,1684
1774548000000,2026-03-26T18:00:00+00:00,22563.2,22586.6,22563.0,22574.0,1706
1774548900000,2026-03-26T18:15:00+00:00,22574.4,22579.2,22562.7,22564.2,1616
1774549800000,2026-03-26T18:30:00+00:00,22564.4,22596.2,22564.4,22591.7,1410
1774550700000,2026-03-26T18:45:00+00:00,22591.4,22600.6,22577.2,22594.2,1412
1774551600000,2026-03-26T19:00:00+00:00,22596.8,22597.2,22525.6,22538.6,1540
1774552500000,2026-03-26T19:15:00+00:00,22538.2,22558.3,22537.1,22545.4,1426
1774553400000,2026-03-26T19:30:00+00:00,22546.8,22548.4,22513.2,22517.7,1630
1774554300000,2026-03-26T19:45:00+00:00,22517.6,22522.6,22495.6,22502.0,1480
1774555200000,2026-03-26T20:00:00+00:00,22503.7,22873.3,22490.4,22695.0,1312
1774556100000,2026-03-26T20:15:00+00:00,22693.2,22727.3,22569.5,22627.2,1402
1774557000000,2026-03-26T20:30:00+00:00,22628.7,22665.8,22621.2,22650.0,1282
1774557900000,2026-03-26T20:45:00+00:00,22649.7,22659.4,22596.5,22598.0,1004
1774570500000,2026-03-27T00:15:00+00:00,22695.7,22695.7,22590.8,22600.2,1068
1774571400000,2026-03-27T00:30:00+00:00,22601.1,22614.2,22565.7,22576.7,812
1774572300000,2026-03-27T00:45:00+00:00,22576.2,22590.2,22560.7,22578.5,994
1774573200000,2026-03-27T01:00:00+00:00,22576.6,22644.0,22569.5,22639.1,1108
1774574100000,2026-03-27T01:15:00+00:00,22637.9,22647.5,22615.8,22635.2,1106
1774575000000,2026-03-27T01:30:00+00:00,22636.2,22651.8,22631.0,22644.4,924
1774575900000,2026-03-27T01:45:00+00:00,22644.7,22650.1,22625.0,22650.1,970
1774576800000,2026-03-27T02:00:00+00:00,22652.5,22673.0,22650.7,22664.5,842
1774577700000,2026-03-27T02:15:00+00:00,22665.4,22670.6,22645.1,22662.0,1024
1774578600000,2026-03-27T02:30:00+00:00,22660.5,22683.6,22656.3,22669.5,850
1774579500000,2026-03-27T02:45:00+00:00,22668.5,22675.8,22656.3,22660.0,702
1774580400000,2026-03-27T03:00:00+00:00,22659.0,22670.0,22646.4,22659.5,666
1774581300000,2026-03-27T03:15:00+00:00,22659.4,22661.5,22648.8,22661.0,620
1774582200000,2026-03-27T03:30:00+00:00,22663.9,22720.4,22663.9,22714.6,648
1774583100000,2026-03-27T03:45:00+00:00,22714.5,22715.9,22702.7,22715.0,664
1774584000000,2026-03-27T04:00:00+00:00,22713.4,22715.5,22693.4,22703.9,592
1774584900000,2026-03-27T04:15:00+00:00,22705.6,22714.8,22693.2,22701.0,552
1774585800000,2026-03-27T04:30:00+00:00,22700.7,22724.0,22699.0,22713.5,466
1774586700000,2026-03-27T04:45:00+00:00,22712.8,22724.7,22707.9,22715.3,576
1774587600000,2026-03-27T05:00:00+00:00,22716.3,22771.2,22716.3,22768.2,772
1774588500000,2026-03-27T05:15:00+00:00,22767.7,22773.0,22732.6,22749.9,926
1774589400000,2026-03-27T05:30:00+00:00,22748.9,22752.3,22724.6,22728.7,708
1774590300000,2026-03-27T05:45:00+00:00,22728.5,22737.1,22717.2,22718.7,544
1774591200000,2026-03-27T06:00:00+00:00,22718.1,22721.0,22704.3,22717.0,790
1774592100000,2026-03-27T06:15:00+00:00,22716.6,22745.2,22716.6,22729.4,818
1774593000000,2026-03-27T06:30:00+00:00,22729.6,22729.6,22704.5,22706.0,770
1774593900000,2026-03-27T06:45:00+00:00,22706.1,22707.7,22653.2,22663.8,812
1774594800000,2026-03-27T07:00:00+00:00,22665.6,22679.7,22648.3,22674.2,1184
1774595700000,2026-03-27T07:15:00+00:00,22673.8,22673.8,22631.7,22635.4,1146
1774596600000,2026-03-27T07:30:00+00:00,22635.8,22645.3,22618.5,22631.4,1314
1774597500000,2026-03-27T07:45:00+00:00,22629.6,22655.1,22625.4,22639.2,1312
1774598400000,2026-03-27T08:00:00+00:00,22628.5,22628.5,22532.5,22543.0,2454
1774599300000,2026-03-27T08:15:00+00:00,22545.9,22551.4,22401.8,22415.3,2328
1774600200000,2026-03-27T08:30:00+00:00,22415.4,22457.2,22387.8,22431.6,2420
1774601100000,2026-03-27T08:45:00+00:00,22431.8,22444.9,22362.3,22366.1,2230
1774602000000,2026-03-27T09:00:00+00:00,22376.3,22378.1,22267.8,22300.9,2398
1774602900000,2026-03-27T09:15:00+00:00,22300.2,22390.1,22294.4,22367.2,2278
1774603800000,2026-03-27T09:30:00+00:00,22366.3,22388.7,22336.4,22357.9,2208
1774604700000,2026-03-27T09:45:00+00:00,22353.0,22354.6,22293.6,22308.3,1968
1774605600000,2026-03-27T10:00:00+00:00,22307.8,22376.8,22286.2,22321.8,2150
1774606500000,2026-03-27T10:15:00+00:00,22322.6,22375.6,22318.3,22356.9,1974
1774607400000,2026-03-27T10:30:00+00:00,22357.3,22374.5,22304.7,22319.2,2066
1774608300000,2026-03-27T10:45:00+00:00,22319.0,22327.3,22256.2,22261.9,2060
1774609200000,2026-03-27T11:00:00+00:00,22263.4,22266.4,22200.6,22237.3,2276
1774610100000,2026-03-27T11:15:00+00:00,22238.4,22300.1,22227.9,22298.3,1924
1774611000000,2026-03-27T11:30:00+00:00,22297.6,22345.4,22297.6,22339.7,1872
1774611900000,2026-03-27T11:45:00+00:00,22340.8,22349.8,22295.8,22302.3,1984
1774612800000,2026-03-27T12:00:00+00:00,22299.8,22304.1,22236.9,22268.2,2212
1774613700000,2026-03-27T12:15:00+00:00,22268.0,22303.2,22262.7,22288.6,1986
1774614600000,2026-03-27T12:30:00+00:00,22288.3,22337.4,22278.4,22321.4,1910
1774615500000,2026-03-27T12:45:00+00:00,22324.5,22347.9,22293.4,22316.4,2098
1774616400000,2026-03-27T13:00:00+00:00,22317.3,22321.4,22242.2,22255.5,2312
1774617300000,2026-03-27T13:15:00+00:00,22257.5,22334.4,22255.7,22319.4,2152
1774618200000,2026-03-27T13:30:00+00:00,22320.7,22339.5,22253.4,22312.6,2818
1774619100000,2026-03-27T13:45:00+00:00,22313.2,22353.9,22243.2,22268.3,2484
1774620000000,2026-03-27T14:00:00+00:00,22268.0,22322.4,22257.6,22305.2,2680
1774620900000,2026-03-27T14:15:00+00:00,22302.6,22357.0,22279.9,22284.7,2550
1774621800000,2026-03-27T14:30:00+00:00,22284.5,22328.5,22267.5,22281.3,2346
1774622700000,2026-03-27T14:45:00+00:00,22281.2,22305.0,22256.2,22284.9,2464
1774623600000,2026-03-27T15:00:00+00:00,22287.0,22352.5,22272.7,22285.4,2352
1774624500000,2026-03-27T15:15:00+00:00,22284.4,22365.4,22230.5,22334.6,2370
1774625400000,2026-03-27T15:30:00+00:00,22336.0,22401.4,22332.9,22346.5,2362
1774626300000,2026-03-27T15:45:00+00:00,22346.2,22375.4,22301.5,22306.9,2122
1774627200000,2026-03-27T16:00:00+00:00,22307.0,22316.3,22262.0,22302.0,2198
1774628100000,2026-03-27T16:15:00+00:00,22304.0,22311.4,22279.6,22309.7,2128
1774629000000,2026-03-27T16:30:00+00:00,22313.1,22320.2,22268.2,22290.0,2188
1774629900000,2026-03-27T16:45:00+00:00,22289.2,22329.7,22282.0,22298.1,1804
1774630800000,2026-03-27T17:00:00+00:00,22299.0,22345.5,22273.6,22303.8,1812
1774631700000,2026-03-27T17:15:00+00:00,22304.1,22309.6,22247.1,22260.6,1522
1774632600000,2026-03-27T17:30:00+00:00,22260.1,22274.8,22247.7,22250.7,1572
1774633500000,2026-03-27T17:45:00+00:00,22250.9,22266.6,22238.0,22242.9,1504
1774634400000,2026-03-27T18:00:00+00:00,22241.8,22248.6,22203.1,22210.5,1432
1774635300000,2026-03-27T18:15:00+00:00,22211.9,22231.2,22193.5,22216.4,1718
1774636200000,2026-03-27T18:30:00+00:00,22217.8,22249.6,22210.0,22231.9,1586
1774637100000,2026-03-27T18:45:00+00:00,22231.6,22236.1,22207.0,22218.9,1290
1774638000000,2026-03-27T19:00:00+00:00,22219.7,22224.8,22190.7,22206.3,1396
1774638900000,2026-03-27T19:15:00+00:00,22205.5,22221.4,22188.3,22195.6,1426
1774639800000,2026-03-27T19:30:00+00:00,22196.8,22206.9,22143.6,22161.8,1844
1774640700000,2026-03-27T19:45:00+00:00,22162.1,22207.8,22136.6,22191.2,2058
1774641600000,2026-03-27T20:00:00+00:00,22188.3,22217.9,22165.9,22180.2,1410
1774642500000,2026-03-27T20:15:00+00:00,22180.9,22183.5,22129.2,22144.0,1090
1774643400000,2026-03-27T20:30:00+00:00,22147.7,22160.4,22118.1,22139.6,1038
1774644300000,2026-03-27T20:45:00+00:00,22139.5,22139.5,22116.8,22128.0,640
1774829700000,2026-03-30T00:15:00+00:00,21967.7,22112.8,21953.8,22073.8,1508
1774830600000,2026-03-30T00:30:00+00:00,22065.8,22073.3,21992.3,21992.3,1218
1774831500000,2026-03-30T00:45:00+00:00,21994.3,22003.8,21928.8,21970.8,1058
1774832400000,2026-03-30T01:00:00+00:00,21971.8,21988.8,21948.8,21957.8,1402
1774833300000,2026-03-30T01:15:00+00:00,21955.8,21971.8,21939.3,21954.5,1838
1774834200000,2026-03-30T01:30:00+00:00,21959.3,22012.7,21954.7,22011.0,1676
1774835100000,2026-03-30T01:45:00+00:00,22010.9,22029.0,22002.0,22019.2,1232
1774836000000,2026-03-30T02:00:00+00:00,22020.8,22056.8,22010.6,22054.6,1510
1774836900000,2026-03-30T02:15:00+00:00,22054.8,22054.8,22023.9,22040.8,1440
1774837800000,2026-03-30T02:30:00+00:00,22040.4,22080.8,22034.6,22072.8,1390
1774838700000,2026-03-30T02:45:00+00:00,22074.8,22124.8,22072.1,22096.1,1344
1774839600000,2026-03-30T03:00:00+00:00,22096.2,22141.3,22092.2,22120.1,1246
1774840500000,2026-03-30T03:15:00+00:00,22120.7,22153.5,22119.0,22146.4,1344
1774841400000,2026-03-30T03:30:00+00:00,22147.0,22156.8,22126.4,22149.8,1470
1774842300000,2026-03-30T03:45:00+00:00,22148.7,22160.8,22136.5,22149.3,1208
1774843200000,2026-03-30T04:00:00+00:00,22152.3,22168.2,22140.8,22160.6,1088
1774844100000,2026-03-30T04:15:00+00:00,22158.0,22195.0,22153.8,22188.6,1012
1774845000000,2026-03-30T04:30:00+00:00,22188.7,22204.0,22154.4,22159.3,850
1774845900000,2026-03-30T04:45:00+00:00,22159.4,22165.0,22136.5,22152.1,780
1774846800000,2026-03-30T05:00:00+00:00,22151.8,22194.8,22147.6,22171.5,1344
1774847700000,2026-03-30T05:15:00+00:00,22171.7,22194.8,22168.8,22177.2,1230
1774848600000,2026-03-30T05:30:00+00:00,22174.9,22193.5,22166.0,22181.8,1250
1774849500000,2026-03-30T05:45:00+00:00,22182.3,22190.7,22142.3,22144.0,1276
1774850400000,2026-03-30T06:00:00+00:00,22142.3,22212.4,22132.3,22198.9,2184
1774851300000,2026-03-30T06:15:00+00:00,22200.6,22236.9,22196.8,22220.5,1684
1774852200000,2026-03-30T06:30:00+00:00,22218.5,22260.2,22213.0,22248.9,1894
1774853100000,2026-03-30T06:45:00+00:00,22250.0,22290.0,22238.7,22243.3,1900
1774854000000,2026-03-30T07:00:00+00:00,22235.6,22295.7,22202.5,22287.5,2646
1774854900000,2026-03-30T07:15:00+00:00,22289.4,22289.4,22209.6,22227.9,2296
1774855800000,2026-03-30T07:30:00+00:00,22228.4,22257.4,22199.2,22232.9,2670
1774856700000,2026-03-30T07:45:00+00:00,22231.9,22275.6,22216.7,22270.1,2332
1774857600000,2026-03-30T08:00:00+00:00,22268.9,22283.4,22220.7,22272.4,2730
1774858500000,2026-03-30T08:15:00+00:00,22272.5,22308.7,22265.7,22300.4,2182
1774859400000,2026-03-30T08:30:00+00:00,22299.5,22343.6,22292.4,22319.5,1930
1774860300000,2026-03-30T08:45:00+00:00,22318.5,22352.4,22308.2,22345.9,1906
1774861200000,2026-03-30T09:00:00+00:00,22348.4,22367.6,22320.8,22322.4,2150
1774862100000,2026-03-30T09:15:00+00:00,22326.4,22326.4,22278.4,22280.5,1978
1774863000000,2026-03-30T09:30:00+00:00,22280.4,22295.4,22250.6,22254.4,1986
1774863900000,2026-03-30T09:45:00+00:00,22255.4,22265.4,22230.3,22244.4,1962
1774864800000,2026-03-30T10:00:00+00:00,22244.5,22273.4,22226.1,22266.7,1836
1774865700000,2026-03-30T10:15:00+00:00,22267.4,22301.4,22261.5,22286.5,1662
1774866600000,2026-03-30T10:30:00+00:00,22282.5,22288.5,22253.1,22262.5,1588
1774867500000,2026-03-30T10:45:00+00:00,22261.7,22306.5,22261.7,22306.5,1082
1774868400000,2026-03-30T11:00:00+00:00,22307.5,22370.5,22306.5,22345.5,760
1774869300000,2026-03-30T11:15:00+00:00,22346.5,22523.4,22339.5,22408.3,1046
1774870200000,2026-03-30T11:30:00+00:00,22407.3,22415.4,22351.3,22370.3,1260
1774871100000,2026-03-30T11:45:00+00:00,22367.3,22390.3,22331.4,22349.5,908
1774872000000,2026-03-30T12:00:00+00:00,22352.5,22355.5,22318.5,22339.4,934
1774872900000,2026-03-30T12:15:00+00:00,22340.4,22380.4,22323.4,22380.4,940
1774873800000,2026-03-30T12:30:00+00:00,22377.4,22406.3,22372.4,22399.3,888
1774874700000,2026-03-30T12:45:00+00:00,22398.3,22408.5,22380.3,22408.5,788
1774875600000,2026-03-30T13:00:00+00:00,22411.5,22424.5,22366.5,22403.4,896
1774876500000,2026-03-30T13:15:00+00:00,22405.4,22428.5,22394.5,22413.5,830
1774877400000,2026-03-30T13:30:00+00:00,22417.5,22437.5,22360.5,22373.5,1342
1774878300000,2026-03-30T13:45:00+00:00,22372.5,22386.4,22337.5,22348.4,1286
1774879200000,2026-03-30T14:00:00+00:00,22351.4,22429.4,22351.4,22413.3,1327
1774880100000,2026-03-30T14:15:00+00:00,22414.3,22417.5,22371.3,22388.4,1266
1774881000000,2026-03-30T14:30:00+00:00,22386.4,22445.4,22373.5,22377.5,1310
1774881900000,2026-03-30T14:45:00+00:00,22376.5,22491.4,22368.5,22490.4,1302
1774882800000,2026-03-30T15:00:00+00:00,22491.4,22542.2,22460.4,22464.4,1175
1774883700000,2026-03-30T15:15:00+00:00,22465.4,22511.4,22451.4,22493.4,1132
1774884600000,2026-03-30T15:30:00+00:00,22492.8,22598.9,22486.8,22592.9,1162
1774885500000,2026-03-30T15:45:00+00:00,22596.9,22619.9,22575.9,22593.9,1036
1774886400000,2026-03-30T16:00:00+00:00,22596.9,22597.9,22546.8,22567.9,996
1774887300000,2026-03-30T16:15:00+00:00,22566.9,22567.9,22528.0,22531.0,886
1774888200000,2026-03-30T16:30:00+00:00,22530.0,22557.8,22529.0,22542.8,914
1774889100000,2026-03-30T16:45:00+00:00,22540.8,22543.0,22513.0,22532.0,814
1774890000000,2026-03-30T17:00:00+00:00,22531.0,22546.0,22508.1,22511.1,870
1774890900000,2026-03-30T17:15:00+00:00,22512.1,22514.1,22458.1,22465.1,958
1774891800000,2026-03-30T17:30:00+00:00,22466.1,22494.1,22444.1,22491.1,936
1774892700000,2026-03-30T17:45:00+00:00,22492.1,22499.1,22461.1,22475.1,868
1774893600000,2026-03-30T18:00:00+00:00,22477.1,22481.1,22454.1,22473.1,792
1774894500000,2026-03-30T18:15:00+00:00,22474.1,22489.1,22446.0,22448.0,784
1774895400000,2026-03-30T18:30:00+00:00,22449.0,22459.0,22417.0,22431.0,652
1774896300000,2026-03-30T18:45:00+00:00,22433.0,22439.0,22388.0,22398.0,712
1774897200000,2026-03-30T19:00:00+00:00,22399.0,22402.0,22332.0,22343.0,852
1774898100000,2026-03-30T19:15:00+00:00,22346.0,22372.0,22345.0,22369.0,798
1774899000000,2026-03-30T19:30:00+00:00,22372.0,22421.0,22372.0,22410.0,862
1774899900000,2026-03-30T19:45:00+00:00,22408.0,22452.0,22397.0,22442.0,890
1774916100000,2026-03-31T00:15:00+00:00,22353.6,22353.6,22288.5,22331.8,1824
1774917000000,2026-03-31T00:30:00+00:00,22329.5,22453.3,22311.8,22451.3,2454
1774917900000,2026-03-31T00:45:00+00:00,22451.0,22556.7,22447.5,22526.5,2954
1774918800000,2026-03-31T01:00:00+00:00,22525.9,22549.0,22462.5,22500.0,2716
1774919700000,2026-03-31T01:15:00+00:00,22498.9,22636.1,22493.6,22635.5,2338
1774920600000,2026-03-31T01:30:00+00:00,22636.2,22724.1,22633.5,22706.5,2608
1774921500000,2026-03-31T01:45:00+00:00,22706.0,22718.5,22680.9,22683.0,2536
1774922400000,2026-03-31T02:00:00+00:00,22683.7,22692.5,22647.8,22669.5,2250
1774923300000,2026-03-31T02:15:00+00:00,22670.5,22701.1,22667.7,22675.5,2276
1774924200000,2026-03-31T02:30:00+00:00,22676.5,22684.6,22645.7,22668.5,1692
1774925100000,2026-03-31T02:45:00+00:00,22666.0,22707.3,22646.4,22646.4,1552
1774926000000,2026-03-31T03:00:00+00:00,22645.7,22691.0,22638.5,22667.4,1430
1774926900000,2026-03-31T03:15:00+00:00,22669.2,22671.1,22627.6,22632.3,1270
1774927800000,2026-03-31T03:30:00+00:00,22633.6,22642.9,22607.4,22610.0,1344
1774928700000,2026-03-31T03:45:00+00:00,22610.5,22620.7,22584.2,22590.2,1282
1774929600000,2026-03-31T04:00:00+00:00,22592.2,22604.1,22588.5,22593.5,1242
1774930500000,2026-03-31T04:15:00+00:00,22593.0,22607.1,22576.0,22581.0,1188
1774931400000,2026-03-31T04:30:00+00:00,22580.5,22600.1,22576.5,22585.5,1194
1774932300000,2026-03-31T04:45:00+00:00,22586.3,22590.0,22556.3,22556.5,1098
1774933200000,2026-03-31T05:00:00+00:00,22555.0,22571.4,22512.1,22512.1,1460
1774934100000,2026-03-31T05:15:00+00:00,22512.5,22591.1,22499.0,22577.4,1552
1774935000000,2026-03-31T05:30:00+00:00,22578.0,22647.9,22574.0,22641.1,1690
1774935900000,2026-03-31T05:45:00+00:00,22640.1,22723.5,22640.1,22669.7,1810
1774936800000,2026-03-31T06:00:00+00:00,22662.0,22683.2,22592.3,22612.5,2158
1774937700000,2026-03-31T06:15:00+00:00,22611.5,22660.6,22594.1,22644.0,2300
1774938600000,2026-03-31T06:30:00+00:00,22642.8,22644.5,22574.6,22577.0,2322
1774939500000,2026-03-31T06:45:00+00:00,22577.5,22609.1,22564.2,22582.1,2162
1774940400000,2026-03-31T07:00:00+00:00,22580.2,22591.9,22488.0,22504.8,3152
1774941300000,2026-03-31T07:15:00+00:00,22502.8,22545.3,22477.2,22544.3,3062
1774942200000,2026-03-31T07:30:00+00:00,22544.1,22656.5,22544.1,22656.0,3006
1774943100000,2026-03-31T07:45:00+00:00,22657.5,22733.8,22651.1,22733.0,2788
1774944000000,2026-03-31T08:00:00+00:00,22734.2,22764.8,22693.8,22698.8,3144
1774944900000,2026-03-31T08:15:00+00:00,22699.3,22743.8,22692.0,22709.1,2928
1774945800000,2026-03-31T08:30:00+00:00,22708.1,22719.8,22665.2,22668.2,2930
1774946700000,2026-03-31T08:45:00+00:00,22669.8,22705.9,22648.7,22678.1,2664
1774947600000,2026-03-31T09:00:00+00:00,22677.5,22742.2,22672.3,22709.0,2710
1774948500000,2026-03-31T09:15:00+00:00,22708.8,22736.1,22688.1,22708.1,2768
1774949400000,2026-03-31T09:30:00+00:00,22708.4,22729.8,22681.9,22726.3,2870
1774950300000,2026-03-31T09:45:00+00:00,22726.1,22751.2,22696.8,22721.8,2766
1774951200000,2026-03-31T10:00:00+00:00,22722.8,22773.5,22720.2,22727.1,2654
1774952100000,2026-03-31T10:15:00+00:00,22728.1,22732.2,22694.0,22718.2,2650
1774953000000,2026-03-31T10:30:00+00:00,22718.7,22721.3,22617.5,22626.7,2778
1774953900000,2026-03-31T10:45:00+00:00,22627.0,22700.0,22610.3,22691.5,2706
1774954800000,2026-03-31T11:00:00+00:00,22694.2,22845.7,22665.8,22749.9,3076
1774955700000,2026-03-31T11:15:00+00:00,22747.7,22794.0,22722.3,22732.7,3170
1774956600000,2026-03-31T11:30:00+00:00,22732.5,22766.2,22699.5,22758.8,2956
1774957500000,2026-03-31T11:45:00+00:00,22759.3,22759.8,22707.8,22746.8,2918
1774958400000,2026-03-31T12:00:00+00:00,22749.0,22806.5,22691.8,22696.8,3026
1774959300000,2026-03-31T12:15:00+00:00,22695.0,22803.5,22684.1,22799.0,3022
1774960200000,2026-03-31T12:30:00+00:00,22797.5,22803.5,22769.2,22799.0,2888
1774961100000,2026-03-31T12:45:00+00:00,22797.8,22803.9,22747.0,22750.8,2948
1774962000000,2026-03-31T13:00:00+00:00,22753.8,22773.0,22723.0,22739.5,2966
1774962900000,2026-03-31T13:15:00+00:00,22739.9,22793.9,22734.5,22768.5,2808
1774963800000,2026-03-31T13:30:00+00:00,22769.2,22782.8,22705.3,22723.0,3180
1774964700000,2026-03-31T13:45:00+00:00,22723.9,22824.1,22723.9,22799.0,3062
1774965600000,2026-03-31T14:00:00+00:00,22797.3,22801.5,22731.3,22775.0,3146
1774966500000,2026-03-31T14:15:00+00:00,22773.8,22788.9,22736.3,22782.7,3124
1774967400000,2026-03-31T14:30:00+00:00,22783.0,22805.7,22696.8,22709.4,3128
1774968300000,2026-03-31T14:45:00+00:00,22710.0,22720.5,22644.4,22661.1,3222
1774969200000,2026-03-31T15:00:00+00:00,22663.0,22739.8,22663.0,22736.7,3130
1774970100000,2026-03-31T15:15:00+00:00,22740.0,22747.4,22622.1,22622.1,3224
1774971000000,2026-03-31T15:30:00+00:00,22621.2,22682.2,22586.1,22667.1,3126
1774971900000,2026-03-31T15:45:00+00:00,22665.1,22684.0,22627.7,22634.3,2990
1774972800000,2026-03-31T16:00:00+00:00,22635.0,22656.8,22617.6,22642.2,3018
1774973700000,2026-03-31T16:15:00+00:00,22642.5,22672.7,22633.7,22655.0,2778
1774974600000,2026-03-31T16:30:00+00:00,22655.7,23057.6,22638.8,22944.6,3088
1774975500000,2026-03-31T16:45:00+00:00,22943.3,22961.5,22820.0,22862.5,3338
1774976400000,2026-03-31T17:00:00+00:00,22864.0,22944.7,22838.4,22866.5,3188
1774977300000,2026-03-31T17:15:00+00:00,22867.5,22932.5,22864.3,22895.0,3108
1774978200000,2026-03-31T17:30:00+00:00,22895.5,22952.7,22875.5,22891.0,3182
1774979100000,2026-03-31T17:45:00+00:00,22890.8,22917.5,22875.9,22890.0,2956
1774980000000,2026-03-31T18:00:00+00:00,22890.3,22928.3,22887.5,22911.7,2888
1774980900000,2026-03-31T18:15:00+00:00,22911.5,22936.1,22897.7,22921.8,2842
1774981800000,2026-03-31T18:30:00+00:00,22922.5,22944.5,22903.1,22929.3,2744
1774982700000,2026-03-31T18:45:00+00:00,22930.1,22944.8,22921.1,22936.7,2230
1774983600000,2026-03-31T19:00:00+00:00,22935.7,22979.8,22926.3,22977.8,2372
1774984500000,2026-03-31T19:15:00+00:00,22978.5,23003.6,22973.0,22994.1,2440
1774985400000,2026-03-31T19:30:00+00:00,22995.0,23017.5,22992.5,23011.6,2612
1774986300000,2026-03-31T19:45:00+00:00,23011.1,23035.0,22994.7,23010.6,2506
1775002500000,2026-04-01T00:15:00+00:00,23092.5,23092.5,23040.9,23055.9,1558
1775003400000,2026-04-01T00:30:00+00:00,23055.8,23067.4,23027.0,23064.9,1434
1775004300000,2026-04-01T00:45:00+00:00,23064.3,23079.1,23060.5,23076.6,1238
1775005200000,2026-04-01T01:00:00+00:00,23077.2,23082.5,23021.4,23036.3,2178
1775006100000,2026-04-01T01:15:00+00:00,23036.9,23057.8,23022.0,23055.4,1810
1775007000000,2026-04-01T01:30:00+00:00,23054.7,23057.8,23013.9,23014.8,1630
1775007900000,2026-04-01T01:45:00+00:00,23014.7,23033.9,23006.5,23023.7,808
1775008800000,2026-04-01T02:00:00+00:00,23026.4,23043.5,23020.8,23030.4,1008
1775009700000,2026-04-01T02:15:00+00:00,23029.5,23034.1,23018.9,23021.5,894
1775010600000,2026-04-01T02:30:00+00:00,23021.1,23022.4,23009.5,23020.5,868
1775011500000,2026-04-01T02:45:00+00:00,23021.5,23031.7,23009.9,23010.9,746
1775012400000,2026-04-01T03:00:00+00:00,23009.5,23022.2,23003.9,23022.1,772
1775013300000,2026-04-01T03:15:00+00:00,23022.4,23022.9,23009.8,23021.3,822
1775014200000,2026-04-01T03:30:00+00:00,23021.5,23042.3,23021.4,23040.9,832
1775015100000,2026-04-01T03:45:00+00:00,23041.4,23043.9,23030.9,23034.4,676
1775016000000,2026-04-01T04:00:00+00:00,23034.9,23044.4,23029.2,23036.2,566
1775016900000,2026-04-01T04:15:00+00:00,23037.4,23054.3,23036.2,23053.7,476
1775017800000,2026-04-01T04:30:00+00:00,23054.8,23058.9,23046.9,23049.7,390
1775018700000,2026-04-01T04:45:00+00:00,23049.8,23064.9,23046.0,23061.1,466
1775019600000,2026-04-01T05:00:00+00:00,23059.9,23085.2,23055.3,23080.9,780
1775020500000,2026-04-01T05:15:00+00:00,23080.4,23101.6,23077.9,23084.8,996
1775021400000,2026-04-01T05:30:00+00:00,23084.9,23099.7,23076.9,23097.4,980
1775022300000,2026-04-01T05:45:00+00:00,23096.9,23099.3,23078.9,23083.0,1148
1775023200000,2026-04-01T06:00:00+00:00,23085.5,23157.7,23085.5,23157.6,1984
1775024100000,2026-04-01T06:15:00+00:00,23156.1,23234.4,23154.5,23227.6,2450
1775025000000,2026-04-01T06:30:00+00:00,23225.7,23289.2,23217.7,23277.2,2638
1775025900000,2026-04-01T06:45:00+00:00,23277.4,23286.2,23242.1,23282.4,2598
1775026800000,2026-04-01T07:00:00+00:00,23281.4,23338.8,23264.5,23275.0,3274
1775027700000,2026-04-01T07:15:00+00:00,23274.8,23277.7,23223.1,23255.1,3100
1775028600000,2026-04-01T07:30:00+00:00,23257.0,23315.2,23251.1,23301.2,3000
1775029500000,2026-04-01T07:45:00+00:00,23299.8,23303.0,23143.5,23149.7,3126
1775030400000,2026-04-01T08:00:00+00:00,23149.5,23176.6,23107.8,23116.7,3176
1775031300000,2026-04-01T08:15:00+00:00,23115.7,23221.7,23114.8,23181.2,2990
1775032200000,2026-04-01T08:30:00+00:00,23181.5,23214.8,23170.3,23187.7,2990
1775033100000,2026-04-01T08:45:00+00:00,23187.2,23206.5,23116.6,23170.3,2886
1775034000000,2026-04-01T09:00:00+00:00,23175.2,23198.8,23103.2,23111.1,2900
1775034900000,2026-04-01T09:15:00+00:00,23110.5,23119.9,23022.0,23070.7,2994
1775035800000,2026-04-01T09:30:00+00:00,23069.2,23126.7,23068.7,23101.7,2888
1775036700000,2026-04-01T09:45:00+00:00,23102.3,23175.9,23093.7,23124.4,2884
1775037600000,2026-04-01T10:00:00+00:00,23125.2,23143.7,23074.3,23106.7,2906
1775038500000,2026-04-01T10:15:00+00:00,23105.8,23139.7,23091.2,23127.5,2766
1775039400000,2026-04-01T10:30:00+00:00,23127.9,23162.4,23106.4,23148.7,2766
1775040300000,2026-04-01T10:45:00+00:00,23148.4,23211.3,23147.7,23204.7,2654
1775041200000,2026-04-01T11:00:00+00:00,23204.9,23250.8,23197.7,23250.3,2616
1775042100000,2026-04-01T11:15:00+00:00,23249.8,23268.8,23225.0,23254.2,2526
1775043000000,2026-04-01T11:30:00+00:00,23254.0,23317.5,23252.7,23300.3,2814
1775043900000,2026-04-01T11:45:00+00:00,23299.8,23323.0,23294.4,23300.0,2610
1775044800000,2026-04-01T12:00:00+00:00,23300.7,23308.9,23259.7,23275.3,2640
1775045700000,2026-04-01T12:15:00+00:00,23275.8,23283.2,23230.5,23256.8,2590
1775046600000,2026-04-01T12:30:00+00:00,23260.2,23401.6,23216.9,23310.5,2782
1775047500000,2026-04-01T12:45:00+00:00,23315.7,23345.8,23188.4,23203.2,3250
1775048400000,2026-04-01T13:00:00+00:00,23201.9,23233.4,23176.5,23221.7,3092
1775049300000,2026-04-01T13:15:00+00:00,23222.2,23250.8,23207.4,23242.8,3006
1775050200000,2026-04-01T13:30:00+00:00,23247.2,23285.5,23150.7,23175.4,3256
1775051100000,2026-04-01T13:45:00+00:00,23176.7,23205.9,23139.2,23187.2,3156
1775052000000,2026-04-01T14:00:00+00:00,23185.6,23224.0,23168.7,23218.4,3170
1775052900000,2026-04-01T14:15:00+00:00,23216.9,23276.0,23216.5,23248.0,3162
1775053800000,2026-04-01T14:30:00+00:00,23247.2,23308.2,23215.7,23276.2,3204
1775054700000,2026-04-01T14:45:00+00:00,23277.9,23298.2,23262.4,23288.7,3072
1775055600000,2026-04-01T15:00:00+00:00,23289.7,23320.0,23268.4,23272.9,2944
1775056500000,2026-04-01T15:15:00+00:00,23274.2,23305.7,23259.2,23262.8,3048
1775057400000,2026-04-01T15:30:00+00:00,23261.7,23315.6,23245.9,23309.5,3040
1775058300000,2026-04-01T15:45:00+00:00,23309.4,23371.4,23301.5,23368.2,2534
1775059200000,2026-04-01T16:00:00+00:00,23368.1,23375.0,23325.5,23330.2,2550
1775060100000,2026-04-01T16:15:00+00:00,23330.6,23337.9,23308.8,23316.0,2529
1775061000000,2026-04-01T16:30:00+00:00,23316.9,23346.3,23306.2,23343.2,2432
1775061900000,2026-04-01T16:45:00+00:00,23343.1,23351.9,23334.1,23348.1,1950
1775062800000,2026-04-01T17:00:00+00:00,23348.3,23371.1,23342.4,23367.9,1826
1775063700000,2026-04-01T17:15:00+00:00,23368.1,23369.6,23348.9,23355.3,1702
1775064600000,2026-04-01T17:30:00+00:00,23354.4,23358.9,23331.5,23334.6,1914
1775065500000,2026-04-01T17:45:00+00:00,23335.3,23340.6,23302.6,23303.4,2130
1775066400000,2026-04-01T18:00:00+00:00,23304.1,23307.4,23272.1,23281.6,2852
1775067300000,2026-04-01T18:15:00+00:00,23280.8,23281.4,23206.3,23209.1,2778
1775068200000,2026-04-01T18:30:00+00:00,23208.8,23232.1,23175.8,23220.1,2854
1775069100000,2026-04-01T18:45:00+00:00,23221.1,23227.4,23200.4,23212.0,2660
1775070000000,2026-04-01T19:00:00+00:00,23211.9,23242.8,23205.0,23239.3,2472
1775070900000,2026-04-01T19:15:00+00:00,23239.6,23305.0,23238.6,23304.0,2310
1775071800000,2026-04-01T19:30:00+00:00,23303.6,23340.4,23293.0,23326.8,2560
1775072700000,2026-04-01T19:45:00+00:00,23326.3,23332.0,23268.9,23313.8,2520
1775088900000,2026-04-02T00:15:00+00:00,23288.8,23300.2,23270.8,23270.9,1474
1775089800000,2026-04-02T00:30:00+00:00,23271.0,23329.6,23256.5,23327.2,1546
1775090700000,2026-04-02T00:45:00+00:00,23324.4,23342.9,23315.3,23337.3,1550
1775091600000,2026-04-02T01:00:00+00:00,23340.0,23340.3,23162.0,23245.3,2682
1775092500000,2026-04-02T01:15:00+00:00,23244.7,23244.7,23020.0,23048.0,3052
1775093400000,2026-04-02T01:30:00+00:00,23041.5,23044.9,22959.0,22983.5,2826
1775094300000,2026-04-02T01:45:00+00:00,22982.6,22996.2,22928.0,22968.7,2658
1775095200000,2026-04-02T02:00:00+00:00,22967.0,22979.2,22901.5,22907.5,2406
1775096100000,2026-04-02T02:15:00+00:00,22908.5,22940.0,22897.8,22903.5,2016
1775097000000,2026-04-02T02:30:00+00:00,22904.0,22925.7,22897.0,22917.5,1870
1775097900000,2026-04-02T02:45:00+00:00,22917.8,22935.0,22913.2,22925.0,1592
1775098800000,2026-04-02T03:00:00+00:00,22924.0,22924.0,22879.4,22900.0,1552
1775099700000,2026-04-02T03:15:00+00:00,22901.0,22918.0,22895.5,22905.0,1462
1775100600000,2026-04-02T03:30:00+00:00,22904.9,22910.5,22851.0,22877.6,1734
1775101500000,2026-04-02T03:45:00+00:00,22878.5,22885.7,22853.0,22860.5,1338
1775102400000,2026-04-02T04:00:00+00:00,22860.2,22876.3,22845.7,22853.4,1582
1775103300000,2026-04-02T04:15:00+00:00,22855.5,22875.1,22835.0,22835.0,1210
1775104200000,2026-04-02T04:30:00+00:00,22835.7,22847.4,22823.8,22847.4,976
1775105100000,2026-04-02T04:45:00+00:00,22846.5,22856.9,22807.3,22834.5,1060
1775106000000,2026-04-02T05:00:00+00:00,22833.5,22854.6,22829.5,22834.2,1436
1775106900000,2026-04-02T05:15:00+00:00,22835.5,22843.1,22814.5,22829.0,1162
1775107800000,2026-04-02T05:30:00+00:00,22831.5,22865.6,22800.5,22813.4,1444
1775108700000,2026-04-02T05:45:00+00:00,22814.0,22816.5,22789.8,22798.4,1512
1775109600000,2026-04-02T06:00:00+00:00,22803.5,22850.4,22803.5,22830.4,2030
1775110500000,2026-04-02T06:15:00+00:00,22830.0,22868.4,22821.2,22861.0,2246
1775111400000,2026-04-02T06:30:00+00:00,22859.0,22864.5,22835.5,22847.3,2042
1775112300000,2026-04-02T06:45:00+00:00,22849.5,22888.9,22824.2,22879.4,2218
1775113200000,2026-04-02T07:00:00+00:00,22879.9,22959.6,22875.6,22948.7,3140
1775114100000,2026-04-02T07:15:00+00:00,22949.5,22972.1,22918.6,22957.3,2974
1775115000000,2026-04-02T07:30:00+00:00,22957.1,22958.1,22921.1,22945.0,2910
1775115900000,2026-04-02T07:45:00+00:00,22945.3,22993.2,22945.3,22989.1,2644
1775116800000,2026-04-02T08:00:00+00:00,22989.4,22996.8,22931.1,22955.6,2926
1775117700000,2026-04-02T08:15:00+00:00,22954.1,22966.2,22921.8,22953.2,2858
1775118600000,2026-04-02T08:30:00+00:00,22952.8,22980.5,22939.8,22947.5,2776
1775119500000,2026-04-02T08:45:00+00:00,22951.1,22966.1,22935.4,22951.1,2564
1775120400000,2026-04-02T09:00:00+00:00,22951.5,22966.9,22889.8,22895.1,2544
1775121300000,2026-04-02T09:15:00+00:00,22892.7,22925.1,22888.9,22916.4,2252
1775122200000,2026-04-02T09:30:00+00:00,22916.5,22916.5,22863.5,22877.5,2238
1775123100000,2026-04-02T09:45:00+00:00,22876.9,22902.6,22866.4,22886.4,2382
1775124000000,2026-04-02T10:00:00+00:00,22887.8,22892.7,22833.2,22834.9,2502
1775124900000,2026-04-02T10:15:00+00:00,22835.2,22837.4,22790.2,22794.9,2308
1775125800000,2026-04-02T10:30:00+00:00,22794.7,22819.7,22770.9,22809.2,2456
1775126700000,2026-04-02T10:45:00+00:00,22809.1,22822.1,22795.9,22806.4,2514
1775127600000,2026-04-02T11:00:00+00:00,22805.1,22825.6,22776.1,22784.9,2580
1775128500000,2026-04-02T11:15:00+00:00,22784.5,22788.9,22731.3,22732.8,2264
1775129400000,2026-04-02T11:30:00+00:00,22733.1,22754.1,22715.7,22726.4,2270
1775130300000,2026-04-02T11:45:00+00:00,22725.7,22755.0,22704.4,22704.9,2368
1775131200000,2026-04-02T12:00:00+00:00,22709.1,22711.8,22656.4,22679.1,2602
1775132100000,2026-04-02T12:15:00+00:00,22679.6,22752.4,22670.9,22732.7,2396
1775133000000,2026-04-02T12:30:00+00:00,22732.8,22755.4,22724.5,22739.4,2408
1775133900000,2026-04-02T12:45:00+00:00,22739.1,22771.6,22735.8,22746.1,2586
1775134800000,2026-04-02T13:00:00+00:00,22750.2,22783.4,22733.3,22740.4,2710
1775135700000,2026-04-02T13:15:00+00:00,22740.3,22767.2,22735.8,22764.8,2576
1775136600000,2026-04-02T13:30:00+00:00,22766.8,22796.6,22750.0,22770.9,3125
1775137500000,2026-04-02T13:45:00+00:00,22773.4,22883.4,22768.2,22876.4,3024
1775138400000,2026-04-02T14:00:00+00:00,22880.1,22885.7,22836.1,22869.5,3032
1775139300000,2026-04-02T14:15:00+00:00,22869.9,22916.6,22869.9,22903.7,2920
1775140200000,2026-04-02T14:30:00+00:00,22901.5,23236.4,22897.9,23132.7,3248
1775141100000,2026-04-02T14:45:00+00:00,23136.4,23155.4,23061.7,23125.8,3098
1775142000000,2026-04-02T15:00:00+00:00,23124.8,23144.7,23085.6,23124.6,3142
1775142900000,2026-04-02T15:15:00+00:00,23125.0,23150.9,23060.9,23093.9,3112
1775143800000,2026-04-02T15:30:00+00:00,23096.3,23150.5,23084.7,23126.3,2954
1775144700000,2026-04-02T15:45:00+00:00,23125.6,23127.2,23055.6,23095.1,2722
1775145600000,2026-04-02T16:00:00+00:00,23096.1,23120.1,23059.6,23094.8,2568
1775146500000,2026-04-02T16:15:00+00:00,23094.6,23109.2,23055.8,23092.7,2468
1775147400000,2026-04-02T16:30:00+00:00,23091.0,23146.6,23080.8,23135.2,2308
1775148300000,2026-04-02T16:45:00+00:00,23135.8,23147.5,23118.3,23118.4,2020
1775149200000,2026-04-02T17:00:00+00:00,23118.5,23177.3,23110.2,23173.0,2098
1775150100000,2026-04-02T17:15:00+00:00,23172.3,23198.5,23165.2,23181.4,1814
1775151000000,2026-04-02T17:30:00+00:00,23182.5,23190.8,23165.6,23178.6,1696
1775151900000,2026-04-02T17:45:00+00:00,23179.0,23179.6,23127.9,23148.0,2046
1775152800000,2026-04-02T18:00:00+00:00,23149.3,23171.4,23147.0,23162.1,1744
1775153700000,2026-04-02T18:15:00+00:00,23163.8,23170.6,23147.1,23155.2,1802
1775154600000,2026-04-02T18:30:00+00:00,23155.7,23180.8,23151.4,23172.8,1514
1775155500000,2026-04-02T18:45:00+00:00,23173.1,23183.6,23166.8,23168.0,1560
1775156400000,2026-04-02T19:00:00+00:00,23169.4,23188.7,23158.8,23178.8,1222
1775157300000,2026-04-02T19:15:00+00:00,23180.6,23186.1,23162.8,23168.4,1312
1775158200000,2026-04-02T19:30:00+00:00,23166.5,23172.6,23157.9,23160.7,1272
1775159100000,2026-04-02T19:45:00+00:00,23159.8,23182.7,23151.4,23181.8,1588
1775520900000,2026-04-07T00:15:00+00:00,23283.3,23353.9,23264.8,23307.1,1320
1775521800000,2026-04-07T00:30:00+00:00,23304.1,23311.4,23273.5,23284.3,1072
1775522700000,2026-04-07T00:45:00+00:00,23283.8,23292.5,23261.4,23266.8,964
1775523600000,2026-04-07T01:00:00+00:00,23267.6,23285.5,23218.0,23235.8,1626
1775524500000,2026-04-07T01:15:00+00:00,23236.1,23253.1,23228.9,23253.1,1064
1775525400000,2026-04-07T01:30:00+00:00,23251.8,23253.6,23197.4,23209.0,1184
1775526300000,2026-04-07T01:45:00+00:00,23208.1,23220.9,23157.4,23169.6,1674
1775527200000,2026-04-07T02:00:00+00:00,23169.1,23175.4,23146.5,23155.6,1690
1775528100000,2026-04-07T02:15:00+00:00,23156.8,23166.6,23144.1,23157.1,1350
1775529000000,2026-04-07T02:30:00+00:00,23159.5,23177.2,23154.6,23176.1,806
1775529900000,2026-04-07T02:45:00+00:00,23174.6,23187.6,23167.9,23175.6,698
1775530800000,2026-04-07T03:00:00+00:00,23176.4,23178.6,23161.1,23163.9,698
1775531700000,2026-04-07T03:15:00+00:00,23164.5,23166.2,23147.1,23157.0,742
1775532600000,2026-04-07T03:30:00+00:00,23154.6,23166.6,23148.6,23160.4,672
1775533500000,2026-04-07T03:45:00+00:00,23159.4,23168.7,23153.1,23158.3,648
1775534400000,2026-04-07T04:00:00+00:00,23158.1,23165.1,23139.4,23141.4,850
1775535300000,2026-04-07T04:15:00+00:00,23141.6,23174.2,23138.4,23163.4,1086
1775536200000,2026-04-07T04:30:00+00:00,23163.8,23184.6,23135.3,23136.4,978
1775537100000,2026-04-07T04:45:00+00:00,23136.1,23147.5,23121.6,23124.1,782
1775538000000,2026-04-07T05:00:00+00:00,23125.4,23141.6,23118.5,23136.4,902
1775538900000,2026-04-07T05:15:00+00:00,23136.1,23138.7,23105.8,23109.1,992
1775539800000,2026-04-07T05:30:00+00:00,23107.1,23129.1,23096.7,23109.9,1228
1775540700000,2026-04-07T05:45:00+00:00,23110.3,23128.9,23108.3,23117.1,1036
1775541600000,2026-04-07T06:00:00+00:00,23121.6,23129.9,23092.5,23093.6,1746
1775542500000,2026-04-07T06:15:00+00:00,23093.5,23114.8,23076.9,23104.6,1790
1775543400000,2026-04-07T06:30:00+00:00,23104.0,23110.0,23065.5,23079.9,1792
1775544300000,2026-04-07T06:45:00+00:00,23080.1,23152.5,23070.5,23149.6,1844
1775545200000,2026-04-07T07:00:00+00:00,23150.9,23192.7,23127.0,23152.7,3060
1775546100000,2026-04-07T07:15:00+00:00,23156.0,23159.4,23091.3,23102.9,2912
1775547000000,2026-04-07T07:30:00+00:00,23106.7,23154.4,23083.8,23139.0,2830
1775547900000,2026-04-07T07:45:00+00:00,23138.1,23171.3,23099.7,23169.7,2668
1775548800000,2026-04-07T08:00:00+00:00,23169.0,23286.4,23163.7,23273.9,3186
1775549700000,2026-04-07T08:15:00+00:00,23271.7,23354.2,23249.4,23334.0,3144
1775550600000,2026-04-07T08:30:00+00:00,23335.8,23378.4,23325.7,23341.5,3026
1775551500000,2026-04-07T08:45:00+00:00,23341.4,23357.7,23298.0,23321.4,2894
1775552400000,2026-04-07T09:00:00+00:00,23320.9,23378.8,23316.7,23353.8,2870
1775553300000,2026-04-07T09:15:00+00:00,23353.2,23394.8,23338.0,23376.7,2774
1775554200000,2026-04-07T09:30:00+00:00,23375.2,23403.2,23361.4,23370.2,2792
1775555100000,2026-04-07T09:45:00+00:00,23369.9,23388.3,23342.4,23366.4,2554
1775556000000,2026-04-07T10:00:00+00:00,23369.5,23384.4,23179.7,23316.3,2868
1775556900000,2026-04-07T10:15:00+00:00,23316.2,23347.5,23198.7,23261.7,2914
1775557800000,2026-04-07T10:30:00+00:00,23263.1,23272.6,23146.3,23196.2,3012
1775558700000,2026-04-07T10:45:00+00:00,23203.1,23204.1,23088.3,23113.1,3110
1775559600000,2026-04-07T11:00:00+00:00,23117.3,23155.2,23097.8,23131.4,2934
1775560500000,2026-04-07T11:15:00+00:00,23131.2,23175.3,23113.4,23117.7,2756
1775561400000,2026-04-07T11:30:00+00:00,23117.5,23140.2,23066.6,23119.1,2897
1775562300000,2026-04-07T11:45:00+00:00,23119.3,23120.9,23076.9,23092.9,2712
1775563200000,2026-04-07T12:00:00+00:00,23092.2,23137.4,23013.4,23063.8,2916
1775564100000,2026-04-07T12:15:00+00:00,23063.3,23154.1,23031.3,23154.1,2916
1775565000000,2026-04-07T12:30:00+00:00,23151.1,23158.4,23106.5,23110.2,2648
1775565900000,2026-04-07T12:45:00+00:00,23112.3,23181.5,23044.5,23078.7,2838
1775566800000,2026-04-07T13:00:00+00:00,23083.6,23129.7,23064.0,23097.9,2984
1775567700000,2026-04-07T13:15:00+00:00,23098.2,23117.5,23075.8,23089.6,2842
1775568600000,2026-04-07T13:30:00+00:00,23090.2,23114.4,23011.2,23014.7,3244
1775569500000,2026-04-07T13:45:00+00:00,23014.2,23018.2,22926.4,22927.1,3210
1775570400000,2026-04-07T14:00:00+00:00,22931.7,22933.0,22832.4,22893.2,3304
1775571300000,2026-04-07T14:15:00+00:00,22896.0,22980.9,22886.4,22968.9,3254
1775572200000,2026-04-07T14:30:00+00:00,22973.2,23016.3,22950.1,22983.5,3190
1775573100000,2026-04-07T14:45:00+00:00,22983.9,23034.4,22878.8,22881.0,3164
1775574000000,2026-04-07T15:00:00+00:00,22881.1,22889.7,22841.8,22852.1,3228
1775574900000,2026-04-07T15:15:00+00:00,22854.4,22934.4,22850.9,22932.4,3188
1775575800000,2026-04-07T15:30:00+00:00,22932.7,22935.2,22873.3,22875.1,3110
1775576700000,2026-04-07T15:45:00+00:00,22876.3,22939.0,22861.7,22905.1,2908
1775577600000,2026-04-07T16:00:00+00:00,22905.5,23021.5,22899.7,22978.2,3074
1775578500000,2026-04-07T16:15:00+00:00,22977.7,23016.5,22943.5,23002.6,2930
1775579400000,2026-04-07T16:30:00+00:00,23000.8,23033.7,22990.9,23013.3,2668
1775580300000,2026-04-07T16:45:00+00:00,23012.4,23053.4,23009.7,23024.1,2542
1775581200000,2026-04-07T17:00:00+00:00,23023.6,23052.9,23014.4,23031.1,2466
1775582100000,2026-04-07T17:15:00+00:00,23030.0,23038.2,22983.8,22994.6,2406
1775583000000,2026-04-07T17:30:00+00:00,22994.9,23098.6,22994.9,23050.9,2644
1775583900000,2026-04-07T17:45:00+00:00,23052.0,23076.3,23036.2,23053.9,1862
1775584800000,2026-04-07T18:00:00+00:00,23053.8,23062.7,23030.2,23051.8,1550
1775585700000,2026-04-07T18:15:00+00:00,23051.5,23072.1,23048.1,23066.4,1584
1775586600000,2026-04-07T18:30:00+00:00,23066.6,23070.4,23026.5,23034.0,1606
1775587500000,2026-04-07T18:45:00+00:00,23033.8,23045.9,22997.7,23009.7,1716
1775588400000,2026-04-07T19:00:00+00:00,23009.3,23027.0,22982.7,23004.7,1792
1775589300000,2026-04-07T19:15:00+00:00,23004.8,23171.2,23000.2,23090.1,2586
1775590200000,2026-04-07T19:30:00+00:00,23085.8,23114.9,23057.9,23097.9,2066
1775591100000,2026-04-07T19:45:00+00:00,23096.6,23380.6,23085.5,23181.0,2181
1775607300000,2026-04-08T00:15:00+00:00,23762.0,23969.2,23751.0,23940.2,1550
1775608200000,2026-04-08T00:30:00+00:00,23939.7,23968.6,23891.0,23897.4,2000
1775609100000,2026-04-08T00:45:00+00:00,23896.6,23950.3,23893.6,23922.2,1906
1775610000000,2026-04-08T01:00:00+00:00,23921.4,23947.0,23888.2,23929.9,1848
1775610900000,2026-04-08T01:15:00+00:00,23928.9,23954.3,23912.5,23929.9,1490
1775611800000,2026-04-08T01:30:00+00:00,23929.4,24007.4,23913.1,23989.9,1414
1775612700000,2026-04-08T01:45:00+00:00,23991.3,24049.1,23991.3,24043.4,1294
1775613600000,2026-04-08T02:00:00+00:00,24044.4,24072.2,24038.4,24046.3,1108
1775614500000,2026-04-08T02:15:00+00:00,24048.0,24061.3,24023.4,24032.4,1098
1775615400000,2026-04-08T02:30:00+00:00,24033.2,24070.5,24023.9,24026.2,1128
1775616300000,2026-04-08T02:45:00+00:00,24025.9,24031.1,24014.8,24024.4,740
1775617200000,2026-04-08T03:00:00+00:00,24020.5,24036.2,24020.3,24030.2,778
1775618100000,2026-04-08T03:15:00+00:00,24031.9,24039.4,23992.9,23994.4,942
1775619000000,2026-04-08T03:30:00+00:00,23994.9,24013.4,23986.4,24002.4,1058
1775619900000,2026-04-08T03:45:00+00:00,24001.3,24015.5,23997.2,24007.4,794
1775620800000,2026-04-08T04:00:00+00:00,24006.9,24057.4,24006.7,24053.4,1004
1775621700000,2026-04-08T04:15:00+00:00,24055.4,24110.8,24047.9,24110.5,1056
1775622600000,2026-04-08T04:30:00+00:00,24110.4,24127.3,24103.2,24103.2,902
1775623500000,2026-04-08T04:45:00+00:00,24104.4,24130.7,24093.2,24097.6,944
1775624400000,2026-04-08T05:00:00+00:00,24098.4,24100.2,24016.4,24041.0,1536
1775625300000,2026-04-08T05:15:00+00:00,24041.2,24095.7,24035.4,24091.8,1154
1775626200000,2026-04-08T05:30:00+00:00,24091.4,24112.4,24061.3,24092.4,1526
1775627100000,2026-04-08T05:45:00+00:00,24093.5,24123.4,24064.7,24106.2,1542
1775628000000,2026-04-08T06:00:00+00:00,24111.7,24240.0,24111.7,24133.1,2580
1775628900000,2026-04-08T06:15:00+00:00,24132.7,24150.0,24098.4,24102.4,2308
1775629800000,2026-04-08T06:30:00+00:00,24100.4,24165.1,24071.9,24136.4,2458
1775630700000,2026-04-08T06:45:00+00:00,24137.2,24187.2,24113.6,24128.7,2604
1775631600000,2026-04-08T07:00:00+00:00,24145.1,24150.3,23977.5,23991.0,3378
1775632500000,2026-04-08T07:15:00+00:00,23985.1,24125.1,23975.3,24078.6,3256
1775633400000,2026-04-08T07:30:00+00:00,24078.4,24078.4,23985.3,23985.5,3158
1775634300000,2026-04-08T07:45:00+00:00,23985.0,24019.7,23945.1,23957.7,3110
1775635200000,2026-04-08T08:00:00+00:00,23952.5,23986.0,23923.0,23968.0,3146
1775636100000,2026-04-08T08:15:00+00:00,23974.0,23996.1,23924.3,23957.0,3072
1775637000000,2026-04-08T08:30:00+00:00,23957.3,24018.9,23903.5,23938.5,3004
1775637900000,2026-04-08T08:45:00+00:00,23940.6,23979.8,23935.2,23967.4,2542
1775638800000,2026-04-08T09:00:00+00:00,23968.0,24011.5,23920.0,24002.5,2514
1775639700000,2026-04-08T09:15:00+00:00,24002.1,24008.7,23963.2,23970.1,2408
1775640600000,2026-04-08T09:30:00+00:00,23972.6,24002.2,23886.0,23887.4,2526
1775641500000,2026-04-08T09:45:00+00:00,23893.5,23973.5,23879.1,23945.8,2656
1775642400000,2026-04-08T10:00:00+00:00,23944.8,23959.1,23918.1,23949.0,2628
1775643300000,2026-04-08T10:15:00+00:00,23949.1,24018.3,23921.1,24012.0,2412
1775644200000,2026-04-08T10:30:00+00:00,24011.0,24064.0,24009.9,24062.5,2230
1775645100000,2026-04-08T10:45:00+00:00,24063.0,24069.0,24039.2,24046.1,1970
1775646000000,2026-04-08T11:00:00+00:00,24046.0,24091.1,24020.5,24076.5,2326
1775646900000,2026-04-08T11:15:00+00:00,24075.8,24141.7,24044.5,24102.5,2508
1775647800000,2026-04-08T11:30:00+00:00,24102.7,24125.2,24074.6,24106.7,2458
1775648700000,2026-04-08T11:45:00+00:00,24107.2,24145.8,24092.2,24110.1,2364
1775649600000,2026-04-08T12:00:00+00:00,24109.5,24156.1,24102.0,24149.2,2580
1775650500000,2026-04-08T12:15:00+00:00,24149.6,24157.5,24023.0,24100.6,2904
1775651400000,2026-04-08T12:30:00+00:00,24098.5,24148.0,24094.7,24137.0,2652
1775652300000,2026-04-08T12:45:00+00:00,24136.5,24168.3,24125.0,24138.1,2438
1775653200000,2026-04-08T13:00:00+00:00,24139.0,24165.0,24104.2,24119.0,2560
1775654100000,2026-04-08T13:15:00+00:00,24119.7,24137.5,24100.2,24106.0,2650
1775655000000,2026-04-08T13:30:00+00:00,24105.0,24120.2,24017.0,24039.5,3298
1775655900000,2026-04-08T13:45:00+00:00,24041.2,24105.5,24029.4,24076.5,3120
1775656800000,2026-04-08T14:00:00+00:00,24077.2,24116.1,24039.5,24100.5,3172
1775657700000,2026-04-08T14:15:00+00:00,24101.2,24118.6,24036.4,24043.0,3052
1775658600000,2026-04-08T14:30:00+00:00,24047.0,24047.0,23994.0,23998.8,3114
1775659500000,2026-04-08T14:45:00+00:00,24001.4,24029.1,23959.4,24019.2,3120
1775660400000,2026-04-08T15:00:00+00:00,24022.7,24039.1,23964.4,24000.7,3062
1775661300000,2026-04-08T15:15:00+00:00,24000.0,24045.3,23977.5,24015.0,2966
1775662200000,2026-04-08T15:30:00+00:00,24012.3,24107.9,24007.4,24087.1,2954
1775663100000,2026-04-08T15:45:00+00:00,24086.4,24109.5,24086.4,24093.7,2200
1775664000000,2026-04-08T16:00:00+00:00,24094.0,24114.6,24088.9,24092.4,2146
1775664900000,2026-04-08T16:15:00+00:00,24092.7,24096.7,24055.2,24065.5,2186
1775665800000,2026-04-08T16:30:00+00:00,24066.0,24080.0,24055.7,24074.4,1916
1775666700000,2026-04-08T16:45:00+00:00,24073.2,24094.2,24072.2,24081.2,1622
1775667600000,2026-04-08T17:00:00+00:00,24081.0,24090.7,24049.7,24066.9,1504
1775668500000,2026-04-08T17:15:00+00:00,24066.3,24073.5,24014.9,24029.6,1992
1775669400000,2026-04-08T17:30:00+00:00,24028.7,24057.2,24024.4,24047.0,2064
1775670300000,2026-04-08T17:45:00+00:00,24046.6,24055.1,24036.7,24051.4,1320
1775671200000,2026-04-08T18:00:00+00:00,24049.7,24075.4,24042.0,24066.2,1256
1775672100000,2026-04-08T18:15:00+00:00,24065.9,24072.3,23958.4,24003.2,2496
1775673000000,2026-04-08T18:30:00+00:00,24003.5,24019.9,23957.7,23961.7,2188
1775673900000,2026-04-08T18:45:00+00:00,23960.4,23972.2,23926.2,23933.0,2066
1775674800000,2026-04-08T19:00:00+00:00,23930.2,23965.4,23921.8,23953.8,2120
1775675700000,2026-04-08T19:15:00+00:00,23952.5,23960.6,23916.3,23924.2,2040
1775676600000,2026-04-08T19:30:00+00:00,23923.7,23992.2,23923.7,23988.2,2120
1775677500000,2026-04-08T19:45:00+00:00,23984.8,24041.4,23979.7,24038.7,2012
1775693700000,2026-04-09T00:15:00+00:00,23954.6,23954.6,23923.4,23936.3,1664
1775694600000,2026-04-09T00:30:00+00:00,23937.8,23959.5,23925.3,23926.4,1542
1775695500000,2026-04-09T00:45:00+00:00,23925.8,23931.3,23896.6,23897.3,1262
1775696400000,2026-04-09T01:00:00+00:00,23897.8,23911.3,23875.2,23879.8,1592
1775697300000,2026-04-09T01:15:00+00:00,23877.8,23880.8,23850.3,23863.3,1254
1775698200000,2026-04-09T01:30:00+00:00,23862.2,23886.8,23849.9,23871.3,1574
1775699100000,2026-04-09T01:45:00+00:00,23870.8,23897.3,23865.0,23890.8,1262
1775700000000,2026-04-09T02:00:00+00:00,23890.9,23900.6,23879.2,23885.6,1346
1775700900000,2026-04-09T02:15:00+00:00,23885.8,23897.7,23875.0,23880.8,1116
1775701800000,2026-04-09T02:30:00+00:00,23880.0,23898.5,23879.8,23890.8,908
1775702700000,2026-04-09T02:45:00+00:00,23890.4,23896.9,23880.3,23882.9,826
1775703600000,2026-04-09T03:00:00+00:00,23883.5,23896.1,23879.9,23885.3,588
1775704500000,2026-04-09T03:15:00+00:00,23884.0,23890.4,23873.6,23878.1,542
1775705400000,2026-04-09T03:30:00+00:00,23877.2,23892.1,23862.3,23869.3,824
1775706300000,2026-04-09T03:45:00+00:00,23869.0,23883.8,23858.8,23873.9,924
1775707200000,2026-04-09T04:00:00+00:00,23874.1,23887.1,23866.4,23878.4,680
1775708100000,2026-04-09T04:15:00+00:00,23878.8,23882.2,23864.5,23868.3,486
1775709000000,2026-04-09T04:30:00+00:00,23868.4,23879.3,23861.4,23875.0,500
1775709900000,2026-04-09T04:45:00+00:00,23875.2,23884.9,23870.9,23877.9,638
1775710800000,2026-04-09T05:00:00+00:00,23878.3,23884.2,23864.8,23873.5,1174
1775711700000,2026-04-09T05:15:00+00:00,23874.1,23911.2,23874.1,23909.8,1258
1775712600000,2026-04-09T05:30:00+00:00,23910.7,23951.0,23905.3,23940.9,946
1775713500000,2026-04-09T05:45:00+00:00,23940.0,23944.8,23901.7,23914.3,990
1775714400000,2026-04-09T06:00:00+00:00,23915.2,23955.8,23909.7,23926.5,1738
1775715300000,2026-04-09T06:15:00+00:00,23926.2,23932.5,23908.8,23921.6,1666
1775716200000,2026-04-09T06:30:00+00:00,23923.0,23926.2,23902.5,23909.5,1830
1775717100000,2026-04-09T06:45:00+00:00,23908.3,23928.8,23877.0,23928.8,1930
1775718000000,2026-04-09T07:00:00+00:00,23943.7,23990.6,23899.8,23917.9,3136
1775718900000,2026-04-09T07:15:00+00:00,23917.3,23917.3,23843.2,23867.6,2924
1775719800000,2026-04-09T07:30:00+00:00,23871.6,23873.8,23818.6,23823.2,2900
1775720700000,2026-04-09T07:45:00+00:00,23822.9,23833.2,23782.1,23823.1,2848
1775721600000,2026-04-09T08:00:00+00:00,23823.7,23828.2,23782.8,23791.6,2828
1775722500000,2026-04-09T08:15:00+00:00,23791.1,23822.7,23766.8,23772.3,2742
1775723400000,2026-04-09T08:30:00+00:00,23774.5,23791.0,23758.6,23788.0,2676
1775724300000,2026-04-09T08:45:00+00:00,23787.8,23799.5,23742.3,23748.6,2526
1775725200000,2026-04-09T09:00:00+00:00,23747.6,23784.8,23730.3,23777.1,2544
1775726100000,2026-04-09T09:15:00+00:00,23780.9,23799.6,23763.7,23786.8,2420
1775727000000,2026-04-09T09:30:00+00:00,23785.8,23792.6,23760.1,23763.5,2280
1775727900000,2026-04-09T09:45:00+00:00,23764.1,23788.2,23763.8,23785.6,2122
1775728800000,2026-04-09T10:00:00+00:00,23787.0,23800.6,23759.2,23763.5,2462
1775729700000,2026-04-09T10:15:00+00:00,23764.0,23800.2,23753.1,23785.2,2358
1775730600000,2026-04-09T10:30:00+00:00,23785.3,23801.0,23767.3,23791.5,2186
1775731500000,2026-04-09T10:45:00+00:00,23791.7,23798.0,23749.0,23752.2,2368
1775732400000,2026-04-09T11:00:00+00:00,23754.8,23776.5,23742.2,23748.5,2574
1775733300000,2026-04-09T11:15:00+00:00,23748.3,23765.7,23736.8,23757.5,2314
1775734200000,2026-04-09T11:30:00+00:00,23757.2,23814.1,23756.0,23802.8,2312
1775735100000,2026-04-09T11:45:00+00:00,23802.2,23828.8,23801.2,23813.6,2300
1775736000000,2026-04-09T12:00:00+00:00,23814.0,23827.0,23793.7,23801.5,2402
1775736900000,2026-04-09T12:15:00+00:00,23802.1,23817.9,23780.8,23817.9,2148
1775737800000,2026-04-09T12:30:00+00:00,23816.5,23825.6,23780.6,23787.6,2644
1775738700000,2026-04-09T12:45:00+00:00,23788.0,23799.6,23747.2,23755.8,2522
1775739600000,2026-04-09T13:00:00+00:00,23757.6,23765.3,23728.2,23743.8,2806
1775740500000,2026-04-09T13:15:00+00:00,23743.6,23757.1,23725.0,23753.8,2516
1775741400000,2026-04-09T13:30:00+00:00,23757.8,23766.3,23709.1,23734.8,3182
1775742300000,2026-04-09T13:45:00+00:00,23734.5,23735.7,23671.0,23698.6,3196
1775743200000,2026-04-09T14:00:00+00:00,23698.3,23716.3,23669.7,23697.3,3046
1775744100000,2026-04-09T14:15:00+00:00,23698.2,23703.8,23656.9,23673.8,3138
1775745000000,2026-04-09T14:30:00+00:00,23668.8,23700.1,23661.3,23682.1,3030
1775745900000,2026-04-09T14:45:00+00:00,23681.7,23710.6,23677.8,23693.0,2884
1775746800000,2026-04-09T15:00:00+00:00,23693.1,23702.9,23654.0,23698.6,2934
1775747700000,2026-04-09T15:15:00+00:00,23697.8,23753.6,23696.8,23742.8,2970
1775748600000,2026-04-09T15:30:00+00:00,23740.8,23835.3,23729.3,23811.9,3292
1775749500000,2026-04-09T15:45:00+00:00,23809.8,23876.1,23798.6,23865.3,2920
1775750400000,2026-04-09T16:00:00+00:00,23866.3,23924.9,23866.3,23872.3,2926
1775751300000,2026-04-09T16:15:00+00:00,23872.5,23908.4,23868.3,23879.3,2598
1775752200000,2026-04-09T16:30:00+00:00,23878.3,23887.5,23851.9,23856.9,2540
1775753100000,2026-04-09T16:45:00+00:00,23856.6,23881.3,23838.0,23868.8,2362
1775754000000,2026-04-09T17:00:00+00:00,23869.4,23895.8,23851.3,23891.0,1902
1775754900000,2026-04-09T17:15:00+00:00,23890.8,23914.2,23885.2,23887.3,2066
1775755800000,2026-04-09T17:30:00+00:00,23886.9,23919.8,23866.8,23898.4,2048
1775756700000,2026-04-09T17:45:00+00:00,23898.3,23906.1,23886.4,23895.5,1974
1775757600000,2026-04-09T18:00:00+00:00,23895.8,23896.8,23829.0,23850.0,2706
1775758500000,2026-04-09T18:15:00+00:00,23849.8,23872.0,23835.6,23837.6,2510
1775759400000,2026-04-09T18:30:00+00:00,23837.5,23849.2,23810.4,23833.8,2168
1775760300000,2026-04-09T18:45:00+00:00,23834.2,23854.8,23825.9,23850.7,1842
1775761200000,2026-04-09T19:00:00+00:00,23850.2,23883.2,23841.8,23874.8,1820
1775762100000,2026-04-09T19:15:00+00:00,23877.2,23879.9,23859.5,23873.7,1982
1775763000000,2026-04-09T19:30:00+00:00,23874.6,23894.2,23871.0,23881.0,1918
1775763900000,2026-04-09T19:45:00+00:00,23880.3,23892.5,23853.3,23867.0,1956
1775780100000,2026-04-10T00:15:00+00:00,23844.3,23854.7,23835.8,23852.1,1008
1775781000000,2026-04-10T00:30:00+00:00,23851.6,23858.1,23842.0,23844.2,838
1775781900000,2026-04-10T00:45:00+00:00,23843.9,23860.2,23834.1,23859.6,602
1775782800000,2026-04-10T01:00:00+00:00,23856.2,23856.4,23843.2,23852.6,570
1775783700000,2026-04-10T01:15:00+00:00,23855.9,23862.1,23847.1,23860.1,888
1775784600000,2026-04-10T01:30:00+00:00,23859.6,23914.1,23852.7,23908.1,1138
1775785500000,2026-04-10T01:45:00+00:00,23907.7,23908.7,23886.6,23887.6,748
1775786400000,2026-04-10T02:00:00+00:00,23887.5,23891.1,23869.1,23872.5,802
1775787300000,2026-04-10T02:15:00+00:00,23874.4,23877.1,23854.9,23873.7,640
1775788200000,2026-04-10T02:30:00+00:00,23873.0,23883.4,23865.4,23879.1,568
1775789100000,2026-04-10T02:45:00+00:00,23878.2,23882.1,23875.1,23877.6,410
1775790000000,2026-04-10T03:00:00+00:00,23878.9,23899.6,23878.1,23896.4,450
1775790900000,2026-04-10T03:15:00+00:00,23895.9,23899.3,23864.2,23864.8,492
1775791800000,2026-04-10T03:30:00+00:00,23865.6,23894.9,23865.6,23879.1,614
1775792700000,2026-04-10T03:45:00+00:00,23879.6,23898.8,23877.1,23882.1,552
1775793600000,2026-04-10T04:00:00+00:00,23881.1,23896.1,23869.3,23871.4,468
1775794500000,2026-04-10T04:15:00+00:00,23871.1,23904.1,23871.1,23902.8,536
1775795400000,2026-04-10T04:30:00+00:00,23904.4,23915.6,23891.6,23903.6,574
1775796300000,2026-04-10T04:45:00+00:00,23901.2,23905.6,23887.6,23892.0,364
1775797200000,2026-04-10T05:00:00+00:00,23892.6,23911.8,23892.6,23898.1,656
1775798100000,2026-04-10T05:15:00+00:00,23898.2,23903.1,23877.9,23877.9,508
1775799000000,2026-04-10T05:30:00+00:00,23880.0,23911.4,23870.3,23895.2,826
1775799900000,2026-04-10T05:45:00+00:00,23894.6,23902.7,23869.1,23878.7,748
1775800800000,2026-04-10T06:00:00+00:00,23879.1,23894.8,23851.1,23853.2,1232
1775801700000,2026-04-10T06:15:00+00:00,23853.4,23858.2,23836.1,23853.3,1346
1775802600000,2026-04-10T06:30:00+00:00,23854.1,23863.3,23825.8,23851.7,1500
1775803500000,2026-04-10T06:45:00+00:00,23852.6,23856.1,23831.6,23842.9,1634
1775804400000,2026-04-10T07:00:00+00:00,23838.9,23838.9,23797.9,23805.1,2980
1775805300000,2026-04-10T07:15:00+00:00,23808.3,23841.9,23786.6,23835.0,2778
1775806200000,2026-04-10T07:30:00+00:00,23835.3,23855.3,23826.5,23834.9,2538
1775807100000,2026-04-10T07:45:00+00:00,23833.7,23861.0,23816.6,23843.0,2480
1775808000000,2026-04-10T08:00:00+00:00,23844.5,23852.8,23805.7,23828.5,2712
1775808900000,2026-04-10T08:15:00+00:00,23827.8,23849.5,23808.5,23837.8,2352
1775809800000,2026-04-10T08:30:00+00:00,23835.8,23844.9,23817.4,23835.6,2304
1775810700000,2026-04-10T08:45:00+00:00,23835.8,23840.1,23754.0,23768.7,2572
1775811600000,2026-04-10T09:00:00+00:00,23769.3,23800.8,23766.1,23788.0,2316
1775812500000,2026-04-10T09:15:00+00:00,23788.1,23924.5,23780.2,23856.6,2910
1775813400000,2026-04-10T09:30:00+00:00,23855.1,23898.6,23829.6,23896.3,2800
1775814300000,2026-04-10T09:45:00+00:00,23896.4,23936.9,23885.1,23918.6,2980
1775815200000,2026-04-10T10:00:00+00:00,23917.8,23934.0,23870.8,23875.6,2686
1775816100000,2026-04-10T10:15:00+00:00,23875.1,23968.3,23873.7,23963.9,2470
1775817000000,2026-04-10T10:30:00+00:00,23967.3,23977.5,23940.4,23955.0,2578
1775817900000,2026-04-10T10:45:00+00:00,23954.9,23994.4,23951.3,23968.1,2544
1775818800000,2026-04-10T11:00:00+00:00,23969.6,24012.7,23958.6,23979.6,2608
1775819700000,2026-04-10T11:15:00+00:00,23979.5,23999.6,23962.9,23974.1,2260
1775820600000,2026-04-10T11:30:00+00:00,23974.8,23983.1,23961.4,23975.4,2328
1775821500000,2026-04-10T11:45:00+00:00,23975.8,23983.1,23937.9,23948.5,2254
1775822400000,2026-04-10T12:00:00+00:00,23948.7,23990.0,23938.7,23975.8,2468
1775823300000,2026-04-10T12:15:00+00:00,23976.5,23989.6,23962.3,23977.6,2338
1775824200000,2026-04-10T12:30:00+00:00,24005.6,24037.6,23981.9,23994.6,2646
1775825100000,2026-04-10T12:45:00+00:00,23994.7,24000.2,23956.3,23961.0,2526
1775826000000,2026-04-10T13:00:00+00:00,23962.1,23990.1,23945.6,23958.6,2602
1775826900000,2026-04-10T13:15:00+00:00,23959.1,23973.9,23950.4,23969.3,2500
1775827800000,2026-04-10T13:30:00+00:00,23973.0,23981.1,23889.1,23901.1,3214
1775828700000,2026-04-10T13:45:00+00:00,23903.4,23913.6,23857.3,23913.6,3014
1775829600000,2026-04-10T14:00:00+00:00,23903.1,23945.7,23884.6,23943.8,2976
1775830500000,2026-04-10T14:15:00+00:00,23943.9,23962.7,23936.3,23958.6,2790
1775831400000,2026-04-10T14:30:00+00:00,23958.7,23965.8,23866.6,23885.0,2868
1775832300000,2026-04-10T14:45:00+00:00,23887.6,23892.3,23846.1,23858.0,2888
1775833200000,2026-04-10T15:00:00+00:00,23856.0,23887.3,23835.8,23874.5,2754
1775834100000,2026-04-10T15:15:00+00:00,23874.7,23885.9,23837.5,23838.1,2832
1775835000000,2026-04-10T15:30:00+00:00,23843.1,23849.4,23746.7,23759.1,3164
1775835900000,2026-04-10T15:45:00+00:00,23758.5,23761.3,23721.3,23728.9,2774
1775836800000,2026-04-10T16:00:00+00:00,23731.8,23760.6,23718.3,23756.6,2618
1775837700000,2026-04-10T16:15:00+00:00,23757.1,23766.2,23737.8,23746.1,2266
1775838600000,2026-04-10T16:30:00+00:00,23745.9,23760.7,23724.1,23731.8,2474
1775839500000,2026-04-10T16:45:00+00:00,23731.6,23774.0,23728.3,23766.5,2432
1775840400000,2026-04-10T17:00:00+00:00,23766.1,23767.6,23726.0,23733.6,2042
1775841300000,2026-04-10T17:15:00+00:00,23733.8,23738.2,23703.5,23705.8,1916
1775842200000,2026-04-10T17:30:00+00:00,23703.8,23731.8,23699.6,23727.1,2060
1775843100000,2026-04-10T17:45:00+00:00,23726.3,23759.5,23725.7,23754.9,1656
1775844000000,2026-04-10T18:00:00+00:00,23755.3,23755.4,23734.6,23743.2,1920
1775844900000,2026-04-10T18:15:00+00:00,23743.4,23772.8,23743.4,23760.7,1792
1775845800000,2026-04-10T18:30:00+00:00,23760.6,23771.3,23754.6,23758.3,1658
1775846700000,2026-04-10T18:45:00+00:00,23757.8,23768.9,23753.9,23767.6,1278
1775847600000,2026-04-10T19:00:00+00:00,23767.7,23785.3,23764.7,23783.3,1328
1775848500000,2026-04-10T19:15:00+00:00,23783.4,23783.4,23769.8,23769.8,1404
1775849400000,2026-04-10T19:30:00+00:00,23768.1,23773.2,23754.6,23770.6,1676
1775850300000,2026-04-10T19:45:00+00:00,23770.2,23783.2,23764.7,23775.7,1176
1776039300000,2026-04-13T00:15:00+00:00,23457.8,23494.8,23415.6,23475.9,1686
1776040200000,2026-04-13T00:30:00+00:00,23476.3,23529.7,23476.3,23523.1,1480
1776041100000,2026-04-13T00:45:00+00:00,23522.9,23563.0,23517.3,23550.8,1218
1776042000000,2026-04-13T01:00:00+00:00,23550.2,23563.5,23541.8,23551.7,1704
1776042900000,2026-04-13T01:15:00+00:00,23551.3,23555.1,23538.4,23554.1,1246
1776043800000,2026-04-13T01:30:00+00:00,23553.4,23556.9,23533.3,23536.2,1196
1776044700000,2026-04-13T01:45:00+00:00,23536.0,23546.1,23518.8,23542.3,1318
1776045600000,2026-04-13T02:00:00+00:00,23541.6,23546.0,23506.8,23514.2,1140
1776046500000,2026-04-13T02:15:00+00:00,23514.8,23520.8,23502.6,23505.3,938
1776047400000,2026-04-13T02:30:00+00:00,23506.8,23520.5,23504.2,23515.0,812
1776048300000,2026-04-13T02:45:00+00:00,23515.9,23528.2,23506.8,23525.2,670
1776049200000,2026-04-13T03:00:00+00:00,23525.5,23528.8,23489.8,23495.1,964
1776050100000,2026-04-13T03:15:00+00:00,23494.8,23508.5,23489.5,23497.2,912
1776051000000,2026-04-13T03:30:00+00:00,23496.4,23506.2,23486.3,23504.5,958
1776051900000,2026-04-13T03:45:00+00:00,23505.1,23505.7,23477.6,23494.3,938
1776052800000,2026-04-13T04:00:00+00:00,23494.8,23504.7,23483.8,23484.7,758
1776053700000,2026-04-13T04:15:00+00:00,23486.3,23498.7,23481.3,23494.4,932
1776054600000,2026-04-13T04:30:00+00:00,23494.8,23503.0,23487.8,23499.8,810
1776055500000,2026-04-13T04:45:00+00:00,23499.5,23521.7,23491.5,23507.3,874
1776056400000,2026-04-13T05:00:00+00:00,23507.8,23510.9,23486.5,23490.8,1150
1776057300000,2026-04-13T05:15:00+00:00,23491.3,23493.0,23472.6,23484.3,854
1776058200000,2026-04-13T05:30:00+00:00,23485.8,23490.5,23468.4,23477.1,966
1776059100000,2026-04-13T05:45:00+00:00,23476.8,23490.3,23468.0,23472.8,990
1776060000000,2026-04-13T06:00:00+00:00,23472.4,23515.2,23460.6,23467.8,2068
1776060900000,2026-04-13T06:15:00+00:00,23468.5,23527.8,23464.5,23517.6,1848
1776061800000,2026-04-13T06:30:00+00:00,23518.6,23520.3,23480.3,23488.5,1874
1776062700000,2026-04-13T06:45:00+00:00,23488.2,23503.8,23473.5,23499.0,2038
1776063600000,2026-04-13T07:00:00+00:00,23501.5,23569.6,23501.5,23565.7,3140
1776064500000,2026-04-13T07:15:00+00:00,23565.6,23567.5,23535.9,23559.6,2960
1776065400000,2026-04-13T07:30:00+00:00,23559.4,23569.3,23526.6,23567.6,2764
1776066300000,2026-04-13T07:45:00+00:00,23567.4,23582.6,23552.2,23573.1,2628
1776067200000,2026-04-13T08:00:00+00:00,23573.2,23606.0,23549.2,23556.2,2933
1776068100000,2026-04-13T08:15:00+00:00,23555.6,23597.4,23548.2,23578.5,2615
1776069000000,2026-04-13T08:30:00+00:00,23578.6,23590.1,23538.6,23552.3,2666
1776069900000,2026-04-13T08:45:00+00:00,23555.0,23566.5,23541.2,23565.3,2440
1776070800000,2026-04-13T09:00:00+00:00,23565.6,23600.8,23565.5,23583.0,2608
1776071700000,2026-04-13T09:15:00+00:00,23582.6,23602.5,23571.0,23571.2,2228
1776072600000,2026-04-13T09:30:00+00:00,23571.1,23579.5,23544.6,23551.2,2154
1776073500000,2026-04-13T09:45:00+00:00,23551.3,23552.9,23524.0,23550.1,1826
1776074400000,2026-04-13T10:00:00+00:00,23554.3,23579.1,23548.6,23579.0,2086
1776075300000,2026-04-13T10:15:00+00:00,23578.8,23578.8,23555.2,23563.3,2136
1776076200000,2026-04-13T10:30:00+00:00,23563.5,23571.9,23548.9,23553.3,2074
1776077100000,2026-04-13T10:45:00+00:00,23553.2,23569.3,23541.2,23560.3,2114
1776078000000,2026-04-13T11:00:00+00:00,23564.1,23597.6,23554.1,23558.3,2534
1776078900000,2026-04-13T11:15:00+00:00,23558.5,23567.0,23523.6,23532.5,2314
1776079800000,2026-04-13T11:30:00+00:00,23531.6,23547.5,23491.0,23521.5,2620
1776080700000,2026-04-13T11:45:00+00:00,23521.6,23533.0,23476.2,23483.5,2674
1776081600000,2026-04-13T12:00:00+00:00,23485.1,23523.5,23468.6,23518.9,2686
1776082500000,2026-04-13T12:15:00+00:00,23519.0,23525.8,23505.7,23512.8,2390
1776083400000,2026-04-13T12:30:00+00:00,23513.0,23520.6,23497.6,23503.2,2580
1776084300000,2026-04-13T12:45:00+00:00,23503.3,23539.8,23502.3,23539.1,2616
1776085200000,2026-04-13T13:00:00+00:00,23540.8,23557.0,23536.1,23556.5,2514
1776086100000,2026-04-13T13:15:00+00:00,23556.7,23585.5,23550.9,23577.7,2436
1776087000000,2026-04-13T13:30:00+00:00,23577.8,23593.2,23556.3,23590.2,3080
1776087900000,2026-04-13T13:45:00+00:00,23590.3,23735.7,23583.3,23712.3,3210
1776088800000,2026-04-13T14:00:00+00:00,23707.5,23711.1,23676.8,23696.0,3136
1776089700000,2026-04-13T14:15:00+00:00,23696.2,23720.1,23675.3,23712.6,3186
1776090600000,2026-04-13T14:30:00+00:00,23713.8,23734.1,23709.2,23728.6,2994
1776091500000,2026-04-13T14:45:00+00:00,23728.7,23745.5,23687.6,23733.5,2972
1776092400000,2026-04-13T15:00:00+00:00,23733.2,23749.5,23697.7,23735.3,3060
1776093300000,2026-04-13T15:15:00+00:00,23739.5,23741.3,23716.5,23732.8,2802
1776094200000,2026-04-13T15:30:00+00:00,23732.3,23740.0,23702.2,23703.7,2848
1776095100000,2026-04-13T15:45:00+00:00,23695.7,23718.1,23693.3,23715.7,2536
1776096000000,2026-04-13T16:00:00+00:00,23715.8,23765.3,23701.6,23743.3,2534
1776096900000,2026-04-13T16:15:00+00:00,23743.6,23819.3,23740.6,23804.5,2814
1776097800000,2026-04-13T16:30:00+00:00,23804.3,23844.3,23795.3,23828.1,3062
1776098700000,2026-04-13T16:45:00+00:00,23827.7,23886.6,23822.8,23849.7,2758
1776099600000,2026-04-13T17:00:00+00:00,23849.9,23872.6,23846.7,23870.5,2286
1776100500000,2026-04-13T17:15:00+00:00,23870.8,23884.8,23859.7,23872.8,1968
1776101400000,2026-04-13T17:30:00+00:00,23873.1,23876.6,23862.5,23865.7,1866
1776102300000,2026-04-13T17:45:00+00:00,23865.5,23868.2,23854.0,23862.6,1510
1776103200000,2026-04-13T18:00:00+00:00,23862.0,23894.0,23862.0,23891.1,1594
1776104100000,2026-04-13T18:15:00+00:00,23890.7,23891.3,23865.4,23871.8,1600
1776105000000,2026-04-13T18:30:00+00:00,23871.6,23879.3,23869.2,23878.5,1516
1776105900000,2026-04-13T18:45:00+00:00,23879.7,23904.2,23879.2,23896.0,1850
1776106800000,2026-04-13T19:00:00+00:00,23895.8,23907.5,23879.3,23883.3,1602
1776107700000,2026-04-13T19:15:00+00:00,23883.5,23896.5,23879.1,23890.5,1278
1776108600000,2026-04-13T19:30:00+00:00,23890.0,23901.5,23878.7,23882.8,1812
1776109500000,2026-04-13T19:45:00+00:00,23882.7,23924.8,23870.7,23923.0,1956
1776125700000,2026-04-14T00:15:00+00:00,23949.7,23949.8,23914.9,23919.9,1112
1776126600000,2026-04-14T00:30:00+00:00,23920.5,23934.5,23917.3,23920.9,984
1776127500000,2026-04-14T00:45:00+00:00,23920.7,23924.7,23914.9,23917.9,828
1776128400000,2026-04-14T01:00:00+00:00,23918.1,23918.9,23900.4,23914.5,964
1776129300000,2026-04-14T01:15:00+00:00,23913.9,23914.5,23903.8,23907.4,694
1776130200000,2026-04-14T01:30:00+00:00,23907.1,23907.4,23882.5,23896.9,1044
1776131100000,2026-04-14T01:45:00+00:00,23896.3,23906.1,23886.3,23888.9,720
1776132000000,2026-04-14T02:00:00+00:00,23889.5,23898.2,23881.9,23894.9,722
1776132900000,2026-04-14T02:15:00+00:00,23895.4,23910.4,23886.5,23891.4,388
1776133800000,2026-04-14T02:30:00+00:00,23891.9,23891.9,23881.7,23887.8,614
1776134700000,2026-04-14T02:45:00+00:00,23887.3,23893.2,23880.4,23887.0,518
1776135600000,2026-04-14T03:00:00+00:00,23886.3,23888.9,23876.4,23882.7,616
1776136500000,2026-04-14T03:15:00+00:00,23882.5,23883.4,23868.6,23871.4,458
1776137400000,2026-04-14T03:30:00+00:00,23871.3,23878.9,23866.4,23870.9,680
1776138300000,2026-04-14T03:45:00+00:00,23872.4,23879.1,23868.4,23874.6,710
1776139200000,2026-04-14T04:00:00+00:00,23875.4,23883.9,23872.9,23877.3,542
1776140100000,2026-04-14T04:15:00+00:00,23876.9,23887.3,23874.9,23876.8,672
1776141000000,2026-04-14T04:30:00+00:00,23876.4,23882.3,23869.4,23877.6,730
1776141900000,2026-04-14T04:45:00+00:00,23877.1,23884.5,23872.1,23874.3,580
1776142800000,2026-04-14T05:00:00+00:00,23873.9,23886.4,23870.8,23883.4,646
1776143700000,2026-04-14T05:15:00+00:00,23884.9,23893.7,23873.2,23881.1,924
1776144600000,2026-04-14T05:30:00+00:00,23881.3,23883.2,23858.7,23873.4,1138
1776145500000,2026-04-14T05:45:00+00:00,23872.9,23910.4,23869.2,23898.9,864
1776146400000,2026-04-14T06:00:00+00:00,23898.8,23909.2,23891.8,23902.3,1759
1776147300000,2026-04-14T06:15:00+00:00,23901.9,23919.8,23891.2,23905.6,1582
1776148200000,2026-04-14T06:30:00+00:00,23904.3,23936.5,23896.8,23929.9,2010
1776149100000,2026-04-14T06:45:00+00:00,23930.6,23939.8,23896.7,23935.8,1834
1776150000000,2026-04-14T07:00:00+00:00,23934.9,24007.2,23895.3,23983.1,3200
1776150900000,2026-04-14T07:15:00+00:00,23982.4,23994.9,23952.0,23987.4,3011
1776151800000,2026-04-14T07:30:00+00:00,23988.7,24010.6,23974.2,23985.4,2864
1776152700000,2026-04-14T07:45:00+00:00,23985.2,23996.2,23955.6,23991.4,2852
1776153600000,2026-04-14T08:00:00+00:00,23991.3,24005.2,23961.9,23989.6,2908
1776154500000,2026-04-14T08:15:00+00:00,23990.6,24002.9,23969.8,23986.8,2724
1776155400000,2026-04-14T08:30:00+00:00,23986.4,24002.9,23966.9,23984.7,2660
1776156300000,2026-04-14T08:45:00+00:00,23984.9,24032.4,23982.2,24029.2,2466
1776157200000,2026-04-14T09:00:00+00:00,24027.4,24049.1,24004.8,24014.3,2612
1776158100000,2026-04-14T09:15:00+00:00,24014.7,24017.6,23972.3,23975.7,2452
1776159000000,2026-04-14T09:30:00+00:00,23975.3,23977.9,23948.0,23958.1,2508
1776159900000,2026-04-14T09:45:00+00:00,23958.3,23969.9,23936.7,23966.4,2446
1776160800000,2026-04-14T10:00:00+00:00,23966.6,23971.3,23945.8,23960.1,2435
1776161700000,2026-04-14T10:15:00+00:00,23959.7,23980.9,23953.6,23961.4,2355
1776162600000,2026-04-14T10:30:00+00:00,23961.3,23965.8,23928.8,23932.8,2634
1776163500000,2026-04-14T10:45:00+00:00,23933.8,23956.2,23930.3,23946.0,2324
1776164400000,2026-04-14T11:00:00+00:00,23943.1,23965.9,23936.7,23943.8,2506
1776165300000,2026-04-14T11:15:00+00:00,23943.9,23987.3,23934.0,23976.2,2144
1776166200000,2026-04-14T11:30:00+00:00,23977.8,23982.9,23962.7,23966.1,2112
1776167100000,2026-04-14T11:45:00+00:00,23966.2,24041.7,23955.5,24001.8,2364
1776168000000,2026-04-14T12:00:00+00:00,24002.4,24016.9,23983.1,23993.7,2636
1776168900000,2026-04-14T12:15:00+00:00,23993.8,24026.3,23981.2,24024.5,2382
1776169800000,2026-04-14T12:30:00+00:00,24024.4,24089.4,23997.6,24020.8,2636
1776170700000,2026-04-14T12:45:00+00:00,24021.1,24026.2,23996.1,24015.6,2466
1776171600000,2026-04-14T13:00:00+00:00,24014.2,24034.4,24001.6,24030.1,2628
1776172500000,2026-04-14T13:15:00+00:00,24030.4,24045.8,24021.2,24025.8,2520
1776173400000,2026-04-14T13:30:00+00:00,24026.8,24054.0,24005.8,24041.8,3160
1776174300000,2026-04-14T13:45:00+00:00,24040.9,24056.7,24019.9,24046.7,2993
1776175200000,2026-04-14T14:00:00+00:00,24046.4,24083.2,24032.7,24082.8,3092
1776176100000,2026-04-14T14:15:00+00:00,24082.4,24084.6,24035.3,24047.9,2914
1776177000000,2026-04-14T14:30:00+00:00,24048.4,24066.8,24032.7,24054.6,2796
1776177900000,2026-04-14T14:45:00+00:00,24054.4,24065.9,24049.0,24050.2,2678
1776178800000,2026-04-14T15:00:00+00:00,24050.8,24053.1,23997.6,23999.4,2914
1776179700000,2026-04-14T15:15:00+00:00,23999.7,24050.9,23992.5,24031.3,2896
1776180600000,2026-04-14T15:30:00+00:00,24029.3,24068.0,24022.2,24056.2,2818
1776181500000,2026-04-14T15:45:00+00:00,24056.7,24068.4,24050.6,24055.2,2164
1776182400000,2026-04-14T16:00:00+00:00,24055.1,24067.7,24051.9,24058.7,1748
1776183300000,2026-04-14T16:15:00+00:00,24058.5,24076.9,24052.7,24064.4,1634
1776184200000,2026-04-14T16:30:00+00:00,24065.4,24065.8,24037.2,24040.9,1910
1776185100000,2026-04-14T16:45:00+00:00,24041.1,24045.9,24020.7,24024.3,1798
1776186000000,2026-04-14T17:00:00+00:00,24025.2,24039.8,24025.2,24034.9,1632
1776186900000,2026-04-14T17:15:00+00:00,24035.2,24056.1,24034.9,24043.9,1522
1776187800000,2026-04-14T17:30:00+00:00,24043.5,24053.3,24042.7,24051.9,1282
1776188700000,2026-04-14T17:45:00+00:00,24052.0,24052.3,24035.1,24040.4,1302
1776189600000,2026-04-14T18:00:00+00:00,24040.5,24060.7,24040.5,24055.8,1468
1776190500000,2026-04-14T18:15:00+00:00,24055.7,24056.9,24019.8,24037.8,2336
1776191400000,2026-04-14T18:30:00+00:00,24037.6,24045.8,24032.1,24033.4,1692
1776192300000,2026-04-14T18:45:00+00:00,24033.6,24042.6,24027.9,24041.3,1496
1776193200000,2026-04-14T19:00:00+00:00,24041.2,24054.0,24038.2,24051.1,1352
1776194100000,2026-04-14T19:15:00+00:00,24051.3,24061.6,24051.3,24061.6,1196
1776195000000,2026-04-14T19:30:00+00:00,24061.4,24061.4,24032.3,24043.2,1658
1776195900000,2026-04-14T19:45:00+00:00,24042.8,24059.7,24031.4,24049.2,1820
1776212100000,2026-04-15T00:15:00+00:00,24060.9,24061.0,24034.3,24043.1,950
1776213000000,2026-04-15T00:30:00+00:00,24043.7,24050.5,24025.1,24026.1,836
1776213900000,2026-04-15T00:45:00+00:00,24026.4,24034.6,24018.1,24034.6,580
1776214800000,2026-04-15T01:00:00+00:00,24034.2,24046.7,24020.1,24046.4,882
1776215700000,2026-04-15T01:15:00+00:00,24047.2,24052.5,24035.4,24041.6,614
1776216600000,2026-04-15T01:30:00+00:00,24041.3,24041.3,24017.6,24026.0,1070
1776217500000,2026-04-15T01:45:00+00:00,24025.4,24037.0,24025.0,24028.6,802
1776218400000,2026-04-15T02:00:00+00:00,24029.4,24030.6,24011.1,24018.4,1070
1776219300000,2026-04-15T02:15:00+00:00,24018.8,24024.0,24009.1,24014.4,668
1776220200000,2026-04-15T02:30:00+00:00,24014.1,24015.4,23996.6,24007.2,628
1776221100000,2026-04-15T02:45:00+00:00,24008.1,24015.6,24003.9,24006.6,486
1776222000000,2026-04-15T03:00:00+00:00,24007.1,24015.6,24001.6,24007.6,540
1776222900000,2026-04-15T03:15:00+00:00,24007.2,24012.6,23998.1,24000.0,604
1776223800000,2026-04-15T03:30:00+00:00,23999.1,24018.6,23999.1,24015.3,800
1776224700000,2026-04-15T03:45:00+00:00,24015.6,24028.3,24012.1,24019.6,772
1776225600000,2026-04-15T04:00:00+00:00,24019.8,24026.0,24017.9,24023.6,360
1776226500000,2026-04-15T04:15:00+00:00,24023.1,24029.6,24016.9,24019.1,482
1776227400000,2026-04-15T04:30:00+00:00,24019.8,24020.9,24003.9,24007.6,534
1776228300000,2026-04-15T04:45:00+00:00,24008.1,24008.7,23996.3,23999.9,506
1776229200000,2026-04-15T05:00:00+00:00,24000.5,24036.9,23987.2,24009.0,1668
1776230100000,2026-04-15T05:15:00+00:00,24011.0,24011.6,23968.6,23985.6,1342
1776231000000,2026-04-15T05:30:00+00:00,23986.1,23991.6,23974.1,23984.5,1430
1776231900000,2026-04-15T05:45:00+00:00,23985.0,24011.1,23977.7,24005.9,1217
1776232800000,2026-04-15T06:00:00+00:00,24006.1,24025.0,24003.1,24021.0,1508
1776233700000,2026-04-15T06:15:00+00:00,24020.6,24044.8,24018.1,24038.5,1461
1776234600000,2026-04-15T06:30:00+00:00,24035.4,24064.3,24035.4,24062.1,1640
1776235500000,2026-04-15T06:45:00+00:00,24061.9,24068.9,24046.2,24055.3,1720
1776236400000,2026-04-15T07:00:00+00:00,24058.0,24083.3,24031.3,24057.9,3027
1776237300000,2026-04-15T07:15:00+00:00,24058.4,24063.5,24029.8,24039.0,2831
1776238200000,2026-04-15T07:30:00+00:00,24039.8,24056.5,24031.7,24044.8,2674
1776239100000,2026-04-15T07:45:00+00:00,24044.3,24047.9,24018.0,24034.9,2616
1776240000000,2026-04-15T08:00:00+00:00,24034.6,24041.9,24001.8,24026.4,2650
1776240900000,2026-04-15T08:15:00+00:00,24026.5,24058.5,24019.4,24057.9,2506
1776241800000,2026-04-15T08:30:00+00:00,24057.8,24092.6,24040.8,24075.8,2478
1776242700000,2026-04-15T08:45:00+00:00,24075.9,24091.3,24072.0,24079.1,2394
1776243600000,2026-04-15T09:00:00+00:00,24079.0,24091.0,24017.3,24046.1,2850
1776244500000,2026-04-15T09:15:00+00:00,24045.8,24058.6,24017.0,24020.6,2522
1776245400000,2026-04-15T09:30:00+00:00,24020.8,24051.3,24020.6,24039.6,2518
1776246300000,2026-04-15T09:45:00+00:00,24039.5,24048.1,24027.6,24033.0,2418
1776247200000,2026-04-15T10:00:00+00:00,24033.1,24074.7,24026.8,24052.8,2580
1776248100000,2026-04-15T10:15:00+00:00,24050.6,24050.6,23982.0,23991.4,2826
1776249000000,2026-04-15T10:30:00+00:00,23991.6,24046.5,23986.0,24037.1,2627
1776249900000,2026-04-15T10:45:00+00:00,24037.3,24053.1,24013.3,24024.3,2626
1776250800000,2026-04-15T11:00:00+00:00,24024.6,24043.2,24011.6,24035.6,2426
1776251700000,2026-04-15T11:15:00+00:00,24035.5,24042.0,24019.5,24027.2,2372
1776252600000,2026-04-15T11:30:00+00:00,24027.4,24058.4,24026.1,24045.9,2378
1776253500000,2026-04-15T11:45:00+00:00,24046.0,24125.5,24034.3,24056.3,2101
1776254400000,2026-04-15T12:00:00+00:00,24055.8,24064.8,24017.3,24050.2,2218
1776255300000,2026-04-15T12:15:00+00:00,24050.3,24056.6,24033.1,24046.6,2526
1776256200000,2026-04-15T12:30:00+00:00,24046.2,24052.1,24021.2,24049.6,2540
1776257100000,2026-04-15T12:45:00+00:00,24049.9,24058.3,24040.2,24045.6,2388
1776258000000,2026-04-15T13:00:00+00:00,24045.4,24063.9,24031.8,24045.6,2494
1776258900000,2026-04-15T13:15:00+00:00,24045.8,24077.8,24038.8,24073.1,2538
1776259800000,2026-04-15T13:30:00+00:00,24074.8,24106.0,24048.3,24058.6,3084
1776260700000,2026-04-15T13:45:00+00:00,24060.9,24091.8,24059.4,24091.6,3034
1776261600000,2026-04-15T14:00:00+00:00,24091.1,24096.1,24064.4,24082.6,2968
1776262500000,2026-04-15T14:15:00+00:00,24082.5,24108.1,24058.9,24100.8,2927
1776263400000,2026-04-15T14:30:00+00:00,24101.6,24103.9,24047.5,24063.3,2847
1776264300000,2026-04-15T14:45:00+00:00,24063.1,24084.2,24055.6,24077.9,2599
1776265200000,2026-04-15T15:00:00+00:00,24078.9,24095.6,24059.3,24073.4,2782
1776266100000,2026-04-15T15:15:00+00:00,24073.3,24090.3,24055.0,24072.9,2843
1776267000000,2026-04-15T15:30:00+00:00,24073.4,24080.5,24050.0,24057.4,2714
1776267900000,2026-04-15T15:45:00+00:00,24057.5,24059.3,24035.9,24042.1,2420
1776268800000,2026-04-15T16:00:00+00:00,24042.4,24056.9,24033.9,24053.4,2100
1776269700000,2026-04-15T16:15:00+00:00,24053.5,24069.1,24051.2,24064.4,1825
1776270600000,2026-04-15T16:30:00+00:00,24064.5,24067.5,24005.3,24013.7,2356
1776271500000,2026-04-15T16:45:00+00:00,24013.9,24030.0,24004.0,24019.5,2589
1776272400000,2026-04-15T17:00:00+00:00,24018.1,24041.4,24018.1,24032.4,1852
1776273300000,2026-04-15T17:15:00+00:00,24032.1,24044.1,24032.1,24038.1,1786
1776274200000,2026-04-15T17:30:00+00:00,24037.1,24051.4,24032.5,24036.5,1601
1776275100000,2026-04-15T17:45:00+00:00,24036.6,24039.9,24027.6,24031.3,1542
1776276000000,2026-04-15T18:00:00+00:00,24030.6,24070.6,24021.1,24059.7,2360
1776276900000,2026-04-15T18:15:00+00:00,24059.5,24068.8,24055.9,24060.8,1782
1776277800000,2026-04-15T18:30:00+00:00,24061.1,24073.6,24059.2,24066.2,1718
1776278700000,2026-04-15T18:45:00+00:00,24066.1,24084.3,24066.1,24079.8,1254
1776279600000,2026-04-15T19:00:00+00:00,24079.4,24084.7,24069.9,24071.5,1676
1776280500000,2026-04-15T19:15:00+00:00,24071.1,24091.1,24066.6,24090.1,1482
1776281400000,2026-04-15T19:30:00+00:00,24090.0,24090.0,24061.4,24069.7,1610
1776282300000,2026-04-15T19:45:00+00:00,24069.5,24084.8,24055.0,24059.6,1864
1776298500000,2026-04-16T00:15:00+00:00,24113.7,24138.7,24098.0,24113.8,1336
1776299400000,2026-04-16T00:30:00+00:00,24114.2,24129.8,24114.2,24128.3,1046
1776300300000,2026-04-16T00:45:00+00:00,24127.9,24140.2,24124.0,24130.9,702
1776301200000,2026-04-16T01:00:00+00:00,24130.3,24131.8,24106.9,24116.1,1066
1776302100000,2026-04-16T01:15:00+00:00,24115.8,24117.0,24103.0,24106.3,758
1776303000000,2026-04-16T01:30:00+00:00,24105.8,24112.0,24090.8,24107.2,948
1776303900000,2026-04-16T01:45:00+00:00,24106.5,24107.1,24095.8,24098.8,654
1776304800000,2026-04-16T02:00:00+00:00,24099.4,24113.8,24099.4,24104.4,720
1776305700000,2026-04-16T02:15:00+00:00,24103.9,24110.5,24095.6,24099.5,722
1776306600000,2026-04-16T02:30:00+00:00,24099.6,24118.4,24099.6,24114.8,762
1776307500000,2026-04-16T02:45:00+00:00,24114.9,24118.2,24106.8,24113.2,722
1776308400000,2026-04-16T03:00:00+00:00,24112.6,24139.6,24112.6,24125.8,718
1776309300000,2026-04-16T03:15:00+00:00,24126.4,24127.8,24111.3,24121.3,606
1776310200000,2026-04-16T03:30:00+00:00,24121.9,24127.3,24104.8,24114.8,716
1776311100000,2026-04-16T03:45:00+00:00,24114.3,24118.8,24109.0,24110.8,518
1776312000000,2026-04-16T04:00:00+00:00,24110.2,24117.8,24097.8,24113.8,780
1776312900000,2026-04-16T04:15:00+00:00,24113.4,24120.9,24101.6,24104.9,576
1776313800000,2026-04-16T04:30:00+00:00,24104.3,24116.5,24099.8,24107.3,500
1776314700000,2026-04-16T04:45:00+00:00,24107.8,24123.5,24104.4,24116.2,586
1776315600000,2026-04-16T05:00:00+00:00,24116.3,24119.8,24105.4,24117.3,848
1776316500000,2026-04-16T05:15:00+00:00,24116.9,24131.8,24113.3,24124.4,802
1776317400000,2026-04-16T05:30:00+00:00,24124.7,24141.6,24118.3,24122.2,928
1776318300000,2026-04-16T05:45:00+00:00,24121.8,24134.1,24112.3,24134.0,818
1776319200000,2026-04-16T06:00:00+00:00,24135.4,24163.9,24131.8,24161.4,1477
1776320100000,2026-04-16T06:15:00+00:00,24161.3,24172.9,24147.8,24165.8,1526
1776321000000,2026-04-16T06:30:00+00:00,24165.5,24169.9,24139.3,24149.1,1596
1776321900000,2026-04-16T06:45:00+00:00,24149.4,24149.9,24129.1,24145.6,1464
1776322800000,2026-04-16T07:00:00+00:00,24146.5,24147.2,24047.7,24066.0,3054
1776323700000,2026-04-16T07:15:00+00:00,24066.3,24105.3,24062.4,24098.4,2682
1776324600000,2026-04-16T07:30:00+00:00,24097.9,24120.1,24088.0,24100.7,2688
1776325500000,2026-04-16T07:45:00+00:00,24100.9,24104.1,24083.8,24096.3,2651
1776326400000,2026-04-16T08:00:00+00:00,24095.0,24098.6,24051.8,24055.7,2788
1776327300000,2026-04-16T08:15:00+00:00,24055.9,24079.7,24042.4,24060.3,2690
1776328200000,2026-04-16T08:30:00+00:00,24059.9,24085.3,24054.3,24083.2,2606
1776329100000,2026-04-16T08:45:00+00:00,24083.3,24110.7,24079.6,24104.9,2200
1776330000000,2026-04-16T09:00:00+00:00,24104.8,24129.5,24097.3,24124.8,2321
1776330900000,2026-04-16T09:15:00+00:00,24125.0,24139.9,24118.8,24130.7,2179
1776331800000,2026-04-16T09:30:00+00:00,24130.4,24142.4,24121.7,24134.3,2000
1776332700000,2026-04-16T09:45:00+00:00,24134.4,24137.2,24121.5,24135.9,1984
1776333600000,2026-04-16T10:00:00+00:00,24136.0,24167.3,24132.4,24165.0,2047
1776334500000,2026-04-16T10:15:00+00:00,24164.9,24181.9,24158.9,24176.2,2034
1776335400000,2026-04-16T10:30:00+00:00,24175.8,24183.5,24158.4,24175.7,2358
1776336300000,2026-04-16T10:45:00+00:00,24175.4,24182.7,24154.2,24181.3,2225
1776337200000,2026-04-16T11:00:00+00:00,24182.8,24197.9,24178.2,24185.5,2110
1776338100000,2026-04-16T11:15:00+00:00,24185.6,24192.6,24169.4,24181.3,1980
1776339000000,2026-04-16T11:30:00+00:00,24181.4,24202.8,24181.4,24199.7,1796
1776339900000,2026-04-16T11:45:00+00:00,24199.4,24219.9,24194.9,24217.3,2104
1776340800000,2026-04-16T12:00:00+00:00,24217.4,24235.2,24191.4,24207.6,2308
1776341700000,2026-04-16T12:15:00+00:00,24207.5,24209.9,24190.1,24205.3,2076
1776342600000,2026-04-16T12:30:00+00:00,24204.8,24216.8,24191.8,24208.4,2178
1776343500000,2026-04-16T12:45:00+00:00,24208.2,24224.3,24198.6,24220.6,2216
1776344400000,2026-04-16T13:00:00+00:00,24220.8,24231.9,24201.8,24220.7,2220
1776345300000,2026-04-16T13:15:00+00:00,24220.5,24237.5,24216.4,24233.8,2312
1776346200000,2026-04-16T13:30:00+00:00,24233.7,24244.7,24166.7,24177.0,3146
1776347100000,2026-04-16T13:45:00+00:00,24176.0,24177.0,24075.7,24125.2,3198
1776348000000,2026-04-16T14:00:00+00:00,24126.3,24163.5,24105.8,24144.9,3173
1776348900000,2026-04-16T14:15:00+00:00,24145.4,24151.5,24086.6,24110.4,3156
1776349800000,2026-04-16T14:30:00+00:00,24109.1,24136.3,24094.8,24120.9,3110
1776350700000,2026-04-16T14:45:00+00:00,24119.3,24140.4,24108.1,24113.4,2996
1776351600000,2026-04-16T15:00:00+00:00,24113.7,24160.0,24113.4,24151.4,2894
1776352500000,2026-04-16T15:15:00+00:00,24150.4,24166.4,24133.0,24137.1,2882
1776353400000,2026-04-16T15:30:00+00:00,24133.8,24181.0,24117.2,24142.3,3042
1776354300000,2026-04-16T15:45:00+00:00,24142.6,24159.0,24137.4,24148.9,2523
1776355200000,2026-04-16T16:00:00+00:00,24149.0,24157.3,24136.3,24141.3,2152
1776356100000,2026-04-16T16:15:00+00:00,24142.1,24150.6,24125.5,24132.4,2070
1776357000000,2026-04-16T16:30:00+00:00,24132.5,24135.2,24075.9,24095.0,2720
1776357900000,2026-04-16T16:45:00+00:00,24094.9,24109.8,24072.5,24074.3,2389
1776358800000,2026-04-16T17:00:00+00:00,24075.0,24075.0,24040.8,24042.6,2408
1776359700000,2026-04-16T17:15:00+00:00,24042.4,24072.3,24036.4,24061.2,2496
1776360600000,2026-04-16T17:30:00+00:00,24061.0,24081.6,24060.1,24071.2,2188
1776361500000,2026-04-16T17:45:00+00:00,24070.6,24081.2,24060.0,24071.5,1978
1776362400000,2026-04-16T18:00:00+00:00,24072.0,24090.8,24057.5,24075.3,2528
1776363300000,2026-04-16T18:15:00+00:00,24075.1,24084.4,24062.8,24065.4,2342
1776364200000,2026-04-16T18:30:00+00:00,24065.5,24086.4,24063.8,24085.0,1966
1776365100000,2026-04-16T18:45:00+00:00,24085.1,24096.6,24081.5,24094.6,1702
1776366000000,2026-04-16T19:00:00+00:00,24094.8,24105.8,24080.0,24083.2,1910
1776366900000,2026-04-16T19:15:00+00:00,24083.3,24092.7,24083.3,24085.7,1662
1776367800000,2026-04-16T19:30:00+00:00,24086.0,24095.3,24081.9,24089.3,1820
1776368700000,2026-04-16T19:45:00+00:00,24089.4,24099.9,24083.0,24090.5,1938
1776384900000,2026-04-17T00:15:00+00:00,24119.8,24130.4,24091.3,24130.0,1046
1776385800000,2026-04-17T00:30:00+00:00,24130.3,24156.8,24129.4,24152.3,1083
1776386700000,2026-04-17T00:45:00+00:00,24151.9,24164.4,24151.0,24156.0,752
1776387600000,2026-04-17T01:00:00+00:00,24155.5,24162.6,24134.4,24148.8,916
1776388500000,2026-04-17T01:15:00+00:00,24148.3,24154.4,24132.8,24142.3,852
1776389400000,2026-04-17T01:30:00+00:00,24142.8,24151.8,24139.3,24146.8,754
1776390300000,2026-04-17T01:45:00+00:00,24146.4,24151.8,24139.3,24148.3,482
1776391200000,2026-04-17T02:00:00+00:00,24148.8,24153.1,24141.1,24149.9,690
1776392100000,2026-04-17T02:15:00+00:00,24150.3,24157.8,24140.4,24142.4,586
1776393000000,2026-04-17T02:30:00+00:00,24142.8,24155.3,24142.4,24149.9,472
1776393900000,2026-04-17T02:45:00+00:00,24150.3,24155.3,24140.8,24143.3,354
1776394800000,2026-04-17T03:00:00+00:00,24142.8,24146.0,24132.9,24133.8,432
1776395700000,2026-04-17T03:15:00+00:00,24133.3,24141.9,24126.6,24128.1,448
1776396600000,2026-04-17T03:30:00+00:00,24128.5,24129.5,24111.9,24123.6,582
1776397500000,2026-04-17T03:45:00+00:00,24124.3,24129.2,24119.9,24122.1,472
1776398400000,2026-04-17T04:00:00+00:00,24121.6,24132.9,24111.6,24128.7,494
1776399300000,2026-04-17T04:15:00+00:00,24128.2,24140.8,24125.6,24136.1,462
1776400200000,2026-04-17T04:30:00+00:00,24135.9,24136.6,24122.6,24134.3,588
1776401100000,2026-04-17T04:45:00+00:00,24134.2,24146.1,24130.2,24140.7,396
1776402000000,2026-04-17T05:00:00+00:00,24141.2,24141.4,24119.9,24127.6,596
1776402900000,2026-04-17T05:15:00+00:00,24127.7,24136.7,24119.1,24136.6,536
1776403800000,2026-04-17T05:30:00+00:00,24136.1,24151.1,24130.1,24141.8,836
1776404700000,2026-04-17T05:45:00+00:00,24142.6,24163.1,24139.8,24146.9,676
1776405600000,2026-04-17T06:00:00+00:00,24146.1,24160.8,24137.9,24144.1,1510
1776406500000,2026-04-17T06:15:00+00:00,24142.7,24152.3,24115.2,24119.1,1384
1776407400000,2026-04-17T06:30:00+00:00,24116.8,24120.9,24097.2,24120.3,1556
1776408300000,2026-04-17T06:45:00+00:00,24120.2,24129.7,24114.6,24119.9,1530
1776409200000,2026-04-17T07:00:00+00:00,24123.3,24182.8,24107.0,24182.8,2953
1776410100000,2026-04-17T07:15:00+00:00,24185.7,24192.5,24166.9,24175.8,2711
1776411000000,2026-04-17T07:30:00+00:00,24176.3,24198.8,24170.6,24196.3,2612
1776411900000,2026-04-17T07:45:00+00:00,24195.9,24234.5,24175.3,24224.4,2474
1776412800000,2026-04-17T08:00:00+00:00,24224.5,24242.0,24214.5,24221.6,2679
1776413700000,2026-04-17T08:15:00+00:00,24221.1,24261.8,24214.8,24256.9,2495
1776414600000,2026-04-17T08:30:00+00:00,24257.6,24299.4,24243.9,24293.0,2464
1776415500000,2026-04-17T08:45:00+00:00,24293.1,24305.2,24281.2,24303.9,2488
1776416400000,2026-04-17T09:00:00+00:00,24303.5,24310.1,24287.4,24295.3,2444
1776417300000,2026-04-17T09:15:00+00:00,24294.5,24307.9,24277.4,24303.5,2426
1776418200000,2026-04-17T09:30:00+00:00,24304.3,24319.0,24300.1,24310.9,2308
1776419100000,2026-04-17T09:45:00+00:00,24311.2,24351.6,24301.5,24317.3,2638
1776420000000,2026-04-17T10:00:00+00:00,24313.8,24314.9,24292.9,24306.5,2472
1776420900000,2026-04-17T10:15:00+00:00,24304.5,24324.3,24293.5,24305.9,2198
1776421800000,2026-04-17T10:30:00+00:00,24305.0,24307.3,24270.8,24274.0,2408
1776422700000,2026-04-17T10:45:00+00:00,24273.9,24303.4,24267.9,24298.9,2044
1776423600000,2026-04-17T11:00:00+00:00,24298.5,24312.9,24247.9,24247.9,2438
1776424500000,2026-04-17T11:15:00+00:00,24248.0,24260.5,24241.1,24247.2,2218
1776425400000,2026-04-17T11:30:00+00:00,24248.3,24267.2,24244.3,24258.9,2270
1776426300000,2026-04-17T11:45:00+00:00,24259.6,24262.9,24240.0,24253.8,2176
1776427200000,2026-04-17T12:00:00+00:00,24253.4,24268.1,24240.9,24261.8,2420
1776428100000,2026-04-17T12:15:00+00:00,24261.9,24328.5,24247.0,24318.3,2680
1776429000000,2026-04-17T12:30:00+00:00,24320.3,24341.9,24312.8,24318.3,2934
1776429900000,2026-04-17T12:45:00+00:00,24318.4,24664.3,24311.6,24602.3,3400
1776430800000,2026-04-17T13:00:00+00:00,24602.0,24726.9,24582.0,24689.4,3330
1776431700000,2026-04-17T13:15:00+00:00,24688.8,24704.0,24630.5,24651.0,3234
1776432600000,2026-04-17T13:30:00+00:00,24656.0,24699.6,24632.5,24666.6,3320
1776433500000,2026-04-17T13:45:00+00:00,24671.3,24683.5,24571.4,24650.3,3274
1776434400000,2026-04-17T14:00:00+00:00,24650.0,24704.9,24631.7,24689.5,3214
1776435300000,2026-04-17T14:15:00+00:00,24690.3,24763.9,24662.3,24719.2,3174
1776436200000,2026-04-17T14:30:00+00:00,24720.1,24790.9,24702.0,24772.5,3168
1776437100000,2026-04-17T14:45:00+00:00,24772.8,24772.9,24729.8,24738.9,3140
1776438000000,2026-04-17T15:00:00+00:00,24736.3,24749.7,24704.8,24712.1,3186
1776438900000,2026-04-17T15:15:00+00:00,24714.3,24725.4,24675.8,24695.2,3122
1776439800000,2026-04-17T15:30:00+00:00,24696.4,24729.8,24683.7,24700.1,3082
1776440700000,2026-04-17T15:45:00+00:00,24700.2,24725.6,24690.6,24696.6,2834
1776441600000,2026-04-17T16:00:00+00:00,24696.9,24712.4,24684.2,24686.6,2550
1776442500000,2026-04-17T16:15:00+00:00,24686.4,24697.2,24662.1,24690.6,2456
1776443400000,2026-04-17T16:30:00+00:00,24690.9,24703.7,24682.1,24692.1,2136
1776444300000,2026-04-17T16:45:00+00:00,24691.4,24697.7,24685.6,24690.0,1988
1776445200000,2026-04-17T17:00:00+00:00,24689.8,24695.6,24624.1,24656.9,2368
1776446100000,2026-04-17T17:15:00+00:00,24657.1,24662.6,24568.3,24590.2,2826
1776447000000,2026-04-17T17:30:00+00:00,24591.2,24604.2,24579.7,24589.1,2644
1776447900000,2026-04-17T17:45:00+00:00,24588.1,24639.9,24587.7,24632.9,2116
1776448800000,2026-04-17T18:00:00+00:00,24634.7,24640.6,24591.2,24596.1,2500
1776449700000,2026-04-17T18:15:00+00:00,24596.2,24633.9,24591.7,24608.8,2700
1776450600000,2026-04-17T18:30:00+00:00,24608.6,24624.3,24598.7,24607.2,2204
1776451500000,2026-04-17T18:45:00+00:00,24607.1,24617.2,24588.2,24599.7,2214
1776452400000,2026-04-17T19:00:00+00:00,24599.9,24625.6,24595.5,24612.2,2102
1776453300000,2026-04-17T19:15:00+00:00,24612.0,24615.1,24602.0,24609.9,1808
1776454200000,2026-04-17T19:30:00+00:00,24610.1,24642.8,24610.1,24642.6,1892
1776455100000,2026-04-17T19:45:00+00:00,24642.4,24642.8,24619.3,24629.2,1204
1776644100000,2026-04-20T00:15:00+00:00,24371.5,24412.1,24369.6,24408.7,1596
1776645000000,2026-04-20T00:30:00+00:00,24408.6,24416.0,24383.8,24401.7,1586
1776645900000,2026-04-20T00:45:00+00:00,24402.0,24406.2,24395.0,24404.5,1140
1776646800000,2026-04-20T01:00:00+00:00,24403.0,24439.1,24402.5,24427.5,1536
1776647700000,2026-04-20T01:15:00+00:00,24428.3,24428.7,24412.3,24419.0,1182
1776648600000,2026-04-20T01:30:00+00:00,24418.8,24451.7,24416.5,24441.0,1334
1776649500000,2026-04-20T01:45:00+00:00,24441.3,24448.4,24433.5,24433.5,1088
1776650400000,2026-04-20T02:00:00+00:00,24433.3,24437.0,24424.7,24427.5,880
1776651300000,2026-04-20T02:15:00+00:00,24427.3,24437.3,24420.7,24432.0,886
1776652200000,2026-04-20T02:30:00+00:00,24431.5,24438.4,24420.5,24421.0,894
1776653100000,2026-04-20T02:45:00+00:00,24421.4,24423.2,24410.3,24420.3,790
1776654000000,2026-04-20T03:00:00+00:00,24420.5,24430.5,24412.1,24421.2,970
1776654900000,2026-04-20T03:15:00+00:00,24420.9,24425.7,24411.7,24419.0,752
1776655800000,2026-04-20T03:30:00+00:00,24419.5,24433.5,24413.8,24414.3,760
1776656700000,2026-04-20T03:45:00+00:00,24414.2,24420.5,24402.4,24403.2,696
1776657600000,2026-04-20T04:00:00+00:00,24403.8,24417.2,24396.0,24405.5,768
1776658500000,2026-04-20T04:15:00+00:00,24405.8,24406.4,24394.0,24394.1,858
1776659400000,2026-04-20T04:30:00+00:00,24394.5,24398.7,24369.0,24397.2,752
1776660300000,2026-04-20T04:45:00+00:00,24397.3,24404.8,24387.5,24396.8,1006
1776661200000,2026-04-20T05:00:00+00:00,24396.5,24396.8,24375.8,24387.0,1158
1776662100000,2026-04-20T05:15:00+00:00,24386.5,24387.8,24352.7,24353.0,1296
1776663000000,2026-04-20T05:30:00+00:00,24353.4,24354.4,24312.5,24314.5,1618
1776663900000,2026-04-20T05:45:00+00:00,24314.8,24356.0,24314.8,24356.0,1260
1776664800000,2026-04-20T06:00:00+00:00,24360.1,24377.9,24324.9,24331.8,2046
1776665700000,2026-04-20T06:15:00+00:00,24331.0,24339.4,24319.6,24332.5,1886
1776666600000,2026-04-20T06:30:00+00:00,24332.8,24354.4,24327.7,24330.9,2052
1776667500000,2026-04-20T06:45:00+00:00,24331.3,24342.3,24303.6,24331.5,2242
1776668400000,2026-04-20T07:00:00+00:00,24336.9,24417.5,24329.7,24415.6,3226
1776669300000,2026-04-20T07:15:00+00:00,24414.2,24434.6,24363.2,24372.2,3084
1776670200000,2026-04-20T07:30:00+00:00,24372.0,24383.9,24315.8,24334.9,3092
1776671100000,2026-04-20T07:45:00+00:00,24333.6,24341.9,24310.1,24340.6,2852
1776672000000,2026-04-20T08:00:00+00:00,24339.7,24353.1,24279.4,24290.1,3016
1776672900000,2026-04-20T08:15:00+00:00,24289.2,24307.6,24268.0,24300.9,2956
1776673800000,2026-04-20T08:30:00+00:00,24300.7,24301.2,24268.6,24280.7,2718
1776674700000,2026-04-20T08:45:00+00:00,24280.6,24335.7,24276.3,24319.0,2822
1776675600000,2026-04-20T09:00:00+00:00,24319.2,24356.8,24308.4,24332.0,2748
1776676500000,2026-04-20T09:15:00+00:00,24331.9,24351.9,24323.0,24351.6,2620
1776677400000,2026-04-20T09:30:00+00:00,24351.1,24364.5,24338.7,24363.7,2480
1776678300000,2026-04-20T09:45:00+00:00,24363.5,24363.5,24341.7,24347.4,2254
1776679200000,2026-04-20T10:00:00+00:00,24349.2,24393.0,24344.8,24364.9,2476
1776680100000,2026-04-20T10:15:00+00:00,24365.2,24383.1,24342.4,24363.0,2522
1776681000000,2026-04-20T10:30:00+00:00,24366.2,24369.5,24337.8,24346.4,2230
1776681900000,2026-04-20T10:45:00+00:00,24346.7,24360.8,24337.9,24356.2,2338
1776682800000,2026-04-20T11:00:00+00:00,24356.1,24360.4,24319.9,24358.0,2514
1776683700000,2026-04-20T11:15:00+00:00,24357.9,24363.6,24341.9,24341.9,2304
1776684600000,2026-04-20T11:30:00+00:00,24344.2,24364.1,24329.1,24348.2,2640
1776685500000,2026-04-20T11:45:00+00:00,24348.4,24374.6,24348.2,24368.2,2626
1776686400000,2026-04-20T12:00:00+00:00,24369.1,24376.9,24346.2,24357.5,2708
1776687300000,2026-04-20T12:15:00+00:00,24357.4,24367.8,24344.0,24345.1,2530
1776688200000,2026-04-20T12:30:00+00:00,24345.5,24362.0,24327.5,24351.7,2642
1776689100000,2026-04-20T12:45:00+00:00,24351.8,24363.0,24335.7,24341.2,2622
1776690000000,2026-04-20T13:00:00+00:00,24341.0,24412.9,24323.0,24392.5,2898
1776690900000,2026-04-20T13:15:00+00:00,24393.2,24437.4,24390.2,24434.1,2856
1776691800000,2026-04-20T13:30:00+00:00,24435.7,24451.7,24413.1,24442.2,3158
1776692700000,2026-04-20T13:45:00+00:00,24439.9,24480.5,24436.5,24477.1,3034
1776693600000,2026-04-20T14:00:00+00:00,24476.9,24477.4,24418.5,24438.9,3050
1776694500000,2026-04-20T14:15:00+00:00,24438.6,24460.1,24435.6,24448.7,3012
1776695400000,2026-04-20T14:30:00+00:00,24448.9,24457.5,24411.2,24428.4,2998
1776696300000,2026-04-20T14:45:00+00:00,24428.6,24446.6,24324.9,24389.1,3148
1776697200000,2026-04-20T15:00:00+00:00,24391.4,24401.6,24366.9,24381.6,3194
1776698100000,2026-04-20T15:15:00+00:00,24382.9,24426.6,24376.2,24425.6,3116
1776699000000,2026-04-20T15:30:00+00:00,24425.1,24426.0,24385.3,24387.4,2998
1776699900000,2026-04-20T15:45:00+00:00,24388.3,24391.3,24375.2,24381.5,2610
1776700800000,2026-04-20T16:00:00+00:00,24381.8,24384.2,24365.9,24374.4,2270
1776701700000,2026-04-20T16:15:00+00:00,24374.5,24385.9,24355.9,24368.9,2242
1776702600000,2026-04-20T16:30:00+00:00,24369.1,24376.9,24358.3,24369.5,2122
1776703500000,2026-04-20T16:45:00+00:00,24369.4,24376.3,24361.3,24369.4,1850
1776704400000,2026-04-20T17:00:00+00:00,24369.3,24398.5,24366.5,24397.4,1922
1776705300000,2026-04-20T17:15:00+00:00,24397.2,24400.5,24387.4,24387.7,1744
1776706200000,2026-04-20T17:30:00+00:00,24387.4,24416.0,24379.9,24407.3,2020
1776707100000,2026-04-20T17:45:00+00:00,24407.2,24411.0,24396.0,24400.2,1578
1776708000000,2026-04-20T18:00:00+00:00,24400.5,24420.3,24391.0,24408.5,1772
1776708900000,2026-04-20T18:15:00+00:00,24408.1,24417.5,24392.5,24398.3,1828
1776709800000,2026-04-20T18:30:00+00:00,24398.8,24407.2,24390.5,24400.7,1768
1776710700000,2026-04-20T18:45:00+00:00,24400.5,24419.5,24398.2,24410.8,1216
1776711600000,2026-04-20T19:00:00+00:00,24410.9,24423.3,24407.3,24420.0,1246
1776712500000,2026-04-20T19:15:00+00:00,24419.9,24421.4,24412.1,24413.9,1202
1776713400000,2026-04-20T19:30:00+00:00,24414.0,24421.5,24409.7,24415.3,1552
1776714300000,2026-04-20T19:45:00+00:00,24415.4,24439.7,24410.5,24438.4,1568
1776730500000,2026-04-21T00:15:00+00:00,24496.7,24496.7,24467.0,24472.0,1154
1776731400000,2026-04-21T00:30:00+00:00,24472.4,24478.0,24459.5,24472.6,908
1776732300000,2026-04-21T00:45:00+00:00,24473.2,24500.0,24469.0,24488.5,1394
1776733200000,2026-04-21T01:00:00+00:00,24489.0,24489.5,24468.0,24472.3,1192
1776734100000,2026-04-21T01:15:00+00:00,24471.0,24488.0,24466.9,24487.4,1006
1776735000000,2026-04-21T01:30:00+00:00,24488.0,24500.0,24486.6,24498.8,978
1776735900000,2026-04-21T01:45:00+00:00,24498.6,24501.6,24481.9,24492.3,1070
1776736800000,2026-04-21T02:00:00+00:00,24492.6,24495.3,24482.5,24491.1,1078
1776737700000,2026-04-21T02:15:00+00:00,24490.5,24500.5,24486.0,24499.1,950
1776738600000,2026-04-21T02:30:00+00:00,24499.0,24505.2,24484.8,24500.2,712
1776739500000,2026-04-21T02:45:00+00:00,24499.0,24503.3,24491.0,24492.3,504
1776740400000,2026-04-21T03:00:00+00:00,24492.9,24495.5,24486.6,24489.0,804
1776741300000,2026-04-21T03:15:00+00:00,24489.5,24492.0,24469.0,24483.0,844
1776742200000,2026-04-21T03:30:00+00:00,24483.7,24486.0,24469.0,24473.0,554
1776743100000,2026-04-21T03:45:00+00:00,24473.5,24487.5,24473.0,24486.8,534
1776744000000,2026-04-21T04:00:00+00:00,24486.5,24493.0,24483.6,24487.7,486
1776744900000,2026-04-21T04:15:00+00:00,24487.6,24504.0,24487.5,24498.0,534
1776745800000,2026-04-21T04:30:00+00:00,24497.5,24510.0,24497.2,24499.2,480
1776746700000,2026-04-21T04:45:00+00:00,24499.5,24507.0,24499.5,24505.8,492
1776747600000,2026-04-21T05:00:00+00:00,24505.6,24534.5,24504.0,24529.0,776
1776748500000,2026-04-21T05:15:00+00:00,24528.6,24555.2,24525.6,24550.0,842
1776749400000,2026-04-21T05:30:00+00:00,24549.6,24551.2,24541.0,24548.0,684
1776750300000,2026-04-21T05:45:00+00:00,24547.7,24548.2,24529.5,24533.5,898
1776751200000,2026-04-21T06:00:00+00:00,24532.5,24542.5,24504.0,24506.1,1808
1776752100000,2026-04-21T06:15:00+00:00,24506.3,24513.4,24486.2,24507.3,1610
1776753000000,2026-04-21T06:30:00+00:00,24507.8,24515.4,24496.8,24510.3,1552
1776753900000,2026-04-21T06:45:00+00:00,24510.1,24513.6,24494.7,24506.7,1486
1776754800000,2026-04-21T07:00:00+00:00,24508.5,24547.8,24482.7,24530.2,3041
1776755700000,2026-04-21T07:15:00+00:00,24533.5,24555.2,24522.4,24548.0,2836
1776756600000,2026-04-21T07:30:00+00:00,24550.4,24566.2,24528.9,24558.9,2756
1776757500000,2026-04-21T07:45:00+00:00,24557.2,24590.2,24544.2,24544.8,2752
1776758400000,2026-04-21T08:00:00+00:00,24542.2,24545.4,24500.2,24504.1,2883
1776759300000,2026-04-21T08:15:00+00:00,24503.8,24561.5,24503.4,24553.3,2660
1776760200000,2026-04-21T08:30:00+00:00,24552.9,24595.0,24539.2,24588.7,2620
1776761100000,2026-04-21T08:45:00+00:00,24589.1,24591.9,24567.4,24569.7,2424
1776762000000,2026-04-21T09:00:00+00:00,24569.9,24569.9,24531.6,24557.7,2546
1776762900000,2026-04-21T09:15:00+00:00,24558.1,24575.4,24550.3,24556.7,2384
1776763800000,2026-04-21T09:30:00+00:00,24556.5,24566.7,24547.4,24556.1,2296
1776764700000,2026-04-21T09:45:00+00:00,24556.8,24595.7,24552.8,24571.7,2422
1776765600000,2026-04-21T10:00:00+00:00,24571.0,24581.4,24558.1,24562.0,2404
1776766500000,2026-04-21T10:15:00+00:00,24562.3,24566.0,24535.7,24542.4,2112
1776767400000,2026-04-21T10:30:00+00:00,24543.4,24574.3,24536.9,24562.2,2320
1776768300000,2026-04-21T10:45:00+00:00,24562.3,24584.2,24556.8,24580.0,2054
1776769200000,2026-04-21T11:00:00+00:00,24579.9,24582.8,24528.9,24536.4,2518
1776770100000,2026-04-21T11:15:00+00:00,24536.7,24558.6,24526.7,24556.2,2368
1776771000000,2026-04-21T11:30:00+00:00,24556.7,24566.7,24541.9,24545.2,2316
1776771900000,2026-04-21T11:45:00+00:00,24545.0,24545.0,24501.7,24503.2,2242
1776772800000,2026-04-21T12:00:00+00:00,24506.5,24511.5,24491.2,24492.7,2460
1776773700000,2026-04-21T12:15:00+00:00,24493.0,24495.4,24466.4,24488.7,2474
1776774600000,2026-04-21T12:30:00+00:00,24489.3,24498.2,24442.9,24459.7,2908
1776775500000,2026-04-21T12:45:00+00:00,24459.8,24467.3,24431.7,24445.2,2784
1776776400000,2026-04-21T13:00:00+00:00,24444.4,24453.4,24417.2,24417.7,2720
1776777300000,2026-04-21T13:15:00+00:00,24418.3,24426.8,24397.0,24406.8,2672
1776778200000,2026-04-21T13:30:00+00:00,24405.4,24445.0,24397.5,24442.4,3114
1776779100000,2026-04-21T13:45:00+00:00,24442.2,24468.2,24441.7,24459.3,3020
1776780000000,2026-04-21T14:00:00+00:00,24462.2,24462.2,24407.9,24422.4,2892
1776780900000,2026-04-21T14:15:00+00:00,24422.7,24434.9,24381.3,24387.4,2932
1776781800000,2026-04-21T14:30:00+00:00,24386.8,24394.9,24347.5,24351.9,3000
1776782700000,2026-04-21T14:45:00+00:00,24351.8,24352.6,24270.4,24276.9,3130
1776783600000,2026-04-21T15:00:00+00:00,24277.0,24305.9,24231.4,24300.8,3258
1776784500000,2026-04-21T15:15:00+00:00,24301.3,24313.2,24269.2,24279.4,3150
1776785400000,2026-04-21T15:30:00+00:00,24279.0,24280.9,24215.1,24237.7,3190
1776786300000,2026-04-21T15:45:00+00:00,24237.5,24259.4,24230.0,24241.2,2978
1776787200000,2026-04-21T16:00:00+00:00,24245.0,24289.2,24242.9,24252.4,2978
1776788100000,2026-04-21T16:15:00+00:00,24251.6,24258.6,24230.0,24232.6,2692
1776789000000,2026-04-21T16:30:00+00:00,24232.7,24252.4,24209.1,24211.4,2664
1776789900000,2026-04-21T16:45:00+00:00,24212.1,24230.5,24189.5,24190.3,2582
1776790800000,2026-04-21T17:00:00+00:00,24190.4,24213.2,24130.0,24148.5,2852
1776791700000,2026-04-21T17:15:00+00:00,24148.6,24161.1,24116.5,24155.3,2888
1776792600000,2026-04-21T17:30:00+00:00,24155.2,24246.7,24155.1,24217.3,2914
1776793500000,2026-04-21T17:45:00+00:00,24216.4,24219.8,24182.7,24194.3,2736
1776794400000,2026-04-21T18:00:00+00:00,24194.5,24228.8,24194.5,24211.0,2600
1776795300000,2026-04-21T18:15:00+00:00,24210.7,24216.8,24145.3,24155.1,2748
1776796200000,2026-04-21T18:30:00+00:00,24155.4,24180.1,24147.8,24151.5,2154
1776797100000,2026-04-21T18:45:00+00:00,24151.2,24217.0,24134.3,24182.0,2382
1776798000000,2026-04-21T19:00:00+00:00,24182.2,24222.0,24169.0,24186.0,2544
1776798900000,2026-04-21T19:15:00+00:00,24186.2,24239.2,24172.7,24237.2,2658
1776799800000,2026-04-21T19:30:00+00:00,24237.0,24239.4,24014.8,24030.9,3014
1776800700000,2026-04-21T19:45:00+00:00,24034.6,24075.1,24012.6,24062.5,2956
1776816900000,2026-04-22T00:15:00+00:00,24223.9,24253.4,24211.1,24233.4,1440
1776817800000,2026-04-22T00:30:00+00:00,24232.9,24252.6,24230.9,24249.1,880
1776818700000,2026-04-22T00:45:00+00:00,24248.6,24251.0,24230.6,24235.1,1060
1776819600000,2026-04-22T01:00:00+00:00,24235.5,24242.0,24204.1,24226.1,1338
1776820500000,2026-04-22T01:15:00+00:00,24226.6,24231.6,24206.1,24211.0,1154
1776821400000,2026-04-22T01:30:00+00:00,24211.2,24228.0,24205.3,24209.6,1140
1776822300000,2026-04-22T01:45:00+00:00,24209.1,24219.3,24196.1,24211.6,1134
1776823200000,2026-04-22T02:00:00+00:00,24212.1,24247.9,24212.1,24243.1,1086
1776824100000,2026-04-22T02:15:00+00:00,24243.6,24245.3,24232.1,24239.6,1078
1776825000000,2026-04-22T02:30:00+00:00,24238.1,24241.6,24229.4,24237.1,802
1776825900000,2026-04-22T02:45:00+00:00,24236.6,24240.9,24227.9,24234.7,600
1776826800000,2026-04-22T03:00:00+00:00,24235.9,24244.3,24216.8,24216.9,908
1776827700000,2026-04-22T03:15:00+00:00,24216.6,24220.7,24199.1,24216.7,838
1776828600000,2026-04-22T03:30:00+00:00,24217.1,24239.7,24207.8,24221.1,962
1776829500000,2026-04-22T03:45:00+00:00,24218.1,24223.3,24207.1,24209.2,552
1776830400000,2026-04-22T04:00:00+00:00,24209.8,24235.2,24207.0,24232.1,712
1776831300000,2026-04-22T04:15:00+00:00,24230.6,24232.8,24203.1,24204.1,962
1776832200000,2026-04-22T04:30:00+00:00,24203.6,24214.1,24196.9,24212.7,656
1776833100000,2026-04-22T04:45:00+00:00,24212.5,24229.1,24190.6,24193.3,986
1776834000000,2026-04-22T05:00:00+00:00,24193.6,24238.4,24186.6,24237.1,1028
1776834900000,2026-04-22T05:15:00+00:00,24236.7,24315.1,24235.5,24286.1,2072
1776835800000,2026-04-22T05:30:00+00:00,24285.9,24325.1,24282.0,24319.1,1514
1776836700000,2026-04-22T05:45:00+00:00,24319.0,24334.8,24311.4,24311.4,1164
1776837600000,2026-04-22T06:00:00+00:00,24310.0,24322.3,24295.9,24304.0,1762
1776838500000,2026-04-22T06:15:00+00:00,24304.1,24314.8,24289.8,24312.0,1526
1776839400000,2026-04-22T06:30:00+00:00,24312.1,24332.8,24312.1,24315.6,1854
1776840300000,2026-04-22T06:45:00+00:00,24315.8,24344.5,24313.8,24344.5,1800
1776841200000,2026-04-22T07:00:00+00:00,24351.3,24383.3,24342.6,24347.6,3106
1776842100000,2026-04-22T07:15:00+00:00,24344.6,24364.3,24321.5,24342.4,2942
1776843000000,2026-04-22T07:30:00+00:00,24340.4,24343.1,24304.7,24329.5,2978
1776843900000,2026-04-22T07:45:00+00:00,24326.8,24334.4,24296.5,24296.5,2876
1776844800000,2026-04-22T08:00:00+00:00,24298.2,24314.0,24276.5,24279.0,2968
1776845700000,2026-04-22T08:15:00+00:00,24279.3,24280.4,24215.0,24233.6,2950
1776846600000,2026-04-22T08:30:00+00:00,24233.5,24255.3,24203.8,24249.2,2946
1776847500000,2026-04-22T08:45:00+00:00,24246.0,24283.5,24240.0,24274.6,2814
1776848400000,2026-04-22T09:00:00+00:00,24276.3,24309.3,24269.0,24293.8,2880
1776849300000,2026-04-22T09:15:00+00:00,24293.5,24309.0,24273.2,24274.7,2620
1776850200000,2026-04-22T09:30:00+00:00,24274.8,24280.2,24245.5,24273.8,2778
1776851100000,2026-04-22T09:45:00+00:00,24272.8,24276.1,24187.8,24203.2,2842
1776852000000,2026-04-22T10:00:00+00:00,24203.8,24229.1,24146.8,24175.8,2946
1776852900000,2026-04-22T10:15:00+00:00,24174.3,24212.3,24158.3,24207.3,2928
1776853800000,2026-04-22T10:30:00+00:00,24205.8,24235.7,24190.0,24202.6,2722
1776854700000,2026-04-22T10:45:00+00:00,24202.5,24224.6,24202.2,24219.4,2632
1776855600000,2026-04-22T11:00:00+00:00,24219.0,24229.6,24210.2,24214.5,2830
1776856500000,2026-04-22T11:15:00+00:00,24214.8,24245.9,24214.2,24244.9,2628
1776857400000,2026-04-22T11:30:00+00:00,24245.0,24263.5,24231.0,24234.6,2854
1776858300000,2026-04-22T11:45:00+00:00,24234.3,24289.0,24234.1,24270.7,2668
1776859200000,2026-04-22T12:00:00+00:00,24271.3,24293.7,24261.2,24285.3,2612
1776860100000,2026-04-22T12:15:00+00:00,24285.2,24301.3,24255.8,24258.3,2561
1776861000000,2026-04-22T12:30:00+00:00,24258.5,24258.5,24219.1,24232.3,2976
1776861900000,2026-04-22T12:45:00+00:00,24233.8,24245.0,24206.3,24218.5,2842
1776862800000,2026-04-22T13:00:00+00:00,24218.6,24296.8,24211.3,24232.1,3004
1776863700000,2026-04-22T13:15:00+00:00,24233.8,24288.7,24209.1,24246.7,3032
1776864600000,2026-04-22T13:30:00+00:00,24246.3,24249.5,24190.7,24205.3,3206
1776865500000,2026-04-22T13:45:00+00:00,24204.5,24230.0,24193.8,24214.1,3126
1776866400000,2026-04-22T14:00:00+00:00,24213.8,24218.8,24186.6,24204.3,3060
1776867300000,2026-04-22T14:15:00+00:00,24204.2,24247.1,24204.2,24227.5,3038
1776868200000,2026-04-22T14:30:00+00:00,24226.7,24245.1,24193.7,24194.2,3158
1776869100000,2026-04-22T14:45:00+00:00,24194.0,24208.5,24136.8,24171.8,3086
1776870000000,2026-04-22T15:00:00+00:00,24172.8,24195.1,24149.8,24166.5,3138
1776870900000,2026-04-22T15:15:00+00:00,24165.8,24206.1,24148.8,24196.2,2998
1776871800000,2026-04-22T15:30:00+00:00,24196.9,24206.6,24156.3,24158.6,2934
1776872700000,2026-04-22T15:45:00+00:00,24158.5,24189.5,24154.3,24175.4,2778
1776873600000,2026-04-22T16:00:00+00:00,24175.1,24204.2,24167.3,24191.5,2640
1776874500000,2026-04-22T16:15:00+00:00,24191.6,24192.6,24169.9,24177.4,2382
1776875400000,2026-04-22T16:30:00+00:00,24177.0,24195.5,24163.4,24173.8,2464
1776876300000,2026-04-22T16:45:00+00:00,24173.3,24185.2,24164.1,24169.0,2382
1776877200000,2026-04-22T17:00:00+00:00,24169.6,24221.0,24165.1,24203.1,2220
1776878100000,2026-04-22T17:15:00+00:00,24203.3,24218.7,24189.3,24204.6,1924
1776879000000,2026-04-22T17:30:00+00:00,24204.8,24219.3,24204.6,24213.5,1508
1776879900000,2026-04-22T17:45:00+00:00,24213.6,24219.3,24198.9,24203.8,1864
1776880800000,2026-04-22T18:00:00+00:00,24203.5,24203.5,24181.1,24182.5,1564
1776881700000,2026-04-22T18:15:00+00:00,24182.3,24182.3,24142.0,24156.0,2014
1776882600000,2026-04-22T18:30:00+00:00,24156.1,24172.1,24153.6,24169.7,1678
1776883500000,2026-04-22T18:45:00+00:00,24169.6,24172.0,24155.5,24160.6,1456
1776884400000,2026-04-22T19:00:00+00:00,24160.8,24170.8,24119.5,24161.4,2572
1776885300000,2026-04-22T19:15:00+00:00,24161.5,24179.6,24161.5,24170.3,2016
1776886200000,2026-04-22T19:30:00+00:00,24171.2,24186.1,24161.4,24182.9,1962
1776887100000,2026-04-22T19:45:00+00:00,24183.7,24206.8,24177.6,24203.5,1920
1776903300000,2026-04-23T00:15:00+00:00,24013.2,24115.4,23874.1,24107.1,2424
1776904200000,2026-04-23T00:30:00+00:00,24110.6,24139.6,24085.1,24089.9,2144
1776905100000,2026-04-23T00:45:00+00:00,24088.8,24105.5,24071.6,24083.8,1632
1776906000000,2026-04-23T01:00:00+00:00,24084.6,24087.9,24033.9,24042.6,1862
1776906900000,2026-04-23T01:15:00+00:00,24043.0,24053.7,24005.2,24014.1,1468
1776907800000,2026-04-23T01:30:00+00:00,24014.0,24035.6,24004.4,24009.6,1914
1776908700000,2026-04-23T01:45:00+00:00,24009.4,24009.4,23976.1,23980.7,1762
1776909600000,2026-04-23T02:00:00+00:00,23981.9,23985.1,23916.7,23918.9,1842
1776910500000,2026-04-23T02:15:00+00:00,23918.8,23955.2,23911.1,23928.1,2376
1776911400000,2026-04-23T02:30:00+00:00,23927.6,23937.5,23904.1,23921.1,2034
1776912300000,2026-04-23T02:45:00+00:00,23920.8,23941.3,23894.0,23900.4,1850
1776913200000,2026-04-23T03:00:00+00:00,23900.1,23923.6,23881.8,23889.1,1828
1776914100000,2026-04-23T03:15:00+00:00,23888.6,23895.5,23876.4,23877.3,1682
1776915000000,2026-04-23T03:30:00+00:00,23876.6,23883.6,23855.3,23874.7,2014
1776915900000,2026-04-23T03:45:00+00:00,23875.1,23891.9,23867.6,23880.5,1874
1776916800000,2026-04-23T04:00:00+00:00,23881.1,23889.6,23867.0,23887.1,1788
1776917700000,2026-04-23T04:15:00+00:00,23888.1,23898.1,23876.0,23885.0,1554
1776918600000,2026-04-23T04:30:00+00:00,23885.7,23912.6,23885.0,23912.1,1308
1776919500000,2026-04-23T04:45:00+00:00,23911.9,23928.1,23903.1,23923.6,1380
1776920400000,2026-04-23T05:00:00+00:00,23924.3,23943.1,23919.0,23939.9,1336
1776921300000,2026-04-23T05:15:00+00:00,23940.1,23946.0,23932.1,23938.0,1212
1776922200000,2026-04-23T05:30:00+00:00,23938.6,23958.1,23929.3,23945.7,1606
1776923100000,2026-04-23T05:45:00+00:00,23945.4,23993.4,23944.0,23993.4,1504
1776924000000,2026-04-23T06:00:00+00:00,23993.1,24017.0,23992.7,24003.1,2078
1776924900000,2026-04-23T06:15:00+00:00,24002.6,24034.0,24000.8,24030.3,1918
1776925800000,2026-04-23T06:30:00+00:00,24030.6,24035.3,24015.3,24021.6,1888
1776926700000,2026-04-23T06:45:00+00:00,24021.4,24028.9,23992.3,24022.3,2034
1776927600000,2026-04-23T07:00:00+00:00,24024.1,24127.7,24015.2,24109.0,3142
1776928500000,2026-04-23T07:15:00+00:00,24112.7,24133.7,24095.8,24121.6,2992
1776929400000,2026-04-23T07:30:00+00:00,24124.8,24164.2,24099.0,24164.2,3014
1776930300000,2026-04-23T07:45:00+00:00,24163.7,24178.2,24132.2,24150.3,2944
1776931200000,2026-04-23T08:00:00+00:00,24149.7,24149.8,24079.6,24082.3,3038
1776932100000,2026-04-23T08:15:00+00:00,24084.6,24151.5,24074.8,24119.0,3010
1776933000000,2026-04-23T08:30:00+00:00,24117.3,24117.3,24046.6,24051.3,2980
1776933900000,2026-04-23T08:45:00+00:00,24050.3,24068.3,24037.1,24038.3,2928
1776934800000,2026-04-23T09:00:00+00:00,24038.2,24044.5,23977.6,24030.3,3076
1776935700000,2026-04-23T09:15:00+00:00,24030.2,24085.2,24025.8,24061.1,3020
1776936600000,2026-04-23T09:30:00+00:00,24064.5,24085.5,24044.5,24058.6,2850
1776937500000,2026-04-23T09:45:00+00:00,24058.4,24058.4,24015.2,24025.2,2746
1776938400000,2026-04-23T10:00:00+00:00,24025.3,24047.6,24000.2,24009.5,2934
1776939300000,2026-04-23T10:15:00+00:00,24010.2,24066.3,24007.5,24042.6,2842
1776940200000,2026-04-23T10:30:00+00:00,24043.8,24089.2,24043.8,24060.3,2854
1776941100000,2026-04-23T10:45:00+00:00,24060.2,24107.3,24054.5,24097.6,2766
1776942000000,2026-04-23T11:00:00+00:00,24100.0,24111.2,24056.9,24069.6,2812
1776942900000,2026-04-23T11:15:00+00:00,24069.8,24083.4,24040.1,24054.2,2610
1776943800000,2026-04-23T11:30:00+00:00,24055.5,24088.8,24029.6,24077.8,2958
1776944700000,2026-04-23T11:45:00+00:00,24077.1,24136.8,24071.2,24119.6,3106
1776945600000,2026-04-23T12:00:00+00:00,24115.2,24187.1,24115.2,24163.5,3116
1776946500000,2026-04-23T12:15:00+00:00,24161.9,24161.9,24107.3,24134.8,2836
1776947400000,2026-04-23T12:30:00+00:00,24134.4,24141.6,24086.5,24088.7,2894
1776948300000,2026-04-23T12:45:00+00:00,24089.2,24112.3,24034.2,24109.7,3094
1776949200000,2026-04-23T13:00:00+00:00,24109.6,24132.6,24076.3,24095.5,2932
1776950100000,2026-04-23T13:15:00+00:00,24090.1,24133.3,24090.1,24117.4,2922
1776951000000,2026-04-23T13:30:00+00:00,24118.2,24159.1,24101.5,24152.2,3076
1776951900000,2026-04-23T13:45:00+00:00,24152.0,24171.0,24132.2,24138.0,3138
1776952800000,2026-04-23T14:00:00+00:00,24139.3,24162.1,24115.5,24148.0,3206
1776953700000,2026-04-23T14:15:00+00:00,24146.8,24169.3,24137.2,24155.3,3042
1776954600000,2026-04-23T14:30:00+00:00,24153.5,24174.6,24139.5,24161.2,3034
1776955500000,2026-04-23T14:45:00+00:00,24161.6,24189.7,24153.5,24182.3,2998
1776956400000,2026-04-23T15:00:00+00:00,24181.0,24184.0,24139.0,24140.5,2916
1776957300000,2026-04-23T15:15:00+00:00,24140.3,24172.4,24140.2,24162.2,2908
1776958200000,2026-04-23T15:30:00+00:00,24162.5,24162.5,24094.1,24094.9,2840
1776959100000,2026-04-23T15:45:00+00:00,24096.9,24243.3,24052.9,24205.3,3168
1776960000000,2026-04-23T16:00:00+00:00,24205.1,24221.4,24174.4,24199.5,2856
1776960900000,2026-04-23T16:15:00+00:00,24199.2,24232.3,24199.0,24218.8,2522
1776961800000,2026-04-23T16:30:00+00:00,24218.3,24230.1,24208.3,24228.4,2256
1776962700000,2026-04-23T16:45:00+00:00,24228.6,24236.0,24195.9,24213.1,1990
1776963600000,2026-04-23T17:00:00+00:00,24213.8,24218.4,24055.4,24082.6,3152
1776964500000,2026-04-23T17:15:00+00:00,24082.4,24082.4,23997.9,24004.9,3244
1776965400000,2026-04-23T17:30:00+00:00,24007.0,24050.6,23872.6,23896.1,3256
1776966300000,2026-04-23T17:45:00+00:00,23896.4,24092.6,23825.6,24016.4,3372
1776967200000,2026-04-23T18:00:00+00:00,24019.3,24085.8,24004.1,24058.4,3146
1776968100000,2026-04-23T18:15:00+00:00,24058.5,24085.2,24052.5,24083.8,2842
1776969000000,2026-04-23T18:30:00+00:00,24083.7,24116.6,24069.1,24087.1,2756
1776969900000,2026-04-23T18:45:00+00:00,24087.4,24089.1,24025.3,24041.3,2632
1776970800000,2026-04-23T19:00:00+00:00,24041.1,24077.1,24028.1,24070.3,2832
1776971700000,2026-04-23T19:15:00+00:00,24070.6,24086.1,24066.4,24073.6,2326
1776972600000,2026-04-23T19:30:00+00:00,24071.6,24082.3,24020.4,24035.9,2790
1776973500000,2026-04-23T19:45:00+00:00,24033.5,24075.1,24020.3,24069.7,2334
1776989700000,2026-04-24T00:15:00+00:00,24195.1,24195.2,24159.1,24180.4,1432
1776990600000,2026-04-24T00:30:00+00:00,24182.4,24186.4,24148.3,24149.0,1480
1776991500000,2026-04-24T00:45:00+00:00,24149.4,24164.3,24134.8,24150.5,1652
1776992400000,2026-04-24T01:00:00+00:00,24150.9,24154.7,24115.9,24126.4,1790
1776993300000,2026-04-24T01:15:00+00:00,24126.9,24135.4,24114.9,24130.4,1530
1776994200000,2026-04-24T01:30:00+00:00,24130.1,24132.0,24079.4,24092.4,1798
1776995100000,2026-04-24T01:45:00+00:00,24092.9,24115.4,24087.6,24105.4,1430
1776996000000,2026-04-24T02:00:00+00:00,24105.0,24105.1,24075.4,24084.9,1526
1776996900000,2026-04-24T02:15:00+00:00,24085.6,24092.4,24042.4,24047.1,1622
1776997800000,2026-04-24T02:30:00+00:00,24046.4,24067.6,24039.4,24050.6,1404
1776998700000,2026-04-24T02:45:00+00:00,24052.6,24053.9,24033.4,24047.1,990
1776999600000,2026-04-24T03:00:00+00:00,24047.4,24054.6,24027.2,24028.7,1434
1777000500000,2026-04-24T03:15:00+00:00,24029.4,24051.4,24027.4,24038.0,1302
1777001400000,2026-04-24T03:30:00+00:00,24040.9,24062.4,24029.4,24048.9,1682
1777002300000,2026-04-24T03:45:00+00:00,24049.6,24084.6,24047.1,24061.9,1146
1777003200000,2026-04-24T04:00:00+00:00,24061.5,24102.4,24048.4,24099.0,1442
1777004100000,2026-04-24T04:15:00+00:00,24099.4,24101.1,24074.9,24089.5,1244
1777005000000,2026-04-24T04:30:00+00:00,24089.6,24109.6,24089.3,24098.9,1184
1777005900000,2026-04-24T04:45:00+00:00,24098.6,24119.5,24096.9,24113.4,930
1777006800000,2026-04-24T05:00:00+00:00,24113.7,24132.4,24109.6,24123.9,1258
1777007700000,2026-04-24T05:15:00+00:00,24123.4,24141.9,24120.4,24136.6,1422
1777008600000,2026-04-24T05:30:00+00:00,24136.8,24191.4,24136.8,24187.9,1260
1777009500000,2026-04-24T05:45:00+00:00,24188.0,24191.4,24174.9,24185.4,966
1777010400000,2026-04-24T06:00:00+00:00,24184.9,24204.1,24172.4,24202.2,1906
1777011300000,2026-04-24T06:15:00+00:00,24203.0,24204.7,24173.1,24173.4,1706
1777012200000,2026-04-24T06:30:00+00:00,24173.8,24195.3,24165.9,24193.9,1872
1777013100000,2026-04-24T06:45:00+00:00,24194.1,24195.8,24158.4,24172.3,1902
1777014000000,2026-04-24T07:00:00+00:00,24164.5,24207.6,24134.6,24134.6,3158
1777014900000,2026-04-24T07:15:00+00:00,24135.6,24183.1,24101.8,24173.9,3046
1777015800000,2026-04-24T07:30:00+00:00,24173.8,24173.8,24113.0,24129.9,3000
1777016700000,2026-04-24T07:45:00+00:00,24129.7,24165.4,24121.1,24162.1,2750
1777017600000,2026-04-24T08:00:00+00:00,24155.6,24167.6,24084.1,24095.4,2972
1777018500000,2026-04-24T08:15:00+00:00,24095.6,24188.6,24084.4,24095.3,3028
1777019400000,2026-04-24T08:30:00+00:00,24094.3,24095.4,24046.0,24049.4,2930
1777020300000,2026-04-24T08:45:00+00:00,24049.0,24064.4,24004.8,24028.0,2872
1777021200000,2026-04-24T09:00:00+00:00,24028.1,24048.0,24007.9,24027.5,2888
1777022100000,2026-04-24T09:15:00+00:00,24027.6,24038.8,23976.9,23983.1,2864
1777023000000,2026-04-24T09:30:00+00:00,23983.0,24039.6,23979.1,24039.6,2722
1777023900000,2026-04-24T09:45:00+00:00,24038.8,24055.7,24003.8,24015.4,2800
1777024800000,2026-04-24T10:00:00+00:00,24014.4,24069.1,24012.3,24055.5,2836
1777025700000,2026-04-24T10:15:00+00:00,24055.3,24080.0,24051.1,24063.3,2554
1777026600000,2026-04-24T10:30:00+00:00,24063.1,24073.8,24045.3,24065.5,2650
1777027500000,2026-04-24T10:45:00+00:00,24065.7,24084.3,24056.4,24056.4,2430
1777028400000,2026-04-24T11:00:00+00:00,24059.5,24228.6,24059.1,24206.3,3120
1777029300000,2026-04-24T11:15:00+00:00,24208.1,24301.1,24179.6,24301.1,3224
1777030200000,2026-04-24T11:30:00+00:00,24300.8,24318.0,24187.0,24189.0,3092
1777031100000,2026-04-24T11:45:00+00:00,24187.3,24196.6,24160.6,24193.5,2882
1777032000000,2026-04-24T12:00:00+00:00,24200.1,24244.6,24177.8,24230.8,2892
1777032900000,2026-04-24T12:15:00+00:00,24231.6,24242.3,24176.6,24201.1,2976
1777033800000,2026-04-24T12:30:00+00:00,24195.9,24199.4,24113.3,24118.8,2926
1777034700000,2026-04-24T12:45:00+00:00,24119.0,24132.8,24069.1,24121.6,2976
1777035600000,2026-04-24T13:00:00+00:00,24128.1,24148.0,24113.9,24125.5,2970
1777036500000,2026-04-24T13:15:00+00:00,24126.4,24163.3,24122.3,24142.6,2952
1777037400000,2026-04-24T13:30:00+00:00,24142.5,24153.4,24110.6,24139.8,3258
1777038300000,2026-04-24T13:45:00+00:00,24140.1,24153.4,24089.6,24103.1,3222
1777039200000,2026-04-24T14:00:00+00:00,24103.4,24156.4,24076.4,24127.1,3264
1777040100000,2026-04-24T14:15:00+00:00,24126.3,24151.2,24085.8,24114.6,3134
1777041000000,2026-04-24T14:30:00+00:00,24115.5,24164.6,24103.9,24153.6,3184
1777041900000,2026-04-24T14:45:00+00:00,24154.5,24161.4,24119.1,24137.5,3074
1777042800000,2026-04-24T15:00:00+00:00,24137.8,24145.5,24106.4,24125.9,3092
1777043700000,2026-04-24T15:15:00+00:00,24124.7,24144.2,24103.6,24118.3,2956
1777044600000,2026-04-24T15:30:00+00:00,24117.6,24256.4,24101.6,24227.4,2954
1777045500000,2026-04-24T15:45:00+00:00,24227.7,24282.9,24149.0,24188.7,3136
1777046400000,2026-04-24T16:00:00+00:00,24188.4,24197.9,24159.1,24182.9,2754
1777047300000,2026-04-24T16:15:00+00:00,24182.0,24195.9,24176.8,24181.7,2328
1777048200000,2026-04-24T16:30:00+00:00,24181.8,24203.0,24151.2,24163.9,2388
1777049100000,2026-04-24T16:45:00+00:00,24164.4,24193.8,24163.1,24192.1,2382
1777050000000,2026-04-24T17:00:00+00:00,24191.6,24202.2,24179.1,24184.1,2218
1777050900000,2026-04-24T17:15:00+00:00,24184.3,24200.3,24176.4,24195.5,1948
1777051800000,2026-04-24T17:30:00+00:00,24195.4,24216.5,24182.8,24211.4,2036
1777052700000,2026-04-24T17:45:00+00:00,24211.2,24241.6,24206.8,24208.1,1834
1777053600000,2026-04-24T18:00:00+00:00,24208.2,24211.4,24193.4,24200.8,1898
1777054500000,2026-04-24T18:15:00+00:00,24200.9,24207.1,24185.9,24194.1,1890
1777055400000,2026-04-24T18:30:00+00:00,24193.9,24210.9,24191.8,24205.4,1778
1777056300000,2026-04-24T18:45:00+00:00,24205.3,24210.9,24197.6,24203.4,1742
1777057200000,2026-04-24T19:00:00+00:00,24203.6,24226.6,24203.6,24220.9,1802
1777058100000,2026-04-24T19:15:00+00:00,24220.6,24232.4,24207.4,24216.7,1646
1777059000000,2026-04-24T19:30:00+00:00,24216.9,24224.1,24208.9,24212.4,1816
1777059900000,2026-04-24T19:45:00+00:00,24210.7,24218.8,24205.4,24216.4,1314
1777248900000,2026-04-27T00:15:00+00:00,24174.0,24174.1,24143.9,24146.1,1150
1777249800000,2026-04-27T00:30:00+00:00,24146.4,24159.6,24132.8,24153.7,1424
1777250700000,2026-04-27T00:45:00+00:00,24153.9,24186.3,24150.9,24175.4,1182
1777251600000,2026-04-27T01:00:00+00:00,24175.7,24228.9,24175.7,24192.7,2114
1777252500000,2026-04-27T01:15:00+00:00,24189.9,24212.0,24173.4,24210.2,1814
1777253400000,2026-04-27T01:30:00+00:00,24210.5,24248.6,24204.4,24232.8,1920
1777254300000,2026-04-27T01:45:00+00:00,24233.4,24258.6,24230.4,24255.8,1828
1777255200000,2026-04-27T02:00:00+00:00,24256.4,24259.0,24235.8,24249.9,1644
1777256100000,2026-04-27T02:15:00+00:00,24248.2,24262.4,24233.8,24236.9,1236
1777257000000,2026-04-27T02:30:00+00:00,24236.7,24243.0,24217.1,24219.2,1148
1777257900000,2026-04-27T02:45:00+00:00,24219.5,24230.4,24218.7,24225.4,710
1777258800000,2026-04-27T03:00:00+00:00,24225.0,24237.0,24214.1,24219.7,1410
1777259700000,2026-04-27T03:15:00+00:00,24218.1,24228.4,24214.9,24222.9,910
1777260600000,2026-04-27T03:30:00+00:00,24223.5,24232.3,24218.6,24231.7,956
1777261500000,2026-04-27T03:45:00+00:00,24231.4,24232.9,24216.8,24219.6,650
1777262400000,2026-04-27T04:00:00+00:00,24220.1,24220.1,24196.8,24208.1,1042
1777263300000,2026-04-27T04:15:00+00:00,24207.4,24222.6,24205.9,24218.9,658
1777264200000,2026-04-27T04:30:00+00:00,24219.0,24231.9,24218.0,24223.4,752
1777265100000,2026-04-27T04:45:00+00:00,24223.9,24224.6,24188.2,24195.6,846
1777266000000,2026-04-27T05:00:00+00:00,24196.1,24197.4,24163.1,24167.4,1434
1777266900000,2026-04-27T05:15:00+00:00,24167.0,24180.0,24164.4,24168.8,1354
1777267800000,2026-04-27T05:30:00+00:00,24169.0,24172.0,24133.3,24139.4,1672
1777268700000,2026-04-27T05:45:00+00:00,24139.6,24162.7,24135.1,24156.0,1276
1777269600000,2026-04-27T06:00:00+00:00,24156.6,24173.9,24147.0,24153.3,1966
1777270500000,2026-04-27T06:15:00+00:00,24153.2,24181.5,24144.4,24179.7,1724
1777271400000,2026-04-27T06:30:00+00:00,24180.7,24180.7,24152.1,24166.7,1934
1777272300000,2026-04-27T06:45:00+00:00,24166.9,24190.5,24163.6,24175.5,1560
1777273200000,2026-04-27T07:00:00+00:00,24164.6,24228.1,24148.4,24211.2,3096
1777274100000,2026-04-27T07:15:00+00:00,24209.1,24228.5,24174.9,24179.8,2990
1777275000000,2026-04-27T07:30:00+00:00,24180.2,24196.9,24152.4,24176.3,2900
1777275900000,2026-04-27T07:45:00+00:00,24176.9,24195.9,24154.7,24155.7,2726
1777276800000,2026-04-27T08:00:00+00:00,24155.5,24171.8,24127.8,24144.3,2932
1777277700000,2026-04-27T08:15:00+00:00,24144.6,24206.8,24141.7,24199.9,2744
1777278600000,2026-04-27T08:30:00+00:00,24200.1,24238.9,24199.1,24232.1,2588
1777279500000,2026-04-27T08:45:00+00:00,24232.2,24234.8,24206.2,24216.1,2444
1777280400000,2026-04-27T09:00:00+00:00,24216.4,24242.6,24214.6,24237.8,2490
1777281300000,2026-04-27T09:15:00+00:00,24238.3,24239.6,24212.3,24234.5,2446
1777282200000,2026-04-27T09:30:00+00:00,24235.2,24267.0,24231.4,24266.4,2230
1777283100000,2026-04-27T09:45:00+00:00,24266.6,24279.1,24261.8,24265.7,2242
1777284000000,2026-04-27T10:00:00+00:00,24265.6,24276.9,24253.0,24261.5,2282
1777284900000,2026-04-27T10:15:00+00:00,24261.6,24281.1,24255.6,24269.3,2058
1777285800000,2026-04-27T10:30:00+00:00,24269.4,24314.8,24267.1,24311.4,2226
1777286700000,2026-04-27T10:45:00+00:00,24311.1,24340.9,24308.8,24329.5,2504
1777287600000,2026-04-27T11:00:00+00:00,24328.8,24344.8,24321.7,24322.6,2356
1777288500000,2026-04-27T11:15:00+00:00,24322.3,24360.1,24316.1,24357.0,2408
1777289400000,2026-04-27T11:30:00+00:00,24357.2,24374.6,24351.2,24354.1,2478
1777290300000,2026-04-27T11:45:00+00:00,24354.2,24358.6,24309.7,24325.8,2340
1777291200000,2026-04-27T12:00:00+00:00,24330.1,24332.6,24300.4,24308.9,2572
1777292100000,2026-04-27T12:15:00+00:00,24308.8,24315.4,24259.8,24269.7,2662
1777293000000,2026-04-27T12:30:00+00:00,24270.2,24292.8,24243.4,24259.1,2836
1777293900000,2026-04-27T12:45:00+00:00,24258.9,24265.8,24190.6,24199.8,2728
1777294800000,2026-04-27T13:00:00+00:00,24199.9,24208.8,24146.7,24150.0,2974
1777295700000,2026-04-27T13:15:00+00:00,24153.1,24197.7,24151.8,24195.8,2952
1777296600000,2026-04-27T13:30:00+00:00,24196.2,24243.1,24168.9,24173.8,3180
1777297500000,2026-04-27T13:45:00+00:00,24172.8,24183.4,24120.7,24179.6,3168
1777298400000,2026-04-27T14:00:00+00:00,24181.9,24187.2,24125.1,24146.9,3188
1777299300000,2026-04-27T14:15:00+00:00,24146.1,24176.8,24125.8,24156.3,3094
1777300200000,2026-04-27T14:30:00+00:00,24157.9,24158.6,24116.2,24138.4,3070
1777301100000,2026-04-27T14:45:00+00:00,24138.8,24142.7,24080.0,24085.0,2956
1777302000000,2026-04-27T15:00:00+00:00,24084.2,24090.2,24038.7,24074.8,3044
1777302900000,2026-04-27T15:15:00+00:00,24075.7,24093.3,24045.4,24087.9,2986
1777303800000,2026-04-27T15:30:00+00:00,24086.5,24103.0,24070.9,24095.8,2833
1777304700000,2026-04-27T15:45:00+00:00,24095.5,24137.9,24090.7,24133.8,2464
1777305600000,2026-04-27T16:00:00+00:00,24133.9,24144.5,24118.5,24140.7,2266
1777306500000,2026-04-27T16:15:00+00:00,24140.8,24148.8,24122.1,24125.6,1970
1777307400000,2026-04-27T16:30:00+00:00,24125.8,24128.8,24117.4,24118.4,1806
1777308300000,2026-04-27T16:45:00+00:00,24118.1,24133.2,24118.0,24129.7,1746
1777309200000,2026-04-27T17:00:00+00:00,24129.9,24144.4,24127.8,24133.6,1428
1777310100000,2026-04-27T17:15:00+00:00,24133.5,24138.6,24101.7,24136.2,2080
1777311000000,2026-04-27T17:30:00+00:00,24135.6,24157.1,24126.0,24127.1,2034
1777311900000,2026-04-27T17:45:00+00:00,24126.9,24132.3,24121.9,24127.4,1460
1777312800000,2026-04-27T18:00:00+00:00,24127.2,24130.6,24115.1,24127.4,1512
1777313700000,2026-04-27T18:15:00+00:00,24127.0,24144.1,24127.0,24141.8,1438
1777314600000,2026-04-27T18:30:00+00:00,24140.1,24145.4,24130.6,24131.4,1320
1777315500000,2026-04-27T18:45:00+00:00,24131.5,24136.0,24126.9,24128.6,1336
1777316400000,2026-04-27T19:00:00+00:00,24128.4,24135.3,24121.0,24133.6,1412
1777317300000,2026-04-27T19:15:00+00:00,24133.1,24146.2,24130.4,24137.0,1496
1777318200000,2026-04-27T19:30:00+00:00,24136.9,24143.2,24114.9,24123.5,1680
1777319100000,2026-04-27T19:45:00+00:00,24121.9,24138.0,24092.4,24095.4,1744
1777335300000,2026-04-28T00:15:00+00:00,24141.9,24141.9,24099.4,24114.4,1969
1777336200000,2026-04-28T00:30:00+00:00,24114.9,24126.2,24105.2,24124.0,1616
1777337100000,2026-04-28T00:45:00+00:00,24124.4,24131.9,24119.9,24120.0,1076
1777338000000,2026-04-28T01:00:00+00:00,24120.1,24124.8,24105.7,24113.6,1596
1777338900000,2026-04-28T01:15:00+00:00,24112.9,24137.4,24106.9,24133.9,1224
1777339800000,2026-04-28T01:30:00+00:00,24133.8,24147.9,24123.0,24136.4,1326
1777340700000,2026-04-28T01:45:00+00:00,24136.2,24138.2,24109.6,24111.9,1714
1777341600000,2026-04-28T02:00:00+00:00,24114.9,24125.3,24100.4,24122.4,1528
1777342500000,2026-04-28T02:15:00+00:00,24121.9,24134.1,24117.9,24126.9,1352
1777343400000,2026-04-28T02:30:00+00:00,24127.4,24128.7,24105.9,24110.4,1158
1777344300000,2026-04-28T02:45:00+00:00,24111.7,24119.1,24103.4,24109.7,1082
1777345200000,2026-04-28T03:00:00+00:00,24109.8,24121.4,24101.8,24118.2,1086
1777346100000,2026-04-28T03:15:00+00:00,24117.9,24131.9,24113.0,24129.2,870
1777347000000,2026-04-28T03:30:00+00:00,24131.4,24137.7,24124.7,24127.2,1122
1777347900000,2026-04-28T03:45:00+00:00,24126.8,24133.9,24121.2,24126.4,1070
1777348800000,2026-04-28T04:00:00+00:00,24127.9,24133.8,24117.6,24129.8,1058
1777349700000,2026-04-28T04:15:00+00:00,24129.9,24142.9,24128.8,24136.6,996
1777350600000,2026-04-28T04:30:00+00:00,24136.2,24155.6,24135.4,24153.8,1124
1777351500000,2026-04-28T04:45:00+00:00,24152.4,24156.4,24138.0,24141.9,1032
1777352400000,2026-04-28T05:00:00+00:00,24142.4,24146.4,24091.4,24100.1,1586
1777353300000,2026-04-28T05:15:00+00:00,24100.4,24105.0,24088.6,24097.2,1360
1777354200000,2026-04-28T05:30:00+00:00,24097.4,24097.4,24042.8,24070.4,1846
1777355100000,2026-04-28T05:45:00+00:00,24070.0,24080.7,24058.6,24074.9,1434
1777356000000,2026-04-28T06:00:00+00:00,24078.2,24085.7,24057.2,24084.3,2246
1777356900000,2026-04-28T06:15:00+00:00,24084.4,24096.3,24060.7,24090.2,2098
1777357800000,2026-04-28T06:30:00+00:00,24091.6,24095.2,24058.7,24062.1,2288
1777358700000,2026-04-28T06:45:00+00:00,24062.7,24071.7,24044.1,24068.2,2202
1777359600000,2026-04-28T07:00:00+00:00,24068.9,24076.5,23990.4,23998.3,3222
1777360500000,2026-04-28T07:15:00+00:00,23998.7,24017.6,23980.4,24009.9,3202
1777361400000,2026-04-28T07:30:00+00:00,24013.9,24095.0,24012.6,24084.5,3070
1777362300000,2026-04-28T07:45:00+00:00,24086.0,24109.3,24072.2,24105.2,3122
1777363200000,2026-04-28T08:00:00+00:00,24103.6,24103.6,24012.8,24038.5,3262
1777364100000,2026-04-28T08:15:00+00:00,24038.2,24126.6,24038.2,24125.6,3124
1777365000000,2026-04-28T08:30:00+00:00,24128.5,24138.1,24098.9,24111.8,2958
1777365900000,2026-04-28T08:45:00+00:00,24111.6,24124.5,24095.5,24123.9,2828
1777366800000,2026-04-28T09:00:00+00:00,24121.9,24139.9,24091.5,24129.1,3082
1777367700000,2026-04-28T09:15:00+00:00,24126.4,24141.6,24111.3,24131.7,2966
1777368600000,2026-04-28T09:30:00+00:00,24131.9,24136.0,24100.6,24116.3,2970
1777369500000,2026-04-28T09:45:00+00:00,24116.5,24120.4,24078.3,24101.1,2918
1777370400000,2026-04-28T10:00:00+00:00,24101.5,24128.7,24095.3,24096.6,2862
1777371300000,2026-04-28T10:15:00+00:00,24097.6,24118.5,24083.2,24104.6,2868
1777372200000,2026-04-28T10:30:00+00:00,24107.3,24128.9,24101.5,24103.6,2848
1777373100000,2026-04-28T10:45:00+00:00,24103.8,24138.5,24094.5,24130.6,2720
1777374000000,2026-04-28T11:00:00+00:00,24130.4,24148.2,24068.5,24073.1,3012
1777374900000,2026-04-28T11:15:00+00:00,24072.8,24073.4,24009.3,24015.3,3094
1777375800000,2026-04-28T11:30:00+00:00,24015.5,24020.2,23950.1,23996.1,3128
1777376700000,2026-04-28T11:45:00+00:00,23996.0,24008.0,23938.1,23957.4,3240
1777377600000,2026-04-28T12:00:00+00:00,23956.7,23975.1,23931.6,23963.3,3221
1777378500000,2026-04-28T12:15:00+00:00,23967.6,24009.7,23897.6,23907.5,3208
1777379400000,2026-04-28T12:30:00+00:00,23907.1,23982.0,23882.3,23967.8,3170
1777380300000,2026-04-28T12:45:00+00:00,23965.6,24063.6,23965.6,24049.6,3106
1777381200000,2026-04-28T13:00:00+00:00,24046.8,24049.5,23986.8,23988.9,3106
1777382100000,2026-04-28T13:15:00+00:00,23988.8,24026.0,23964.9,24006.6,3074
1777383000000,2026-04-28T13:30:00+00:00,24004.8,24055.0,23999.9,24037.5,3334
1777383900000,2026-04-28T13:45:00+00:00,24035.0,24043.6,23998.8,24015.1,3190
1777384800000,2026-04-28T14:00:00+00:00,24015.6,24032.3,23986.7,24001.1,3215
1777385700000,2026-04-28T14:15:00+00:00,24002.0,24028.3,23979.2,24006.4,3214
1777386600000,2026-04-28T14:30:00+00:00,24006.9,24018.9,23954.4,23973.6,3302
1777387500000,2026-04-28T14:45:00+00:00,23974.1,24011.1,23933.5,24010.0,3264
1777388400000,2026-04-28T15:00:00+00:00,24011.6,24043.7,24000.9,24025.9,3222
1777389300000,2026-04-28T15:15:00+00:00,24026.5,24044.4,24015.9,24025.3,3134
1777390200000,2026-04-28T15:30:00+00:00,24022.6,24027.3,23977.9,23981.2,3154
1777391100000,2026-04-28T15:45:00+00:00,23980.8,24014.2,23957.5,24013.6,3106
1777392000000,2026-04-28T16:00:00+00:00,24014.1,24037.7,23995.2,24004.8,2892
1777392900000,2026-04-28T16:15:00+00:00,24004.7,24007.5,23984.6,23998.9,2732
1777393800000,2026-04-28T16:30:00+00:00,23998.6,24001.6,23977.7,23980.1,2726
1777394700000,2026-04-28T16:45:00+00:00,23980.9,24003.7,23974.9,23990.4,2560
1777395600000,2026-04-28T17:00:00+00:00,23988.9,23994.3,23971.4,23984.4,2284
1777396500000,2026-04-28T17:15:00+00:00,23984.3,23986.1,23962.0,23978.9,2252
1777397400000,2026-04-28T17:30:00+00:00,23979.0,23998.8,23979.0,23981.9,2122
1777398300000,2026-04-28T17:45:00+00:00,23981.8,23985.3,23965.7,23974.4,1950
1777399200000,2026-04-28T18:00:00+00:00,23974.2,23983.7,23964.4,23971.3,2056
1777400100000,2026-04-28T18:15:00+00:00,23971.4,23993.4,23970.3,23985.4,2256
1777401000000,2026-04-28T18:30:00+00:00,23985.5,23985.9,23962.8,23979.1,1942
1777401900000,2026-04-28T18:45:00+00:00,23979.3,23986.9,23974.4,23978.1,1704
1777402800000,2026-04-28T19:00:00+00:00,23977.6,23994.4,23972.3,23985.8,1844
1777403700000,2026-04-28T19:15:00+00:00,23985.6,23985.6,23973.6,23980.8,2014
1777404600000,2026-04-28T19:30:00+00:00,23981.6,23982.9,23962.3,23977.4,1976
1777405500000,2026-04-28T19:45:00+00:00,23977.5,23987.8,23971.3,23987.1,2026
1777421700000,2026-04-29T00:15:00+00:00,24034.5,24037.5,24024.0,24034.7,1105
1777422600000,2026-04-29T00:30:00+00:00,24035.0,24046.8,24035.0,24045.7,744
1777423500000,2026-04-29T00:45:00+00:00,24046.0,24046.5,24033.4,24036.5,908
1777424400000,2026-04-29T01:00:00+00:00,24036.8,24036.8,23981.2,23996.1,2304
1777425300000,2026-04-29T01:15:00+00:00,23996.5,24012.8,23983.0,23984.3,1672
1777426200000,2026-04-29T01:30:00+00:00,23984.5,24025.0,23980.2,24017.8,1964
1777427100000,2026-04-29T01:45:00+00:00,24017.3,24020.5,23996.7,24005.7,1448
1777428000000,2026-04-29T02:00:00+00:00,24006.0,24027.5,24006.0,24021.9,1548
1777428900000,2026-04-29T02:15:00+00:00,24022.0,24035.7,24016.9,24019.0,1182
1777429800000,2026-04-29T02:30:00+00:00,24019.3,24020.1,24007.5,24011.3,974
1777430700000,2026-04-29T02:45:00+00:00,24011.8,24021.0,24005.5,24008.5,932
1777431600000,2026-04-29T03:00:00+00:00,24008.9,24023.7,24001.4,24023.2,914
1777432500000,2026-04-29T03:15:00+00:00,24022.8,24030.3,24020.1,24027.5,702
1777433400000,2026-04-29T03:30:00+00:00,24027.8,24028.9,24013.9,24013.9,646
1777434300000,2026-04-29T03:45:00+00:00,24012.0,24022.5,24010.1,24021.5,474
1777435200000,2026-04-29T04:00:00+00:00,24022.2,24028.5,24018.1,24024.9,488
1777436100000,2026-04-29T04:15:00+00:00,24025.3,24027.5,24018.1,24025.9,442
1777437000000,2026-04-29T04:30:00+00:00,24026.0,24045.5,24026.0,24041.4,630
1777437900000,2026-04-29T04:45:00+00:00,24041.0,24057.3,24038.7,24040.1,626
1777438800000,2026-04-29T05:00:00+00:00,24040.5,24061.4,24039.5,24049.0,884
1777439700000,2026-04-29T05:15:00+00:00,24049.4,24056.5,24044.5,24055.0,906
1777440600000,2026-04-29T05:30:00+00:00,24054.7,24076.2,24053.7,24074.7,962
1777441500000,2026-04-29T05:45:00+00:00,24074.5,24092.5,24072.5,24082.8,1092
1777442400000,2026-04-29T06:00:00+00:00,24077.5,24112.2,24077.5,24081.7,1804
1777443300000,2026-04-29T06:15:00+00:00,24081.3,24088.4,24075.0,24082.0,1852
1777444200000,2026-04-29T06:30:00+00:00,24081.7,24084.4,24057.8,24066.3,1654
1777445100000,2026-04-29T06:45:00+00:00,24066.2,24075.0,24034.5,24034.5,2154
1777446000000,2026-04-29T07:00:00+00:00,24036.1,24085.8,24022.5,24040.3,3256
1777446900000,2026-04-29T07:15:00+00:00,24040.6,24066.4,24033.7,24052.7,3105
1777447800000,2026-04-29T07:30:00+00:00,24052.6,24061.9,24006.9,24007.9,3090
1777448700000,2026-04-29T07:45:00+00:00,24008.6,24009.9,23977.0,23986.9,2970
1777449600000,2026-04-29T08:00:00+00:00,23995.0,24015.6,23931.2,23947.9,3098
1777450500000,2026-04-29T08:15:00+00:00,23947.5,23965.2,23925.0,23957.5,3078
1777451400000,2026-04-29T08:30:00+00:00,23953.7,23958.2,23910.9,23951.3,3148
1777452300000,2026-04-29T08:45:00+00:00,23951.6,23964.7,23932.1,23936.4,2912
1777453200000,2026-04-29T09:00:00+00:00,23936.6,23980.8,23927.4,23969.2,2962
1777454100000,2026-04-29T09:15:00+00:00,23968.4,23981.1,23948.9,23963.6,2944
1777455000000,2026-04-29T09:30:00+00:00,23963.1,23990.1,23951.6,23953.4,3096
1777455900000,2026-04-29T09:45:00+00:00,23954.7,23956.1,23903.0,23922.2,2982
1777456800000,2026-04-29T10:00:00+00:00,23921.9,23970.2,23909.7,23970.1,2918
1777457700000,2026-04-29T10:15:00+00:00,23970.4,24017.1,23969.7,23992.3,2726
1777458600000,2026-04-29T10:30:00+00:00,23993.6,24013.2,23970.9,23978.1,2800
1777459500000,2026-04-29T10:45:00+00:00,23977.1,23988.0,23965.5,23976.0,2694
1777460400000,2026-04-29T11:00:00+00:00,23974.1,23980.2,23947.6,23966.0,2892
1777461300000,2026-04-29T11:15:00+00:00,23965.7,23988.5,23948.0,23973.9,2866
1777462200000,2026-04-29T11:30:00+00:00,23971.6,24007.1,23964.7,23975.7,2824
1777463100000,2026-04-29T11:45:00+00:00,23972.6,23998.6,23957.9,23995.0,2602
1777464000000,2026-04-29T12:00:00+00:00,23995.1,24011.6,23989.1,23991.0,2694
1777464900000,2026-04-29T12:15:00+00:00,23990.4,24014.7,23982.2,23996.2,2716
1777465800000,2026-04-29T12:30:00+00:00,23996.5,23996.5,23948.9,23976.5,2986
1777466700000,2026-04-29T12:45:00+00:00,23976.6,23993.2,23959.7,23987.0,2980
1777467600000,2026-04-29T13:00:00+00:00,23990.5,24030.4,23990.1,24015.2,2920
1777468500000,2026-04-29T13:15:00+00:00,24015.3,24015.3,23927.6,23952.2,3084
1777469400000,2026-04-29T13:30:00+00:00,23956.1,23965.9,23888.6,23892.0,3234
1777470300000,2026-04-29T13:45:00+00:00,23892.2,23929.9,23860.8,23923.6,3168
1777471200000,2026-04-29T14:00:00+00:00,23925.4,23991.0,23919.3,23976.0,3178
1777472100000,2026-04-29T14:15:00+00:00,23975.4,23995.4,23971.0,23971.3,3126
1777473000000,2026-04-29T14:30:00+00:00,23971.1,23993.4,23951.7,23969.5,3102
1777473900000,2026-04-29T14:45:00+00:00,23969.8,23982.6,23949.1,23980.1,3026
1777474800000,2026-04-29T15:00:00+00:00,23981.3,23994.4,23883.7,23889.9,2982
1777475700000,2026-04-29T15:15:00+00:00,23891.6,23927.6,23886.7,23925.4,3050
1777476600000,2026-04-29T15:30:00+00:00,23922.3,23937.4,23894.9,23925.8,3074
1777477500000,2026-04-29T15:45:00+00:00,23924.8,23936.5,23843.8,23870.5,3160
1777478400000,2026-04-29T16:00:00+00:00,23870.8,23896.8,23861.5,23872.1,2964
1777479300000,2026-04-29T16:15:00+00:00,23872.6,23884.1,23852.8,23852.8,2846
1777480200000,2026-04-29T16:30:00+00:00,23851.4,23851.4,23804.9,23828.0,2866
1777481100000,2026-04-29T16:45:00+00:00,23828.2,23849.4,23824.5,23846.9,2768
1777482000000,2026-04-29T17:00:00+00:00,23847.5,23848.2,23809.8,23821.6,2638
1777482900000,2026-04-29T17:15:00+00:00,23821.5,23849.5,23806.8,23849.5,2730
1777483800000,2026-04-29T17:30:00+00:00,23850.9,23864.7,23837.6,23846.0,2498
1777484700000,2026-04-29T17:45:00+00:00,23846.8,23874.5,23843.5,23868.6,2408
1777485600000,2026-04-29T18:00:00+00:00,23869.2,23882.0,23814.3,23836.4,2830
1777486500000,2026-04-29T18:15:00+00:00,23835.9,23858.9,23832.0,23836.2,2752
1777487400000,2026-04-29T18:30:00+00:00,23836.4,23856.4,23779.1,23782.3,2940
1777488300000,2026-04-29T18:45:00+00:00,23781.1,23844.0,23770.5,23840.8,2890
1777489200000,2026-04-29T19:00:00+00:00,23843.8,23857.0,23821.0,23854.8,2698
1777490100000,2026-04-29T19:15:00+00:00,23855.0,23863.6,23835.5,23836.5,2548
1777491000000,2026-04-29T19:30:00+00:00,23833.3,23834.5,23800.9,23827.5,2808
1777491900000,2026-04-29T19:45:00+00:00,23827.7,23833.6,23806.4,23810.3,2466
1777508100000,2026-04-30T00:15:00+00:00,23884.9,23906.4,23867.5,23876.7,1554
1777509000000,2026-04-30T00:30:00+00:00,23877.2,23899.6,23874.9,23890.5,1562
1777509900000,2026-04-30T00:45:00+00:00,23890.3,23911.7,23889.9,23901.5,1476
1777510800000,2026-04-30T01:00:00+00:00,23901.7,23908.7,23880.1,23887.7,2012
1777511700000,2026-04-30T01:15:00+00:00,23887.2,23900.2,23883.9,23898.3,1596
1777512600000,2026-04-30T01:30:00+00:00,23898.7,23916.9,23878.9,23894.9,1874
1777513500000,2026-04-30T01:45:00+00:00,23894.7,23924.7,23888.4,23922.9,1534
1777514400000,2026-04-30T02:00:00+00:00,23923.5,23930.2,23916.1,23924.7,1396
1777515300000,2026-04-30T02:15:00+00:00,23924.4,23925.5,23867.0,23871.9,1396
1777516200000,2026-04-30T02:30:00+00:00,23870.9,23870.9,23786.6,23845.4,2662
1777517100000,2026-04-30T02:45:00+00:00,23845.0,23849.1,23802.9,23811.1,2238
1777518000000,2026-04-30T03:00:00+00:00,23807.4,23818.6,23785.6,23795.9,1804
1777518900000,2026-04-30T03:15:00+00:00,23796.5,23798.5,23781.7,23785.9,1600
1777519800000,2026-04-30T03:30:00+00:00,23786.3,23795.9,23781.8,23787.5,1570
1777520700000,2026-04-30T03:45:00+00:00,23786.0,23789.8,23775.2,23778.7,1368
1777521600000,2026-04-30T04:00:00+00:00,23779.3,23779.4,23740.9,23756.9,1774
1777522500000,2026-04-30T04:15:00+00:00,23757.7,23762.4,23722.7,23724.9,1690
1777523400000,2026-04-30T04:30:00+00:00,23724.4,23724.4,23633.3,23677.1,2060
1777524300000,2026-04-30T04:45:00+00:00,23677.4,23680.9,23640.3,23644.4,1914
1777525200000,2026-04-30T05:00:00+00:00,23644.7,23710.4,23639.5,23705.7,2196
1777526100000,2026-04-30T05:15:00+00:00,23705.1,23711.4,23672.7,23678.6,2056
1777527000000,2026-04-30T05:30:00+00:00,23677.4,23723.2,23677.4,23708.4,1820
1777527900000,2026-04-30T05:45:00+00:00,23707.9,23711.5,23663.7,23671.7,2084
1777528800000,2026-04-30T06:00:00+00:00,23670.9,23678.9,23623.8,23631.7,2488
1777529700000,2026-04-30T06:15:00+00:00,23631.6,23642.7,23602.8,23641.1,2636
1777530600000,2026-04-30T06:30:00+00:00,23650.2,23715.2,23647.5,23688.9,2780
1777531500000,2026-04-30T06:45:00+00:00,23688.3,23708.1,23662.4,23701.7,2758
1777532400000,2026-04-30T07:00:00+00:00,23693.3,23788.4,23654.1,23781.9,3330
1777533300000,2026-04-30T07:15:00+00:00,23782.3,23851.5,23777.9,23847.7,3184
1777534200000,2026-04-30T07:30:00+00:00,23847.9,23879.9,23824.9,23869.0,3162
1777535100000,2026-04-30T07:45:00+00:00,23869.1,23883.1,23835.6,23862.1,2958
1777536000000,2026-04-30T08:00:00+00:00,23862.9,23891.5,23860.3,23878.1,3274
1777536900000,2026-04-30T08:15:00+00:00,23878.3,23908.8,23855.9,23907.9,3152
1777537800000,2026-04-30T08:30:00+00:00,23905.6,23919.1,23871.9,23880.8,3074
1777538700000,2026-04-30T08:45:00+00:00,23882.3,23890.9,23858.3,23860.8,2906
1777539600000,2026-04-30T09:00:00+00:00,23861.1,23897.3,23855.9,23889.9,2980
1777540500000,2026-04-30T09:15:00+00:00,23890.3,23940.1,23865.8,23938.2,3130
1777541400000,2026-04-30T09:30:00+00:00,23936.8,23999.5,23936.8,23964.9,3218
1777542300000,2026-04-30T09:45:00+00:00,23965.6,24000.9,23964.9,23974.3,3070
1777543200000,2026-04-30T10:00:00+00:00,23973.9,24020.9,23970.9,24002.4,3056
1777544100000,2026-04-30T10:15:00+00:00,24002.3,24038.3,23996.5,24024.0,2918
1777545000000,2026-04-30T10:30:00+00:00,24031.2,24045.9,23975.6,23993.9,3230
1777545900000,2026-04-30T10:45:00+00:00,23994.3,24050.1,23980.6,24041.1,2998
1777546800000,2026-04-30T11:00:00+00:00,24045.6,24130.1,24043.1,24087.6,3046
1777547700000,2026-04-30T11:15:00+00:00,24088.0,24129.6,24083.9,24124.9,3018
1777548600000,2026-04-30T11:30:00+00:00,24126.9,24127.0,24094.4,24102.8,3066
1777549500000,2026-04-30T11:45:00+00:00,24098.8,24133.1,24098.2,24118.6,2994
1777550400000,2026-04-30T12:00:00+00:00,24118.7,24137.0,24103.3,24136.6,2812
1777551300000,2026-04-30T12:15:00+00:00,24134.5,24192.3,24134.5,24173.4,2754
1777552200000,2026-04-30T12:30:00+00:00,24175.2,24184.6,24143.4,24149.9,3062
1777553100000,2026-04-30T12:45:00+00:00,24150.3,24184.1,24143.4,24148.8,3104
1777554000000,2026-04-30T13:00:00+00:00,24150.1,24185.5,24148.1,24175.9,3176
1777554900000,2026-04-30T13:15:00+00:00,24176.5,24187.1,24138.8,24140.6,3082
1777555800000,2026-04-30T13:30:00+00:00,24141.1,24145.9,24078.9,24109.0,3260
1777556700000,2026-04-30T13:45:00+00:00,24108.3,24117.8,24073.4,24085.3,3264
1777557600000,2026-04-30T14:00:00+00:00,24088.6,24120.6,24073.4,24110.9,3266
1777558500000,2026-04-30T14:15:00+00:00,24110.6,24179.4,24093.2,24178.1,3148
1777559400000,2026-04-30T14:30:00+00:00,24177.9,24213.6,24162.6,24195.1,3268
1777560300000,2026-04-30T14:45:00+00:00,24193.9,24248.9,24193.9,24218.3,3150
1777561200000,2026-04-30T15:00:00+00:00,24219.6,24256.6,24208.0,24250.9,3240
1777562100000,2026-04-30T15:15:00+00:00,24249.6,24273.0,24224.1,24260.0,3168
1777563000000,2026-04-30T15:30:00+00:00,24260.9,24306.7,24234.2,24237.6,3162
1777563900000,2026-04-30T15:45:00+00:00,24236.4,24260.7,24222.1,24256.9,2916
1777564800000,2026-04-30T16:00:00+00:00,24257.1,24275.6,24245.4,24270.1,2600
1777565700000,2026-04-30T16:15:00+00:00,24269.3,24270.0,24251.2,24255.7,2300
1777566600000,2026-04-30T16:30:00+00:00,24256.1,24272.8,24253.5,24261.2,2376
1777567500000,2026-04-30T16:45:00+00:00,24261.4,24264.7,24243.2,24255.1,2532
1777568400000,2026-04-30T17:00:00+00:00,24254.9,24280.7,24254.5,24273.3,2360
1777569300000,2026-04-30T17:15:00+00:00,24273.0,24273.0,24255.2,24266.3,2144
1777570200000,2026-04-30T17:30:00+00:00,24266.1,24292.7,24266.1,24281.6,2494
1777571100000,2026-04-30T17:45:00+00:00,24281.4,24288.6,24276.9,24282.7,2272
1777572000000,2026-04-30T18:00:00+00:00,24282.6,24307.7,24281.1,24304.5,2206
1777572900000,2026-04-30T18:15:00+00:00,24304.6,24315.6,24298.3,24301.5,2114
1777573800000,2026-04-30T18:30:00+00:00,24301.9,24316.9,24292.3,24293.8,1904
1777574700000,2026-04-30T18:45:00+00:00,24293.3,24308.4,24287.7,24291.8,1712
1777575600000,2026-04-30T19:00:00+00:00,24291.5,24321.7,24290.4,24312.3,2221
1777576500000,2026-04-30T19:15:00+00:00,24312.2,24316.1,24297.2,24306.8,2054
1777577400000,2026-04-30T19:30:00+00:00,24306.9,24306.9,24272.4,24282.8,2138
1777578300000,2026-04-30T19:45:00+00:00,24282.4,24301.7,24272.8,24278.2,2282
1777853700000,2026-05-04T00:15:00+00:00,24370.4,24370.7,24269.9,24281.0,1320
1777854600000,2026-05-04T00:30:00+00:00,24281.4,24298.4,24274.4,24282.8,1288
1777855500000,2026-05-04T00:45:00+00:00,24283.0,24315.4,24282.1,24308.2,1532
1777856400000,2026-05-04T01:00:00+00:00,24308.4,24312.3,24275.2,24297.1,1832
1777857300000,2026-05-04T01:15:00+00:00,24296.9,24310.4,24285.0,24291.6,1822
1777858200000,2026-05-04T01:30:00+00:00,24291.2,24325.4,24287.8,24315.9,1646
1777859100000,2026-05-04T01:45:00+00:00,24316.1,24324.3,24310.3,24321.6,1206
1777860000000,2026-05-04T02:00:00+00:00,24321.4,24327.6,24305.0,24322.2,1534
1777860900000,2026-05-04T02:15:00+00:00,24322.7,24322.7,24298.8,24301.2,1604
1777861800000,2026-05-04T02:30:00+00:00,24301.4,24325.7,24299.4,24323.3,1380
1777862700000,2026-05-04T02:45:00+00:00,24323.4,24342.1,24321.2,24328.7,1154
1777863600000,2026-05-04T03:00:00+00:00,24328.8,24349.7,24325.2,24345.6,876
1777864500000,2026-05-04T03:15:00+00:00,24345.9,24346.8,24337.7,24338.4,782
1777865400000,2026-05-04T03:30:00+00:00,24338.1,24338.1,24309.4,24322.0,786
1777866300000,2026-05-04T03:45:00+00:00,24321.9,24337.4,24321.9,24333.3,1158
1777867200000,2026-05-04T04:00:00+00:00,24332.7,24339.4,24323.9,24335.7,690
1777868100000,2026-05-04T04:15:00+00:00,24336.0,24338.4,24321.2,24322.9,692
1777869000000,2026-05-04T04:30:00+00:00,24323.1,24325.9,24305.4,24311.4,678
1777869900000,2026-05-04T04:45:00+00:00,24311.8,24323.2,24311.2,24319.4,526
1777870800000,2026-05-04T05:00:00+00:00,24319.7,24332.1,24316.4,24330.6,964
1777871700000,2026-05-04T05:15:00+00:00,24330.9,24373.4,24329.6,24334.4,1432
1777872600000,2026-05-04T05:30:00+00:00,24336.2,24364.7,24331.9,24364.1,1092
1777873500000,2026-05-04T05:45:00+00:00,24364.3,24371.1,24341.6,24361.7,1058
1777874400000,2026-05-04T06:00:00+00:00,24361.4,24374.8,24344.7,24354.1,2194
1777875300000,2026-05-04T06:15:00+00:00,24354.4,24363.1,24331.9,24345.2,1956
1777876200000,2026-05-04T06:30:00+00:00,24347.7,24358.8,24278.1,24278.8,2330
1777877100000,2026-05-04T06:45:00+00:00,24278.6,24298.1,24264.1,24292.9,2402
1777878000000,2026-05-04T07:00:00+00:00,24287.2,24314.2,24241.2,24296.8,3206
1777878900000,2026-05-04T07:15:00+00:00,24296.9,24356.9,24293.6,24338.8,2986
1777879800000,2026-05-04T07:30:00+00:00,24338.5,24375.9,24311.4,24373.9,2794
1777880700000,2026-05-04T07:45:00+00:00,24373.6,24387.9,24325.0,24326.3,2796
1777881600000,2026-05-04T08:00:00+00:00,24324.6,24333.6,24270.4,24289.6,3072
1777882500000,2026-05-04T08:15:00+00:00,24289.3,24319.1,24271.2,24312.1,2898
1777883400000,2026-05-04T08:30:00+00:00,24311.4,24324.1,24291.7,24293.5,2788
1777884300000,2026-05-04T08:45:00+00:00,24293.6,24296.1,24268.9,24277.5,2762
1777885200000,2026-05-04T09:00:00+00:00,24274.3,24324.0,24273.5,24320.2,2732
1777886100000,2026-05-04T09:15:00+00:00,24318.6,24345.0,24312.6,24338.3,2452
1777887000000,2026-05-04T09:30:00+00:00,24338.1,24371.2,24334.0,24359.3,2470
1777887900000,2026-05-04T09:45:00+00:00,24359.1,24382.2,24343.4,24355.9,2266
1777888800000,2026-05-04T10:00:00+00:00,24360.0,24376.7,24043.1,24082.2,3318
1777889700000,2026-05-04T10:15:00+00:00,24085.2,24187.6,24048.3,24179.1,3334
1777890600000,2026-05-04T10:30:00+00:00,24177.8,24315.6,24150.8,24263.6,3274
1777891500000,2026-05-04T10:45:00+00:00,24263.4,24297.0,24248.5,24250.1,3026
1777892400000,2026-05-04T11:00:00+00:00,24250.3,24291.6,24223.3,24249.0,3102
1777893300000,2026-05-04T11:15:00+00:00,24249.1,24290.1,24248.4,24252.3,2956
1777894200000,2026-05-04T11:30:00+00:00,24245.8,24250.5,24181.6,24229.1,3024
1777895100000,2026-05-04T11:45:00+00:00,24228.9,24257.1,24205.6,24237.5,2968
1777896000000,2026-05-04T12:00:00+00:00,24241.1,24258.5,24231.0,24243.5,2934
1777896900000,2026-05-04T12:15:00+00:00,24243.4,24293.5,24226.6,24257.4,2920
1777897800000,2026-05-04T12:30:00+00:00,24253.6,24272.8,24215.4,24259.4,2998
1777898700000,2026-05-04T12:45:00+00:00,24259.6,24262.4,24220.1,24228.1,2952
1777899600000,2026-05-04T13:00:00+00:00,24226.5,24238.5,24136.6,24197.0,3146
1777900500000,2026-05-04T13:15:00+00:00,24197.1,24205.9,24163.5,24175.0,2860
1777901400000,2026-05-04T13:30:00+00:00,24176.9,24223.9,24153.8,24183.3,3226
1777902300000,2026-05-04T13:45:00+00:00,24183.5,24188.1,24157.0,24168.9,3062
1777903200000,2026-05-04T14:00:00+00:00,24169.9,24169.9,24094.6,24141.0,3156
1777904100000,2026-05-04T14:15:00+00:00,24140.1,24201.3,24137.7,24158.5,3122
1777905000000,2026-05-04T14:30:00+00:00,24157.7,24183.9,24151.9,24163.5,3014
1777905900000,2026-05-04T14:45:00+00:00,24163.8,24185.9,24091.0,24093.1,3006
1777906800000,2026-05-04T15:00:00+00:00,24096.6,24127.8,24065.0,24116.4,3224
1777907700000,2026-05-04T15:15:00+00:00,24114.6,24137.0,23948.1,24007.8,3340
1777908600000,2026-05-04T15:30:00+00:00,24012.6,24014.3,23932.3,23973.8,3326
1777909500000,2026-05-04T15:45:00+00:00,23973.6,23978.4,23900.8,23935.6,3226
1777910400000,2026-05-04T16:00:00+00:00,23935.8,23946.1,23823.4,23860.8,3238
1777911300000,2026-05-04T16:15:00+00:00,23859.8,23936.4,23846.4,23900.1,3180
1777912200000,2026-05-04T16:30:00+00:00,23898.2,23916.7,23858.5,23859.0,3002
1777913100000,2026-05-04T16:45:00+00:00,23858.2,23872.1,23847.9,23857.4,2936
1777914000000,2026-05-04T17:00:00+00:00,23860.6,23911.6,23855.2,23897.5,2846
1777914900000,2026-05-04T17:15:00+00:00,23897.4,23966.8,23888.7,23957.4,2768
1777915800000,2026-05-04T17:30:00+00:00,23956.7,23958.8,23923.5,23945.7,2670
1777916700000,2026-05-04T17:45:00+00:00,23946.2,23954.8,23936.6,23936.6,2310
1777917600000,2026-05-04T18:00:00+00:00,23936.4,23954.9,23915.6,23915.6,2202
1777918500000,2026-05-04T18:15:00+00:00,23914.3,23914.9,23864.4,23879.3,2614
1777919400000,2026-05-04T18:30:00+00:00,23879.1,23883.9,23860.3,23868.6,2448
1777920300000,2026-05-04T18:45:00+00:00,23868.4,23875.4,23842.5,23866.4,2326
1777921200000,2026-05-04T19:00:00+00:00,23867.8,23898.4,23857.4,23895.2,2574
1777922100000,2026-05-04T19:15:00+00:00,23895.4,23900.7,23869.8,23888.4,2360
1777923000000,2026-05-04T19:30:00+00:00,23887.9,23897.4,23879.2,23880.9,2236
1777923900000,2026-05-04T19:45:00+00:00,23880.2,23899.8,23875.0,23896.8,2332
1777940100000,2026-05-05T00:15:00+00:00,23936.4,23936.5,23887.9,23894.1,2057
1777941000000,2026-05-05T00:30:00+00:00,23893.9,23902.8,23887.6,23898.7,1346
1777941900000,2026-05-05T00:45:00+00:00,23899.1,23917.7,23897.3,23911.1,1590
1777942800000,2026-05-05T01:00:00+00:00,23911.5,23912.4,23894.3,23904.9,1728
1777943700000,2026-05-05T01:15:00+00:00,23905.1,23912.1,23891.2,23895.9,1404
1777944600000,2026-05-05T01:30:00+00:00,23895.6,23918.9,23873.9,23893.4,1796
1777945500000,2026-05-05T01:45:00+00:00,23893.0,23914.1,23891.5,23899.9,1422
1777946400000,2026-05-05T02:00:00+00:00,23900.3,23910.2,23896.1,23899.9,1430
1777947300000,2026-05-05T02:15:00+00:00,23899.6,23917.4,23898.7,23914.4,1166
1777948200000,2026-05-05T02:30:00+00:00,23914.7,23922.6,23910.4,23919.4,1076
1777949100000,2026-05-05T02:45:00+00:00,23919.5,23920.5,23895.3,23907.1,1408
1777950000000,2026-05-05T03:00:00+00:00,23906.3,23917.9,23897.9,23917.9,1126
1777950900000,2026-05-05T03:15:00+00:00,23918.1,23927.1,23911.1,23923.6,866
1777951800000,2026-05-05T03:30:00+00:00,23923.3,23925.9,23917.6,23921.4,988
1777952700000,2026-05-05T03:45:00+00:00,23922.6,23932.4,23919.9,23923.9,920
1777953600000,2026-05-05T04:00:00+00:00,23923.6,23937.9,23919.9,23934.6,934
1777954500000,2026-05-05T04:15:00+00:00,23934.9,23934.9,23922.9,23928.9,612
1777955400000,2026-05-05T04:30:00+00:00,23928.6,23930.7,23918.2,23930.5,992
1777956300000,2026-05-05T04:45:00+00:00,23931.2,23941.9,23922.1,23924.9,1162
1777957200000,2026-05-05T05:00:00+00:00,23924.6,23928.6,23910.1,23925.2,1582
1777958100000,2026-05-05T05:15:00+00:00,23924.9,23936.1,23921.0,23926.2,1380
1777959000000,2026-05-05T05:30:00+00:00,23926.6,23952.4,23920.0,23951.5,1828
1777959900000,2026-05-05T05:45:00+00:00,23951.7,23974.1,23948.8,23956.9,1416
1777960800000,2026-05-05T06:00:00+00:00,23957.3,23977.5,23946.9,23947.6,2492
1777961700000,2026-05-05T06:15:00+00:00,23947.9,23953.1,23913.5,23915.7,2366
1777962600000,2026-05-05T06:30:00+00:00,23915.6,23967.9,23915.6,23966.3,2552
1777963500000,2026-05-05T06:45:00+00:00,23967.6,24009.7,23960.2,24009.7,2470
1777964400000,2026-05-05T07:00:00+00:00,24008.7,24062.2,23983.2,24057.1,3250
1777965300000,2026-05-05T07:15:00+00:00,24056.1,24093.1,24043.9,24092.1,3084
1777966200000,2026-05-05T07:30:00+00:00,24094.0,24205.3,24085.1,24160.8,3206
1777967100000,2026-05-05T07:45:00+00:00,24159.3,24164.1,24125.3,24127.7,3106
1777968000000,2026-05-05T08:00:00+00:00,24127.6,24183.2,24118.8,24180.2,3052
1777968900000,2026-05-05T08:15:00+00:00,24178.3,24238.2,24172.1,24217.1,3002
1777969800000,2026-05-05T08:30:00+00:00,24214.9,24238.1,24209.6,24224.3,2960
1777970700000,2026-05-05T08:45:00+00:00,24221.1,24248.0,24207.3,24242.5,2842
1777971600000,2026-05-05T09:00:00+00:00,24245.3,24245.3,24203.1,24233.2,2984
1777972500000,2026-05-05T09:15:00+00:00,24233.3,24245.7,24215.6,24224.2,2924
1777973400000,2026-05-05T09:30:00+00:00,24225.1,24257.4,24218.0,24255.4,2774
1777974300000,2026-05-05T09:45:00+00:00,24255.3,24269.1,24235.7,24256.8,2820
1777975200000,2026-05-05T10:00:00+00:00,24258.3,24266.8,24240.9,24247.2,2812
1777976100000,2026-05-05T10:15:00+00:00,24247.3,24258.4,24241.3,24248.2,2594
1777977000000,2026-05-05T10:30:00+00:00,24247.8,24315.8,24247.3,24257.7,2846
1777977900000,2026-05-05T10:45:00+00:00,24258.1,24297.5,24251.8,24294.1,2820
1777978800000,2026-05-05T11:00:00+00:00,24291.1,24326.6,24264.3,24279.3,3062
1777979700000,2026-05-05T11:15:00+00:00,24279.1,24325.3,24258.3,24308.8,2914
1777980600000,2026-05-05T11:30:00+00:00,24308.9,24359.3,24302.9,24352.8,2786
1777981500000,2026-05-05T11:45:00+00:00,24353.0,24357.3,24316.8,24319.1,2912
1777982400000,2026-05-05T12:00:00+00:00,24318.9,24362.7,24288.6,24360.3,3040
1777983300000,2026-05-05T12:15:00+00:00,24360.5,24385.3,24350.1,24376.6,3082
1777984200000,2026-05-05T12:30:00+00:00,24376.8,24387.8,24312.9,24322.6,2902
1777985100000,2026-05-05T12:45:00+00:00,24322.7,24326.2,24296.1,24319.4,2868
1777986000000,2026-05-05T13:00:00+00:00,24320.1,24363.5,24314.8,24351.6,2904
1777986900000,2026-05-05T13:15:00+00:00,24351.1,24361.3,24328.1,24336.8,2894
1777987800000,2026-05-05T13:30:00+00:00,24341.3,24341.3,24262.9,24277.9,3126
1777988700000,2026-05-05T13:45:00+00:00,24280.6,24322.3,24279.7,24293.1,3104
1777989600000,2026-05-05T14:00:00+00:00,24297.1,24332.7,24247.0,24267.9,3090
1777990500000,2026-05-05T14:15:00+00:00,24269.6,24293.3,24219.8,24268.9,3248
1777991400000,2026-05-05T14:30:00+00:00,24268.3,24289.4,24242.6,24285.2,3125
1777992300000,2026-05-05T14:45:00+00:00,24285.1,24321.5,24261.5,24320.6,3042
1777993200000,2026-05-05T15:00:00+00:00,24323.8,24377.1,24316.1,24373.2,2992
1777994100000,2026-05-05T15:15:00+00:00,24373.0,24397.7,24363.2,24390.8,3046
1777995000000,2026-05-05T15:30:00+00:00,24391.3,24426.8,24372.4,24412.2,2987
1777995900000,2026-05-05T15:45:00+00:00,24412.1,24434.6,24406.0,24406.9,2738
1777996800000,2026-05-05T16:00:00+00:00,24406.4,24409.5,24391.9,24402.3,2516
1777997700000,2026-05-05T16:15:00+00:00,24402.4,24403.2,24388.1,24397.0,2444
1777998600000,2026-05-05T16:30:00+00:00,24397.9,24397.9,24375.4,24384.6,2490
1777999500000,2026-05-05T16:45:00+00:00,24384.5,24391.6,24373.9,24376.3,2084
1778000400000,2026-05-05T17:00:00+00:00,24376.9,24382.4,24367.2,24380.6,1934
1778001300000,2026-05-05T17:15:00+00:00,24381.2,24394.1,24380.7,24388.6,1850
1778002200000,2026-05-05T17:30:00+00:00,24390.7,24409.6,24385.2,24385.2,1954
1778003100000,2026-05-05T17:45:00+00:00,24385.1,24386.6,24375.8,24381.9,1534
1778004000000,2026-05-05T18:00:00+00:00,24382.0,24393.0,24377.0,24389.6,1740
1778004900000,2026-05-05T18:15:00+00:00,24389.2,24400.0,24385.2,24395.8,1678
1778005800000,2026-05-05T18:30:00+00:00,24395.6,24403.6,24390.6,24402.7,1314
1778006700000,2026-05-05T18:45:00+00:00,24402.6,24406.4,24396.6,24402.0,1382
1778007600000,2026-05-05T19:00:00+00:00,24401.7,24407.9,24400.8,24400.8,1598
1778008500000,2026-05-05T19:15:00+00:00,24400.3,24413.9,24398.5,24411.7,1468
1778009400000,2026-05-05T19:30:00+00:00,24407.4,24431.4,24406.6,24426.6,1678
1778010300000,2026-05-05T19:45:00+00:00,24426.4,24426.4,24391.9,24409.6,2160
1778026500000,2026-05-06T00:15:00+00:00,24520.5,24531.0,24503.1,24505.1,2127
1778027400000,2026-05-06T00:30:00+00:00,24505.6,24524.6,24502.4,24519.6,1624
1778028300000,2026-05-06T00:45:00+00:00,24519.9,24549.0,24512.1,24544.9,1654
1778029200000,2026-05-06T01:00:00+00:00,24543.7,24565.4,24542.0,24561.9,1982
1778030100000,2026-05-06T01:15:00+00:00,24562.9,24564.4,24537.5,24542.1,1840
1778031000000,2026-05-06T01:30:00+00:00,24542.5,24549.4,24529.0,24540.0,1998
1778031900000,2026-05-06T01:45:00+00:00,24539.6,24545.2,24516.7,24522.9,2022
1778032800000,2026-05-06T02:00:00+00:00,24522.2,24531.2,24512.7,24520.1,1976
1778033700000,2026-05-06T02:15:00+00:00,24521.0,24531.5,24502.7,24502.7,1724
1778034600000,2026-05-06T02:30:00+00:00,24502.8,24511.6,24487.4,24492.9,1370
1778035500000,2026-05-06T02:45:00+00:00,24492.4,24496.4,24483.7,24486.9,1226
1778036400000,2026-05-06T03:00:00+00:00,24485.9,24505.9,24485.0,24502.0,1348
1778037300000,2026-05-06T03:15:00+00:00,24502.8,24516.4,24496.1,24509.6,1060
1778038200000,2026-05-06T03:30:00+00:00,24509.9,24543.2,24509.9,24533.4,1352
1778039100000,2026-05-06T03:45:00+00:00,24531.9,24535.0,24515.4,24516.6,1158
1778040000000,2026-05-06T04:00:00+00:00,24517.9,24537.7,24514.4,24537.7,966
1778040900000,2026-05-06T04:15:00+00:00,24537.9,24554.9,24533.7,24549.2,992
1778041800000,2026-05-06T04:30:00+00:00,24549.7,24556.0,24538.0,24550.8,1562
1778042700000,2026-05-06T04:45:00+00:00,24552.0,24589.0,24549.6,24568.1,1474
1778043600000,2026-05-06T05:00:00+00:00,24568.4,24568.5,24545.7,24551.3,1468
1778044500000,2026-05-06T05:15:00+00:00,24550.4,24550.4,24527.8,24536.2,1410
1778045400000,2026-05-06T05:30:00+00:00,24535.9,24575.4,24535.7,24560.9,1326
1778046300000,2026-05-06T05:45:00+00:00,24561.0,24603.4,24557.5,24602.4,1548
1778047200000,2026-05-06T06:00:00+00:00,24601.9,24631.2,24580.8,24586.9,2226
1778048100000,2026-05-06T06:15:00+00:00,24586.7,24614.4,24576.4,24595.4,2082
1778049000000,2026-05-06T06:30:00+00:00,24595.9,24607.4,24574.3,24605.5,2254
1778049900000,2026-05-06T06:45:00+00:00,24606.4,24627.2,24598.7,24617.9,2476
1778050800000,2026-05-06T07:00:00+00:00,24619.7,24718.7,24610.3,24692.7,3232
1778051700000,2026-05-06T07:15:00+00:00,24692.3,24701.2,24665.7,24685.4,3056
1778052600000,2026-05-06T07:30:00+00:00,24687.6,24705.2,24658.3,24705.2,3034
1778053500000,2026-05-06T07:45:00+00:00,24705.7,24762.4,24700.1,24754.6,3096
1778054400000,2026-05-06T08:00:00+00:00,24755.6,24785.4,24746.6,24758.4,3144
1778055300000,2026-05-06T08:15:00+00:00,24758.7,24769.3,24747.6,24758.6,3038
1778056200000,2026-05-06T08:30:00+00:00,24757.8,24803.0,24751.2,24792.7,2992
1778057100000,2026-05-06T08:45:00+00:00,24792.8,25059.3,24789.3,24995.5,3238
1778058000000,2026-05-06T09:00:00+00:00,24994.3,25017.1,24928.2,24949.0,3270
1778058900000,2026-05-06T09:15:00+00:00,24948.3,24980.6,24919.4,24919.6,3165
1778059800000,2026-05-06T09:30:00+00:00,24920.4,25019.4,24913.3,25007.4,3017
1778060700000,2026-05-06T09:45:00+00:00,25007.6,25024.0,24974.7,25020.2,3035
1778061600000,2026-05-06T10:00:00+00:00,25021.1,25052.1,24996.3,25017.0,3139
1778062500000,2026-05-06T10:15:00+00:00,25017.3,25050.7,25000.7,25019.7,3081
1778063400000,2026-05-06T10:30:00+00:00,25018.8,25065.7,25013.2,25063.2,3006
1778064300000,2026-05-06T10:45:00+00:00,25063.5,25135.0,25036.2,25105.4,3224
1778065200000,2026-05-06T11:00:00+00:00,25104.4,25143.2,25084.7,25117.0,3194
1778066100000,2026-05-06T11:15:00+00:00,25117.7,25123.2,25071.5,25080.3,3048
1778067000000,2026-05-06T11:30:00+00:00,25080.9,25105.7,25039.0,25040.4,3014
1778067900000,2026-05-06T11:45:00+00:00,25040.5,25061.7,25005.2,25014.7,3050
1778068800000,2026-05-06T12:00:00+00:00,25013.6,25018.9,24854.6,24892.7,3016
1778069700000,2026-05-06T12:15:00+00:00,24895.7,24934.7,24831.8,24927.2,3204
1778070600000,2026-05-06T12:30:00+00:00,24927.7,24933.5,24902.3,24915.5,3047
1778071500000,2026-05-06T12:45:00+00:00,24916.4,24936.5,24900.4,24926.7,2867
1778072400000,2026-05-06T13:00:00+00:00,24924.9,24941.6,24859.8,24908.7,3091
1778073300000,2026-05-06T13:15:00+00:00,24908.3,24929.8,24887.7,24901.9,2867
1778074200000,2026-05-06T13:30:00+00:00,24902.9,24912.4,24853.7,24862.2,3291
1778075100000,2026-05-06T13:45:00+00:00,24863.7,24873.0,24822.2,24863.8,3209
1778076000000,2026-05-06T14:00:00+00:00,24865.5,24911.1,24834.5,24902.3,3227
1778076900000,2026-05-06T14:15:00+00:00,24902.6,24921.7,24871.8,24877.1,3101
1778077800000,2026-05-06T14:30:00+00:00,24877.5,24979.5,24873.7,24967.4,3157
1778078700000,2026-05-06T14:45:00+00:00,24966.5,24973.7,24911.9,24942.2,3070
1778079600000,2026-05-06T15:00:00+00:00,24942.3,24949.5,24907.8,24924.7,3060
1778080500000,2026-05-06T15:15:00+00:00,24924.4,24963.9,24917.0,24940.0,3013
1778081400000,2026-05-06T15:30:00+00:00,24941.4,24955.5,24888.1,24905.7,3084
1778082300000,2026-05-06T15:45:00+00:00,24906.5,24917.1,24892.2,24899.6,2764
1778083200000,2026-05-06T16:00:00+00:00,24899.3,24913.5,24892.2,24911.5,2630
1778084100000,2026-05-06T16:15:00+00:00,24911.1,24917.5,24907.1,24908.0,2322
1778085000000,2026-05-06T16:30:00+00:00,24907.8,24927.3,24907.8,24915.9,2240
1778085900000,2026-05-06T16:45:00+00:00,24915.4,24918.7,24874.9,24889.0,2653
1778086800000,2026-05-06T17:00:00+00:00,24889.6,24913.0,24883.6,24891.2,2342
1778087700000,2026-05-06T17:15:00+00:00,24890.8,24894.2,24883.0,24889.7,1896
1778088600000,2026-05-06T17:30:00+00:00,24889.9,24895.7,24879.0,24894.7,1946
1778089500000,2026-05-06T17:45:00+00:00,24894.8,24902.0,24892.5,24902.0,1874
1778090400000,2026-05-06T18:00:00+00:00,24901.7,24921.0,24899.0,24918.0,2032
1778091300000,2026-05-06T18:15:00+00:00,24917.9,24931.3,24917.9,24923.4,2092
1778092200000,2026-05-06T18:30:00+00:00,24923.6,24928.0,24918.4,24920.2,1824
1778093100000,2026-05-06T18:45:00+00:00,24920.0,24930.6,24919.9,24926.0,1722
1778094000000,2026-05-06T19:00:00+00:00,24924.7,24943.5,24924.7,24940.4,1860
1778094900000,2026-05-06T19:15:00+00:00,24941.3,24945.9,24930.0,24931.9,1756
1778095800000,2026-05-06T19:30:00+00:00,24931.8,24944.3,24922.5,24942.0,1874
1778096700000,2026-05-06T19:45:00+00:00,24941.0,24964.8,24934.4,24960.8,2148
1778112900000,2026-05-07T00:15:00+00:00,24929.9,24930.0,24896.1,24915.4,1966
1778113800000,2026-05-07T00:30:00+00:00,24916.4,24934.4,24914.5,24926.0,1792
1778114700000,2026-05-07T00:45:00+00:00,24925.3,24934.9,24921.1,24931.3,1786
1778115600000,2026-05-07T01:00:00+00:00,24930.9,24956.4,24910.5,24941.1,2256
1778116500000,2026-05-07T01:15:00+00:00,24941.0,24953.6,24937.3,24945.1,2026
1778117400000,2026-05-07T01:30:00+00:00,24942.9,24974.3,24937.3,24972.5,1916
1778118300000,2026-05-07T01:45:00+00:00,24972.4,24981.4,24958.7,24958.7,1850
1778119200000,2026-05-07T02:00:00+00:00,24958.4,24968.5,24946.9,24947.3,1936
1778120100000,2026-05-07T02:15:00+00:00,24947.6,24965.0,24945.6,24965.0,1864
1778121000000,2026-05-07T02:30:00+00:00,24965.1,24968.4,24945.1,24947.7,1822
1778121900000,2026-05-07T02:45:00+00:00,24947.9,24957.1,24942.5,24947.5,1426
1778122800000,2026-05-07T03:00:00+00:00,24946.9,24948.1,24934.0,24939.6,1404
1778123700000,2026-05-07T03:15:00+00:00,24939.9,24952.7,24932.1,24945.7,1290
1778124600000,2026-05-07T03:30:00+00:00,24942.6,24951.1,24941.9,24946.4,1146
1778125500000,2026-05-07T03:45:00+00:00,24946.1,24946.1,24933.6,24933.7,1142
1778126400000,2026-05-07T04:00:00+00:00,24933.4,24950.5,24926.1,24947.9,1244
1778127300000,2026-05-07T04:15:00+00:00,24947.6,24949.6,24938.6,24944.9,1064
1778128200000,2026-05-07T04:30:00+00:00,24945.0,24955.3,24935.3,24942.1,1078
1778129100000,2026-05-07T04:45:00+00:00,24942.4,24961.7,24939.3,24949.6,1110
1778130000000,2026-05-07T05:00:00+00:00,24949.8,24963.7,24934.4,24940.4,1278
1778130900000,2026-05-07T05:15:00+00:00,24940.1,24940.1,24909.1,24914.6,1242
1778131800000,2026-05-07T05:30:00+00:00,24915.0,24935.7,24915.0,24922.3,1248
1778132700000,2026-05-07T05:45:00+00:00,24922.6,24927.1,24907.3,24910.4,1034
1778133600000,2026-05-07T06:00:00+00:00,24910.7,24924.5,24892.0,24892.0,1892
1778134500000,2026-05-07T06:15:00+00:00,24891.6,24918.4,24888.9,24907.6,1786
1778135400000,2026-05-07T06:30:00+00:00,24903.8,24954.4,24893.4,24944.6,2320
1778136300000,2026-05-07T06:45:00+00:00,24943.3,24945.1,24916.6,24945.1,2680
1778137200000,2026-05-07T07:00:00+00:00,24946.7,24992.6,24903.5,24979.9,3300
1778138100000,2026-05-07T07:15:00+00:00,24980.3,24983.4,24925.1,24972.7,3220
1778139000000,2026-05-07T07:30:00+00:00,24976.2,25002.2,24964.5,24970.8,3116
1778139900000,2026-05-07T07:45:00+00:00,24970.3,24973.7,24922.3,24933.8,3070
1778140800000,2026-05-07T08:00:00+00:00,24936.8,24948.7,24923.0,24947.2,3134
1778141700000,2026-05-07T08:15:00+00:00,24947.3,24961.2,24897.1,24921.6,3004
1778142600000,2026-05-07T08:30:00+00:00,24922.3,24941.7,24913.1,24914.3,2858
1778143500000,2026-05-07T08:45:00+00:00,24914.1,24920.2,24860.7,24869.8,2762
1778144400000,2026-05-07T09:00:00+00:00,24869.6,24884.7,24860.7,24876.3,2664
1778145300000,2026-05-07T09:15:00+00:00,24876.4,24898.2,24871.6,24892.3,2890
1778146200000,2026-05-07T09:30:00+00:00,24892.2,24904.6,24885.4,24893.9,2770
1778147100000,2026-05-07T09:45:00+00:00,24894.2,24897.3,24845.4,24859.2,2934
1778148000000,2026-05-07T10:00:00+00:00,24859.3,24864.8,24827.5,24854.0,2864
1778148900000,2026-05-07T10:15:00+00:00,24853.5,24871.7,24842.1,24855.0,2848
1778149800000,2026-05-07T10:30:00+00:00,24854.8,24888.3,24844.3,24880.1,2808
1778150700000,2026-05-07T10:45:00+00:00,24880.3,24884.7,24837.2,24837.2,2782
1778151600000,2026-05-07T11:00:00+00:00,24840.1,24857.6,24825.6,24855.8,2874
1778152500000,2026-05-07T11:15:00+00:00,24855.7,24871.3,24847.5,24853.7,2774
1778153400000,2026-05-07T11:30:00+00:00,24853.8,24877.3,24846.0,24867.7,2662
1778154300000,2026-05-07T11:45:00+00:00,24867.5,24867.6,24835.2,24846.5,2734
1778155200000,2026-05-07T12:00:00+00:00,24844.6,24868.1,24840.8,24856.8,2774
1778156100000,2026-05-07T12:15:00+00:00,24853.9,24898.9,24852.6,24897.0,2762
1778157000000,2026-05-07T12:30:00+00:00,24897.2,24915.8,24890.3,24907.1,2898
1778157900000,2026-05-07T12:45:00+00:00,24907.5,24930.0,24884.1,24900.5,2826
1778158800000,2026-05-07T13:00:00+00:00,24900.3,24900.3,24837.7,24840.2,2938
1778159700000,2026-05-07T13:15:00+00:00,24840.4,24863.6,24834.3,24836.8,2938
1778160600000,2026-05-07T13:30:00+00:00,24835.4,24854.0,24794.6,24794.6,3220
1778161500000,2026-05-07T13:45:00+00:00,24797.8,24803.7,24746.2,24791.7,3182
1778162400000,2026-05-07T14:00:00+00:00,24790.5,24793.2,24739.3,24762.1,3110
1778163300000,2026-05-07T14:15:00+00:00,24762.3,24765.3,24708.3,24734.9,3090
1778164200000,2026-05-07T14:30:00+00:00,24735.9,24753.8,24716.5,24719.6,3086
1778165100000,2026-05-07T14:45:00+00:00,24720.3,24739.7,24710.2,24737.0,3003
1778166000000,2026-05-07T15:00:00+00:00,24737.1,24740.4,24698.3,24716.2,3108
1778166900000,2026-05-07T15:15:00+00:00,24716.3,24716.3,24626.5,24652.3,3082
1778167800000,2026-05-07T15:30:00+00:00,24654.9,24668.9,24626.9,24645.6,3144
1778168700000,2026-05-07T15:45:00+00:00,24645.5,24650.1,24591.3,24602.5,3067
1778169600000,2026-05-07T16:00:00+00:00,24606.0,24614.9,24560.8,24569.1,3152
1778170500000,2026-05-07T16:15:00+00:00,24569.5,24598.4,24545.0,24591.8,3187
1778171400000,2026-05-07T16:30:00+00:00,24590.9,24604.6,24545.0,24556.3,3018
1778172300000,2026-05-07T16:45:00+00:00,24556.5,24556.5,24528.4,24540.9,3013
1778173200000,2026-05-07T17:00:00+00:00,24544.3,24560.9,24532.7,24545.4,2820
1778174100000,2026-05-07T17:15:00+00:00,24545.3,24554.1,24425.7,24452.1,3103
1778175000000,2026-05-07T17:30:00+00:00,24454.1,24492.0,24438.6,24469.9,3203
1778175900000,2026-05-07T17:45:00+00:00,24468.4,24495.8,24437.1,24493.3,3054
1778176800000,2026-05-07T18:00:00+00:00,24495.4,24508.0,24471.8,24480.6,2993
1778177700000,2026-05-07T18:15:00+00:00,24481.6,24500.8,24461.9,24468.1,2870
1778178600000,2026-05-07T18:30:00+00:00,24466.9,24479.4,24406.9,24425.0,2746
1778179500000,2026-05-07T18:45:00+00:00,24425.1,24458.7,24408.0,24457.1,3057
1778180400000,2026-05-07T19:00:00+00:00,24456.9,24479.9,24438.2,24463.6,2721
1778181300000,2026-05-07T19:15:00+00:00,24464.1,24467.6,24394.5,24418.6,2944
1778182200000,2026-05-07T19:30:00+00:00,24418.9,24451.1,24416.3,24435.1,2802
1778183100000,2026-05-07T19:45:00+00:00,24434.9,24449.1,24390.1,24397.8,2623
1778199300000,2026-05-08T00:15:00+00:00,24470.3,24471.1,24421.0,24428.5,731
1778200200000,2026-05-08T00:30:00+00:00,24428.8,24446.0,24422.2,24424.0,556
1778201100000,2026-05-08T00:45:00+00:00,24424.5,24440.0,24413.5,24438.8,392
1778202000000,2026-05-08T01:00:00+00:00,24440.2,24471.8,24440.2,24460.6,1560
1778202900000,2026-05-08T01:15:00+00:00,24460.5,24465.0,24448.0,24451.9,1274
1778203800000,2026-05-08T01:30:00+00:00,24451.5,24454.0,24426.6,24440.4,1376
1778204700000,2026-05-08T01:45:00+00:00,24441.0,24445.0,24427.3,24434.1,1326
1778205600000,2026-05-08T02:00:00+00:00,24434.5,24446.2,24427.0,24437.7,1570
1778206500000,2026-05-08T02:15:00+00:00,24437.0,24445.3,24421.3,24434.4,1522
1778207400000,2026-05-08T02:30:00+00:00,24435.8,24439.0,24395.8,24423.3,1832
1778208300000,2026-05-08T02:45:00+00:00,24425.3,24466.2,24422.8,24435.0,1448
1778209200000,2026-05-08T03:00:00+00:00,24436.2,24446.5,24426.8,24428.1,1356
1778210100000,2026-05-08T03:15:00+00:00,24431.7,24439.0,24422.7,24432.5,1126
1778211000000,2026-05-08T03:30:00+00:00,24431.1,24459.5,24431.1,24446.5,1330
1778211900000,2026-05-08T03:45:00+00:00,24447.0,24448.0,24427.1,24440.5,1168
1778212800000,2026-05-08T04:00:00+00:00,24441.2,24450.6,24431.9,24439.0,1174
1778213700000,2026-05-08T04:15:00+00:00,24438.6,24446.2,24420.2,24444.2,1412
1778214600000,2026-05-08T04:30:00+00:00,24444.5,24449.6,24417.7,24422.7,1150
1778215500000,2026-05-08T04:45:00+00:00,24423.5,24463.8,24418.5,24449.0,1318
1778216400000,2026-05-08T05:00:00+00:00,24451.8,24463.9,24438.7,24448.5,1418
1778217300000,2026-05-08T05:15:00+00:00,24448.8,24461.3,24437.7,24448.2,1280
1778218200000,2026-05-08T05:30:00+00:00,24448.4,24471.6,24447.0,24461.8,1504
1778219100000,2026-05-08T05:45:00+00:00,24462.6,24471.5,24453.0,24459.2,1466
1778220000000,2026-05-08T06:00:00+00:00,24458.5,24482.3,24418.3,24466.7,2210
1778220900000,2026-05-08T06:15:00+00:00,24466.5,24494.3,24463.1,24470.9,1884
1778221800000,2026-05-08T06:30:00+00:00,24471.0,24475.7,24426.6,24441.2,2062
1778222700000,2026-05-08T06:45:00+00:00,24441.3,24447.8,24421.2,24447.3,2096
1778223600000,2026-05-08T07:00:00+00:00,24448.7,24454.5,24377.2,24393.7,3137
1778224500000,2026-05-08T07:15:00+00:00,24394.3,24433.2,24393.3,24427.7,3019
1778225400000,2026-05-08T07:30:00+00:00,24427.0,24439.3,24400.2,24423.0,3012
1778226300000,2026-05-08T07:45:00+00:00,24424.1,24460.7,24402.9,24458.9,2954
1778227200000,2026-05-08T08:00:00+00:00,24463.2,24463.3,24389.0,24398.0,3002
1778228100000,2026-05-08T08:15:00+00:00,24396.5,24427.2,24395.2,24400.5,2984
1778229000000,2026-05-08T08:30:00+00:00,24401.9,24433.7,24398.0,24399.9,2794
1778229900000,2026-05-08T08:45:00+00:00,24399.3,24413.3,24372.0,24383.0,2762
1778230800000,2026-05-08T09:00:00+00:00,24383.5,24451.0,24378.7,24439.0,2728
1778231700000,2026-05-08T09:15:00+00:00,24439.2,24478.9,24424.2,24466.1,2737
1778232600000,2026-05-08T09:30:00+00:00,24467.5,24485.2,24452.2,24472.3,2666
1778233500000,2026-05-08T09:45:00+00:00,24472.0,24477.4,24396.9,24417.7,2894
1778234400000,2026-05-08T10:00:00+00:00,24417.2,24435.3,24395.9,24404.2,2710
1778235300000,2026-05-08T10:15:00+00:00,24404.1,24446.5,24399.9,24430.2,2439
1778236200000,2026-05-08T10:30:00+00:00,24430.0,24469.3,24427.8,24467.3,2662
1778237100000,2026-05-08T10:45:00+00:00,24466.8,24467.2,24403.2,24453.9,2616
1778238000000,2026-05-08T11:00:00+00:00,24453.3,24469.4,24429.5,24441.3,2726
1778238900000,2026-05-08T11:15:00+00:00,24440.6,24452.4,24412.6,24426.4,2502
1778239800000,2026-05-08T11:30:00+00:00,24427.4,24429.3,24387.2,24387.2,2566
1778240700000,2026-05-08T11:45:00+00:00,24386.2,24410.9,24376.3,24406.1,2580
1778241600000,2026-05-08T12:00:00+00:00,24406.2,24414.9,24385.5,24400.7,2700
1778242500000,2026-05-08T12:15:00+00:00,24400.4,24414.7,24390.7,24407.2,2450
1778243400000,2026-05-08T12:30:00+00:00,24406.7,24447.0,24398.3,24410.0,2874
1778244300000,2026-05-08T12:45:00+00:00,24409.0,24414.3,24347.1,24369.9,2898
1778245200000,2026-05-08T13:00:00+00:00,24367.4,24395.0,24353.0,24363.4,2970
1778246100000,2026-05-08T13:15:00+00:00,24363.5,24423.9,24356.5,24419.7,2880
1778247000000,2026-05-08T13:30:00+00:00,24420.2,24434.3,24383.8,24410.3,3172
1778247900000,2026-05-08T13:45:00+00:00,24411.3,24452.0,24409.9,24452.0,2930
1778248800000,2026-05-08T14:00:00+00:00,24452.4,24457.6,24360.7,24372.3,3139
1778249700000,2026-05-08T14:15:00+00:00,24373.2,24392.9,24354.3,24357.4,2971
1778250600000,2026-05-08T14:30:00+00:00,24355.3,24357.0,24308.0,24325.1,3056
1778251500000,2026-05-08T14:45:00+00:00,24325.8,24331.8,24300.8,24308.3,2874
1778252400000,2026-05-08T15:00:00+00:00,24305.9,24312.7,24274.2,24277.6,2998
1778253300000,2026-05-08T15:15:00+00:00,24277.5,24287.3,24258.0,24280.1,2922
1778254200000,2026-05-08T15:30:00+00:00,24280.4,24334.1,24244.1,24294.8,2989
1778255100000,2026-05-08T15:45:00+00:00,24295.8,24328.2,24289.2,24326.5,2786
1778256000000,2026-05-08T16:00:00+00:00,24326.6,24356.0,24325.0,24331.5,2508
1778256900000,2026-05-08T16:15:00+00:00,24331.8,24336.7,24321.5,24332.0,2136
1778257800000,2026-05-08T16:30:00+00:00,24332.1,24333.4,24307.5,24313.1,2130
1778258700000,2026-05-08T16:45:00+00:00,24313.5,24329.5,24310.0,24310.5,2360
1778259600000,2026-05-08T17:00:00+00:00,24310.6,24334.5,24305.1,24334.2,2304
1778260500000,2026-05-08T17:15:00+00:00,24334.3,24343.5,24329.0,24335.0,2094
1778261400000,2026-05-08T17:30:00+00:00,24334.7,24338.6,24310.8,24316.2,1832
1778262300000,2026-05-08T17:45:00+00:00,24316.4,24318.7,24304.5,24314.2,1830
1778263200000,2026-05-08T18:00:00+00:00,24314.1,24367.4,24312.1,24330.2,2217
1778264100000,2026-05-08T18:15:00+00:00,24329.9,24335.5,24319.6,24324.1,1862
1778265000000,2026-05-08T18:30:00+00:00,24324.0,24335.6,24317.3,24317.5,1790
1778265900000,2026-05-08T18:45:00+00:00,24317.4,24323.7,24294.6,24303.6,2176
1778266800000,2026-05-08T19:00:00+00:00,24303.8,24319.7,24302.7,24318.1,1748
1778267700000,2026-05-08T19:15:00+00:00,24318.2,24339.8,24316.3,24336.4,1584
1778268600000,2026-05-08T19:30:00+00:00,24336.5,24384.0,24332.1,24376.7,1960
1778269500000,2026-05-08T19:45:00+00:00,24376.5,24382.0,24357.5,24372.7,1352
1778458500000,2026-05-11T00:15:00+00:00,24327.9,24328.0,24258.2,24276.8,1770
1778459400000,2026-05-11T00:30:00+00:00,24276.5,24285.1,24267.6,24279.8,1532
1778460300000,2026-05-11T00:45:00+00:00,24280.2,24297.1,24224.1,24253.0,2448
1778461200000,2026-05-11T01:00:00+00:00,24252.7,24268.7,24239.1,24261.1,2476
1778462100000,2026-05-11T01:15:00+00:00,24261.5,24286.0,24256.8,24277.0,2002
1778463000000,2026-05-11T01:30:00+00:00,24278.5,24284.7,24263.5,24266.2,2188
1778463900000,2026-05-11T01:45:00+00:00,24266.7,24277.9,24258.5,24271.3,1842
1778464800000,2026-05-11T02:00:00+00:00,24269.7,24279.3,24259.7,24271.2,1602
1778465700000,2026-05-11T02:15:00+00:00,24271.1,24285.1,24259.7,24280.6,1570
1778466600000,2026-05-11T02:30:00+00:00,24281.0,24286.1,24267.6,24274.0,1532
1778467500000,2026-05-11T02:45:00+00:00,24275.1,24276.8,24258.8,24264.7,1376
1778468400000,2026-05-11T03:00:00+00:00,24264.5,24274.5,24243.6,24272.8,1626
1778469300000,2026-05-11T03:15:00+00:00,24272.9,24283.5,24262.5,24282.1,1508
1778470200000,2026-05-11T03:30:00+00:00,24284.1,24295.1,24277.2,24289.1,1384
1778471100000,2026-05-11T03:45:00+00:00,24288.8,24306.2,24286.5,24294.6,1218
1778472000000,2026-05-11T04:00:00+00:00,24294.1,24297.1,24281.5,24289.9,1226
1778472900000,2026-05-11T04:15:00+00:00,24290.0,24308.9,24290.0,24304.5,922
1778473800000,2026-05-11T04:30:00+00:00,24304.9,24306.1,24287.2,24288.0,942
1778474700000,2026-05-11T04:45:00+00:00,24287.6,24290.5,24267.1,24273.8,1092
1778475600000,2026-05-11T05:00:00+00:00,24275.2,24279.5,24261.3,24264.9,1211
1778476500000,2026-05-11T05:15:00+00:00,24265.2,24284.0,24263.5,24276.1,1386
1778477400000,2026-05-11T05:30:00+00:00,24276.4,24287.0,24249.1,24252.0,1329
1778478300000,2026-05-11T05:45:00+00:00,24251.8,24280.7,24248.3,24272.5,1444
1778479200000,2026-05-11T06:00:00+00:00,24272.2,24287.5,24265.0,24279.5,2121
1778480100000,2026-05-11T06:15:00+00:00,24279.1,24283.5,24260.2,24280.0,2040
1778481000000,2026-05-11T06:30:00+00:00,24280.6,24284.1,24261.5,24273.7,2268
1778481900000,2026-05-11T06:45:00+00:00,24273.8,24303.2,24267.4,24298.0,2314
1778482800000,2026-05-11T07:00:00+00:00,24300.7,24342.1,24294.4,24313.2,3222
1778483700000,2026-05-11T07:15:00+00:00,24312.2,24332.7,24289.4,24293.6,3112
1778484600000,2026-05-11T07:30:00+00:00,24293.4,24308.2,24255.8,24292.8,3074
1778485500000,2026-05-11T07:45:00+00:00,24292.9,24305.2,24279.0,24292.0,3044
1778486400000,2026-05-11T08:00:00+00:00,24291.8,24313.1,24270.2,24307.1,3152
1778487300000,2026-05-11T08:15:00+00:00,24307.2,24348.5,24304.9,24324.9,3128
1778488200000,2026-05-11T08:30:00+00:00,24324.3,24361.8,24321.2,24339.3,2954
1778489100000,2026-05-11T08:45:00+00:00,24337.6,24340.7,24285.3,24286.8,2870
1778490000000,2026-05-11T09:00:00+00:00,24285.4,24293.5,24271.2,24281.5,2896
1778490900000,2026-05-11T09:15:00+00:00,24281.3,24300.2,24279.8,24293.9,2942
1778491800000,2026-05-11T09:30:00+00:00,24293.8,24340.7,24290.0,24337.7,2736
1778492700000,2026-05-11T09:45:00+00:00,24337.8,24354.8,24302.5,24302.5,2722
1778493600000,2026-05-11T10:00:00+00:00,24299.6,24313.8,24275.4,24294.8,2805
1778494500000,2026-05-11T10:15:00+00:00,24294.7,24301.2,24274.4,24295.1,2722
1778495400000,2026-05-11T10:30:00+00:00,24294.0,24309.9,24272.0,24289.0,2785
1778496300000,2026-05-11T10:45:00+00:00,24288.7,24302.8,24270.5,24287.6,2772
1778497200000,2026-05-11T11:00:00+00:00,24287.1,24309.8,24277.5,24288.6,2726
1778498100000,2026-05-11T11:15:00+00:00,24288.5,24292.1,24267.0,24277.4,2612
1778499000000,2026-05-11T11:30:00+00:00,24280.9,24293.0,24259.2,24259.6,2662
1778499900000,2026-05-11T11:45:00+00:00,24259.5,24262.6,24211.7,24233.0,2830
1778500800000,2026-05-11T12:00:00+00:00,24233.5,24234.9,24196.5,24218.8,2736
1778501700000,2026-05-11T12:15:00+00:00,24218.9,24258.3,24210.3,24255.8,2966
1778502600000,2026-05-11T12:30:00+00:00,24255.4,24275.4,24249.8,24250.2,2900
1778503500000,2026-05-11T12:45:00+00:00,24250.1,24257.6,24219.9,24257.5,3043
1778504400000,2026-05-11T13:00:00+00:00,24257.8,24294.9,24253.4,24291.2,3044
1778505300000,2026-05-11T13:15:00+00:00,24291.5,24296.0,24269.8,24290.5,2868
1778506200000,2026-05-11T13:30:00+00:00,24291.6,24321.0,24282.8,24301.2,3202
1778507100000,2026-05-11T13:45:00+00:00,24300.9,24333.6,24300.9,24312.2,3060
1778508000000,2026-05-11T14:00:00+00:00,24312.5,24312.5,24265.3,24286.9,3010
1778508900000,2026-05-11T14:15:00+00:00,24286.7,24314.8,24286.6,24298.5,2936
1778509800000,2026-05-11T14:30:00+00:00,24298.4,24298.7,24251.8,24288.5,3102
1778510700000,2026-05-11T14:45:00+00:00,24289.0,24302.3,24268.5,24288.7,3016
1778511600000,2026-05-11T15:00:00+00:00,24288.3,24321.7,24280.8,24316.2,2994
1778512500000,2026-05-11T15:15:00+00:00,24315.8,24356.1,24307.0,24346.7,2918
1778513400000,2026-05-11T15:30:00+00:00,24347.1,24349.8,24316.0,24320.9,2802
1778514300000,2026-05-11T15:45:00+00:00,24320.0,24333.2,24310.9,24321.8,2638
1778515200000,2026-05-11T16:00:00+00:00,24322.1,24322.6,24307.5,24310.6,2214
1778516100000,2026-05-11T16:15:00+00:00,24310.8,24321.3,24307.1,24313.7,2164
1778517000000,2026-05-11T16:30:00+00:00,24313.2,24313.5,24249.3,24258.5,2444
1778517900000,2026-05-11T16:45:00+00:00,24259.3,24268.8,24243.4,24253.0,2688
1778518800000,2026-05-11T17:00:00+00:00,24253.1,24257.0,24238.5,24249.2,2066
1778519700000,2026-05-11T17:15:00+00:00,24249.1,24274.9,24241.7,24270.0,2178
1778520600000,2026-05-11T17:30:00+00:00,24269.9,24289.7,24269.9,24287.6,1860
1778521500000,2026-05-11T17:45:00+00:00,24287.7,24289.3,24272.1,24278.3,1868
1778522400000,2026-05-11T18:00:00+00:00,24278.1,24297.5,24278.1,24282.5,2056
1778523300000,2026-05-11T18:15:00+00:00,24282.3,24285.4,24270.1,24281.4,2100
1778524200000,2026-05-11T18:30:00+00:00,24281.1,24285.8,24270.4,24273.4,1900
1778525100000,2026-05-11T18:45:00+00:00,24273.2,24277.5,24257.3,24258.1,2076
1778526000000,2026-05-11T19:00:00+00:00,24258.7,24273.0,24254.2,24265.5,2420
1778526900000,2026-05-11T19:15:00+00:00,24265.6,24266.3,24248.8,24250.3,1906
1778527800000,2026-05-11T19:30:00+00:00,24250.1,24251.8,24236.0,24239.8,2130
1778528700000,2026-05-11T19:45:00+00:00,24239.3,24277.1,24239.3,24276.7,2132
1778544900000,2026-05-12T00:15:00+00:00,24260.3,24264.6,24233.0,24245.1,1854
1778545800000,2026-05-12T00:30:00+00:00,24245.8,24253.2,24228.0,24230.9,1646
1778546700000,2026-05-12T00:45:00+00:00,24230.8,24243.0,24229.7,24232.9,1430
1778547600000,2026-05-12T01:00:00+00:00,24232.7,24241.2,24207.5,24213.9,2104
1778548500000,2026-05-12T01:15:00+00:00,24214.1,24215.0,24143.8,24153.0,2024
1778549400000,2026-05-12T01:30:00+00:00,24152.6,24157.1,24059.1,24125.1,2590
1778550300000,2026-05-12T01:45:00+00:00,24125.4,24151.9,24121.6,24128.8,2440
1778551200000,2026-05-12T02:00:00+00:00,24128.0,24175.8,24119.1,24170.1,2318
1778552100000,2026-05-12T02:15:00+00:00,24170.6,24172.6,24147.7,24167.0,2100
1778553000000,2026-05-12T02:30:00+00:00,24166.7,24173.5,24148.1,24154.4,1908
1778553900000,2026-05-12T02:45:00+00:00,24154.7,24192.9,24153.3,24185.9,1746
1778554800000,2026-05-12T03:00:00+00:00,24185.7,24193.6,24162.1,24170.9,1868
1778555700000,2026-05-12T03:15:00+00:00,24170.6,24171.8,24153.7,24159.4,1450
1778556600000,2026-05-12T03:30:00+00:00,24159.6,24179.4,24159.6,24175.1,1328
1778557500000,2026-05-12T03:45:00+00:00,24175.0,24177.5,24137.0,24141.6,1332
1778558400000,2026-05-12T04:00:00+00:00,24141.9,24157.6,24135.9,24136.6,1384
1778559300000,2026-05-12T04:15:00+00:00,24136.5,24157.0,24133.1,24146.2,1356
1778560200000,2026-05-12T04:30:00+00:00,24146.6,24153.9,24138.5,24152.0,1228
1778561100000,2026-05-12T04:45:00+00:00,24151.0,24161.6,24121.2,24126.6,1340
1778562000000,2026-05-12T05:00:00+00:00,24126.5,24150.4,24119.7,24136.6,1710
1778562900000,2026-05-12T05:15:00+00:00,24136.4,24150.8,24130.1,24141.8,1650
1778563800000,2026-05-12T05:30:00+00:00,24142.0,24158.8,24127.6,24148.1,1582
1778564700000,2026-05-12T05:45:00+00:00,24148.0,24166.8,24144.5,24162.4,1792
1778565600000,2026-05-12T06:00:00+00:00,24163.0,24176.2,24149.9,24163.8,2526
1778566500000,2026-05-12T06:15:00+00:00,24164.0,24170.6,24136.8,24140.8,2406
1778567400000,2026-05-12T06:30:00+00:00,24146.2,24146.2,24112.7,24127.4,2396
1778568300000,2026-05-12T06:45:00+00:00,24127.6,24132.0,24046.8,24057.7,2536
1778569200000,2026-05-12T07:00:00+00:00,24057.5,24081.9,24004.3,24077.0,3290
1778570100000,2026-05-12T07:15:00+00:00,24076.9,24143.9,24057.9,24143.3,3146
1778571000000,2026-05-12T07:30:00+00:00,24143.4,24193.0,24142.4,24167.7,3110
1778571900000,2026-05-12T07:45:00+00:00,24167.5,24178.8,24123.6,24126.9,3024
1778572800000,2026-05-12T08:00:00+00:00,24128.1,24142.8,24097.2,24123.6,3102
1778573700000,2026-05-12T08:15:00+00:00,24123.8,24170.2,24107.6,24141.7,3062
1778574600000,2026-05-12T08:30:00+00:00,24142.7,24157.8,24128.6,24150.0,2872
1778575500000,2026-05-12T08:45:00+00:00,24150.7,24182.9,24115.2,24129.2,2710
1778576400000,2026-05-12T09:00:00+00:00,24128.8,24139.1,24098.9,24135.1,2814
1778577300000,2026-05-12T09:15:00+00:00,24136.6,24149.6,24120.9,24143.7,2714
1778578200000,2026-05-12T09:30:00+00:00,24144.1,24202.2,24128.6,24128.6,2986
1778579100000,2026-05-12T09:45:00+00:00,24130.2,24136.7,24087.0,24097.3,2932
1778580000000,2026-05-12T10:00:00+00:00,24097.2,24120.8,24087.8,24101.6,2962
1778580900000,2026-05-12T10:15:00+00:00,24098.6,24109.7,24084.5,24108.3,2790
1778581800000,2026-05-12T10:30:00+00:00,24108.2,24110.4,24073.9,24080.4,2824
1778582700000,2026-05-12T10:45:00+00:00,24080.1,24092.7,24067.2,24088.8,2742
1778583600000,2026-05-12T11:00:00+00:00,24091.6,24148.0,24067.9,24097.5,2862
1778584500000,2026-05-12T11:15:00+00:00,24098.5,24101.8,24072.4,24089.4,2834
1778585400000,2026-05-12T11:30:00+00:00,24089.1,24112.2,24071.8,24103.5,2818
1778586300000,2026-05-12T11:45:00+00:00,24104.9,24106.2,24077.7,24085.9,2802
1778587200000,2026-05-12T12:00:00+00:00,24085.6,24095.6,24045.5,24060.2,2814
1778588100000,2026-05-12T12:15:00+00:00,24058.5,24085.5,24049.2,24066.2,2618
1778589000000,2026-05-12T12:30:00+00:00,24068.8,24117.7,24040.8,24108.9,3156
1778589900000,2026-05-12T12:45:00+00:00,24109.2,24158.6,24108.9,24132.5,3042
1778590800000,2026-05-12T13:00:00+00:00,24131.3,24135.3,24086.4,24090.4,2987
1778591700000,2026-05-12T13:15:00+00:00,24089.5,24097.8,24040.7,24044.0,3030
1778592600000,2026-05-12T13:30:00+00:00,24045.3,24058.2,24026.2,24032.4,3287
1778593500000,2026-05-12T13:45:00+00:00,24034.1,24050.2,24010.8,24023.1,3171
1778594400000,2026-05-12T14:00:00+00:00,24023.0,24063.9,24015.1,24057.4,3166
1778595300000,2026-05-12T14:15:00+00:00,24057.7,24067.1,24014.5,24034.7,3061
1778596200000,2026-05-12T14:30:00+00:00,24034.9,24037.1,23999.2,24027.2,3143
1778597100000,2026-05-12T14:45:00+00:00,24025.7,24032.1,23966.7,23970.9,3064
1778598000000,2026-05-12T15:00:00+00:00,23970.6,23978.1,23933.4,23949.2,3160
1778598900000,2026-05-12T15:15:00+00:00,23949.4,23969.4,23921.1,23967.5,3061
1778599800000,2026-05-12T15:30:00+00:00,23965.6,23977.3,23936.8,23969.2,3158
1778600700000,2026-05-12T15:45:00+00:00,23970.3,23977.9,23953.9,23957.4,2831
1778601600000,2026-05-12T16:00:00+00:00,23957.3,23981.6,23943.4,23978.3,2929
1778602500000,2026-05-12T16:15:00+00:00,23978.4,23993.5,23966.2,23972.4,2708
1778603400000,2026-05-12T16:30:00+00:00,23971.7,23988.6,23957.9,23977.9,2906
1778604300000,2026-05-12T16:45:00+00:00,23978.1,23982.4,23967.0,23981.3,2768
1778605200000,2026-05-12T17:00:00+00:00,23981.6,24016.1,23980.6,24005.9,2549
1778606100000,2026-05-12T17:15:00+00:00,24005.4,24037.3,24005.4,24009.8,2637
1778607000000,2026-05-12T17:30:00+00:00,24009.3,24020.9,24003.6,24012.5,2474
1778607900000,2026-05-12T17:45:00+00:00,24012.4,24023.2,24010.1,24015.2,2430
1778608800000,2026-05-12T18:00:00+00:00,24015.3,24023.6,24000.9,24012.3,2551
1778609700000,2026-05-12T18:15:00+00:00,24012.6,24046.4,24012.6,24036.0,2618
1778610600000,2026-05-12T18:30:00+00:00,24035.7,24042.9,24028.8,24040.4,2194
1778611500000,2026-05-12T18:45:00+00:00,24040.7,24048.0,24031.4,24035.2,2023
1778612400000,2026-05-12T19:00:00+00:00,24034.0,24058.6,24032.1,24054.6,2066
1778613300000,2026-05-12T19:15:00+00:00,24054.7,24058.4,24035.0,24039.6,2154
1778614200000,2026-05-12T19:30:00+00:00,24040.2,24060.9,24040.2,24059.5,2216
1778615100000,2026-05-12T19:45:00+00:00,24059.0,24074.6,24048.3,24048.3,2299
1778631300000,2026-05-13T00:15:00+00:00,23987.2,24042.5,23973.4,24015.9,2221
1778632200000,2026-05-13T00:30:00+00:00,24018.1,24033.8,24001.5,24021.9,2068
1778633100000,2026-05-13T00:45:00+00:00,24021.4,24034.7,24012.7,24029.4,1880
1778634000000,2026-05-13T01:00:00+00:00,24029.1,24052.4,24027.4,24043.1,2096
1778634900000,2026-05-13T01:15:00+00:00,24043.4,24060.4,24025.4,24060.4,2038
1778635800000,2026-05-13T01:30:00+00:00,24060.7,24067.2,24046.7,24060.9,1854
1778636700000,2026-05-13T01:45:00+00:00,24062.7,24075.2,24044.1,24050.2,1928
1778637600000,2026-05-13T02:00:00+00:00,24049.4,24059.9,24040.9,24043.7,1844
1778638500000,2026-05-13T02:15:00+00:00,24044.2,24054.5,24042.9,24048.2,1404
1778639400000,2026-05-13T02:30:00+00:00,24049.4,24054.6,24037.9,24045.9,1176
1778640300000,2026-05-13T02:45:00+00:00,24049.4,24061.4,24036.1,24041.7,1318
1778641200000,2026-05-13T03:00:00+00:00,24039.4,24061.4,24035.9,24051.4,1416
1778642100000,2026-05-13T03:15:00+00:00,24051.7,24058.4,24050.3,24057.2,1258
1778643000000,2026-05-13T03:30:00+00:00,24056.9,24086.4,24056.4,24083.1,1184
1778643900000,2026-05-13T03:45:00+00:00,24082.9,24089.4,24072.8,24080.9,1226
1778644800000,2026-05-13T04:00:00+00:00,24080.8,24084.4,24076.2,24081.7,1066
1778645700000,2026-05-13T04:15:00+00:00,24081.9,24083.9,24068.1,24079.1,1010
1778646600000,2026-05-13T04:30:00+00:00,24078.7,24100.4,24070.7,24098.7,1072
1778647500000,2026-05-13T04:45:00+00:00,24098.3,24112.2,24091.4,24110.8,1058
1778648400000,2026-05-13T05:00:00+00:00,24110.9,24128.9,24079.7,24124.4,1388
1778649300000,2026-05-13T05:15:00+00:00,24123.9,24127.6,24105.5,24117.6,1252
1778650200000,2026-05-13T05:30:00+00:00,24117.8,24133.7,24112.7,24128.7,1434
1778651100000,2026-05-13T05:45:00+00:00,24131.6,24139.6,24125.4,24135.4,1208
1778652000000,2026-05-13T06:00:00+00:00,24134.8,24145.1,24121.7,24137.8,2116
1778652900000,2026-05-13T06:15:00+00:00,24137.9,24166.6,24137.9,24158.1,2194
1778653800000,2026-05-13T06:30:00+00:00,24156.9,24177.9,24156.4,24169.9,2018
1778654700000,2026-05-13T06:45:00+00:00,24170.8,24171.4,24149.1,24161.9,2165
1778655600000,2026-05-13T07:00:00+00:00,24175.8,24198.3,24100.6,24117.1,3253
1778656500000,2026-05-13T07:15:00+00:00,24117.8,24137.5,24085.0,24087.3,2911
1778657400000,2026-05-13T07:30:00+00:00,24086.8,24170.6,24084.7,24144.8,3016
1778658300000,2026-05-13T07:45:00+00:00,24145.4,24151.5,24107.6,24133.9,2859
1778659200000,2026-05-13T08:00:00+00:00,24133.7,24193.0,24107.3,24191.4,2989
1778660100000,2026-05-13T08:15:00+00:00,24191.5,24216.6,24182.3,24201.6,2985
1778661000000,2026-05-13T08:30:00+00:00,24202.2,24207.8,24146.2,24158.1,2941
1778661900000,2026-05-13T08:45:00+00:00,24157.4,24161.6,24117.0,24137.3,2677
1778662800000,2026-05-13T09:00:00+00:00,24138.1,24157.3,24095.8,24099.1,2789
1778663700000,2026-05-13T09:15:00+00:00,24099.4,24117.0,24082.9,24085.3,2950
1778664600000,2026-05-13T09:30:00+00:00,24084.0,24094.5,24065.6,24091.9,2892
1778665500000,2026-05-13T09:45:00+00:00,24091.5,24149.6,24090.6,24139.9,2936
1778666400000,2026-05-13T10:00:00+00:00,24139.8,24167.3,24119.3,24130.9,2764
1778667300000,2026-05-13T10:15:00+00:00,24131.3,24136.0,24088.4,24093.6,2598
1778668200000,2026-05-13T10:30:00+00:00,24093.1,24134.2,24083.1,24131.9,2540
1778669100000,2026-05-13T10:45:00+00:00,24132.5,24137.8,24107.8,24108.9,2506
1778670000000,2026-05-13T11:00:00+00:00,24109.3,24123.0,24094.4,24110.6,2628
1778670900000,2026-05-13T11:15:00+00:00,24110.5,24126.0,24108.6,24121.3,2588
1778671800000,2026-05-13T11:30:00+00:00,24121.1,24158.6,24117.3,24153.1,2616
1778672700000,2026-05-13T11:45:00+00:00,24155.1,24178.5,24153.2,24170.9,2362
1778673600000,2026-05-13T12:00:00+00:00,24170.0,24182.1,24149.6,24155.0,2540
1778674500000,2026-05-13T12:15:00+00:00,24154.9,24154.9,24076.8,24086.9,2596
1778675400000,2026-05-13T12:30:00+00:00,24087.5,24087.5,23995.3,24021.6,3030
1778676300000,2026-05-13T12:45:00+00:00,24021.5,24064.1,24018.2,24052.0,2938
1778677200000,2026-05-13T13:00:00+00:00,24053.6,24080.9,24053.6,24075.8,2848
1778678100000,2026-05-13T13:15:00+00:00,24075.1,24086.3,24061.8,24064.5,2662
1778679000000,2026-05-13T13:30:00+00:00,24064.3,24106.8,24054.0,24096.3,3154
1778679900000,2026-05-13T13:45:00+00:00,24095.0,24109.2,24060.7,24085.5,3154
1778680800000,2026-05-13T14:00:00+00:00,24085.3,24116.6,24083.1,24088.8,3110
1778681700000,2026-05-13T14:15:00+00:00,24088.1,24105.7,24065.1,24096.0,3028
1778682600000,2026-05-13T14:30:00+00:00,24093.8,24130.1,24092.0,24116.1,3058
1778683500000,2026-05-13T14:45:00+00:00,24116.3,24139.1,24100.8,24103.9,2948
1778684400000,2026-05-13T15:00:00+00:00,24102.6,24111.1,24082.3,24089.6,2914
1778685300000,2026-05-13T15:15:00+00:00,24089.3,24102.0,24082.1,24089.3,2846
1778686200000,2026-05-13T15:30:00+00:00,24088.9,24156.7,24076.0,24131.2,2982
1778687100000,2026-05-13T15:45:00+00:00,24131.1,24131.1,24100.3,24106.2,2820
1778688000000,2026-05-13T16:00:00+00:00,24106.9,24135.8,24104.7,24131.2,2600
1778688900000,2026-05-13T16:15:00+00:00,24131.3,24179.7,24130.3,24159.3,2700
1778689800000,2026-05-13T16:30:00+00:00,24159.1,24168.7,24144.9,24158.3,2650
1778690700000,2026-05-13T16:45:00+00:00,24158.9,24176.9,24153.3,24166.6,2458
1778691600000,2026-05-13T17:00:00+00:00,24166.1,24175.2,24163.3,24165.8,2062
1778692500000,2026-05-13T17:15:00+00:00,24164.6,24184.1,24162.4,24179.6,2032
1778693400000,2026-05-13T17:30:00+00:00,24179.4,24179.9,24162.1,24162.5,1934
1778694300000,2026-05-13T17:45:00+00:00,24162.7,24173.3,24158.9,24160.4,2044
1778695200000,2026-05-13T18:00:00+00:00,24160.9,24171.8,24158.2,24165.3,2020
1778696100000,2026-05-13T18:15:00+00:00,24165.4,24183.4,24165.3,24180.7,2182
1778697000000,2026-05-13T18:30:00+00:00,24180.6,24184.9,24173.8,24175.0,2144
1778697900000,2026-05-13T18:45:00+00:00,24174.9,24198.3,24174.7,24190.7,2118
1778698800000,2026-05-13T19:00:00+00:00,24190.8,24207.8,24189.9,24207.7,1988
1778699700000,2026-05-13T19:15:00+00:00,24207.6,24211.9,24201.3,24207.7,1884
1778700600000,2026-05-13T19:30:00+00:00,24207.4,24217.4,24201.0,24211.3,1738
1778701500000,2026-05-13T19:45:00+00:00,24211.4,24223.6,24196.9,24222.9,2152
1778717700000,2026-05-14T00:15:00+00:00,24271.6,24283.1,24246.2,24252.7,1514
1778718600000,2026-05-14T00:30:00+00:00,24257.9,24272.5,24250.5,24269.9,1526
1778719500000,2026-05-14T00:45:00+00:00,24270.9,24281.0,24267.0,24276.8,1650
1778720400000,2026-05-14T01:00:00+00:00,24276.5,24281.2,24263.0,24271.5,1782
1778721300000,2026-05-14T01:15:00+00:00,24271.2,24275.5,24245.0,24263.5,1448
1778722200000,2026-05-14T01:30:00+00:00,24263.3,24264.8,24228.5,24236.2,1586
1778723100000,2026-05-14T01:45:00+00:00,24236.5,24237.5,24210.5,24212.5,1484
1778724000000,2026-05-14T02:00:00+00:00,24212.9,24223.5,24206.7,24215.5,1364
1778724900000,2026-05-14T02:15:00+00:00,24215.0,24224.5,24205.4,24214.8,1180
1778725800000,2026-05-14T02:30:00+00:00,24216.0,24228.8,24212.0,24219.9,1274
1778726700000,2026-05-14T02:45:00+00:00,24219.5,24221.3,24193.5,24209.2,1456
1778727600000,2026-05-14T03:00:00+00:00,24208.9,24220.5,24204.3,24216.7,1186
1778728500000,2026-05-14T03:15:00+00:00,24216.3,24224.0,24201.0,24222.7,1466
1778729400000,2026-05-14T03:30:00+00:00,24223.0,24227.2,24195.5,24204.5,1570
1778730300000,2026-05-14T03:45:00+00:00,24204.9,24215.9,24194.0,24201.0,1346
1778731200000,2026-05-14T04:00:00+00:00,24202.0,24203.1,24183.2,24198.1,1474
1778732100000,2026-05-14T04:15:00+00:00,24198.5,24205.5,24194.2,24201.3,1014
1778733000000,2026-05-14T04:30:00+00:00,24201.5,24225.0,24197.5,24221.8,1044
1778733900000,2026-05-14T04:45:00+00:00,24222.1,24230.0,24201.7,24204.5,1260
1778734800000,2026-05-14T05:00:00+00:00,24205.2,24217.9,24196.7,24207.7,1854
1778735700000,2026-05-14T05:15:00+00:00,24207.5,24207.5,24179.5,24204.5,1958
1778736600000,2026-05-14T05:30:00+00:00,24205.0,24212.9,24188.5,24197.4,1758
1778737500000,2026-05-14T05:45:00+00:00,24199.0,24242.3,24198.5,24237.0,2208
1778738400000,2026-05-14T06:00:00+00:00,24236.7,24282.0,24236.7,24259.0,2354
1778739300000,2026-05-14T06:15:00+00:00,24259.7,24286.4,24256.0,24280.5,2114
1778740200000,2026-05-14T06:30:00+00:00,24280.8,24320.0,24280.8,24319.5,2058
1778741100000,2026-05-14T06:45:00+00:00,24320.2,24337.1,24311.8,24321.2,2480
1778742000000,2026-05-14T07:00:00+00:00,24319.0,24383.1,24306.6,24364.2,3112
1778742900000,2026-05-14T07:15:00+00:00,24361.6,24389.9,24359.9,24382.7,2867
1778743800000,2026-05-14T07:30:00+00:00,24382.6,24395.3,24363.2,24376.7,2646
1778744700000,2026-05-14T07:45:00+00:00,24379.7,24393.9,24314.1,24316.8,2659
1778745600000,2026-05-14T08:00:00+00:00,24314.7,24364.9,24311.6,24362.7,2848
1778746500000,2026-05-14T08:15:00+00:00,24363.1,24399.7,24361.5,24394.6,2922
1778747400000,2026-05-14T08:30:00+00:00,24395.5,24425.6,24393.8,24408.0,2836
1778748300000,2026-05-14T08:45:00+00:00,24407.9,24421.0,24397.5,24412.7,2652
1778749200000,2026-05-14T09:00:00+00:00,24412.9,24424.5,24387.0,24408.9,2690
1778750100000,2026-05-14T09:15:00+00:00,24408.7,24434.5,24406.6,24430.7,2522
1778751000000,2026-05-14T09:30:00+00:00,24430.6,24438.5,24376.7,24415.2,2792
1778751900000,2026-05-14T09:45:00+00:00,24416.1,24454.6,24413.1,24435.9,2696
1778752800000,2026-05-14T10:00:00+00:00,24432.7,24483.7,24430.9,24464.1,2720
1778753700000,2026-05-14T10:15:00+00:00,24464.2,24477.7,24446.5,24447.4,2774
1778754600000,2026-05-14T10:30:00+00:00,24447.6,24452.0,24407.9,24416.3,2554
1778755500000,2026-05-14T10:45:00+00:00,24416.5,24467.5,24415.6,24442.6,2626
1778756400000,2026-05-14T11:00:00+00:00,24442.0,24472.6,24418.6,24458.0,2742
1778757300000,2026-05-14T11:15:00+00:00,24457.9,24473.9,24429.6,24436.6,2694
1778758200000,2026-05-14T11:30:00+00:00,24436.1,24458.7,24436.1,24448.0,2482
1778759100000,2026-05-14T11:45:00+00:00,24447.8,24479.7,24447.2,24459.2,2538
1778760000000,2026-05-14T12:00:00+00:00,24458.6,24477.1,24450.7,24454.1,2786
1778760900000,2026-05-14T12:15:00+00:00,24453.5,24462.9,24435.0,24437.5,2466
1778761800000,2026-05-14T12:30:00+00:00,24438.1,24445.2,24413.2,24415.2,2548
1778762700000,2026-05-14T12:45:00+00:00,24414.1,24433.7,24400.5,24431.5,2632
1778763600000,2026-05-14T13:00:00+00:00,24431.4,24435.1,24405.9,24426.9,2628
1778764500000,2026-05-14T13:15:00+00:00,24426.7,24428.2,24375.8,24377.9,2588
1778765400000,2026-05-14T13:30:00+00:00,24377.5,24390.8,24357.6,24366.5,3034
1778766300000,2026-05-14T13:45:00+00:00,24365.7,24373.8,24343.0,24351.0,3116
1778767200000,2026-05-14T14:00:00+00:00,24344.7,24421.4,24341.2,24410.5,3022
1778768100000,2026-05-14T14:15:00+00:00,24410.6,24440.1,24392.5,24432.8,2982
1778769000000,2026-05-14T14:30:00+00:00,24434.0,24463.8,24426.7,24444.1,2832
1778769900000,2026-05-14T14:45:00+00:00,24444.2,24456.7,24429.6,24445.8,2932
1778770800000,2026-05-14T15:00:00+00:00,24445.2,24462.3,24431.1,24437.6,2830
1778771700000,2026-05-14T15:15:00+00:00,24437.7,24455.9,24431.4,24440.6,2730
1778772600000,2026-05-14T15:30:00+00:00,24440.0,24471.9,24412.0,24421.4,2680
1778773500000,2026-05-14T15:45:00+00:00,24421.0,24428.5,24412.5,24420.5,2538
1778774400000,2026-05-14T16:00:00+00:00,24421.4,24425.9,24408.3,24408.6,2596
1778775300000,2026-05-14T16:15:00+00:00,24408.3,24432.3,24394.3,24400.0,2540
1778776200000,2026-05-14T16:30:00+00:00,24399.9,24407.5,24383.8,24385.9,2836
1778777100000,2026-05-14T16:45:00+00:00,24385.5,24391.5,24345.1,24364.2,2732
1778778000000,2026-05-14T17:00:00+00:00,24365.8,24379.9,24350.1,24352.1,2550
1778778900000,2026-05-14T17:15:00+00:00,24352.0,24353.9,24289.9,24306.1,3048
1778779800000,2026-05-14T17:30:00+00:00,24306.7,24338.8,24304.1,24329.9,2606
1778780700000,2026-05-14T17:45:00+00:00,24329.2,24340.4,24320.2,24322.4,2356
1778781600000,2026-05-14T18:00:00+00:00,24322.3,24322.3,24284.2,24315.4,2846
1778782500000,2026-05-14T18:15:00+00:00,24315.8,24351.9,24315.3,24346.2,2325
1778783400000,2026-05-14T18:30:00+00:00,24347.0,24358.3,24329.4,24337.2,2296
1778784300000,2026-05-14T18:45:00+00:00,24337.3,24356.3,24336.3,24355.3,1772
1778785200000,2026-05-14T19:00:00+00:00,24355.9,24360.2,24350.0,24352.5,2022
1778786100000,2026-05-14T19:15:00+00:00,24352.6,24360.5,24346.2,24346.2,1520
1778787000000,2026-05-14T19:30:00+00:00,24346.4,24349.2,24327.1,24330.1,2072
1778787900000,2026-05-14T19:45:00+00:00,24330.3,24330.3,24314.0,24323.2,2300
1778804100000,2026-05-15T00:15:00+00:00,24319.8,24341.6,24303.0,24321.9,1815
1778805000000,2026-05-15T00:30:00+00:00,24321.7,24321.7,24266.6,24270.7,2158
1778805900000,2026-05-15T00:45:00+00:00,24273.1,24291.6,24266.9,24276.8,1824
1778806800000,2026-05-15T01:00:00+00:00,24275.1,24279.9,24235.1,24245.7,2136
1778807700000,2026-05-15T01:15:00+00:00,24245.6,24245.6,24189.1,24195.1,2338
1778808600000,2026-05-15T01:30:00+00:00,24194.9,24195.1,24158.9,24190.6,2566
1778809500000,2026-05-15T01:45:00+00:00,24189.1,24191.7,24146.3,24148.6,2398
1778810400000,2026-05-15T02:00:00+00:00,24148.8,24157.1,24133.1,24137.1,2560
1778811300000,2026-05-15T02:15:00+00:00,24137.8,24159.6,24129.0,24141.6,2396
1778812200000,2026-05-15T02:30:00+00:00,24140.0,24157.6,24130.7,24151.3,2030
1778813100000,2026-05-15T02:45:00+00:00,24153.7,24211.1,24141.3,24190.1,2034
1778814000000,2026-05-15T03:00:00+00:00,24189.7,24198.9,24173.6,24187.4,1820
1778814900000,2026-05-15T03:15:00+00:00,24187.1,24187.9,24168.5,24174.0,1534
1778815800000,2026-05-15T03:30:00+00:00,24174.6,24176.5,24133.4,24154.3,2072
1778816700000,2026-05-15T03:45:00+00:00,24154.1,24179.1,24150.3,24178.4,1604
1778817600000,2026-05-15T04:00:00+00:00,24179.0,24179.7,24152.6,24168.8,1444
1778818500000,2026-05-15T04:15:00+00:00,24168.9,24172.6,24145.8,24153.3,1648
1778819400000,2026-05-15T04:30:00+00:00,24153.1,24164.9,24138.7,24141.4,2032
1778820300000,2026-05-15T04:45:00+00:00,24141.1,24142.1,24127.8,24129.4,1922
1778821200000,2026-05-15T05:00:00+00:00,24129.5,24133.4,24103.1,24124.9,2578
1778822100000,2026-05-15T05:15:00+00:00,24124.7,24131.0,24103.3,24121.3,2080
1778823000000,2026-05-15T05:30:00+00:00,24121.6,24123.6,24088.5,24094.0,2306
1778823900000,2026-05-15T05:45:00+00:00,24094.6,24096.4,24068.6,24093.1,2656
1778824800000,2026-05-15T06:00:00+00:00,24093.6,24163.3,24092.1,24162.9,3042
1778825700000,2026-05-15T06:15:00+00:00,24163.3,24167.8,24139.4,24162.1,2826
1778826600000,2026-05-15T06:30:00+00:00,24163.7,24189.0,24158.4,24185.7,2812
1778827500000,2026-05-15T06:45:00+00:00,24185.6,24195.7,24164.9,24193.1,2618
1778828400000,2026-05-15T07:00:00+00:00,24190.4,24275.5,24183.6,24273.0,3226
1778829300000,2026-05-15T07:15:00+00:00,24273.4,24288.6,24242.4,24256.8,3100
1778830200000,2026-05-15T07:30:00+00:00,24256.7,24267.8,24190.1,24201.1,3066
1778831100000,2026-05-15T07:45:00+00:00,24199.5,24214.6,24170.2,24193.3,3030
1778832000000,2026-05-15T08:00:00+00:00,24201.1,24201.1,24108.0,24120.3,3158
1778832900000,2026-05-15T08:15:00+00:00,24119.3,24119.3,24026.8,24027.7,3222
1778833800000,2026-05-15T08:30:00+00:00,24028.2,24095.1,23995.3,24081.7,3164
1778834700000,2026-05-15T08:45:00+00:00,24081.8,24084.6,24050.3,24070.3,3056
1778835600000,2026-05-15T09:00:00+00:00,24073.8,24088.6,24053.0,24062.8,3072
1778836500000,2026-05-15T09:15:00+00:00,24060.1,24060.5,24017.6,24054.5,3104
1778837400000,2026-05-15T09:30:00+00:00,24054.6,24055.5,24020.3,24031.3,3028
1778838300000,2026-05-15T09:45:00+00:00,24029.3,24058.3,24008.6,24043.6,3154
1778839200000,2026-05-15T10:00:00+00:00,24045.8,24083.6,24019.2,24076.3,3128
1778840100000,2026-05-15T10:15:00+00:00,24076.2,24100.5,24057.7,24058.4,2930
1778841000000,2026-05-15T10:30:00+00:00,24058.3,24068.6,24030.6,24061.2,2976
1778841900000,2026-05-15T10:45:00+00:00,24072.5,24163.3,24059.5,24151.2,3230
1778842800000,2026-05-15T11:00:00+00:00,24147.2,24167.5,24071.2,24091.2,3026
1778843700000,2026-05-15T11:15:00+00:00,24089.8,24100.6,24051.1,24063.3,2920
1778844600000,2026-05-15T11:30:00+00:00,24063.8,24068.0,24018.8,24021.5,2930
1778845500000,2026-05-15T11:45:00+00:00,24021.6,24042.8,24003.6,24006.8,2975
1778846400000,2026-05-15T12:00:00+00:00,23999.9,23999.9,23956.4,23963.2,3004
1778847300000,2026-05-15T12:15:00+00:00,23964.1,23988.9,23950.8,23967.3,2876
1778848200000,2026-05-15T12:30:00+00:00,23967.0,23968.6,23935.6,23935.6,2957
1778849100000,2026-05-15T12:45:00+00:00,23934.3,23984.2,23931.2,23977.2,2927
1778850000000,2026-05-15T13:00:00+00:00,23977.4,23990.1,23960.7,23971.8,2820
1778850900000,2026-05-15T13:15:00+00:00,23972.1,24009.0,23963.7,23995.6,2980
1778851800000,2026-05-15T13:30:00+00:00,23997.0,24016.0,23929.1,23929.1,3284
1778852700000,2026-05-15T13:45:00+00:00,23929.0,23984.0,23916.0,23928.6,3280
1778853600000,2026-05-15T14:00:00+00:00,23926.5,23966.6,23905.7,23958.1,3266
1778854500000,2026-05-15T14:15:00+00:00,23958.0,24015.6,23952.6,23983.4,3244
1778855400000,2026-05-15T14:30:00+00:00,23982.7,24008.3,23971.2,24002.2,3134
1778856300000,2026-05-15T14:45:00+00:00,24001.2,24004.4,23948.4,23984.3,3118
1778857200000,2026-05-15T15:00:00+00:00,23984.7,23997.5,23958.6,23966.1,3198
1778858100000,2026-05-15T15:15:00+00:00,23966.6,23967.9,23920.0,23950.4,3116
1778859000000,2026-05-15T15:30:00+00:00,23953.6,23965.6,23902.4,23908.7,3136
1778859900000,2026-05-15T15:45:00+00:00,23909.0,23909.4,23852.0,23880.3,3121
1778860800000,2026-05-15T16:00:00+00:00,23885.9,23886.3,23860.5,23879.6,3028
1778861700000,2026-05-15T16:15:00+00:00,23879.4,23900.2,23868.8,23896.8,2885
1778862600000,2026-05-15T16:30:00+00:00,23898.8,23902.8,23884.9,23899.5,2802
1778863500000,2026-05-15T16:45:00+00:00,23899.8,23901.9,23875.1,23893.0,2850
1778864400000,2026-05-15T17:00:00+00:00,23892.4,23919.6,23887.6,23913.3,2611
1778865300000,2026-05-15T17:15:00+00:00,23913.5,23941.4,23909.3,23929.4,2484
1778866200000,2026-05-15T17:30:00+00:00,23929.0,23939.6,23927.5,23934.5,2318
1778867100000,2026-05-15T17:45:00+00:00,23934.6,23939.1,23927.6,23937.5,2067
1778868000000,2026-05-15T18:00:00+00:00,23937.6,23948.4,23932.9,23934.3,2280
1778868900000,2026-05-15T18:15:00+00:00,23933.9,23935.6,23904.6,23916.9,2693
1778869800000,2026-05-15T18:30:00+00:00,23916.8,23918.1,23884.8,23906.5,2679
1778870700000,2026-05-15T18:45:00+00:00,23906.4,23914.6,23898.0,23909.9,2308
1778871600000,2026-05-15T19:00:00+00:00,23910.7,23911.1,23888.9,23895.3,2565
1778872500000,2026-05-15T19:15:00+00:00,23895.6,23911.5,23890.6,23899.9,2489
1778873400000,2026-05-15T19:30:00+00:00,23900.5,23908.5,23893.8,23897.9,2320
1778874300000,2026-05-15T19:45:00+00:00,23897.8,23918.1,23891.2,23892.1,1680
1779063300000,2026-05-18T00:15:00+00:00,23741.2,23812.9,23741.2,23787.8,1102
1779064200000,2026-05-18T00:30:00+00:00,23788.9,23796.7,23754.3,23754.4,1250
1779065100000,2026-05-18T00:45:00+00:00,23754.5,23815.4,23749.5,23813.2,2524
1779066000000,2026-05-18T01:00:00+00:00,23812.4,23819.8,23729.3,23729.3,2742
1779066900000,2026-05-18T01:15:00+00:00,23728.8,23737.3,23678.8,23695.0,2770
1779067800000,2026-05-18T01:30:00+00:00,23695.3,23729.3,23683.2,23727.8,2628
1779068700000,2026-05-18T01:45:00+00:00,23728.3,23766.8,23722.1,23737.2,2570
1779069600000,2026-05-18T02:00:00+00:00,23737.5,23748.8,23712.4,23746.1,2530
1779070500000,2026-05-18T02:15:00+00:00,23745.3,23767.8,23736.2,23757.8,2096
1779071400000,2026-05-18T02:30:00+00:00,23755.3,23759.4,23729.3,23737.8,2064
1779072300000,2026-05-18T02:45:00+00:00,23738.0,23742.3,23692.5,23698.8,2106
1779073200000,2026-05-18T03:00:00+00:00,23698.4,23721.7,23695.9,23700.3,1960
1779074100000,2026-05-18T03:15:00+00:00,23700.9,23714.8,23684.6,23710.4,1878
1779075000000,2026-05-18T03:30:00+00:00,23709.8,23735.3,23675.8,23728.3,2286
1779075900000,2026-05-18T03:45:00+00:00,23728.6,23730.4,23702.4,23713.4,1796
1779076800000,2026-05-18T04:00:00+00:00,23713.5,23760.4,23712.9,23749.3,1756
1779077700000,2026-05-18T04:15:00+00:00,23748.8,23769.1,23697.8,23707.4,1990
1779078600000,2026-05-18T04:30:00+00:00,23707.8,23748.8,23701.8,23740.9,1840
1779079500000,2026-05-18T04:45:00+00:00,23741.0,23753.3,23708.4,23717.4,1718
1779080400000,2026-05-18T05:00:00+00:00,23717.8,23767.4,23716.8,23744.8,2084
1779081300000,2026-05-18T05:15:00+00:00,23742.8,23747.4,23701.6,23747.3,2144
1779082200000,2026-05-18T05:30:00+00:00,23748.6,23774.4,23736.5,23767.8,2316
1779083100000,2026-05-18T05:45:00+00:00,23767.0,23774.8,23737.5,23737.9,1904
1779084000000,2026-05-18T06:00:00+00:00,23737.8,23750.8,23714.5,23742.3,2622
1779084900000,2026-05-18T06:15:00+00:00,23742.5,23758.0,23676.5,23678.8,2742
1779085800000,2026-05-18T06:30:00+00:00,23680.4,23705.6,23631.8,23704.4,2694
1779086700000,2026-05-18T06:45:00+00:00,23703.9,23758.1,23700.9,23758.1,2614
1779087600000,2026-05-18T07:00:00+00:00,23766.3,23850.2,23762.7,23804.6,3226
1779088500000,2026-05-18T07:15:00+00:00,23805.7,23890.7,23797.0,23887.7,3218
1779089400000,2026-05-18T07:30:00+00:00,23888.0,23898.0,23816.5,23830.4,3100
1779090300000,2026-05-18T07:45:00+00:00,23831.6,23892.1,23831.1,23873.0,2937
1779091200000,2026-05-18T08:00:00+00:00,23876.8,23910.3,23871.0,23902.5,3031
1779092100000,2026-05-18T08:15:00+00:00,23899.2,23948.4,23889.5,23941.8,2834
1779093000000,2026-05-18T08:30:00+00:00,23944.2,23972.0,23933.1,23960.7,2790
1779093900000,2026-05-18T08:45:00+00:00,23960.8,23999.4,23958.7,23991.8,2716
1779094800000,2026-05-18T09:00:00+00:00,23992.0,24002.7,23964.5,23977.2,2676
1779095700000,2026-05-18T09:15:00+00:00,23976.4,24004.9,23970.5,24001.2,2704
1779096600000,2026-05-18T09:30:00+00:00,24001.7,24013.7,23974.1,23991.8,2560
1779097500000,2026-05-18T09:45:00+00:00,23990.7,24012.3,23974.0,24010.7,2528
1779098400000,2026-05-18T10:00:00+00:00,24012.6,24021.0,23944.3,23946.0,2866
1779099300000,2026-05-18T10:15:00+00:00,23947.8,23982.2,23942.2,23980.2,2588
1779100200000,2026-05-18T10:30:00+00:00,23980.0,24006.8,23956.5,24005.8,2678
1779101100000,2026-05-18T10:45:00+00:00,24004.1,24026.1,23977.5,23982.5,2642
1779102000000,2026-05-18T11:00:00+00:00,23981.9,23985.6,23927.3,23985.3,2804
1779102900000,2026-05-18T11:15:00+00:00,23984.6,24024.8,23983.9,23997.4,2682
1779103800000,2026-05-18T11:30:00+00:00,23996.1,24243.8,23993.1,24201.3,3198
1779104700000,2026-05-18T11:45:00+00:00,24205.5,24208.9,24124.8,24135.0,3094
1779105600000,2026-05-18T12:00:00+00:00,24134.3,24182.6,24123.1,24148.6,2892
1779106500000,2026-05-18T12:15:00+00:00,24148.5,24169.1,24130.7,24163.0,2782
1779107400000,2026-05-18T12:30:00+00:00,24162.5,24342.2,24161.3,24328.5,3038
1779108300000,2026-05-18T12:45:00+00:00,24329.5,24379.2,24316.5,24378.3,3184
1779109200000,2026-05-18T13:00:00+00:00,24383.9,24389.7,24324.2,24356.3,3020
1779110100000,2026-05-18T13:15:00+00:00,24356.1,24371.6,24327.2,24338.2,2684
1779111000000,2026-05-18T13:30:00+00:00,24338.5,24362.7,24308.6,24319.2,3250
1779111900000,2026-05-18T13:45:00+00:00,24318.5,24436.0,24306.9,24405.7,3238
1779112800000,2026-05-18T14:00:00+00:00,24408.0,24424.2,24338.3,24392.6,3304
1779113700000,2026-05-18T14:15:00+00:00,24392.5,24434.2,24376.8,24384.3,3217
1779114600000,2026-05-18T14:30:00+00:00,24385.5,24392.0,24308.1,24332.6,3252
1779115500000,2026-05-18T14:45:00+00:00,24332.5,24372.0,24307.4,24354.3,3172
1779116400000,2026-05-18T15:00:00+00:00,24355.3,24362.7,24242.6,24278.3,3304
1779117300000,2026-05-18T15:15:00+00:00,24278.4,24295.6,24247.9,24249.0,3185
1779118200000,2026-05-18T15:30:00+00:00,24245.7,24339.9,24243.7,24322.0,3205
1779119100000,2026-05-18T15:45:00+00:00,24321.3,24338.4,24311.5,24316.4,2997
1779120000000,2026-05-18T16:00:00+00:00,24316.3,24317.9,24291.6,24313.0,2828
1779120900000,2026-05-18T16:15:00+00:00,24313.4,24336.0,24237.2,24251.4,3032
1779121800000,2026-05-18T16:30:00+00:00,24252.1,24309.8,24236.8,24270.6,3074
1779122700000,2026-05-18T16:45:00+00:00,24270.3,24296.9,24262.8,24263.6,2882
1779123600000,2026-05-18T17:00:00+00:00,24261.8,24309.6,24238.8,24296.1,2814
1779124500000,2026-05-18T17:15:00+00:00,24295.0,24315.1,24293.5,24307.3,2591
1779125400000,2026-05-18T17:30:00+00:00,24307.4,24312.8,24279.0,24297.4,2772
1779126300000,2026-05-18T17:45:00+00:00,24297.2,24307.3,24286.5,24289.9,2503
1779127200000,2026-05-18T18:00:00+00:00,24291.8,24297.0,24246.3,24247.2,2784
1779128100000,2026-05-18T18:15:00+00:00,24247.3,24247.3,24173.3,24201.5,3074
1779129000000,2026-05-18T18:30:00+00:00,24204.3,24224.5,24185.0,24203.8,2860
1779129900000,2026-05-18T18:45:00+00:00,24204.7,24208.2,24159.9,24164.2,2726
1779130800000,2026-05-18T19:00:00+00:00,24165.3,24343.6,24159.6,24286.5,3078
1779131700000,2026-05-18T19:15:00+00:00,24286.8,24302.3,24254.2,24270.6,2606
1779132600000,2026-05-18T19:30:00+00:00,24272.0,24353.0,24265.8,24348.8,2556
1779133500000,2026-05-18T19:45:00+00:00,24346.8,24396.6,24344.9,24396.3,2542
1779149700000,2026-05-19T00:15:00+00:00,24403.7,24403.8,24333.9,24361.4,2444
1779150600000,2026-05-19T00:30:00+00:00,24361.3,24372.4,24327.7,24345.1,2314
1779151500000,2026-05-19T00:45:00+00:00,24345.7,24357.4,24322.8,24330.8,2184
1779152400000,2026-05-19T01:00:00+00:00,24330.6,24366.6,24306.9,24339.6,2492
1779153300000,2026-05-19T01:15:00+00:00,24339.8,24343.3,24285.2,24314.1,2312
1779154200000,2026-05-19T01:30:00+00:00,24314.4,24353.4,24298.5,24344.4,2496
1779155100000,2026-05-19T01:45:00+00:00,24344.8,24350.8,24317.6,24319.3,2272
1779156000000,2026-05-19T02:00:00+00:00,24313.3,24320.2,24268.3,24283.0,2448
1779156900000,2026-05-19T02:15:00+00:00,24282.8,24304.5,24265.9,24298.6,2304
1779157800000,2026-05-19T02:30:00+00:00,24297.4,24317.8,24283.4,24298.8,2060
1779158700000,2026-05-19T02:45:00+00:00,24297.2,24305.3,24278.2,24284.8,1872
1779159600000,2026-05-19T03:00:00+00:00,24284.4,24304.0,24263.8,24285.5,1810
1779160500000,2026-05-19T03:15:00+00:00,24286.8,24318.3,24284.0,24311.2,1644
1779161400000,2026-05-19T03:30:00+00:00,24313.5,24336.8,24302.1,24304.8,1788
1779162300000,2026-05-19T03:45:00+00:00,24304.3,24304.3,24274.3,24277.6,1610
1779163200000,2026-05-19T04:00:00+00:00,24276.6,24276.8,24223.4,24244.3,2020
1779164100000,2026-05-19T04:15:00+00:00,24241.3,24241.3,24197.8,24209.4,1774
1779165000000,2026-05-19T04:30:00+00:00,24209.8,24269.3,24209.4,24252.8,1854
1779165900000,2026-05-19T04:45:00+00:00,24252.5,24281.3,24244.0,24269.6,1664
1779166800000,2026-05-19T05:00:00+00:00,24270.2,24284.2,24261.2,24279.2,2036
1779167700000,2026-05-19T05:15:00+00:00,24279.9,24288.3,24232.1,24277.3,2194
1779168600000,2026-05-19T05:30:00+00:00,24281.4,24310.8,24253.3,24279.5,2122
1779169500000,2026-05-19T05:45:00+00:00,24279.2,24307.8,24277.4,24286.5,2110
1779170400000,2026-05-19T06:00:00+00:00,24290.6,24310.7,24260.1,24305.0,2556
1779171300000,2026-05-19T06:15:00+00:00,24304.5,24352.6,24300.4,24340.0,2340
1779172200000,2026-05-19T06:30:00+00:00,24338.5,24365.1,24320.6,24361.3,2342
1779173100000,2026-05-19T06:45:00+00:00,24359.7,24359.7,24324.8,24332.6,2196
1779174000000,2026-05-19T07:00:00+00:00,24330.2,24463.9,24330.2,24449.2,3066
1779174900000,2026-05-19T07:15:00+00:00,24450.6,24497.2,24430.5,24491.3,2812
1779175800000,2026-05-19T07:30:00+00:00,24491.6,24597.5,24488.1,24588.5,2942
1779176700000,2026-05-19T07:45:00+00:00,24588.6,24666.2,24586.8,24639.5,2986
1779177600000,2026-05-19T08:00:00+00:00,24641.1,24649.1,24527.2,24569.7,3042
1779178500000,2026-05-19T08:15:00+00:00,24571.8,24601.3,24533.8,24566.3,2984
1779179400000,2026-05-19T08:30:00+00:00,24567.2,24642.1,24559.3,24631.5,2772
1779180300000,2026-05-19T08:45:00+00:00,24631.8,24653.2,24630.7,24641.8,2698
1779181200000,2026-05-19T09:00:00+00:00,24641.5,24655.3,24614.7,24638.1,2798
1779182100000,2026-05-19T09:15:00+00:00,24637.2,24644.3,24580.7,24609.5,2862
1779183000000,2026-05-19T09:30:00+00:00,24608.8,24615.5,24565.6,24585.5,2938
1779183900000,2026-05-19T09:45:00+00:00,24585.2,24620.5,24575.2,24620.0,2560
1779184800000,2026-05-19T10:00:00+00:00,24619.8,24641.7,24596.7,24637.5,2692
1779185700000,2026-05-19T10:15:00+00:00,24637.7,24642.0,24615.8,24633.0,2396
1779186600000,2026-05-19T10:30:00+00:00,24634.2,24697.0,24604.6,24615.2,2818
1779187500000,2026-05-19T10:45:00+00:00,24615.0,24681.2,24595.2,24661.1,2858
1779188400000,2026-05-19T11:00:00+00:00,24662.2,24670.5,24629.5,24632.2,2678
1779189300000,2026-05-19T11:15:00+00:00,24633.0,24633.0,24592.6,24607.9,2664
1779190200000,2026-05-19T11:30:00+00:00,24607.6,24631.0,24601.5,24617.2,2374
1779191100000,2026-05-19T11:45:00+00:00,24617.0,24618.5,24562.1,24566.2,2508
1779192000000,2026-05-19T12:00:00+00:00,24563.6,24617.5,24550.0,24616.3,2620
1779192900000,2026-05-19T12:15:00+00:00,24615.5,24632.0,24611.0,24620.5,2358
1779193800000,2026-05-19T12:30:00+00:00,24619.2,24636.3,24617.3,24632.3,2600
1779194700000,2026-05-19T12:45:00+00:00,24631.5,24639.6,24605.3,24616.1,2374
1779195600000,2026-05-19T13:00:00+00:00,24616.0,24623.3,24539.3,24597.5,2880
1779196500000,2026-05-19T13:15:00+00:00,24597.1,24600.5,24488.6,24494.0,3028
1779197400000,2026-05-19T13:30:00+00:00,24496.0,24523.8,24442.3,24448.7,3286
1779198300000,2026-05-19T13:45:00+00:00,24449.5,24544.3,24436.2,24494.5,3244
1779199200000,2026-05-19T14:00:00+00:00,24494.7,24551.5,24456.8,24460.1,3236
1779200100000,2026-05-19T14:15:00+00:00,24461.0,24467.2,24364.3,24387.5,3252
1779201000000,2026-05-19T14:30:00+00:00,24387.1,24422.9,24377.0,24401.4,3186
1779201900000,2026-05-19T14:45:00+00:00,24401.5,24441.2,24359.7,24440.1,3184
1779202800000,2026-05-19T15:00:00+00:00,24441.2,24470.8,24429.2,24469.5,3066
1779203700000,2026-05-19T15:15:00+00:00,24469.6,24480.7,24423.4,24433.1,3114
1779204600000,2026-05-19T15:30:00+00:00,24429.4,24463.5,24375.1,24376.5,3129
1779205500000,2026-05-19T15:45:00+00:00,24377.0,24400.7,24367.3,24385.3,2930
1779206400000,2026-05-19T16:00:00+00:00,24387.2,24402.3,24343.5,24358.4,2956
1779207300000,2026-05-19T16:15:00+00:00,24358.3,24411.8,24358.3,24395.9,2758
1779208200000,2026-05-19T16:30:00+00:00,24396.6,24413.2,24372.0,24383.8,2854
1779209100000,2026-05-19T16:45:00+00:00,24384.1,24399.2,24377.6,24391.4,2674
1779210000000,2026-05-19T17:00:00+00:00,24390.3,24395.6,24379.6,24392.1,2176
1779210900000,2026-05-19T17:15:00+00:00,24392.0,24398.1,24383.0,24388.2,2286
1779211800000,2026-05-19T17:30:00+00:00,24387.9,24398.1,24374.6,24395.5,2308
1779212700000,2026-05-19T17:45:00+00:00,24395.6,24407.5,24385.3,24398.5,2130
1779213600000,2026-05-19T18:00:00+00:00,24398.8,24418.6,24397.4,24410.6,2086
1779214500000,2026-05-19T18:15:00+00:00,24410.5,24411.4,24365.8,24367.2,2294
1779215400000,2026-05-19T18:30:00+00:00,24366.5,24384.1,24355.5,24371.2,2330
1779216300000,2026-05-19T18:45:00+00:00,24371.8,24374.2,24333.8,24341.3,2430
1779217200000,2026-05-19T19:00:00+00:00,24341.8,24386.8,24341.1,24385.5,2364
1779218100000,2026-05-19T19:15:00+00:00,24385.9,24388.2,24345.6,24362.7,2380
1779219000000,2026-05-19T19:30:00+00:00,24362.8,24367.9,24333.6,24335.2,2338
1779219900000,2026-05-19T19:45:00+00:00,24332.8,24338.8,24300.6,24315.8,2380
1779236100000,2026-05-20T00:15:00+00:00,24281.3,24282.3,24225.3,24278.8,2092
1779237000000,2026-05-20T00:30:00+00:00,24279.7,24336.3,24269.7,24285.4,2126
1779237900000,2026-05-20T00:45:00+00:00,24285.8,24320.3,24280.7,24293.8,1856
1779238800000,2026-05-20T01:00:00+00:00,24291.8,24310.3,24241.0,24287.3,2468
1779239700000,2026-05-20T01:15:00+00:00,24286.8,24295.7,24245.4,24252.8,2052
1779240600000,2026-05-20T01:30:00+00:00,24252.3,24256.8,24217.2,24245.5,2104
1779241500000,2026-05-20T01:45:00+00:00,24245.3,24324.6,24238.8,24285.9,2360
1779242400000,2026-05-20T02:00:00+00:00,24289.3,24303.8,24274.3,24290.3,1882
1779243300000,2026-05-20T02:15:00+00:00,24290.8,24317.5,24270.8,24273.6,1588
1779244200000,2026-05-20T02:30:00+00:00,24269.8,24273.3,24197.5,24215.8,2476
1779245100000,2026-05-20T02:45:00+00:00,24214.9,24223.5,24203.0,24205.3,1962
1779246000000,2026-05-20T03:00:00+00:00,24204.6,24205.3,24159.3,24171.8,1734
1779246900000,2026-05-20T03:15:00+00:00,24171.7,24226.4,24170.2,24222.0,1562
1779247800000,2026-05-20T03:30:00+00:00,24222.8,24255.8,24198.8,24230.8,1674
1779248700000,2026-05-20T03:45:00+00:00,24233.5,24243.7,24223.0,24235.2,1488
1779249600000,2026-05-20T04:00:00+00:00,24236.0,24275.7,24236.0,24275.3,1398
1779250500000,2026-05-20T04:15:00+00:00,24273.2,24281.3,24246.8,24258.6,1324
1779251400000,2026-05-20T04:30:00+00:00,24259.1,24260.2,24232.2,24250.9,1242
1779252300000,2026-05-20T04:45:00+00:00,24250.3,24255.7,24225.8,24238.4,1160
1779253200000,2026-05-20T05:00:00+00:00,24237.9,24284.9,24236.6,24272.8,1666
1779254100000,2026-05-20T05:15:00+00:00,24272.3,24279.8,24249.9,24256.0,1602
1779255000000,2026-05-20T05:30:00+00:00,24256.1,24292.0,24256.1,24273.3,1632
1779255900000,2026-05-20T05:45:00+00:00,24273.8,24296.8,24266.8,24287.8,1448
1779256800000,2026-05-20T06:00:00+00:00,24281.5,24316.5,24279.8,24307.2,2282
1779257700000,2026-05-20T06:15:00+00:00,24307.3,24366.0,24306.0,24352.0,2448
1779258600000,2026-05-20T06:30:00+00:00,24354.5,24355.6,24325.0,24330.6,2110
1779259500000,2026-05-20T06:45:00+00:00,24330.3,24366.5,24330.0,24362.8,2104
1779260400000,2026-05-20T07:00:00+00:00,24363.3,24388.5,24318.8,24362.7,2872
1779261300000,2026-05-20T07:15:00+00:00,24363.3,24413.0,24356.5,24409.7,2650
1779262200000,2026-05-20T07:30:00+00:00,24409.3,24413.0,24352.5,24382.2,2626
1779263100000,2026-05-20T07:45:00+00:00,24382.5,24386.7,24309.0,24309.0,2500
1779264000000,2026-05-20T08:00:00+00:00,24310.1,24345.5,24280.2,24309.0,2754
1779264900000,2026-05-20T08:15:00+00:00,24308.7,24385.9,24288.7,24385.9,2494
1779265800000,2026-05-20T08:30:00+00:00,24386.8,24433.8,24378.7,24424.5,2460
1779266700000,2026-05-20T08:45:00+00:00,24424.3,24455.8,24419.7,24437.7,2068
1779267600000,2026-05-20T09:00:00+00:00,24434.5,24472.8,24426.2,24426.2,2248
1779268500000,2026-05-20T09:15:00+00:00,24426.0,24471.3,24425.0,24469.3,2118
1779269400000,2026-05-20T09:30:00+00:00,24468.7,24478.2,24456.5,24473.6,1924
1779270300000,2026-05-20T09:45:00+00:00,24473.8,24497.3,24468.0,24488.1,2130
1779271200000,2026-05-20T10:00:00+00:00,24488.0,24541.2,24485.7,24540.2,2039
1779272100000,2026-05-20T10:15:00+00:00,24541.2,24561.3,24530.2,24551.5,2032
1779273000000,2026-05-20T10:30:00+00:00,24551.6,24591.9,24548.2,24559.3,2304
1779273900000,2026-05-20T10:45:00+00:00,24559.5,24572.6,24517.2,24521.8,2110
1779274800000,2026-05-20T11:00:00+00:00,24521.7,24529.7,24505.2,24508.7,2101
1779275700000,2026-05-20T11:15:00+00:00,24509.2,24539.2,24508.8,24535.5,1834
1779276600000,2026-05-20T11:30:00+00:00,24537.0,24544.8,24510.2,24524.2,1885
1779277500000,2026-05-20T11:45:00+00:00,24524.7,24532.5,24485.9,24504.5,2063
1779278400000,2026-05-20T12:00:00+00:00,24503.9,24537.3,24499.3,24528.0,1974
1779279300000,2026-05-20T12:15:00+00:00,24527.7,24562.2,24523.8,24554.1,2204
1779280200000,2026-05-20T12:30:00+00:00,24553.8,24566.3,24495.9,24499.5,2263
1779281100000,2026-05-20T12:45:00+00:00,24500.0,24505.5,24470.1,24472.1,2218
1779282000000,2026-05-20T13:00:00+00:00,24471.1,24505.1,24463.0,24488.2,2206
1779282900000,2026-05-20T13:15:00+00:00,24487.8,24499.3,24469.9,24480.0,2209
1779283800000,2026-05-20T13:30:00+00:00,24479.5,24506.7,24439.0,24504.3,2867
1779284700000,2026-05-20T13:45:00+00:00,24504.7,24550.2,24504.7,24542.2,2823
1779285600000,2026-05-20T14:00:00+00:00,24545.0,24611.9,24459.9,24546.0,3028
1779286500000,2026-05-20T14:15:00+00:00,24558.0,24733.0,24552.9,24663.5,3314
1779287400000,2026-05-20T14:30:00+00:00,24663.7,24699.7,24621.5,24667.5,3106
1779288300000,2026-05-20T14:45:00+00:00,24669.7,24712.5,24636.2,24680.4,2929
1779289200000,2026-05-20T15:00:00+00:00,24681.5,24722.7,24671.3,24702.3,2780
1779290100000,2026-05-20T15:15:00+00:00,24704.9,24894.1,24698.6,24742.9,3238
1779291000000,2026-05-20T15:30:00+00:00,24744.5,24763.9,24726.6,24753.8,3079
1779291900000,2026-05-20T15:45:00+00:00,24754.0,24759.5,24692.1,24715.3,2776
1779292800000,2026-05-20T16:00:00+00:00,24715.5,24747.8,24708.3,24746.3,2520
1779293700000,2026-05-20T16:15:00+00:00,24746.8,24748.3,24681.3,24694.3,2683
1779294600000,2026-05-20T16:30:00+00:00,24698.0,24734.0,24676.0,24732.4,2555
1779295500000,2026-05-20T16:45:00+00:00,24735.8,24739.6,24706.5,24722.3,2644
1779296400000,2026-05-20T17:00:00+00:00,24722.4,24749.8,24704.8,24736.0,2303
1779297300000,2026-05-20T17:15:00+00:00,24735.5,24753.6,24729.0,24744.8,2274
1779298200000,2026-05-20T17:30:00+00:00,24745.0,24766.8,24735.8,24750.4,2071
1779299100000,2026-05-20T17:45:00+00:00,24750.9,24758.9,24739.5,24741.3,1680
1779300000000,2026-05-20T18:00:00+00:00,24742.0,24756.6,24731.8,24745.6,1920
1779300900000,2026-05-20T18:15:00+00:00,24745.3,24753.1,24739.8,24752.3,1832
1779301800000,2026-05-20T18:30:00+00:00,24752.5,24768.4,24746.5,24746.5,1656
1779302700000,2026-05-20T18:45:00+00:00,24747.2,24761.0,24745.2,24758.5,1665
1779303600000,2026-05-20T19:00:00+00:00,24758.0,24765.8,24748.2,24754.9,1378
1779304500000,2026-05-20T19:15:00+00:00,24755.0,24769.3,24755.0,24762.3,1422
1779305400000,2026-05-20T19:30:00+00:00,24762.1,24792.1,24758.9,24783.3,1619
1779306300000,2026-05-20T19:45:00+00:00,24783.1,24784.2,24760.3,24780.4,1841
1779322500000,2026-05-21T00:15:00+00:00,24692.1,24725.6,24670.1,24702.3,1812
1779323400000,2026-05-21T00:30:00+00:00,24703.3,24719.8,24692.8,24709.1,1320
1779324300000,2026-05-21T00:45:00+00:00,24709.3,24742.9,24708.3,24736.6,1208
1779325200000,2026-05-21T01:00:00+00:00,24736.3,24766.9,24735.8,24766.9,1558
1779326100000,2026-05-21T01:15:00+00:00,24766.3,24778.2,24757.2,24763.1,1184
1779327000000,2026-05-21T01:30:00+00:00,24763.3,24785.2,24753.8,24771.3,1340
1779327900000,2026-05-21T01:45:00+00:00,24774.3,24780.6,24754.3,24776.8,1162
1779328800000,2026-05-21T02:00:00+00:00,24777.9,24803.7,24769.8,24785.9,1226
1779329700000,2026-05-21T02:15:00+00:00,24785.6,24794.3,24765.3,24772.8,808
1779330600000,2026-05-21T02:30:00+00:00,24772.9,24777.3,24742.3,24752.2,964
1779331500000,2026-05-21T02:45:00+00:00,24752.7,24759.9,24735.1,24744.8,1034
1779332400000,2026-05-21T03:00:00+00:00,24745.3,24752.9,24731.3,24743.7,826
1779333300000,2026-05-21T03:15:00+00:00,24743.9,24759.9,24735.9,24739.7,732
1779334200000,2026-05-21T03:30:00+00:00,24737.5,24747.2,24729.8,24734.3,764
1779335100000,2026-05-21T03:45:00+00:00,24734.7,24735.4,24700.8,24720.8,928
1779336000000,2026-05-21T04:00:00+00:00,24720.3,24738.8,24718.3,24738.3,552
1779336900000,2026-05-21T04:15:00+00:00,24738.9,24755.4,24732.0,24750.3,656
1779337800000,2026-05-21T04:30:00+00:00,24750.6,24754.3,24727.6,24747.2,674
1779338700000,2026-05-21T04:45:00+00:00,24746.6,24768.3,24743.6,24758.7,736
1779339600000,2026-05-21T05:00:00+00:00,24759.3,24773.7,24737.3,24745.9,928
1779340500000,2026-05-21T05:15:00+00:00,24746.5,24761.5,24739.5,24740.4,1074
1779341400000,2026-05-21T05:30:00+00:00,24739.8,24740.9,24695.8,24703.3,1348
1779342300000,2026-05-21T05:45:00+00:00,24706.7,24708.5,24640.9,24679.3,1606
1779343200000,2026-05-21T06:00:00+00:00,24681.3,24708.4,24667.7,24678.1,1780
1779344100000,2026-05-21T06:15:00+00:00,24679.1,24730.1,24662.9,24705.5,2136
1779345000000,2026-05-21T06:30:00+00:00,24705.6,24718.4,24673.0,24673.8,1904
1779345900000,2026-05-21T06:45:00+00:00,24673.3,24673.3,24649.6,24667.8,2134
1779346800000,2026-05-21T07:00:00+00:00,24669.0,24719.3,24652.5,24674.0,2920
1779347700000,2026-05-21T07:15:00+00:00,24678.3,24679.9,24595.9,24601.0,2742
1779348600000,2026-05-21T07:30:00+00:00,24604.3,24680.0,24603.0,24674.0,2512
1779349500000,2026-05-21T07:45:00+00:00,24673.0,24729.3,24670.3,24708.4,2320
1779350400000,2026-05-21T08:00:00+00:00,24708.0,24834.3,24703.5,24816.8,2800
1779351300000,2026-05-21T08:15:00+00:00,24817.0,24855.8,24750.0,24799.4,2778
1779352200000,2026-05-21T08:30:00+00:00,24803.0,24803.0,24745.7,24780.5,2368
1779353100000,2026-05-21T08:45:00+00:00,24783.7,24800.6,24758.3,24790.7,2386
1779354000000,2026-05-21T09:00:00+00:00,24789.5,24836.5,24780.0,24825.0,2438
1779354900000,2026-05-21T09:15:00+00:00,24825.3,24878.0,24824.7,24871.8,2324
1779355800000,2026-05-21T09:30:00+00:00,24872.6,24889.0,24833.0,24833.1,2206
1779356700000,2026-05-21T09:45:00+00:00,24833.3,24862.6,24822.3,24855.0,2158
1779357600000,2026-05-21T10:00:00+00:00,24855.6,24867.2,24842.0,24860.4,2132
1779358500000,2026-05-21T10:15:00+00:00,24861.7,24873.8,24682.0,24697.6,2514
1779359400000,2026-05-21T10:30:00+00:00,24694.5,24694.5,24523.0,24589.0,3232
1779360300000,2026-05-21T10:45:00+00:00,24589.5,24606.7,24545.8,24562.5,2972
1779361200000,2026-05-21T11:00:00+00:00,24558.3,24615.5,24544.0,24595.2,2734
1779362100000,2026-05-21T11:15:00+00:00,24594.5,24645.6,24585.0,24622.5,2352
1779363000000,2026-05-21T11:30:00+00:00,24621.0,24634.5,24578.0,24606.0,2338
1779363900000,2026-05-21T11:45:00+00:00,24606.8,24621.5,24574.5,24591.8,2230
1779364800000,2026-05-21T12:00:00+00:00,24592.6,24612.6,24578.1,24597.6,2444
1779365700000,2026-05-21T12:15:00+00:00,24597.0,24604.7,24532.2,24542.1,2408
1779366600000,2026-05-21T12:30:00+00:00,24543.9,24610.9,24531.3,24563.0,2786
1779367500000,2026-05-21T12:45:00+00:00,24563.3,24586.8,24542.0,24575.5,2526
1779368400000,2026-05-21T13:00:00+00:00,24568.3,24617.5,24563.2,24582.0,2516
1779369300000,2026-05-21T13:15:00+00:00,24580.8,24619.2,24577.5,24596.6,2380
1779370200000,2026-05-21T13:30:00+00:00,24598.2,24601.7,24524.5,24545.5,3002
1779371100000,2026-05-21T13:45:00+00:00,24545.0,24701.4,24544.5,24686.6,2994
1779372000000,2026-05-21T14:00:00+00:00,24687.0,24703.3,24641.6,24653.0,2954
1779372900000,2026-05-21T14:15:00+00:00,24651.0,24666.5,24602.4,24656.8,3018
1779373800000,2026-05-21T14:30:00+00:00,24657.0,24688.4,24654.4,24661.8,2756
1779374700000,2026-05-21T14:45:00+00:00,24662.3,24713.3,24649.8,24708.8,2800
1779375600000,2026-05-21T15:00:00+00:00,24707.3,24715.8,24645.5,24680.5,2954
1779376500000,2026-05-21T15:15:00+00:00,24680.8,24696.3,24645.5,24653.2,2738
1779377400000,2026-05-21T15:30:00+00:00,24649.7,24654.8,24598.2,24639.3,2846
1779378300000,2026-05-21T15:45:00+00:00,24639.8,24654.3,24625.3,24630.6,2432
1779379200000,2026-05-21T16:00:00+00:00,24630.8,24671.3,24630.8,24661.6,2582
1779380100000,2026-05-21T16:15:00+00:00,24661.9,24661.9,24629.6,24650.1,2316
1779381000000,2026-05-21T16:30:00+00:00,24649.8,24660.8,24641.5,24651.8,2268
1779381900000,2026-05-21T16:45:00+00:00,24652.1,24655.7,24625.0,24642.1,2214
1779382800000,2026-05-21T17:00:00+00:00,24641.8,24772.8,24641.8,24727.8,2226
1779383700000,2026-05-21T17:15:00+00:00,24727.9,24833.7,24725.1,24818.8,2944
1779384600000,2026-05-21T17:30:00+00:00,24819.1,24878.1,24810.1,24868.8,2594
1779385500000,2026-05-21T17:45:00+00:00,24867.4,24915.3,24854.3,24885.6,2714
1779386400000,2026-05-21T18:00:00+00:00,24885.3,24903.1,24830.3,24856.8,2596
1779387300000,2026-05-21T18:15:00+00:00,24857.1,24873.0,24845.2,24860.3,2292
1779388200000,2026-05-21T18:30:00+00:00,24861.3,24865.3,24836.3,24863.3,2140
1779389100000,2026-05-21T18:45:00+00:00,24860.9,24867.5,24770.3,24797.3,2732
1779390000000,2026-05-21T19:00:00+00:00,24796.5,24856.3,24790.3,24855.8,2350
1779390900000,2026-05-21T19:15:00+00:00,24856.1,24864.3,24830.1,24839.5,1898
1779391800000,2026-05-21T19:30:00+00:00,24839.8,24849.3,24820.6,24828.3,2010
1779392700000,2026-05-21T19:45:00+00:00,24826.8,24850.1,24787.2,24840.8,2318
1779408900000,2026-05-22T00:15:00+00:00,24899.3,24907.1,24854.8,24858.6,1077
1779409800000,2026-05-22T00:30:00+00:00,24858.8,24871.6,24850.6,24854.2,1056
1779410700000,2026-05-22T00:45:00+00:00,24854.9,24868.3,24854.6,24855.8,964
1779411600000,2026-05-22T01:00:00+00:00,24855.5,24861.3,24837.6,24855.6,1090
1779412500000,2026-05-22T01:15:00+00:00,24856.1,24869.4,24841.8,24856.4,1044
1779413400000,2026-05-22T01:30:00+00:00,24856.3,24862.3,24837.5,24858.3,1232
1779414300000,2026-05-22T01:45:00+00:00,24858.1,24879.7,24857.4,24862.1,754
1779415200000,2026-05-22T02:00:00+00:00,24863.6,24870.5,24847.1,24861.8,932
1779416100000,2026-05-22T02:15:00+00:00,24861.7,24870.2,24839.9,24842.7,908
1779417000000,2026-05-22T02:30:00+00:00,24840.1,24885.1,24834.2,24865.2,780
1779417900000,2026-05-22T02:45:00+00:00,24864.6,24882.1,24862.6,24876.1,858
1779418800000,2026-05-22T03:00:00+00:00,24876.3,24882.5,24840.3,24845.7,606
1779419700000,2026-05-22T03:15:00+00:00,24846.5,24866.6,24839.6,24861.6,616
1779420600000,2026-05-22T03:30:00+00:00,24862.3,24872.7,24850.7,24855.1,708
1779421500000,2026-05-22T03:45:00+00:00,24853.6,24870.5,24853.6,24861.5,610
1779422400000,2026-05-22T04:00:00+00:00,24863.6,24919.3,24858.1,24906.0,750
1779423300000,2026-05-22T04:15:00+00:00,24905.6,24906.0,24869.6,24876.1,516
1779424200000,2026-05-22T04:30:00+00:00,24877.2,24899.5,24868.2,24878.8,642
1779425100000,2026-05-22T04:45:00+00:00,24878.1,24888.2,24864.1,24884.6,598
1779426000000,2026-05-22T05:00:00+00:00,24882.8,24921.9,24882.1,24906.6,768
1779426900000,2026-05-22T05:15:00+00:00,24907.0,24910.3,24868.9,24892.1,796
1779427800000,2026-05-22T05:30:00+00:00,24891.1,24901.5,24882.8,24884.6,790
1779428700000,2026-05-22T05:45:00+00:00,24884.8,24886.3,24830.6,24833.6,1204
1779429600000,2026-05-22T06:00:00+00:00,24834.1,24855.3,24811.6,24853.6,1432
1779430500000,2026-05-22T06:15:00+00:00,24853.5,24863.1,24835.8,24847.3,1710
1779431400000,2026-05-22T06:30:00+00:00,24847.6,24887.8,24840.3,24873.6,1752
1779432300000,2026-05-22T06:45:00+00:00,24873.3,24874.6,24849.8,24864.1,1624
1779433200000,2026-05-22T07:00:00+00:00,24864.3,24864.3,24745.4,24754.3,2980
1779434100000,2026-05-22T07:15:00+00:00,24756.3,24822.5,24753.1,24806.7,2579
1779435000000,2026-05-22T07:30:00+00:00,24806.8,24810.2,24709.1,24731.9,2737
1779435900000,2026-05-22T07:45:00+00:00,24731.6,24752.3,24717.5,24750.8,2357
1779436800000,2026-05-22T08:00:00+00:00,24751.8,24772.8,24704.4,24744.3,2531
1779437700000,2026-05-22T08:15:00+00:00,24744.0,24788.1,24734.3,24751.5,2654
1779438600000,2026-05-22T08:30:00+00:00,24755.3,24760.9,24663.8,24744.5,2420
1779439500000,2026-05-22T08:45:00+00:00,24745.3,24749.5,24725.8,24736.5,1958
1779440400000,2026-05-22T09:00:00+00:00,24736.3,24736.3,24702.3,24714.3,2341
1779441300000,2026-05-22T09:15:00+00:00,24712.5,24760.8,24708.3,24745.5,2248
1779442200000,2026-05-22T09:30:00+00:00,24746.3,24761.0,24720.8,24743.1,2022
1779443100000,2026-05-22T09:45:00+00:00,24744.3,24782.5,24739.8,24775.3,1974
1779444000000,2026-05-22T10:00:00+00:00,24776.4,24813.2,24763.0,24795.0,1936
1779444900000,2026-05-22T10:15:00+00:00,24792.8,24813.0,24783.8,24806.5,1854
1779445800000,2026-05-22T10:30:00+00:00,24806.9,24809.3,24772.8,24779.9,1935
1779446700000,2026-05-22T10:45:00+00:00,24780.5,24785.6,24765.6,24774.4,1913
1779447600000,2026-05-22T11:00:00+00:00,24775.0,24792.6,24745.6,24753.2,1979
1779448500000,2026-05-22T11:15:00+00:00,24752.9,24756.5,24739.6,24751.0,1778
1779449400000,2026-05-22T11:30:00+00:00,24751.4,24810.3,24751.1,24805.3,1794
1779450300000,2026-05-22T11:45:00+00:00,24805.2,24849.3,24800.2,24802.5,2158
1779451200000,2026-05-22T12:00:00+00:00,24802.6,24946.3,24799.9,24900.4,2270
1779452100000,2026-05-22T12:15:00+00:00,24898.3,24916.3,24857.3,24866.2,2649
1779453000000,2026-05-22T12:30:00+00:00,24867.0,24872.0,24835.4,24854.0,2221
1779453900000,2026-05-22T12:45:00+00:00,24854.8,24915.1,24852.0,24915.1,2071
1779454800000,2026-05-22T13:00:00+00:00,24914.7,24938.7,24882.4,24916.2,2540
1779455700000,2026-05-22T13:15:00+00:00,24917.4,24934.8,24896.9,24897.5,2266
1779456600000,2026-05-22T13:30:00+00:00,24897.2,24917.7,24866.4,24911.2,2942
1779457500000,2026-05-22T13:45:00+00:00,24910.9,24927.0,24867.4,24880.9,2805
1779458400000,2026-05-22T14:00:00+00:00,24882.7,24882.7,24825.1,24841.0,2912
1779459300000,2026-05-22T14:15:00+00:00,24840.9,24854.7,24829.4,24852.4,2640
1779460200000,2026-05-22T14:30:00+00:00,24852.7,24879.3,24844.2,24877.3,2442
1779461100000,2026-05-22T14:45:00+00:00,24878.4,24914.6,24876.4,24905.4,2386
1779462000000,2026-05-22T15:00:00+00:00,24904.8,24918.3,24889.8,24899.4,2354
1779462900000,2026-05-22T15:15:00+00:00,24898.5,24930.8,24897.7,24926.5,2414
1779463800000,2026-05-22T15:30:00+00:00,24926.7,24931.9,24870.0,24876.0,2582
1779464700000,2026-05-22T15:45:00+00:00,24876.7,24886.7,24844.1,24855.7,2097
1779465600000,2026-05-22T16:00:00+00:00,24856.2,24866.1,24834.5,24858.9,1985
1779466500000,2026-05-22T16:15:00+00:00,24857.7,24862.2,24841.5,24858.0,1907
1779467400000,2026-05-22T16:30:00+00:00,24858.3,24866.3,24854.2,24859.0,1942
1779468300000,2026-05-22T16:45:00+00:00,24858.8,24869.1,24838.7,24845.0,1688
1779469200000,2026-05-22T17:00:00+00:00,24846.2,24862.0,24845.7,24849.8,1416
1779470100000,2026-05-22T17:15:00+00:00,24849.7,24899.2,24807.8,24894.6,1926
1779471000000,2026-05-22T17:30:00+00:00,24900.0,24932.0,24865.0,24869.7,2254
1779471900000,2026-05-22T17:45:00+00:00,24869.8,24872.5,24846.5,24849.5,1776
1779472800000,2026-05-22T18:00:00+00:00,24849.0,24854.5,24817.3,24835.8,1812
1779473700000,2026-05-22T18:15:00+00:00,24835.5,24850.3,24823.9,24836.7,1714
1779474600000,2026-05-22T18:30:00+00:00,24836.0,24863.5,24831.0,24842.5,1468
1779475500000,2026-05-22T18:45:00+00:00,24842.8,24845.5,24826.2,24837.5,1294
1779476400000,2026-05-22T19:00:00+00:00,24837.2,24839.0,24794.0,24811.0,1720
1779477300000,2026-05-22T19:15:00+00:00,24810.7,24819.0,24784.2,24788.7,1610
1779478200000,2026-05-22T19:30:00+00:00,24793.2,24814.6,24789.2,24811.5,1808
1779479100000,2026-05-22T19:45:00+00:00,24811.7,24811.7,24789.5,24795.7,1172
1779668100000,2026-05-25T00:15:00+00:00,25018.2,25062.6,25017.2,25053.8,1173
1779669000000,2026-05-25T00:30:00+00:00,25054.0,25074.6,25045.6,25047.3,980
1779669900000,2026-05-25T00:45:00+00:00,25047.6,25092.6,25038.8,25041.9,996
1779670800000,2026-05-25T01:00:00+00:00,25046.8,25056.6,25036.9,25050.8,1062
1779671700000,2026-05-25T01:15:00+00:00,25050.2,25077.3,25047.3,25075.6,748
1779672600000,2026-05-25T01:30:00+00:00,25076.8,25118.8,25068.8,25111.8,842
1779673500000,2026-05-25T01:45:00+00:00,25112.0,25112.8,25100.3,25108.8,628
1779674400000,2026-05-25T02:00:00+00:00,25109.0,25136.8,25104.8,25126.9,980
1779675300000,2026-05-25T02:15:00+00:00,25127.0,25127.2,25109.8,25113.6,666
1779676200000,2026-05-25T02:30:00+00:00,25114.2,25138.3,25108.8,25122.0,720
1779677100000,2026-05-25T02:45:00+00:00,25122.1,25133.3,25119.8,25125.8,442
1779678000000,2026-05-25T03:00:00+00:00,25126.3,25148.8,25116.7,25140.2,980
1779678900000,2026-05-25T03:15:00+00:00,25140.4,25173.1,25131.8,25157.8,760
1779679800000,2026-05-25T03:30:00+00:00,25160.8,25175.3,25137.8,25157.3,870
1779680700000,2026-05-25T03:45:00+00:00,25156.9,25168.3,25141.3,25146.6,682
1779681600000,2026-05-25T04:00:00+00:00,25147.3,25171.3,25143.3,25171.3,400
1779682500000,2026-05-25T04:15:00+00:00,25173.3,25174.8,25154.0,25159.4,426
1779683400000,2026-05-25T04:30:00+00:00,25159.1,25190.8,25156.8,25187.8,520
1779684300000,2026-05-25T04:45:00+00:00,25189.2,25201.9,25169.8,25178.3,504
1779685200000,2026-05-25T05:00:00+00:00,25178.2,25198.2,25174.4,25190.7,508
1779686100000,2026-05-25T05:15:00+00:00,25190.3,25226.4,25186.2,25200.7,632
1779687000000,2026-05-25T05:30:00+00:00,25201.0,25205.2,25166.4,25186.1,694
1779687900000,2026-05-25T05:45:00+00:00,25186.0,25186.0,25146.0,25146.0,746
1779688800000,2026-05-25T06:00:00+00:00,25138.9,25146.5,25109.2,25131.7,1522
1779689700000,2026-05-25T06:15:00+00:00,25132.0,25135.0,25092.7,25135.0,1684
1779690600000,2026-05-25T06:30:00+00:00,25135.8,25150.3,25122.5,25143.4,1534
1779691500000,2026-05-25T06:45:00+00:00,25143.7,25159.7,25121.3,25122.9,1542
1779692400000,2026-05-25T07:00:00+00:00,25124.2,25198.8,25124.2,25136.7,2704
1779693300000,2026-05-25T07:15:00+00:00,25136.6,25160.5,25057.0,25146.1,2564
1779694200000,2026-05-25T07:30:00+00:00,25145.8,25214.1,25140.8,25153.0,2516
1779695100000,2026-05-25T07:45:00+00:00,25152.3,25180.6,25143.2,25177.5,1916
1779696000000,2026-05-25T08:00:00+00:00,25177.2,25182.9,25147.2,25177.1,2106
1779696900000,2026-05-25T08:15:00+00:00,25177.4,25194.4,25164.8,25189.6,1944
1779697800000,2026-05-25T08:30:00+00:00,25190.1,25199.1,25181.1,25194.1,2068
1779698700000,2026-05-25T08:45:00+00:00,25194.2,25202.0,25177.1,25182.9,1738
1779699600000,2026-05-25T09:00:00+00:00,25182.3,25202.9,25179.7,25197.6,1584
1779700500000,2026-05-25T09:15:00+00:00,25198.3,25216.7,25195.5,25211.6,1542
1779701400000,2026-05-25T09:30:00+00:00,25211.5,25239.7,25210.9,25232.0,1754
1779702300000,2026-05-25T09:45:00+00:00,25232.5,25250.2,25225.0,25229.8,1752
1779703200000,2026-05-25T10:00:00+00:00,25230.0,25255.2,25220.0,25245.4,1716
1779704100000,2026-05-25T10:15:00+00:00,25245.7,25272.6,25245.7,25247.9,1670
1779705000000,2026-05-25T10:30:00+00:00,25248.0,25269.0,25239.4,25265.7,1544
1779705900000,2026-05-25T10:45:00+00:00,25265.3,25266.2,25246.9,25253.0,1438
1779706800000,2026-05-25T11:00:00+00:00,25253.1,25258.8,25225.5,25234.9,1612
1779707700000,2026-05-25T11:15:00+00:00,25235.0,25258.3,25235.0,25252.8,1444
1779708600000,2026-05-25T11:30:00+00:00,25253.0,25274.4,25252.1,25273.2,1502
1779709500000,2026-05-25T11:45:00+00:00,25273.4,25296.6,25263.5,25270.8,1670
1779710400000,2026-05-25T12:00:00+00:00,25270.5,25287.1,25260.1,25280.9,1552
1779711300000,2026-05-25T12:15:00+00:00,25280.1,25329.7,25276.5,25279.1,1746
1779712200000,2026-05-25T12:30:00+00:00,25280.4,25303.6,25277.6,25292.7,1644
1779713100000,2026-05-25T12:45:00+00:00,25292.5,25299.9,25269.0,25277.7,1734
1779714000000,2026-05-25T13:00:00+00:00,25276.0,25284.8,25263.5,25278.6,1760
1779714900000,2026-05-25T13:15:00+00:00,25278.7,25281.1,25263.0,25279.9,1498
1779715800000,2026-05-25T13:30:00+00:00,25279.7,25307.5,25279.7,25307.4,1696
1779716700000,2026-05-25T13:45:00+00:00,25307.3,25336.2,25295.8,25322.9,1826
1779717600000,2026-05-25T14:00:00+00:00,25324.2,25342.5,25315.7,25317.1,1810
1779718500000,2026-05-25T14:15:00+00:00,25317.2,25376.3,25317.2,25375.0,1768
1779719400000,2026-05-25T14:30:00+00:00,25376.0,25377.0,25349.1,25352.6,1688
1779720300000,2026-05-25T14:45:00+00:00,25351.5,25382.0,25346.3,25368.7,1678
1779721200000,2026-05-25T15:00:00+00:00,25368.2,25448.5,25345.2,25412.5,2136
1779722100000,2026-05-25T15:15:00+00:00,25410.1,25425.1,25386.6,25397.0,2408
1779723000000,2026-05-25T15:30:00+00:00,25394.4,25401.5,25369.0,25399.7,2110
1779723900000,2026-05-25T15:45:00+00:00,25399.5,25407.9,25393.4,25400.5,1196
1779724800000,2026-05-25T16:00:00+00:00,25399.4,25402.2,25379.5,25392.2,821
1779725700000,2026-05-25T16:15:00+00:00,25392.6,25395.0,25384.2,25385.4,708
1779726600000,2026-05-25T16:30:00+00:00,25385.1,25387.9,25376.0,25384.7,614
1779727500000,2026-05-25T16:45:00+00:00,25384.9,25402.1,25377.0,25397.8,972
1779728400000,2026-05-25T17:00:00+00:00,25397.2,25416.1,25396.0,25405.7,626
1779729300000,2026-05-25T17:15:00+00:00,25406.0,25406.0,25386.9,25397.2,600
1779730200000,2026-05-25T17:30:00+00:00,25397.0,25403.5,25390.9,25396.9,324
1779731100000,2026-05-25T17:45:00+00:00,25397.1,25397.1,25391.7,25394.1,200
1779732000000,2026-05-25T18:00:00+00:00,25394.0,25396.6,25387.7,25387.7,302
1779732900000,2026-05-25T18:15:00+00:00,25387.9,25389.7,25378.6,25380.7,246
1779733800000,2026-05-25T18:30:00+00:00,25381.3,25384.0,25377.7,25384.0,256
1779734700000,2026-05-25T18:45:00+00:00,25383.8,25388.1,25382.5,25387.9,292
1779735600000,2026-05-25T19:00:00+00:00,25387.5,25388.8,25377.1,25386.5,224
1779736500000,2026-05-25T19:15:00+00:00,25384.9,25389.7,25382.7,25387.7,250
1779737400000,2026-05-25T19:30:00+00:00,25387.8,25392.6,25381.2,25386.3,392
1779738300000,2026-05-25T19:45:00+00:00,25386.2,25396.9,25381.2,25386.5,696
1779754500000,2026-05-26T00:15:00+00:00,25295.6,25318.8,25242.4,25314.2,1625
1779755400000,2026-05-26T00:30:00+00:00,25315.2,25345.8,25313.2,25314.5,1802
1779756300000,2026-05-26T00:45:00+00:00,25314.7,25319.7,25303.1,25310.2,1512
1779757200000,2026-05-26T01:00:00+00:00,25308.8,25330.9,25296.4,25326.5,1914
1779758100000,2026-05-26T01:15:00+00:00,25327.2,25339.7,25305.5,25310.5,1756
1779759000000,2026-05-26T01:30:00+00:00,25311.2,25314.1,25284.2,25287.8,1816
1779759900000,2026-05-26T01:45:00+00:00,25287.2,25332.9,25285.7,25318.5,1538
1779760800000,2026-05-26T02:00:00+00:00,25318.7,25327.4,25308.0,25315.2,1106
1779761700000,2026-05-26T02:15:00+00:00,25315.1,25324.7,25305.2,25306.7,1116
1779762600000,2026-05-26T02:30:00+00:00,25306.2,25331.8,25306.2,25320.7,1154
1779763500000,2026-05-26T02:45:00+00:00,25321.5,25343.1,25317.6,25332.3,1024
1779764400000,2026-05-26T03:00:00+00:00,25332.7,25337.9,25306.1,25306.2,938
1779765300000,2026-05-26T03:15:00+00:00,25305.1,25345.9,25305.1,25337.4,918
1779766200000,2026-05-26T03:30:00+00:00,25339.2,25348.1,25329.7,25330.2,1066
1779767100000,2026-05-26T03:45:00+00:00,25329.7,25354.2,25324.2,25346.7,820
1779768000000,2026-05-26T04:00:00+00:00,25347.1,25349.1,25312.7,25340.3,826
1779768900000,2026-05-26T04:15:00+00:00,25340.1,25348.1,25332.2,25340.2,764
1779769800000,2026-05-26T04:30:00+00:00,25339.7,25346.2,25323.3,25327.7,970
1779770700000,2026-05-26T04:45:00+00:00,25328.2,25328.2,25305.7,25320.1,938
1779771600000,2026-05-26T05:00:00+00:00,25319.5,25323.1,25296.2,25311.1,1094
1779772500000,2026-05-26T05:15:00+00:00,25311.2,25322.7,25301.7,25314.7,780
1779773400000,2026-05-26T05:30:00+00:00,25313.1,25328.3,25298.7,25314.7,1000
1779774300000,2026-05-26T05:45:00+00:00,25315.2,25318.0,25295.1,25304.4,1054
1779775200000,2026-05-26T06:00:00+00:00,25306.4,25338.1,25295.7,25337.2,1528
1779776100000,2026-05-26T06:15:00+00:00,25337.0,25371.2,25326.0,25352.0,1366
1779777000000,2026-05-26T06:30:00+00:00,25351.3,25379.0,25322.5,25367.6,1838
1779777900000,2026-05-26T06:45:00+00:00,25367.7,25369.7,25344.2,25356.5,1784
1779778800000,2026-05-26T07:00:00+00:00,25356.2,25370.5,25295.9,25343.6,3084
1779779700000,2026-05-26T07:15:00+00:00,25344.3,25345.0,25292.3,25293.6,2846
1779780600000,2026-05-26T07:30:00+00:00,25292.8,25292.8,25244.8,25275.8,2716
1779781500000,2026-05-26T07:45:00+00:00,25275.6,25311.2,25249.4,25273.3,2514
1779782400000,2026-05-26T08:00:00+00:00,25273.5,25287.0,25211.8,25211.8,2608
1779783300000,2026-05-26T08:15:00+00:00,25212.0,25245.3,25210.0,25220.3,2337
1779784200000,2026-05-26T08:30:00+00:00,25214.8,25220.8,25190.8,25213.4,2401
1779785100000,2026-05-26T08:45:00+00:00,25213.7,25214.2,25183.5,25187.1,2226
1779786000000,2026-05-26T09:00:00+00:00,25187.5,25215.2,25173.1,25189.9,2310
1779786900000,2026-05-26T09:15:00+00:00,25189.8,25234.1,25182.8,25230.5,2387
1779787800000,2026-05-26T09:30:00+00:00,25231.8,25241.3,25205.3,25211.2,2234
1779788700000,2026-05-26T09:45:00+00:00,25212.3,25220.0,25203.5,25214.8,1970
1779789600000,2026-05-26T10:00:00+00:00,25214.5,25250.6,25196.6,25246.3,1988
1779790500000,2026-05-26T10:15:00+00:00,25246.1,25284.2,25229.9,25270.1,2088
1779791400000,2026-05-26T10:30:00+00:00,25271.3,25302.0,25244.5,25256.0,2356
1779792300000,2026-05-26T10:45:00+00:00,25256.3,25279.9,25241.0,25273.5,1994
1779793200000,2026-05-26T11:00:00+00:00,25273.7,25292.1,25269.9,25274.1,1900
1779794100000,2026-05-26T11:15:00+00:00,25273.8,25275.8,25247.5,25248.3,2024
1779795000000,2026-05-26T11:30:00+00:00,25248.1,25258.0,25211.1,25255.7,2262
1779795900000,2026-05-26T11:45:00+00:00,25255.9,25277.0,25252.1,25260.5,1866
1779796800000,2026-05-26T12:00:00+00:00,25260.0,25275.5,25227.5,25270.2,2040
1779797700000,2026-05-26T12:15:00+00:00,25269.9,25285.5,25266.6,25278.0,1608
1779798600000,2026-05-26T12:30:00+00:00,25278.5,25280.1,25259.4,25259.5,1880
1779799500000,2026-05-26T12:45:00+00:00,25259.7,25288.2,25255.1,25267.9,1900
1779800400000,2026-05-26T13:00:00+00:00,25267.8,25274.5,25257.5,25272.5,2172
1779801300000,2026-05-26T13:15:00+00:00,25272.7,25290.8,25268.2,25271.0,2116
1779802200000,2026-05-26T13:30:00+00:00,25270.1,25280.0,25252.1,25271.7,2958
1779803100000,2026-05-26T13:45:00+00:00,25271.8,25283.2,25219.1,25256.5,2858
1779804000000,2026-05-26T14:00:00+00:00,25256.1,25289.2,25243.8,25269.7,2752
1779804900000,2026-05-26T14:15:00+00:00,25270.0,25277.1,25237.6,25250.5,2546
1779805800000,2026-05-26T14:30:00+00:00,25251.5,25254.5,25214.1,25223.3,2648
1779806700000,2026-05-26T14:45:00+00:00,25223.7,25248.1,25217.7,25240.1,2484
1779807600000,2026-05-26T15:00:00+00:00,25241.1,25241.1,25206.1,25208.1,2534
1779808500000,2026-05-26T15:15:00+00:00,25208.2,25214.5,25191.0,25201.4,2684
1779809400000,2026-05-26T15:30:00+00:00,25203.8,25217.4,25162.7,25180.2,2820
1779810300000,2026-05-26T15:45:00+00:00,25179.7,25198.9,25174.2,25196.6,2702
1779811200000,2026-05-26T16:00:00+00:00,25197.7,25212.6,25192.0,25193.5,2118
1779812100000,2026-05-26T16:15:00+00:00,25193.2,25214.6,25189.6,25211.0,1858
1779813000000,2026-05-26T16:30:00+00:00,25209.5,25229.7,25196.5,25198.5,1846
1779813900000,2026-05-26T16:45:00+00:00,25198.0,25203.6,25189.2,25197.0,1816
1779814800000,2026-05-26T17:00:00+00:00,25196.7,25206.0,25189.2,25205.4,1644
1779815700000,2026-05-26T17:15:00+00:00,25206.1,25206.4,25180.7,25184.4,1682
1779816600000,2026-05-26T17:30:00+00:00,25184.2,25198.7,25182.2,25187.8,1642
1779817500000,2026-05-26T17:45:00+00:00,25187.7,25196.4,25183.0,25185.4,1302
1779818400000,2026-05-26T18:00:00+00:00,25185.2,25201.7,25173.8,25200.5,1302
1779819300000,2026-05-26T18:15:00+00:00,25200.7,25203.7,25191.7,25194.0,1310
1779820200000,2026-05-26T18:30:00+00:00,25193.7,25208.6,25193.5,25205.7,1284
1779821100000,2026-05-26T18:45:00+00:00,25205.5,25209.2,25198.7,25203.1,1544
1779822000000,2026-05-26T19:00:00+00:00,25203.5,25208.3,25194.0,25204.0,1218
1779822900000,2026-05-26T19:15:00+00:00,25204.2,25219.5,25204.0,25218.4,1114
1779823800000,2026-05-26T19:30:00+00:00,25218.5,25239.0,25218.5,25229.4,1262
1779824700000,2026-05-26T19:45:00+00:00,25229.5,25248.3,25225.6,25237.5,1476
1779840900000,2026-05-27T00:15:00+00:00,25271.8,25278.0,25239.9,25253.9,1166
1779841800000,2026-05-27T00:30:00+00:00,25254.8,25264.4,25243.4,25254.4,1250
1779842700000,2026-05-27T00:45:00+00:00,25255.3,25266.5,25254.2,25261.9,1444
1779843600000,2026-05-27T01:00:00+00:00,25262.9,25265.4,25248.1,25255.4,1666
1779844500000,2026-05-27T01:15:00+00:00,25255.9,25261.9,25235.4,25240.4,1250
1779845400000,2026-05-27T01:30:00+00:00,25240.1,25248.5,25232.8,25239.1,1820
1779846300000,2026-05-27T01:45:00+00:00,25239.4,25242.5,25227.7,25230.4,1360
1779847200000,2026-05-27T02:00:00+00:00,25229.9,25242.8,25226.3,25235.9,1716
1779848100000,2026-05-27T02:15:00+00:00,25235.8,25251.4,25234.4,25248.4,1104
1779849000000,2026-05-27T02:30:00+00:00,25248.5,25252.8,25224.9,25237.3,958
1779849900000,2026-05-27T02:45:00+00:00,25237.6,25258.4,25237.4,25240.9,872
1779850800000,2026-05-27T03:00:00+00:00,25240.8,25253.1,25239.4,25245.9,1080
1779851700000,2026-05-27T03:15:00+00:00,25246.4,25246.5,25233.1,25239.1,904
1779852600000,2026-05-27T03:30:00+00:00,25238.9,25243.8,25229.3,25237.8,824
1779853500000,2026-05-27T03:45:00+00:00,25238.5,25239.9,25218.4,25220.9,938
1779854400000,2026-05-27T04:00:00+00:00,25221.4,25241.9,25216.2,25239.0,942
1779855300000,2026-05-27T04:15:00+00:00,25239.9,25242.3,25216.3,25219.4,1054
1779856200000,2026-05-27T04:30:00+00:00,25218.5,25247.3,25216.4,25247.3,932
1779857100000,2026-05-27T04:45:00+00:00,25246.9,25257.9,25244.4,25252.4,846
1779858000000,2026-05-27T05:00:00+00:00,25248.3,25269.9,25237.4,25268.4,1328
1779858900000,2026-05-27T05:15:00+00:00,25267.9,25275.3,25242.9,25271.9,1046
1779859800000,2026-05-27T05:30:00+00:00,25271.6,25280.4,25249.3,25269.9,1704
1779860700000,2026-05-27T05:45:00+00:00,25270.4,25285.9,25264.4,25277.4,1136
1779861600000,2026-05-27T06:00:00+00:00,25277.9,25293.9,25263.8,25268.6,1548
1779862500000,2026-05-27T06:15:00+00:00,25268.5,25277.4,25258.9,25266.3,1498
1779863400000,2026-05-27T06:30:00+00:00,25265.7,25267.3,25243.9,25261.8,1396
1779864300000,2026-05-27T06:45:00+00:00,25262.2,25290.3,25258.4,25282.6,1515
1779865200000,2026-05-27T07:00:00+00:00,25290.0,25334.3,25290.0,25318.5,3010
1779866100000,2026-05-27T07:15:00+00:00,25318.9,25363.8,25309.1,25332.3,2676
1779867000000,2026-05-27T07:30:00+00:00,25333.4,25353.7,25319.2,25338.9,2458
1779867900000,2026-05-27T07:45:00+00:00,25339.2,25353.5,25329.2,25340.4,2330
1779868800000,2026-05-27T08:00:00+00:00,25338.4,25369.2,25317.3,25350.0,2558
1779869700000,2026-05-27T08:15:00+00:00,25350.2,25354.2,25310.0,25346.3,2500
1779870600000,2026-05-27T08:30:00+00:00,25347.2,25352.4,25325.7,25330.3,2328
1779871500000,2026-05-27T08:45:00+00:00,25330.5,25357.9,25322.9,25335.9,2078
1779872400000,2026-05-27T09:00:00+00:00,25333.3,25378.4,25333.3,25372.3,2254
1779873300000,2026-05-27T09:15:00+00:00,25371.9,25395.2,25353.2,25358.9,2046
1779874200000,2026-05-27T09:30:00+00:00,25358.7,25376.2,25357.0,25363.7,1942
1779875100000,2026-05-27T09:45:00+00:00,25363.2,25380.8,25349.4,25356.1,1858
1779876000000,2026-05-27T10:00:00+00:00,25356.5,25382.4,25343.0,25378.7,2052
1779876900000,2026-05-27T10:15:00+00:00,25378.0,25378.8,25346.5,25349.3,1788
1779877800000,2026-05-27T10:30:00+00:00,25349.2,25351.8,25321.3,25336.4,1848
1779878700000,2026-05-27T10:45:00+00:00,25337.2,25364.1,25337.2,25352.5,1716
1779879600000,2026-05-27T11:00:00+00:00,25353.9,25361.4,25302.9,25311.4,1944
1779880500000,2026-05-27T11:15:00+00:00,25311.1,25327.9,25290.7,25292.1,1882
1779881400000,2026-05-27T11:30:00+00:00,25290.4,25308.4,25263.9,25290.8,1834
1779882300000,2026-05-27T11:45:00+00:00,25291.1,25296.4,25259.2,25260.5,1618
1779883200000,2026-05-27T12:00:00+00:00,25260.8,25263.2,25230.8,25233.0,1798
1779884100000,2026-05-27T12:15:00+00:00,25232.4,25373.5,25228.1,25349.8,2854
1779885000000,2026-05-27T12:30:00+00:00,25351.5,25360.5,25287.7,25324.9,2606
1779885900000,2026-05-27T12:45:00+00:00,25324.2,25326.5,25253.9,25262.3,2456
1779886800000,2026-05-27T13:00:00+00:00,25259.2,25285.2,25249.0,25274.2,2662
1779887700000,2026-05-27T13:15:00+00:00,25273.2,25274.2,25245.7,25252.8,2514
1779888600000,2026-05-27T13:30:00+00:00,25249.9,25263.1,25215.7,25223.8,3100
1779889500000,2026-05-27T13:45:00+00:00,25222.8,25259.9,25219.4,25255.7,3026
1779890400000,2026-05-27T14:00:00+00:00,25257.3,25264.2,25221.1,25227.1,2782
1779891300000,2026-05-27T14:15:00+00:00,25226.1,25233.7,25171.7,25203.5,2934
1779892200000,2026-05-27T14:30:00+00:00,25203.7,25212.2,25110.3,25175.9,2990
1779893100000,2026-05-27T14:45:00+00:00,25175.7,25218.0,25173.2,25215.8,2888
1779894000000,2026-05-27T15:00:00+00:00,25216.2,25237.0,25187.7,25200.4,2886
1779894900000,2026-05-27T15:15:00+00:00,25205.0,25217.8,25187.3,25215.7,2708
1779895800000,2026-05-27T15:30:00+00:00,25214.6,25237.5,25138.3,25144.3,2912
1779896700000,2026-05-27T15:45:00+00:00,25144.4,25173.2,25131.3,25161.1,2576
1779897600000,2026-05-27T16:00:00+00:00,25160.9,25181.1,25135.9,25175.9,2308
1779898500000,2026-05-27T16:15:00+00:00,25175.6,25195.9,25172.7,25185.9,2122
1779899400000,2026-05-27T16:30:00+00:00,25183.6,25204.7,25178.4,25194.2,1802
1779900300000,2026-05-27T16:45:00+00:00,25194.3,25199.3,25187.7,25189.6,1574
1779901200000,2026-05-27T17:00:00+00:00,25189.2,25194.4,25151.7,25161.9,2128
1779902100000,2026-05-27T17:15:00+00:00,25163.4,25182.3,25158.4,25170.8,1620
1779903000000,2026-05-27T17:30:00+00:00,25171.4,25176.9,25163.7,25164.9,1448
1779903900000,2026-05-27T17:45:00+00:00,25164.6,25181.2,25158.7,25163.9,1428
1779904800000,2026-05-27T18:00:00+00:00,25163.7,25171.8,25147.8,25171.7,1546
1779905700000,2026-05-27T18:15:00+00:00,25171.8,25193.6,25169.9,25192.6,1534
1779906600000,2026-05-27T18:30:00+00:00,25192.4,25202.8,25185.8,25191.7,1256
1779907500000,2026-05-27T18:45:00+00:00,25191.5,25196.3,25186.3,25190.3,1010
1779908400000,2026-05-27T19:00:00+00:00,25190.4,25205.4,25190.3,25204.9,1252
1779909300000,2026-05-27T19:15:00+00:00,25204.7,25211.4,25197.7,25200.6,1148
1779910200000,2026-05-27T19:30:00+00:00,25200.4,25224.6,25197.7,25223.8,1296
1779911100000,2026-05-27T19:45:00+00:00,25223.7,25223.7,25197.6,25206.3,1434
1779927300000,2026-05-28T00:15:00+00:00,25152.1,25175.3,25138.3,25154.1,1858
1779928200000,2026-05-28T00:30:00+00:00,25153.5,25166.2,25136.6,25160.1,1846
1779929100000,2026-05-28T00:45:00+00:00,25160.3,25200.1,25160.1,25194.1,1318
1779930000000,2026-05-28T01:00:00+00:00,25193.6,25200.0,25172.6,25185.4,1482
1779930900000,2026-05-28T01:15:00+00:00,25186.5,25189.3,25170.1,25181.1,1480
1779931800000,2026-05-28T01:30:00+00:00,25180.8,25196.3,25149.1,25152.1,1644
1779932700000,2026-05-28T01:45:00+00:00,25151.9,25172.5,25139.8,25172.5,1396
1779933600000,2026-05-28T02:00:00+00:00,25176.6,25187.8,25144.9,25146.4,1654
1779934500000,2026-05-28T02:15:00+00:00,25147.0,25158.6,25136.1,25147.7,1242
1779935400000,2026-05-28T02:30:00+00:00,25147.1,25153.3,25113.8,25116.5,1198
1779936300000,2026-05-28T02:45:00+00:00,25116.1,25125.6,25108.1,25109.7,1448
1779937200000,2026-05-28T03:00:00+00:00,25111.1,25116.5,25075.6,25090.8,1626
1779938100000,2026-05-28T03:15:00+00:00,25090.1,25097.1,25045.7,25054.3,1518
1779939000000,2026-05-28T03:30:00+00:00,25053.6,25056.1,24965.7,24969.5,2346
1779939900000,2026-05-28T03:45:00+00:00,24969.8,24985.5,24958.1,24959.5,2310
1779940800000,2026-05-28T04:00:00+00:00,24961.5,24963.1,24913.2,24920.1,1790
1779941700000,2026-05-28T04:15:00+00:00,24920.7,24937.1,24905.5,24924.6,1798
1779942600000,2026-05-28T04:30:00+00:00,24924.1,24970.6,24923.6,24952.3,1464
1779943500000,2026-05-28T04:45:00+00:00,24953.1,24966.0,24936.1,24953.1,1530
1779944400000,2026-05-28T05:00:00+00:00,24954.1,24972.1,24934.8,24964.6,1750
1779945300000,2026-05-28T05:15:00+00:00,24963.9,24997.6,24934.6,24995.6,1612
1779946200000,2026-05-28T05:30:00+00:00,24996.6,25064.0,24992.6,25055.6,1718
1779947100000,2026-05-28T05:45:00+00:00,25054.7,25066.1,25047.5,25053.3,1266
1779948000000,2026-05-28T06:00:00+00:00,25053.1,25073.1,25040.8,25064.1,1636
1779948900000,2026-05-28T06:15:00+00:00,25063.8,25085.6,25062.1,25075.4,1392
1779949800000,2026-05-28T06:30:00+00:00,25077.1,25080.6,25050.6,25071.4,1588
1779950700000,2026-05-28T06:45:00+00:00,25071.3,25097.3,25059.1,25082.5,1674
1779951600000,2026-05-28T07:00:00+00:00,25082.6,25151.2,25069.5,25133.0,2880
1779952500000,2026-05-28T07:15:00+00:00,25134.5,25148.2,25120.6,25140.0,2642
1779953400000,2026-05-28T07:30:00+00:00,25139.5,25150.6,25113.2,25123.8,2548
1779954300000,2026-05-28T07:45:00+00:00,25123.6,25140.8,25088.8,25140.0,2554
1779955200000,2026-05-28T08:00:00+00:00,25140.2,25174.8,25122.3,25165.7,2718
1779956100000,2026-05-28T08:15:00+00:00,25165.2,25169.4,25121.3,25139.1,2398
1779957000000,2026-05-28T08:30:00+00:00,25140.3,25144.6,25117.2,25134.6,2214
1779957900000,2026-05-28T08:45:00+00:00,25135.8,25159.1,25131.3,25159.1,1922
1779958800000,2026-05-28T09:00:00+00:00,25158.6,25175.3,25137.1,25158.3,2032
1779959700000,2026-05-28T09:15:00+00:00,25158.5,25173.0,25146.5,25151.7,2074
1779960600000,2026-05-28T09:30:00+00:00,25151.4,25152.5,25105.6,25114.3,2142
1779961500000,2026-05-28T09:45:00+00:00,25114.5,25151.5,25112.0,25123.3,2000
1779962400000,2026-05-28T10:00:00+00:00,25123.2,25136.9,25104.6,25120.0,2078
1779963300000,2026-05-28T10:15:00+00:00,25119.8,25122.6,25084.2,25092.0,2170
1779964200000,2026-05-28T10:30:00+00:00,25091.8,25099.7,25060.8,25067.0,2126
1779965100000,2026-05-28T10:45:00+00:00,25067.1,25079.7,25002.8,25036.8,2316
1779966000000,2026-05-28T11:00:00+00:00,25035.5,25063.0,25030.4,25042.3,2374
1779966900000,2026-05-28T11:15:00+00:00,25041.5,25066.3,25041.5,25059.7,2056
1779967800000,2026-05-28T11:30:00+00:00,25059.6,25069.2,25038.5,25056.7,1866
1779968700000,2026-05-28T11:45:00+00:00,25056.5,25057.3,25025.2,25025.2,1860
1779969600000,2026-05-28T12:00:00+00:00,25025.1,25033.8,25010.5,25033.1,2060
1779970500000,2026-05-28T12:15:00+00:00,25032.5,25037.4,24992.6,25011.3,1802
1779971400000,2026-05-28T12:30:00+00:00,25013.6,25058.3,25011.3,25056.7,2298
1779972300000,2026-05-28T12:45:00+00:00,25056.5,25074.1,25049.5,25070.5,2236
1779973200000,2026-05-28T13:00:00+00:00,25071.3,25097.2,25037.6,25042.3,2276
1779974100000,2026-05-28T13:15:00+00:00,25042.5,25046.6,25011.1,25011.1,2098
1779975000000,2026-05-28T13:30:00+00:00,25013.5,25027.5,24967.6,25027.3,2930
1779975900000,2026-05-28T13:45:00+00:00,25025.2,25042.6,24994.3,25036.8,2728
1779976800000,2026-05-28T14:00:00+00:00,25036.3,25245.3,24999.1,25182.2,2828
1779977700000,2026-05-28T14:15:00+00:00,25185.8,25191.7,25104.5,25123.1,3088
1779978600000,2026-05-28T14:30:00+00:00,25120.3,25132.3,25072.8,25103.5,2872
1779979500000,2026-05-28T14:45:00+00:00,25103.0,25106.2,25010.5,25046.8,2924
1779980400000,2026-05-28T15:00:00+00:00,25050.0,25091.3,25041.0,25075.1,2822
1779981300000,2026-05-28T15:15:00+00:00,25075.0,25096.0,25046.5,25091.0,2650
1779982200000,2026-05-28T15:30:00+00:00,25090.8,25093.8,25058.2,25072.4,2598
1779983100000,2026-05-28T15:45:00+00:00,25072.2,25093.8,25068.1,25083.1,1710
1779984000000,2026-05-28T16:00:00+00:00,25083.2,25101.8,25068.1,25101.8,1838
1779984900000,2026-05-28T16:15:00+00:00,25101.6,25154.2,25093.6,25126.4,2270
1779985800000,2026-05-28T16:30:00+00:00,25126.6,25127.2,25102.8,25120.3,1788
1779986700000,2026-05-28T16:45:00+00:00,25122.3,25153.4,25121.5,25149.8,1662
1779987600000,2026-05-28T17:00:00+00:00,25148.6,25152.8,25125.8,25128.7,1448
1779988500000,2026-05-28T17:15:00+00:00,25128.6,25139.1,25119.1,25121.5,1258
1779989400000,2026-05-28T17:30:00+00:00,25122.7,25129.9,25112.4,25114.7,1048
1779990300000,2026-05-28T17:45:00+00:00,25114.6,25124.8,25114.4,25119.7,1096
1779991200000,2026-05-28T18:00:00+00:00,25119.6,25127.2,25104.8,25108.8,1254
1779992100000,2026-05-28T18:15:00+00:00,25109.8,25127.9,25095.1,25098.4,1828
1779993000000,2026-05-28T18:30:00+00:00,25098.6,25098.6,25073.8,25084.8,1302
1779993900000,2026-05-28T18:45:00+00:00,25083.9,25105.1,25082.9,25089.9,1140
1779994800000,2026-05-28T19:00:00+00:00,25090.4,25098.8,25083.7,25084.4,876
1779995700000,2026-05-28T19:15:00+00:00,25084.6,25087.0,25076.3,25081.2,1080
1779996600000,2026-05-28T19:30:00+00:00,25081.3,25094.1,25081.1,25082.1,1258
1779997500000,2026-05-28T19:45:00+00:00,25080.8,25096.5,25076.1,25093.7,1444
1780013700000,2026-05-29T00:15:00+00:00,25103.9,25110.4,25084.9,25089.3,1300
1780014600000,2026-05-29T00:30:00+00:00,25089.1,25089.6,25061.9,25071.1,1004
1780015500000,2026-05-29T00:45:00+00:00,25073.4,25076.1,25055.8,25074.6,932
1780016400000,2026-05-29T01:00:00+00:00,25073.3,25105.0,25061.1,25089.0,1572
1780017300000,2026-05-29T01:15:00+00:00,25088.6,25105.6,25082.8,25091.3,1430
1780018200000,2026-05-29T01:30:00+00:00,25092.1,25109.9,25075.5,25106.4,1596
1780019100000,2026-05-29T01:45:00+00:00,25107.1,25110.5,25088.6,25098.1,1226
1780020000000,2026-05-29T02:00:00+00:00,25096.1,25114.6,25096.1,25114.6,1364
1780020900000,2026-05-29T02:15:00+00:00,25113.2,25122.2,25091.5,25094.6,1348
1780021800000,2026-05-29T02:30:00+00:00,25094.7,25112.1,25094.1,25100.7,1206
1780022700000,2026-05-29T02:45:00+00:00,25101.3,25105.6,25094.1,25101.9,1170
1780023600000,2026-05-29T03:00:00+00:00,25105.6,25135.7,25101.9,25130.6,1088
1780024500000,2026-05-29T03:15:00+00:00,25131.1,25143.1,25125.9,25137.6,880
1780025400000,2026-05-29T03:30:00+00:00,25136.1,25147.1,25134.7,25143.1,1136
1780026300000,2026-05-29T03:45:00+00:00,25142.9,25149.7,25124.9,25135.1,1172
1780027200000,2026-05-29T04:00:00+00:00,25134.5,25149.9,25134.1,25148.7,970
1780028100000,2026-05-29T04:15:00+00:00,25148.5,25166.7,25143.6,25165.7,1054
1780029000000,2026-05-29T04:30:00+00:00,25163.6,25167.1,25159.3,25163.5,686
1780029900000,2026-05-29T04:45:00+00:00,25164.1,25164.1,25155.6,25159.6,688
1780030800000,2026-05-29T05:00:00+00:00,25160.3,25170.7,25149.6,25158.1,846
1780031700000,2026-05-29T05:15:00+00:00,25157.3,25166.5,25153.3,25162.1,798
1780032600000,2026-05-29T05:30:00+00:00,25161.6,25162.1,25139.6,25160.7,994
1780033500000,2026-05-29T05:45:00+00:00,25160.6,25165.5,25152.6,25159.7,682
1780034400000,2026-05-29T06:00:00+00:00,25160.6,25169.3,25149.0,25155.1,1154
1780035300000,2026-05-29T06:15:00+00:00,25154.8,25173.8,25136.4,25136.4,1366
1780036200000,2026-05-29T06:30:00+00:00,25139.1,25152.5,25134.2,25151.1,1492
1780037100000,2026-05-29T06:45:00+00:00,25150.1,25191.2,25143.1,25174.3,1356
1780038000000,2026-05-29T07:00:00+00:00,25167.9,25170.6,25098.6,25128.6,2864
1780038900000,2026-05-29T07:15:00+00:00,25128.1,25134.8,25067.0,25109.8,2742
1780039800000,2026-05-29T07:30:00+00:00,25110.1,25124.1,25094.8,25111.3,2454
1780040700000,2026-05-29T07:45:00+00:00,25111.0,25160.5,25102.0,25155.3,1870
1780041600000,2026-05-29T08:00:00+00:00,25155.5,25176.3,25131.6,25157.3,2274
1780042500000,2026-05-29T08:15:00+00:00,25157.0,25164.1,25139.2,25157.5,2064
1780043400000,2026-05-29T08:30:00+00:00,25156.6,25162.8,25134.1,25142.8,1970
1780044300000,2026-05-29T08:45:00+00:00,25142.7,25145.5,25105.2,25110.1,1872
1780045200000,2026-05-29T09:00:00+00:00,25109.8,25152.6,25100.2,25140.6,2164
1780046100000,2026-05-29T09:15:00+00:00,25140.7,25176.2,25130.8,25157.1,2254
1780047000000,2026-05-29T09:30:00+00:00,25157.3,25179.2,25154.2,25168.5,2126
1780047900000,2026-05-29T09:45:00+00:00,25166.8,25193.1,25143.5,25144.2,2283
1780048800000,2026-05-29T10:00:00+00:00,25146.3,25151.4,25094.6,25109.8,2142
1780049700000,2026-05-29T10:15:00+00:00,25109.5,25146.3,25106.6,25117.1,1842
1780050600000,2026-05-29T10:30:00+00:00,25116.8,25132.5,25103.9,25129.8,2010
1780051500000,2026-05-29T10:45:00+00:00,25129.2,25144.3,25123.1,25129.8,1640
1780052400000,2026-05-29T11:00:00+00:00,25129.3,25143.6,25100.1,25123.5,2144
1780053300000,2026-05-29T11:15:00+00:00,25123.3,25135.3,25082.0,25082.6,1936
1780054200000,2026-05-29T11:30:00+00:00,25084.2,25087.0,25049.5,25073.2,2094
1780055100000,2026-05-29T11:45:00+00:00,25072.6,25088.3,25023.8,25085.3,1812
1780056000000,2026-05-29T12:00:00+00:00,25083.5,25101.3,25050.1,25094.6,1952
1780056900000,2026-05-29T12:15:00+00:00,25095.1,25109.1,25085.6,25096.8,1798
1780057800000,2026-05-29T12:30:00+00:00,25098.8,25109.2,25063.6,25102.2,1902
1780058700000,2026-05-29T12:45:00+00:00,25101.8,25107.3,25079.1,25096.5,1882
1780059600000,2026-05-29T13:00:00+00:00,25095.3,25127.8,25093.5,25100.3,2130
1780060500000,2026-05-29T13:15:00+00:00,25102.2,25103.1,25052.5,25067.5,2148
1780061400000,2026-05-29T13:30:00+00:00,25065.4,25084.0,25032.2,25053.2,2812
1780062300000,2026-05-29T13:45:00+00:00,25053.5,25076.5,25037.7,25042.2,2568
1780063200000,2026-05-29T14:00:00+00:00,25043.1,25064.6,25027.9,25051.0,2752
1780064100000,2026-05-29T14:15:00+00:00,25050.8,25076.3,25034.8,25068.8,2748
1780065000000,2026-05-29T14:30:00+00:00,25068.5,25103.3,25065.3,25077.1,2796
1780065900000,2026-05-29T14:45:00+00:00,25076.8,25186.5,25058.3,25139.6,2832
1780066800000,2026-05-29T15:00:00+00:00,25140.2,25188.3,25127.5,25181.8,2884
1780067700000,2026-05-29T15:15:00+00:00,25182.5,25195.4,25120.0,25123.7,2944
1780068600000,2026-05-29T15:30:00+00:00,25113.6,25133.4,25042.9,25076.6,3116
1780069500000,2026-05-29T15:45:00+00:00,25076.9,25106.8,25067.9,25097.6,2552
1780070400000,2026-05-29T16:00:00+00:00,25098.8,25115.9,25090.8,25107.3,1942
1780071300000,2026-05-29T16:15:00+00:00,25107.0,25108.5,25083.2,25091.8,1764
1780072200000,2026-05-29T16:30:00+00:00,25091.7,25119.8,25088.2,25112.8,1832
1780073100000,2026-05-29T16:45:00+00:00,25113.1,25113.1,25089.7,25096.3,1672
1780074000000,2026-05-29T17:00:00+00:00,25096.6,25108.8,25091.1,25098.1,1248
1780074900000,2026-05-29T17:15:00+00:00,25098.2,25107.5,25084.3,25090.8,1400
1780075800000,2026-05-29T17:30:00+00:00,25088.8,25095.3,25078.2,25081.8,1414
1780076700000,2026-05-29T17:45:00+00:00,25082.3,25082.9,25047.1,25047.8,1576
1780077600000,2026-05-29T18:00:00+00:00,25048.1,25064.3,25048.1,25053.1,1494
1780078500000,2026-05-29T18:15:00+00:00,25053.4,25063.1,25047.0,25054.1,1344
1780079400000,2026-05-29T18:30:00+00:00,25054.6,25075.0,25054.6,25061.3,1124
1780080300000,2026-05-29T18:45:00+00:00,25060.8,25060.8,25015.4,25029.3,1872
1780081200000,2026-05-29T19:00:00+00:00,25028.6,25056.1,25024.1,25045.8,1468
1780082100000,2026-05-29T19:15:00+00:00,25046.5,25060.1,25039.1,25058.9,1190
1780083000000,2026-05-29T19:30:00+00:00,25060.1,25066.1,25044.1,25044.3,1384
1780083900000,2026-05-29T19:45:00+00:00,25044.6,25063.1,25035.3,25050.1,1176
1780272900000,2026-06-01T00:15:00+00:00,25090.0,25114.0,25087.0,25100.0,472
1780273800000,2026-06-01T00:30:00+00:00,25103.0,25114.0,25093.0,25106.0,686
1780274700000,2026-06-01T00:45:00+00:00,25109.0,25119.0,25102.0,25115.0,596
1780275600000,2026-06-01T01:00:00+00:00,25116.0,25125.0,25087.5,25110.0,780
1780276500000,2026-06-01T01:15:00+00:00,25111.0,25130.0,25107.0,25109.0,592
1780277400000,2026-06-01T01:30:00+00:00,25110.0,25131.0,25106.0,25128.0,724
1780278300000,2026-06-01T01:45:00+00:00,25129.0,25131.2,25120.0,25127.0,640
1780279200000,2026-06-01T02:00:00+00:00,25126.0,25133.2,25123.0,25132.0,490
1780280100000,2026-06-01T02:15:00+00:00,25132.2,25145.2,25130.2,25140.0,384
1780281000000,2026-06-01T02:30:00+00:00,25141.0,25145.0,25128.0,25131.5,492
1780281900000,2026-06-01T02:45:00+00:00,25132.0,25134.0,25126.0,25132.0,464
1780282800000,2026-06-01T03:00:00+00:00,25133.0,25141.0,25129.0,25129.0,520
1780283700000,2026-06-01T03:15:00+00:00,25130.0,25130.0,25108.5,25119.0,474
1780284600000,2026-06-01T03:30:00+00:00,25120.0,25138.2,25089.0,25089.0,574
1780285500000,2026-06-01T03:45:00+00:00,25087.0,25093.0,25077.0,25085.0,600
1780286400000,2026-06-01T04:00:00+00:00,25086.0,25104.0,25080.0,25104.0,540
1780287300000,2026-06-01T04:15:00+00:00,25103.0,25120.0,25102.0,25116.0,464
1780288200000,2026-06-01T04:30:00+00:00,25117.0,25136.0,25113.0,25133.0,404
1780289100000,2026-06-01T04:45:00+00:00,25128.0,25128.0,25112.0,25120.0,328
1780290000000,2026-06-01T05:00:00+00:00,25120.5,25126.0,25114.0,25121.0,470
1780290900000,2026-06-01T05:15:00+00:00,25120.0,25121.0,25100.0,25101.0,446
1780291800000,2026-06-01T05:30:00+00:00,25102.0,25129.0,25100.0,25128.0,520
1780292700000,2026-06-01T05:45:00+00:00,25127.2,25132.2,25122.0,25127.0,332
1780293600000,2026-06-01T06:00:00+00:00,25129.2,25137.8,25112.8,25123.8,672
1780294500000,2026-06-01T06:15:00+00:00,25122.8,25128.8,25074.8,25074.8,478
1780295400000,2026-06-01T06:30:00+00:00,25077.8,25096.8,25070.8,25084.8,618
1780296300000,2026-06-01T06:45:00+00:00,25083.8,25093.8,25056.8,25085.8,792
1780297200000,2026-06-01T07:00:00+00:00,25086.8,25152.8,25061.8,25130.8,1712
1780298100000,2026-06-01T07:15:00+00:00,25131.8,25136.8,25104.8,25116.8,1402
1780299000000,2026-06-01T07:30:00+00:00,25114.8,25124.8,25087.8,25093.8,1136
1780299900000,2026-06-01T07:45:00+00:00,25092.8,25137.8,25085.8,25130.8,936
1780300800000,2026-06-01T08:00:00+00:00,25131.8,25184.8,25129.8,25151.8,1252
1780301700000,2026-06-01T08:15:00+00:00,25150.8,25151.8,25117.8,25138.8,946
1780302600000,2026-06-01T08:30:00+00:00,25139.8,25147.8,25098.8,25147.8,1054
1780303500000,2026-06-01T08:45:00+00:00,25146.8,25153.8,25123.8,25147.8,776
1780304400000,2026-06-01T09:00:00+00:00,25150.8,25192.8,25150.8,25190.8,952
1780305300000,2026-06-01T09:15:00+00:00,25191.8,25204.8,25167.8,25203.8,898
1780306200000,2026-06-01T09:30:00+00:00,25201.8,25211.8,25159.8,25160.8,780
1780307100000,2026-06-01T09:45:00+00:00,25161.8,25162.8,25117.8,25139.8,842
1780308000000,2026-06-01T10:00:00+00:00,25144.8,25182.8,25125.8,25169.8,796
1780308900000,2026-06-01T10:15:00+00:00,25168.8,25194.8,25160.8,25187.8,748
1780309800000,2026-06-01T10:30:00+00:00,25188.8,25206.8,25185.8,25206.8,664
1780310700000,2026-06-01T10:45:00+00:00,25208.8,25248.8,25196.8,25209.8,996
1780311600000,2026-06-01T11:00:00+00:00,25206.8,25225.8,25173.8,25185.8,1072
1780312500000,2026-06-01T11:15:00+00:00,25186.8,25195.8,25174.8,25193.8,768
1780313400000,2026-06-01T11:30:00+00:00,25192.8,25245.8,25187.8,25227.8,922
1780314300000,2026-06-01T11:45:00+00:00,25223.8,25239.8,25205.8,25234.8,900
1780315200000,2026-06-01T12:00:00+00:00,25235.8,25250.8,25216.8,25216.8,1000
1780316100000,2026-06-01T12:15:00+00:00,25215.8,25259.8,25210.8,25250.8,1002
1780317000000,2026-06-01T12:30:00+00:00,25249.8,25283.8,25232.8,25275.8,1028
1780317900000,2026-06-01T12:45:00+00:00,25274.8,25301.8,25256.8,25264.8,1170
1780318800000,2026-06-01T13:00:00+00:00,25266.8,25267.8,24972.8,25053.8,1584
1780319700000,2026-06-01T13:15:00+00:00,25052.8,25111.8,24996.8,25009.8,2313
1780320600000,2026-06-01T13:30:00+00:00,25010.8,25024.8,24959.8,25003.8,2264
1780321500000,2026-06-01T13:45:00+00:00,25006.8,25030.8,24917.8,24930.0,2032
1780322400000,2026-06-01T14:00:00+00:00,24927.0,24991.8,24893.8,24979.8,1994
1780323300000,2026-06-01T14:15:00+00:00,24980.8,25041.8,24925.8,24959.8,1827
1780324200000,2026-06-01T14:30:00+00:00,24961.8,24995.8,24922.8,24961.8,1591
1780325100000,2026-06-01T14:45:00+00:00,24962.8,24964.8,24908.8,24916.8,1315
1780326000000,2026-06-01T15:00:00+00:00,24919.8,24990.8,24900.8,24976.8,1601
1780326900000,2026-06-01T15:15:00+00:00,24977.8,24998.8,24955.8,24985.8,1231
1780327800000,2026-06-01T15:30:00+00:00,24983.8,25062.8,24983.8,25018.8,1644
1780328700000,2026-06-01T15:45:00+00:00,25019.8,25020.8,24983.8,24986.8,890
1780329600000,2026-06-01T16:00:00+00:00,24985.8,25010.8,24967.8,24978.8,942
1780330500000,2026-06-01T16:15:00+00:00,24977.8,24980.8,24950.8,24975.8,716
1780331400000,2026-06-01T16:30:00+00:00,24980.8,25000.8,24974.8,24989.8,840
1780332300000,2026-06-01T16:45:00+00:00,24988.8,25059.8,24980.8,25053.8,1198
1780333200000,2026-06-01T17:00:00+00:00,25054.8,25059.8,25015.8,25029.8,844
1780334100000,2026-06-01T17:15:00+00:00,25028.8,25095.8,25024.8,25091.0,449
1780335000000,2026-06-01T17:30:00+00:00,25097.8,25172.8,25067.8,25111.8,1266
1780335900000,2026-06-01T17:45:00+00:00,25112.8,25120.8,25098.8,25108.8,662
1780336800000,2026-06-01T18:00:00+00:00,25107.8,25128.8,25107.8,25113.8,474
1780337700000,2026-06-01T18:15:00+00:00,25114.8,25122.8,25106.8,25112.8,398
1780338600000,2026-06-01T18:30:00+00:00,25113.8,25114.8,25103.8,25111.8,286
1780339500000,2026-06-01T18:45:00+00:00,25110.8,25115.8,25106.8,25108.8,290
1780340400000,2026-06-01T19:00:00+00:00,25109.8,25120.8,25101.8,25110.8,406
1780341300000,2026-06-01T19:15:00+00:00,25111.8,25126.8,25109.8,25126.8,292
1780342200000,2026-06-01T19:30:00+00:00,25125.8,25125.8,25099.8,25106.8,424
1780343100000,2026-06-01T19:45:00+00:00,25105.8,25109.8,25075.8,25082.8,494
1780359300000,2026-06-02T00:15:00+00:00,24984.4,25023.5,24983.4,25018.4,1112
1780360200000,2026-06-02T00:30:00+00:00,25017.4,25039.4,25002.4,25013.4,964
1780361100000,2026-06-02T00:45:00+00:00,25012.4,25014.4,24978.4,24987.4,734
1780362000000,2026-06-02T01:00:00+00:00,24985.4,25037.4,24985.4,25037.4,1430
1780362900000,2026-06-02T01:15:00+00:00,25036.9,25048.4,25016.4,25030.4,1036
1780363800000,2026-06-02T01:30:00+00:00,25033.4,25061.9,25018.4,25031.4,1038
1780364700000,2026-06-02T01:45:00+00:00,25030.4,25031.4,25001.4,25012.4,858
1780365600000,2026-06-02T02:00:00+00:00,25017.4,25038.4,25014.4,25035.4,1196
1780366500000,2026-06-02T02:15:00+00:00,25037.4,25052.4,25019.4,25046.4,996
1780367400000,2026-06-02T02:30:00+00:00,25048.4,25057.4,25042.4,25054.4,694
1780368300000,2026-06-02T02:45:00+00:00,25055.4,25062.4,25047.4,25056.4,706
1780369200000,2026-06-02T03:00:00+00:00,25055.4,25067.4,25035.4,25055.9,680
1780370100000,2026-06-02T03:15:00+00:00,25057.4,25063.6,25032.4,25040.4,740
1780371000000,2026-06-02T03:30:00+00:00,25039.4,25064.4,25031.4,25063.4,958
1780371900000,2026-06-02T03:45:00+00:00,25062.4,25080.4,25061.4,25075.9,598
1780372800000,2026-06-02T04:00:00+00:00,25076.4,25099.6,25071.6,25082.4,656
1780373700000,2026-06-02T04:15:00+00:00,25083.4,25092.9,25075.4,25084.4,536
1780374600000,2026-06-02T04:30:00+00:00,25083.9,25095.4,25074.4,25084.4,534
1780375500000,2026-06-02T04:45:00+00:00,25082.4,25115.6,25082.4,25115.6,448
1780376400000,2026-06-02T05:00:00+00:00,25118.4,25120.4,25099.4,25113.4,588
1780377300000,2026-06-02T05:15:00+00:00,25114.4,25138.6,25108.4,25124.6,568
1780378200000,2026-06-02T05:30:00+00:00,25125.6,25139.4,25113.6,25127.6,622
1780379100000,2026-06-02T05:45:00+00:00,25130.4,25130.4,25112.6,25120.4,548
1780380000000,2026-06-02T06:00:00+00:00,25118.4,25138.2,25115.2,25126.2,798
1780380900000,2026-06-02T06:15:00+00:00,25127.2,25144.2,25126.2,25135.2,656
1780381800000,2026-06-02T06:30:00+00:00,25136.2,25166.2,25124.2,25151.2,788
1780382700000,2026-06-02T06:45:00+00:00,25153.2,25183.2,25141.2,25180.2,844
1780383600000,2026-06-02T07:00:00+00:00,25174.2,25231.2,25171.2,25224.2,1602
1780384500000,2026-06-02T07:15:00+00:00,25225.2,25256.2,25211.2,25219.2,1506
1780385400000,2026-06-02T07:30:00+00:00,25222.2,25273.2,25215.2,25267.2,1092
1780386300000,2026-06-02T07:45:00+00:00,25266.2,25325.2,25252.2,25323.2,1302
1780387200000,2026-06-02T08:00:00+00:00,25324.2,25362.2,25318.8,25323.2,1511
1780388100000,2026-06-02T08:15:00+00:00,25322.2,25337.2,25274.2,25274.2,1470
1780389000000,2026-06-02T08:30:00+00:00,25275.2,25285.2,25245.2,25270.2,1422
1780389900000,2026-06-02T08:45:00+00:00,25271.2,25283.2,25257.2,25266.2,1168
1780390800000,2026-06-02T09:00:00+00:00,25265.2,25274.2,25245.2,25265.2,1266
1780391700000,2026-06-02T09:15:00+00:00,25264.2,25273.2,25231.2,25242.2,1100
1780392600000,2026-06-02T09:30:00+00:00,25241.2,25246.2,25196.2,25238.2,1218
1780393500000,2026-06-02T09:45:00+00:00,25239.2,25271.2,25237.2,25243.2,1120
1780394400000,2026-06-02T10:00:00+00:00,25242.2,25264.2,25225.2,25252.2,1024
1780395300000,2026-06-02T10:15:00+00:00,25253.2,25272.2,25250.2,25258.2,986
1780396200000,2026-06-02T10:30:00+00:00,25257.2,25263.2,25231.2,25256.2,942
1780397100000,2026-06-02T10:45:00+00:00,25257.2,25265.2,25229.2,25229.2,920
1780398000000,2026-06-02T11:00:00+00:00,25228.2,25231.2,25203.2,25207.2,1078
1780398900000,2026-06-02T11:15:00+00:00,25208.2,25228.2,25196.2,25219.2,1096
1780399800000,2026-06-02T11:30:00+00:00,25220.2,25220.2,25185.2,25190.2,1084
1780400700000,2026-06-02T11:45:00+00:00,25189.2,25213.2,25186.2,25205.2,952
1780401600000,2026-06-02T12:00:00+00:00,25206.2,25219.2,25176.2,25205.2,1060
1780402500000,2026-06-02T12:15:00+00:00,25206.2,25214.2,25164.2,25190.2,1234
1780403400000,2026-06-02T12:30:00+00:00,25191.2,25191.2,25157.2,25170.2,1274
1780404300000,2026-06-02T12:45:00+00:00,25171.2,25173.2,25138.2,25144.2,1148
1780405200000,2026-06-02T13:00:00+00:00,25147.2,25153.2,25085.2,25113.2,1462
1780406100000,2026-06-02T13:15:00+00:00,25112.2,25128.2,25087.2,25115.2,1280
1780407000000,2026-06-02T13:30:00+00:00,25118.2,25146.2,25092.2,25108.2,1688
1780407900000,2026-06-02T13:45:00+00:00,25110.2,25124.2,25059.2,25072.2,1357
1780408800000,2026-06-02T14:00:00+00:00,25062.2,25117.2,25058.2,25110.2,1497
1780409700000,2026-06-02T14:15:00+00:00,25109.2,25114.2,25063.2,25077.2,1554
1780410600000,2026-06-02T14:30:00+00:00,25078.2,25121.2,25070.2,25116.2,1337
1780411500000,2026-06-02T14:45:00+00:00,25117.2,25134.2,25101.2,25102.2,1266
1780412400000,2026-06-02T15:00:00+00:00,25103.2,25106.2,25081.2,25087.2,1120
1780413300000,2026-06-02T15:15:00+00:00,25086.2,25123.2,25079.2,25114.2,1144
1780414200000,2026-06-02T15:30:00+00:00,25111.2,25138.2,25095.2,25134.2,1232
1780415100000,2026-06-02T15:45:00+00:00,25135.2,25147.2,25116.2,25128.2,896
1780416000000,2026-06-02T16:00:00+00:00,25127.2,25136.2,25108.2,25109.2,946
1780416900000,2026-06-02T16:15:00+00:00,25110.2,25112.2,25079.2,25083.2,940
1780417800000,2026-06-02T16:30:00+00:00,25082.2,25087.2,25059.2,25075.2,880
1780418700000,2026-06-02T16:45:00+00:00,25074.2,25088.2,25072.2,25082.2,580
1780419600000,2026-06-02T17:00:00+00:00,25083.2,25089.2,25068.2,25068.2,674
1780420500000,2026-06-02T17:15:00+00:00,25067.2,25068.2,25052.2,25062.2,826
1780421400000,2026-06-02T17:30:00+00:00,25061.2,25066.2,25053.2,25058.2,748
1780422300000,2026-06-02T17:45:00+00:00,25059.2,25068.2,25055.2,25059.2,636
1780423200000,2026-06-02T18:00:00+00:00,25061.2,25080.2,25058.2,25073.2,706
1780424100000,2026-06-02T18:15:00+00:00,25072.2,25084.2,25069.2,25077.2,442
1780425000000,2026-06-02T18:30:00+00:00,25078.2,25093.2,25075.2,25090.2,570
1780425900000,2026-06-02T18:45:00+00:00,25089.2,25097.2,25085.2,25086.2,430
1780426800000,2026-06-02T19:00:00+00:00,25087.2,25098.2,25086.2,25089.2,330
1780427700000,2026-06-02T19:15:00+00:00,25090.2,25102.2,25089.2,25098.2,306
1780428600000,2026-06-02T19:30:00+00:00,25099.2,25105.2,25097.2,25101.2,462
1780429500000,2026-06-02T19:45:00+00:00,25102.2,25112.2,25097.2,25102.2,550
1780445700000,2026-06-03T00:15:00+00:00,25080.7,25113.8,25066.8,25088.8,927
1780446600000,2026-06-03T00:30:00+00:00,25090.0,25109.8,25086.8,25108.8,528
1780447500000,2026-06-03T00:45:00+00:00,25110.8,25110.8,25100.8,25107.8,510
1780448400000,2026-06-03T01:00:00+00:00,25106.8,25110.8,25075.8,25088.8,1104
1780449300000,2026-06-03T01:15:00+00:00,25087.3,25098.8,25085.3,25096.8,842
1780450200000,2026-06-03T01:30:00+00:00,25097.8,25110.8,25086.8,25089.8,882
1780451100000,2026-06-03T01:45:00+00:00,25093.8,25104.8,25079.8,25102.3,518
1780452000000,2026-06-03T02:00:00+00:00,25104.8,25110.8,25097.8,25102.8,626
1780452900000,2026-06-03T02:15:00+00:00,25101.8,25103.8,25090.8,25094.8,464
1780453800000,2026-06-03T02:30:00+00:00,25095.8,25098.8,25085.8,25086.8,472
1780454700000,2026-06-03T02:45:00+00:00,25087.8,25087.8,25074.8,25082.8,522
1780455600000,2026-06-03T03:00:00+00:00,25081.8,25116.0,25081.8,25106.8,512
1780456500000,2026-06-03T03:15:00+00:00,25107.8,25112.0,25085.8,25090.8,292
1780457400000,2026-06-03T03:30:00+00:00,25089.8,25107.0,25089.8,25098.8,536
1780458300000,2026-06-03T03:45:00+00:00,25097.8,25110.0,25088.8,25108.8,356
1780459200000,2026-06-03T04:00:00+00:00,25105.8,25118.8,25086.8,25098.8,234
1780460100000,2026-06-03T04:15:00+00:00,25099.8,25109.0,25095.8,25100.8,318
1780461000000,2026-06-03T04:30:00+00:00,25101.8,25102.8,25091.3,25092.8,280
1780461900000,2026-06-03T04:45:00+00:00,25093.8,25093.8,25085.8,25087.8,444
1780462800000,2026-06-03T05:00:00+00:00,25087.3,25100.8,25076.8,25094.8,672
1780463700000,2026-06-03T05:15:00+00:00,25096.8,25097.8,25071.8,25072.3,404
1780464600000,2026-06-03T05:30:00+00:00,25072.8,25079.5,25048.8,25066.8,446
1780465500000,2026-06-03T05:45:00+00:00,25064.8,25067.8,25029.8,25036.8,640
1780466400000,2026-06-03T06:00:00+00:00,25039.8,25062.6,25008.6,25023.6,1090
1780467300000,2026-06-03T06:15:00+00:00,25022.6,25030.6,25012.6,25021.6,858
1780468200000,2026-06-03T06:30:00+00:00,25018.6,25047.6,24999.6,25025.6,1046
1780469100000,2026-06-03T06:45:00+00:00,25027.6,25027.6,24981.6,24994.6,961
1780470000000,2026-06-03T07:00:00+00:00,24988.6,24988.6,24912.6,24943.6,1904
1780470900000,2026-06-03T07:15:00+00:00,24945.6,24967.6,24915.6,24935.6,1330
1780471800000,2026-06-03T07:30:00+00:00,24934.6,24941.6,24876.6,24878.6,1596
1780472700000,2026-06-03T07:45:00+00:00,24877.6,24946.6,24875.6,24944.6,1234
1780473600000,2026-06-03T08:00:00+00:00,24948.6,24955.6,24922.6,24940.6,1485
1780474500000,2026-06-03T08:15:00+00:00,24941.6,24948.6,24903.6,24923.6,1426
1780475400000,2026-06-03T08:30:00+00:00,24926.6,24960.6,24904.6,24939.6,1263
1780476300000,2026-06-03T08:45:00+00:00,24938.6,24951.6,24922.6,24928.6,1155
1780477200000,2026-06-03T09:00:00+00:00,24927.6,24945.6,24907.6,24910.6,1250
1780478100000,2026-06-03T09:15:00+00:00,24909.6,24909.6,24868.6,24869.6,1215
1780479000000,2026-06-03T09:30:00+00:00,24868.6,24890.6,24857.6,24869.6,1138
1780479900000,2026-06-03T09:45:00+00:00,24868.6,24874.6,24840.6,24845.6,1082
1780480800000,2026-06-03T10:00:00+00:00,24843.6,24928.6,24826.6,24898.6,1729
1780481700000,2026-06-03T10:15:00+00:00,24897.6,24903.6,24863.6,24899.6,1224
1780482600000,2026-06-03T10:30:00+00:00,24901.6,24904.6,24852.6,24858.6,1051
1780483500000,2026-06-03T10:45:00+00:00,24857.6,24886.6,24839.6,24871.6,1016
1780484400000,2026-06-03T11:00:00+00:00,24869.6,24883.6,24857.6,24872.6,1146
1780485300000,2026-06-03T11:15:00+00:00,24873.6,24925.6,24863.6,24915.6,988
1780486200000,2026-06-03T11:30:00+00:00,24914.6,24922.6,24899.6,24920.6,1019
1780487100000,2026-06-03T11:45:00+00:00,24921.6,24935.6,24900.6,24909.6,1088
1780488000000,2026-06-03T12:00:00+00:00,24910.6,24923.6,24897.6,24914.6,1123
1780488900000,2026-06-03T12:15:00+00:00,24913.6,24913.6,24875.6,24875.6,1000
1780489800000,2026-06-03T12:30:00+00:00,24872.6,24886.6,24853.6,24881.6,1145
1780490700000,2026-06-03T12:45:00+00:00,24883.6,24908.6,24878.6,24892.6,1056
1780491600000,2026-06-03T13:00:00+00:00,24893.6,24914.6,24881.6,24895.6,1102
1780492500000,2026-06-03T13:15:00+00:00,24894.6,24896.6,24861.6,24869.6,1191
1780493400000,2026-06-03T13:30:00+00:00,24870.6,24870.6,24820.6,24821.6,1593
1780494300000,2026-06-03T13:45:00+00:00,24822.6,24874.6,24802.6,24860.3,1519
1780495200000,2026-06-03T14:00:00+00:00,24859.8,24875.6,24807.6,24813.6,1475
1780496100000,2026-06-03T14:15:00+00:00,24812.6,24831.6,24755.6,24805.6,1593
1780497000000,2026-06-03T14:30:00+00:00,24803.6,24807.6,24753.6,24765.6,1253
1780497900000,2026-06-03T14:45:00+00:00,24764.6,24813.6,24759.6,24791.6,1150
1780498800000,2026-06-03T15:00:00+00:00,24792.6,24813.6,24772.6,24773.6,1097
1780499700000,2026-06-03T15:15:00+00:00,24774.6,24813.6,24768.6,24809.6,1156
1780500600000,2026-06-03T15:30:00+00:00,24811.6,24820.6,24773.6,24805.6,1455
1780501500000,2026-06-03T15:45:00+00:00,24804.6,24811.6,24792.6,24795.6,1094
1780502400000,2026-06-03T16:00:00+00:00,24796.6,24801.6,24772.6,24781.6,1168
1780503300000,2026-06-03T16:15:00+00:00,24782.6,24784.6,24748.6,24764.6,1308
1780504200000,2026-06-03T16:30:00+00:00,24763.6,24778.6,24761.6,24773.6,1132
1780505100000,2026-06-03T16:45:00+00:00,24771.6,24784.6,24754.6,24777.6,1056
1780506000000,2026-06-03T17:00:00+00:00,24778.6,24792.6,24754.6,24759.6,747
1780506900000,2026-06-03T17:15:00+00:00,24760.6,24774.6,24755.6,24765.6,785
1780507800000,2026-06-03T17:30:00+00:00,24764.6,24779.6,24755.6,24773.6,448
1780508700000,2026-06-03T17:45:00+00:00,24774.6,24779.6,24768.6,24778.6,586
1780509600000,2026-06-03T18:00:00+00:00,24779.6,24787.6,24773.6,24777.6,740
1780510500000,2026-06-03T18:15:00+00:00,24776.6,24785.6,24770.6,24784.6,644
1780511400000,2026-06-03T18:30:00+00:00,24785.6,24787.6,24769.6,24783.6,466
1780512300000,2026-06-03T18:45:00+00:00,24782.6,24784.6,24776.6,24776.6,370
1780513200000,2026-06-03T19:00:00+00:00,24774.6,24775.6,24757.6,24759.6,464
1780514100000,2026-06-03T19:15:00+00:00,24760.6,24774.6,24756.6,24758.6,466
1780515000000,2026-06-03T19:30:00+00:00,24760.6,24766.6,24748.6,24762.6,472
1780515900000,2026-06-03T19:45:00+00:00,24761.6,24767.6,24738.6,24739.6,716
1780532100000,2026-06-04T00:15:00+00:00,24679.3,24710.3,24670.8,24689.8,1224
1780533000000,2026-06-04T00:30:00+00:00,24687.8,24756.3,24687.8,24747.3,1214
1780533900000,2026-06-04T00:45:00+00:00,24748.3,24751.8,24730.8,24747.3,908
1780534800000,2026-06-04T01:00:00+00:00,24749.8,24781.0,24744.3,24773.3,1166
1780535700000,2026-06-04T01:15:00+00:00,24770.3,24771.8,24746.8,24751.8,1070
1780536600000,2026-06-04T01:30:00+00:00,24753.8,24772.8,24738.8,24746.8,1046
1780537500000,2026-06-04T01:45:00+00:00,24744.8,24754.8,24720.8,24736.8,1156
1780538400000,2026-06-04T02:00:00+00:00,24735.8,24738.3,24704.8,24710.3,1022
1780539300000,2026-06-04T02:15:00+00:00,24711.3,24733.8,24686.8,24722.8,1176
1780540200000,2026-06-04T02:30:00+00:00,24722.3,24728.8,24702.8,24721.8,974
1780541100000,2026-06-04T02:45:00+00:00,24720.8,24739.3,24720.8,24730.8,1048
1780542000000,2026-06-04T03:00:00+00:00,24731.3,24751.3,24729.8,24745.8,990
1780542900000,2026-06-04T03:15:00+00:00,24744.8,24753.8,24740.8,24753.8,566
1780543800000,2026-06-04T03:30:00+00:00,24752.8,24762.8,24725.8,24726.8,862
1780544700000,2026-06-04T03:45:00+00:00,24722.8,24748.8,24720.8,24746.8,908
1780545600000,2026-06-04T04:00:00+00:00,24748.8,24754.8,24733.8,24754.8,528
1780546500000,2026-06-04T04:15:00+00:00,24755.8,24757.8,24745.3,24749.8,498
1780547400000,2026-06-04T04:30:00+00:00,24750.8,24759.3,24735.8,24755.8,918
1780548300000,2026-06-04T04:45:00+00:00,24754.8,24757.8,24747.8,24751.8,592
1780549200000,2026-06-04T05:00:00+00:00,24751.3,24753.3,24712.8,24729.3,968
1780550100000,2026-06-04T05:15:00+00:00,24730.3,24742.8,24717.8,24732.8,948
1780551000000,2026-06-04T05:30:00+00:00,24733.3,24764.0,24731.8,24754.8,976
1780551900000,2026-06-04T05:45:00+00:00,24753.8,24757.8,24732.5,24754.8,786
1780552800000,2026-06-04T06:00:00+00:00,24753.8,24793.6,24749.8,24779.6,1027
1780553700000,2026-06-04T06:15:00+00:00,24778.6,24787.6,24766.6,24786.6,848
1780554600000,2026-06-04T06:30:00+00:00,24789.6,24820.6,24781.6,24802.6,1011
1780555500000,2026-06-04T06:45:00+00:00,24800.6,24821.6,24785.6,24820.6,913
1780556400000,2026-06-04T07:00:00+00:00,24821.6,24874.6,24821.6,24873.6,1707
1780557300000,2026-06-04T07:15:00+00:00,24874.6,24908.6,24874.6,24907.6,1432
1780558200000,2026-06-04T07:30:00+00:00,24906.6,24946.1,24900.6,24920.1,1351
1780559100000,2026-06-04T07:45:00+00:00,24918.1,24949.1,24918.1,24939.1,1192
1780560000000,2026-06-04T08:00:00+00:00,24938.1,24969.1,24921.1,24943.1,1400
1780560900000,2026-06-04T08:15:00+00:00,24942.1,24961.1,24918.1,24957.1,1493
1780561800000,2026-06-04T08:30:00+00:00,24960.1,24998.1,24926.1,24933.1,1408
1780562700000,2026-06-04T08:45:00+00:00,24932.1,24934.1,24881.1,24883.1,1243
1780563600000,2026-06-04T09:00:00+00:00,24883.1,24883.1,24838.1,24856.1,1437
1780564500000,2026-06-04T09:15:00+00:00,24855.1,24885.1,24851.1,24876.1,1217
1780565400000,2026-06-04T09:30:00+00:00,24874.1,24929.1,24868.1,24928.1,1094
1780566300000,2026-06-04T09:45:00+00:00,24929.1,24970.1,24925.1,24961.1,1280
1780567200000,2026-06-04T10:00:00+00:00,24959.1,24962.1,24909.1,24920.1,1098
1780568100000,2026-06-04T10:15:00+00:00,24921.1,24927.1,24897.1,24900.1,988
1780569000000,2026-06-04T10:30:00+00:00,24899.1,24901.1,24854.1,24888.1,1005
1780569900000,2026-06-04T10:45:00+00:00,24887.1,24907.1,24857.1,24904.1,1210
1780570800000,2026-06-04T11:00:00+00:00,24906.1,24941.1,24901.1,24910.1,1177
1780571700000,2026-06-04T11:15:00+00:00,24908.1,24956.1,24905.1,24938.1,1312
1780572600000,2026-06-04T11:30:00+00:00,24939.1,24947.1,24893.1,24906.1,1381
1780573500000,2026-06-04T11:45:00+00:00,24907.1,24957.1,24894.1,24949.1,1527
1780574400000,2026-06-04T12:00:00+00:00,24948.1,24957.1,24914.1,24940.1,1416
1780575300000,2026-06-04T12:15:00+00:00,24941.1,24964.1,24933.1,24961.3,1104
1780576200000,2026-06-04T12:30:00+00:00,24958.8,24992.1,24945.1,24989.1,961
1780577100000,2026-06-04T12:45:00+00:00,24990.1,24998.1,24961.1,24973.1,917
1780578000000,2026-06-04T13:00:00+00:00,24967.1,24999.1,24966.1,24978.1,1082
1780578900000,2026-06-04T13:15:00+00:00,24979.1,25006.1,24976.1,24986.1,1014
1780579800000,2026-06-04T13:30:00+00:00,24987.1,24992.1,24922.1,24941.1,1612
1780580700000,2026-06-04T13:45:00+00:00,24944.1,24974.1,24939.1,24961.1,1444
1780581600000,2026-06-04T14:00:00+00:00,24960.1,24971.1,24925.1,24968.1,1344
1780582500000,2026-06-04T14:15:00+00:00,24967.1,24986.1,24931.1,24932.1,1237
1780583400000,2026-06-04T14:30:00+00:00,24931.1,24940.1,24906.1,24918.1,1169
1780584300000,2026-06-04T14:45:00+00:00,24919.1,24928.1,24892.1,24892.1,1191
1780585200000,2026-06-04T15:00:00+00:00,24894.1,24924.1,24866.1,24922.1,1162
1780586100000,2026-06-04T15:15:00+00:00,24923.1,24929.1,24906.1,24911.1,1074
1780587000000,2026-06-04T15:30:00+00:00,24914.1,24952.1,24914.1,24927.1,1182
1780587900000,2026-06-04T15:45:00+00:00,24926.1,24927.1,24902.1,24918.1,840
1780588800000,2026-06-04T16:00:00+00:00,24919.1,24949.1,24917.1,24940.1,924
1780589700000,2026-06-04T16:15:00+00:00,24939.1,24943.1,24930.1,24933.1,696
1780590600000,2026-06-04T16:30:00+00:00,24934.1,24940.1,24926.1,24935.1,750
1780591500000,2026-06-04T16:45:00+00:00,24934.1,24943.1,24927.1,24938.1,608
1780592400000,2026-06-04T17:00:00+00:00,24934.1,24939.1,24924.1,24924.1,470
1780593300000,2026-06-04T17:15:00+00:00,24925.1,24945.1,24923.1,24942.1,478
1780594200000,2026-06-04T17:30:00+00:00,24943.1,24951.1,24937.1,24940.1,656
1780595100000,2026-06-04T17:45:00+00:00,24939.1,24949.1,24937.1,24943.1,348
1780596000000,2026-06-04T18:00:00+00:00,24942.1,24945.1,24930.1,24938.1,520
1780596900000,2026-06-04T18:15:00+00:00,24939.1,24949.1,24933.1,24936.1,392
1780597800000,2026-06-04T18:30:00+00:00,24935.1,24944.1,24934.1,24935.1,552
1780598700000,2026-06-04T18:45:00+00:00,24934.1,24949.1,24934.1,24943.1,394
1780599600000,2026-06-04T19:00:00+00:00,24942.1,24945.1,24934.1,24941.1,442
1780600500000,2026-06-04T19:15:00+00:00,24942.1,24956.1,24939.1,24954.1,320
1780601400000,2026-06-04T19:30:00+00:00,24953.1,24967.1,24949.1,24957.1,414
1780602300000,2026-06-04T19:45:00+00:00,24956.1,24958.1,24933.1,24942.1,770
1780618500000,2026-06-05T00:15:00+00:00,24783.8,24835.3,24761.8,24789.8,1228
1780619400000,2026-06-05T00:30:00+00:00,24791.8,24814.3,24772.3,24800.8,1396
1780620300000,2026-06-05T00:45:00+00:00,24799.8,24810.8,24782.8,24804.8,1098
1780621200000,2026-06-05T01:00:00+00:00,24807.8,24817.8,24792.8,24805.3,1038
1780622100000,2026-06-05T01:15:00+00:00,24804.3,24814.8,24779.3,24807.3,1092
1780623000000,2026-06-05T01:30:00+00:00,24807.8,24835.3,24807.3,24816.8,920
1780623900000,2026-06-05T01:45:00+00:00,24817.8,24844.3,24805.3,24838.3,696
1780624800000,2026-06-05T02:00:00+00:00,24837.3,24848.8,24833.3,24847.8,504
1780625700000,2026-06-05T02:15:00+00:00,24848.3,24859.8,24838.8,24852.8,490
1780626600000,2026-06-05T02:30:00+00:00,24851.8,24854.8,24832.3,24832.3,624
1780627500000,2026-06-05T02:45:00+00:00,24835.8,24840.8,24818.3,24820.3,644
1780628400000,2026-06-05T03:00:00+00:00,24819.3,24828.8,24809.3,24819.8,678
1780629300000,2026-06-05T03:15:00+00:00,24823.8,24834.8,24806.3,24809.8,662
1780630200000,2026-06-05T03:30:00+00:00,24812.3,24821.3,24797.8,24816.8,1278
1780631100000,2026-06-05T03:45:00+00:00,24815.3,24816.8,24775.8,24781.3,726
1780632000000,2026-06-05T04:00:00+00:00,24784.8,24803.3,24780.8,24797.3,778
1780632900000,2026-06-05T04:15:00+00:00,24799.8,24812.3,24793.8,24799.8,788
1780633800000,2026-06-05T04:30:00+00:00,24802.8,24814.8,24784.8,24800.8,1230
1780634700000,2026-06-05T04:45:00+00:00,24802.8,24828.8,24799.8,24819.8,996
1780635600000,2026-06-05T05:00:00+00:00,24819.3,24823.8,24800.8,24808.8,1148
1780636500000,2026-06-05T05:15:00+00:00,24811.3,24822.3,24800.8,24811.8,1028
1780637400000,2026-06-05T05:30:00+00:00,24811.3,24852.8,24811.3,24841.8,936
1780638300000,2026-06-05T05:45:00+00:00,24840.8,24843.8,24805.8,24820.8,768
1780639200000,2026-06-05T06:00:00+00:00,24824.8,24897.6,24824.8,24888.6,1187
1780640100000,2026-06-05T06:15:00+00:00,24885.6,24888.6,24846.6,24851.6,1029
1780641000000,2026-06-05T06:30:00+00:00,24852.6,24878.6,24852.6,24858.6,1053
1780641900000,2026-06-05T06:45:00+00:00,24857.6,24886.6,24849.6,24882.6,935
1780642800000,2026-06-05T07:00:00+00:00,24881.6,24905.6,24844.6,24851.6,1809
1780643700000,2026-06-05T07:15:00+00:00,24852.6,24877.6,24812.6,24866.6,1544
1780644600000,2026-06-05T07:30:00+00:00,24863.6,24906.6,24858.6,24906.6,1398
1780645500000,2026-06-05T07:45:00+00:00,24907.6,24942.6,24900.6,24909.6,1363
1780646400000,2026-06-05T08:00:00+00:00,24910.6,24910.6,24863.6,24895.6,1482
1780647300000,2026-06-05T08:15:00+00:00,24897.6,24937.6,24867.6,24937.6,1428
1780648200000,2026-06-05T08:30:00+00:00,24933.6,24952.6,24917.6,24923.6,1206
1780649100000,2026-06-05T08:45:00+00:00,24922.6,24938.6,24908.6,24937.6,1064
1780650000000,2026-06-05T09:00:00+00:00,24938.6,25025.6,24929.6,24994.6,1404
1780650900000,2026-06-05T09:15:00+00:00,24989.6,24993.6,24957.6,24964.6,1510
1780651800000,2026-06-05T09:30:00+00:00,24965.6,24985.6,24949.6,24952.6,1190
1780652700000,2026-06-05T09:45:00+00:00,24953.6,24995.6,24947.6,24992.6,1183
1780653600000,2026-06-05T10:00:00+00:00,24993.6,24993.6,24964.6,24979.6,1001
1780654500000,2026-06-05T10:15:00+00:00,24980.6,24997.6,24978.6,24983.6,846
1780655400000,2026-06-05T10:30:00+00:00,24984.6,25004.6,24975.6,25004.6,834
1780656300000,2026-06-05T10:45:00+00:00,25005.6,25014.6,24989.6,24990.6,828
1780657200000,2026-06-05T11:00:00+00:00,24988.6,25017.6,24976.6,25008.6,963
1780658100000,2026-06-05T11:15:00+00:00,25007.6,25009.6,24948.6,24996.6,918
1780659000000,2026-06-05T11:30:00+00:00,24995.6,25008.6,24984.6,24991.6,984
1780659900000,2026-06-05T11:45:00+00:00,24990.6,25003.6,24984.6,24992.6,876
1780660800000,2026-06-05T12:00:00+00:00,24991.6,25005.6,24978.6,24987.6,852
1780661700000,2026-06-05T12:15:00+00:00,24986.6,24989.6,24940.6,24944.8,930
1780662600000,2026-06-05T12:30:00+00:00,24948.8,24985.8,24908.6,24942.6,1680
1780663500000,2026-06-05T12:45:00+00:00,24941.6,24949.6,24893.6,24905.6,1324
1780664400000,2026-06-05T13:00:00+00:00,24904.6,24957.6,24898.6,24943.6,1414
1780665300000,2026-06-05T13:15:00+00:00,24942.6,24949.6,24903.6,24904.6,1214
1780666200000,2026-06-05T13:30:00+00:00,24902.6,24911.6,24825.6,24831.6,1754
1780667100000,2026-06-05T13:45:00+00:00,24832.6,24837.6,24789.6,24808.6,1709
1780668000000,2026-06-05T14:00:00+00:00,24810.6,24865.6,24785.6,24803.6,2004
1780668900000,2026-06-05T14:15:00+00:00,24801.6,24822.6,24762.6,24797.6,1639
1780669800000,2026-06-05T14:30:00+00:00,24798.6,24833.6,24791.6,24825.6,1470
1780670700000,2026-06-05T14:45:00+00:00,24827.6,24839.6,24811.6,24815.6,1276
1780671600000,2026-06-05T15:00:00+00:00,24814.6,24823.6,24774.6,24785.6,1241
1780672500000,2026-06-05T15:15:00+00:00,24786.6,24805.6,24764.6,24770.6,1357
1780673400000,2026-06-05T15:30:00+00:00,24769.6,24791.6,24740.6,24750.6,1376
1780674300000,2026-06-05T15:45:00+00:00,24751.6,24776.6,24747.6,24757.6,1078
1780675200000,2026-06-05T16:00:00+00:00,24756.6,24756.6,24718.6,24734.6,1426
1780676100000,2026-06-05T16:15:00+00:00,24733.6,24737.6,24724.6,24725.6,1098
1780677000000,2026-06-05T16:30:00+00:00,24724.6,24729.6,24688.6,24695.6,1312
1780677900000,2026-06-05T16:45:00+00:00,24694.6,24719.6,24677.6,24711.6,1489
1780678800000,2026-06-05T17:00:00+00:00,24709.6,24710.6,24673.6,24682.6,1412
1780679700000,2026-06-05T17:15:00+00:00,24681.6,24698.6,24665.6,24696.6,1432
1780680600000,2026-06-05T17:30:00+00:00,24697.6,24719.6,24690.6,24694.6,1486
1780681500000,2026-06-05T17:45:00+00:00,24695.6,24708.6,24688.6,24702.6,1492
1780682400000,2026-06-05T18:00:00+00:00,24703.6,24711.6,24665.6,24665.6,1320
1780683300000,2026-06-05T18:15:00+00:00,24664.6,24669.6,24623.6,24625.6,1635
1780684200000,2026-06-05T18:30:00+00:00,24624.6,24640.6,24605.6,24614.6,1396
1780685100000,2026-06-05T18:45:00+00:00,24612.6,24619.6,24569.6,24591.6,1682
1780686000000,2026-06-05T19:00:00+00:00,24590.6,24591.6,24528.6,24538.6,1586
1780686900000,2026-06-05T19:15:00+00:00,24535.6,24558.6,24500.6,24558.6,1784
1780687800000,2026-06-05T19:30:00+00:00,24559.6,24576.6,24536.6,24553.6,1856
1780688700000,2026-06-05T19:45:00+00:00,24554.6,24603.6,24551.6,24596.6,1200
1780877700000,2026-06-08T00:15:00+00:00,24563.8,24579.8,24546.8,24571.3,856
1780878600000,2026-06-08T00:30:00+00:00,24572.3,24610.0,24568.3,24578.8,760
1780879500000,2026-06-08T00:45:00+00:00,24577.8,24577.8,24526.8,24555.8,1300
1780880400000,2026-06-08T01:00:00+00:00,24557.8,24572.8,24515.3,24515.3,1802
1780881300000,2026-06-08T01:15:00+00:00,24521.8,24521.8,24435.3,24438.8,2074
1780882200000,2026-06-08T01:30:00+00:00,24442.8,24501.8,24360.3,24500.8,1948
1780883100000,2026-06-08T01:45:00+00:00,24498.3,24534.8,24496.8,24533.8,1788
1780884000000,2026-06-08T02:00:00+00:00,24534.8,24556.8,24517.8,24554.8,1794
1780884900000,2026-06-08T02:15:00+00:00,24551.3,24570.8,24523.8,24560.8,1634
1780885800000,2026-06-08T02:30:00+00:00,24561.8,24578.8,24523.8,24577.8,1468
1780886700000,2026-06-08T02:45:00+00:00,24576.8,24615.8,24576.8,24586.3,1206
1780887600000,2026-06-08T03:00:00+00:00,24587.8,24595.8,24539.8,24559.8,1014
1780888500000,2026-06-08T03:15:00+00:00,24560.8,24570.8,24523.8,24545.8,1106
1780889400000,2026-06-08T03:30:00+00:00,24546.8,24561.8,24540.3,24547.8,1354
1780890300000,2026-06-08T03:45:00+00:00,24548.8,24569.3,24537.3,24547.8,878
1780891200000,2026-06-08T04:00:00+00:00,24546.8,24558.3,24523.8,24537.8,1190
1780892100000,2026-06-08T04:15:00+00:00,24538.8,24549.3,24511.8,24534.8,1220
1780893000000,2026-06-08T04:30:00+00:00,24532.8,24547.0,24451.5,24455.8,1344
1780893900000,2026-06-08T04:45:00+00:00,24459.3,24478.8,24413.3,24424.8,1104
1780894800000,2026-06-08T05:00:00+00:00,24426.8,24471.8,24426.3,24430.8,1278
1780895700000,2026-06-08T05:15:00+00:00,24428.8,24470.8,24424.8,24438.8,1468
1780896600000,2026-06-08T05:30:00+00:00,24440.8,24445.8,24370.8,24383.8,1618
1780897500000,2026-06-08T05:45:00+00:00,24381.8,24401.8,24361.5,24384.3,1438
1780898400000,2026-06-08T06:00:00+00:00,24388.3,24414.6,24353.6,24366.6,1788
1780899300000,2026-06-08T06:15:00+00:00,24365.6,24424.6,24334.6,24415.6,1638
1780900200000,2026-06-08T06:30:00+00:00,24416.6,24436.6,24363.6,24384.6,1596
1780901100000,2026-06-08T06:45:00+00:00,24385.6,24432.6,24368.6,24418.6,1342
1780902000000,2026-06-08T07:00:00+00:00,24408.6,24474.6,24400.6,24449.6,2176
1780902900000,2026-06-08T07:15:00+00:00,24446.6,24566.6,24428.6,24543.6,1822
1780903800000,2026-06-08T07:30:00+00:00,24546.6,24561.6,24517.6,24561.6,1656
1780904700000,2026-06-08T07:45:00+00:00,24564.6,24594.6,24529.6,24529.6,1486
1780905600000,2026-06-08T08:00:00+00:00,24530.6,24558.6,24507.6,24525.6,1596
1780906500000,2026-06-08T08:15:00+00:00,24524.6,24541.6,24485.6,24512.6,1622
1780907400000,2026-06-08T08:30:00+00:00,24505.6,24535.6,24493.6,24507.6,1500
1780908300000,2026-06-08T08:45:00+00:00,24508.6,24545.6,24505.6,24530.6,1394
1780909200000,2026-06-08T09:00:00+00:00,24532.6,24566.6,24529.6,24560.6,1298
1780910100000,2026-06-08T09:15:00+00:00,24559.6,24590.6,24554.6,24566.6,1114
1780911000000,2026-06-08T09:30:00+00:00,24567.6,24658.6,24550.6,24619.6,1470
1780911900000,2026-06-08T09:45:00+00:00,24614.6,24641.6,24608.6,24624.6,1314
1780912800000,2026-06-08T10:00:00+00:00,24626.6,24644.6,24582.6,24627.6,1306
1780913700000,2026-06-08T10:15:00+00:00,24628.6,24632.6,24584.6,24599.6,1040
1780914600000,2026-06-08T10:30:00+00:00,24598.6,24709.6,24596.6,24654.6,1448
1780915500000,2026-06-08T10:45:00+00:00,24655.6,24658.6,24605.6,24609.6,1106
1780916400000,2026-06-08T11:00:00+00:00,24610.6,24698.6,24576.6,24698.6,1438
1780917300000,2026-06-08T11:15:00+00:00,24710.6,24743.6,24668.6,24703.6,2002
1780918200000,2026-06-08T11:30:00+00:00,24705.6,24721.6,24683.6,24687.6,1354
1780919100000,2026-06-08T11:45:00+00:00,24686.6,24691.6,24656.6,24660.6,1394
1780920000000,2026-06-08T12:00:00+00:00,24661.6,24705.6,24659.6,24668.6,1326
1780920900000,2026-06-08T12:15:00+00:00,24667.6,24695.6,24659.6,24676.6,1238
1780921800000,2026-06-08T12:30:00+00:00,24675.6,24690.6,24648.6,24660.6,1194
1780922700000,2026-06-08T12:45:00+00:00,24661.6,24663.6,24632.6,24651.6,1102
1780923600000,2026-06-08T13:00:00+00:00,24652.6,24672.6,24639.6,24646.6,1280
1780924500000,2026-06-08T13:15:00+00:00,24645.6,24682.6,24638.6,24663.6,1280
1780925400000,2026-06-08T13:30:00+00:00,24662.6,24694.6,24640.6,24653.6,1946
1780926300000,2026-06-08T13:45:00+00:00,24654.6,24705.6,24649.6,24678.6,1794
1780927200000,2026-06-08T14:00:00+00:00,24680.6,24684.6,24639.6,24654.6,1762
1780928100000,2026-06-08T14:15:00+00:00,24653.6,24656.6,24606.6,24622.6,1540
1780929000000,2026-06-08T14:30:00+00:00,24621.6,24660.6,24609.6,24655.6,1504
1780929900000,2026-06-08T14:45:00+00:00,24656.6,24676.6,24629.6,24676.6,1350
1780930800000,2026-06-08T15:00:00+00:00,24675.6,24682.6,24653.6,24665.6,1108
1780931700000,2026-06-08T15:15:00+00:00,24664.6,24684.6,24639.6,24642.6,1204
1780932600000,2026-06-08T15:30:00+00:00,24640.6,24655.6,24613.6,24648.6,1432
1780933500000,2026-06-08T15:45:00+00:00,24650.6,24651.6,24609.6,24614.6,1102
1780934400000,2026-06-08T16:00:00+00:00,24613.6,24630.6,24607.6,24620.6,1172
1780935300000,2026-06-08T16:15:00+00:00,24619.6,24631.6,24598.6,24598.6,1242
1780936200000,2026-06-08T16:30:00+00:00,24600.6,24607.6,24590.6,24597.6,1340
1780937100000,2026-06-08T16:45:00+00:00,24598.6,24609.6,24589.6,24590.6,1144
1780938000000,2026-06-08T17:00:00+00:00,24589.6,24590.6,24546.6,24565.6,1560
1780938900000,2026-06-08T17:15:00+00:00,24564.6,24576.6,24539.6,24575.6,1524
1780939800000,2026-06-08T17:30:00+00:00,24574.6,24582.6,24544.6,24549.6,1536
1780940700000,2026-06-08T17:45:00+00:00,24550.6,24577.6,24549.6,24567.6,1364
1780941600000,2026-06-08T18:00:00+00:00,24570.6,24604.6,24568.6,24586.6,1332
1780942500000,2026-06-08T18:15:00+00:00,24587.6,24613.6,24586.6,24609.6,1072
1780943400000,2026-06-08T18:30:00+00:00,24608.6,24627.6,24604.6,24606.6,1118
1780944300000,2026-06-08T18:45:00+00:00,24607.6,24621.6,24607.6,24610.6,908
1780945200000,2026-06-08T19:00:00+00:00,24611.6,24612.6,24576.6,24577.6,1240
1780946100000,2026-06-08T19:15:00+00:00,24578.6,24586.6,24545.6,24568.6,1284
1780947000000,2026-06-08T19:30:00+00:00,24567.6,24583.6,24551.6,24559.6,1392
1780947900000,2026-06-08T19:45:00+00:00,24558.6,24593.6,24556.6,24593.6,1376
1780964100000,2026-06-09T00:15:00+00:00,24523.3,24545.8,24521.3,24531.3,1186
1780965000000,2026-06-09T00:30:00+00:00,24533.3,24534.3,24486.3,24515.8,1492
1780965900000,2026-06-09T00:45:00+00:00,24517.3,24521.8,24491.3,24512.3,1666
1780966800000,2026-06-09T01:00:00+00:00,24512.8,24526.3,24493.3,24514.3,1688
1780967700000,2026-06-09T01:15:00+00:00,24515.3,24582.3,24508.3,24557.3,1838
1780968600000,2026-06-09T01:30:00+00:00,24555.3,24584.8,24547.3,24568.3,1812
1780969500000,2026-06-09T01:45:00+00:00,24570.3,24594.8,24560.3,24566.3,1446
1780970400000,2026-06-09T02:00:00+00:00,24567.3,24583.3,24562.3,24567.3,1324
1780971300000,2026-06-09T02:15:00+00:00,24565.3,24583.3,24556.3,24573.3,1062
1780972200000,2026-06-09T02:30:00+00:00,24574.3,24584.3,24558.3,24570.3,1232
1780973100000,2026-06-09T02:45:00+00:00,24569.3,24576.3,24544.3,24562.3,1148
1780974000000,2026-06-09T03:00:00+00:00,24563.3,24580.3,24556.8,24576.3,1154
1780974900000,2026-06-09T03:15:00+00:00,24575.3,24604.3,24557.3,24566.3,1010
1780975800000,2026-06-09T03:30:00+00:00,24567.3,24619.3,24567.3,24615.3,1378
1780976700000,2026-06-09T03:45:00+00:00,24614.3,24621.3,24588.3,24593.8,1088
1780977600000,2026-06-09T04:00:00+00:00,24594.3,24614.0,24582.3,24604.3,816
1780978500000,2026-06-09T04:15:00+00:00,24605.3,24621.3,24601.3,24620.3,868
1780979400000,2026-06-09T04:30:00+00:00,24621.3,24624.5,24601.3,24623.3,590
1780980300000,2026-06-09T04:45:00+00:00,24622.5,24642.3,24617.8,24621.3,650
1780981200000,2026-06-09T05:00:00+00:00,24620.3,24635.3,24610.5,24613.3,830
1780982100000,2026-06-09T05:15:00+00:00,24612.3,24622.3,24601.3,24602.3,842
1780983000000,2026-06-09T05:30:00+00:00,24604.3,24635.3,24596.3,24622.3,1170
1780983900000,2026-06-09T05:45:00+00:00,24621.8,24631.3,24590.5,24597.8,760
1780984800000,2026-06-09T06:00:00+00:00,24595.8,24625.1,24594.8,24610.1,1116
1780985700000,2026-06-09T06:15:00+00:00,24612.1,24627.1,24606.1,24607.1,956
1780986600000,2026-06-09T06:30:00+00:00,24608.1,24622.1,24582.1,24618.1,1044
1780987500000,2026-06-09T06:45:00+00:00,24619.1,24630.1,24576.1,24584.1,925
1780988400000,2026-06-09T07:00:00+00:00,24580.1,24660.1,24569.1,24609.1,1886
1780989300000,2026-06-09T07:15:00+00:00,24610.1,24619.1,24535.1,24569.1,1620
1780990200000,2026-06-09T07:30:00+00:00,24568.1,24646.1,24568.1,24641.1,1452
1780991100000,2026-06-09T07:45:00+00:00,24643.1,24695.1,24640.1,24670.1,1354
1780992000000,2026-06-09T08:00:00+00:00,24671.1,24717.1,24653.1,24705.1,1662
1780992900000,2026-06-09T08:15:00+00:00,24706.1,24730.1,24696.1,24713.1,1428
1780993800000,2026-06-09T08:30:00+00:00,24715.1,24733.1,24685.1,24732.1,1158
1780994700000,2026-06-09T08:45:00+00:00,24731.1,24753.1,24726.1,24747.1,1080
1780995600000,2026-06-09T09:00:00+00:00,24746.1,24790.1,24739.1,24787.1,996
1780996500000,2026-06-09T09:15:00+00:00,24789.1,24793.1,24761.1,24764.1,924
1780997400000,2026-06-09T09:30:00+00:00,24763.1,24807.1,24736.1,24805.1,986
1780998300000,2026-06-09T09:45:00+00:00,24806.1,24809.1,24782.1,24793.1,826
1780999200000,2026-06-09T10:00:00+00:00,24794.1,24818.1,24750.1,24818.1,1160
1781000100000,2026-06-09T10:15:00+00:00,24817.1,24823.1,24794.1,24821.1,886
1781001000000,2026-06-09T10:30:00+00:00,24822.1,24822.1,24777.1,24783.1,898
1781001900000,2026-06-09T10:45:00+00:00,24782.1,24807.1,24776.1,24786.1,994
1781002800000,2026-06-09T11:00:00+00:00,24785.1,24793.1,24761.1,24766.1,948
1781003700000,2026-06-09T11:15:00+00:00,24764.1,24788.1,24760.1,24769.1,938
1781004600000,2026-06-09T11:30:00+00:00,24770.1,24779.1,24751.1,24753.1,908
1781005500000,2026-06-09T11:45:00+00:00,24754.1,24763.1,24717.1,24731.1,926
1781006400000,2026-06-09T12:00:00+00:00,24730.1,24734.1,24708.1,24714.1,972
1781007300000,2026-06-09T12:15:00+00:00,24713.1,24721.1,24701.1,24718.1,988
1781008200000,2026-06-09T12:30:00+00:00,24717.1,24752.1,24715.1,24741.1,1034
1781009100000,2026-06-09T12:45:00+00:00,24740.1,24755.1,24716.1,24755.1,962
1781010000000,2026-06-09T13:00:00+00:00,24753.1,24793.1,24736.1,24768.1,1220
1781010900000,2026-06-09T13:15:00+00:00,24767.1,24777.1,24753.1,24759.1,1080
1781011800000,2026-06-09T13:30:00+00:00,24755.1,24779.1,24737.1,24758.1,1594
1781012700000,2026-06-09T13:45:00+00:00,24760.1,24815.1,24757.1,24773.1,1648
1781013600000,2026-06-09T14:00:00+00:00,24777.1,24792.1,24720.1,24720.1,1652
1781014500000,2026-06-09T14:15:00+00:00,24721.1,24736.1,24646.1,24703.1,1926
1781015400000,2026-06-09T14:30:00+00:00,24702.1,24735.1,24658.1,24658.1,1818
1781016300000,2026-06-09T14:45:00+00:00,24660.1,24660.1,24555.1,24617.1,2200
1781017200000,2026-06-09T15:00:00+00:00,24619.1,24633.1,24561.1,24567.1,1906
1781018100000,2026-06-09T15:15:00+00:00,24564.1,24573.1,24412.1,24412.1,1916
1781019000000,2026-06-09T15:30:00+00:00,24401.1,24458.1,24394.1,24447.1,2456
1781019900000,2026-06-09T15:45:00+00:00,24450.1,24494.1,24409.1,24422.1,2112
1781020800000,2026-06-09T16:00:00+00:00,24424.1,24457.1,24406.1,24420.1,2092
1781021700000,2026-06-09T16:15:00+00:00,24421.1,24424.1,24355.1,24406.1,2122
1781022600000,2026-06-09T16:30:00+00:00,24405.1,24437.1,24232.1,24278.8,2606
1781023500000,2026-06-09T16:45:00+00:00,24277.1,24309.1,24243.1,24295.1,2420
1781024400000,2026-06-09T17:00:00+00:00,24298.1,24363.1,24295.1,24357.1,2204
1781025300000,2026-06-09T17:15:00+00:00,24356.1,24437.1,24342.1,24419.1,2114
1781026200000,2026-06-09T17:30:00+00:00,24420.1,24474.1,24403.1,24449.1,1756
1781027100000,2026-06-09T17:45:00+00:00,24450.1,24466.1,24427.1,24450.1,1802
1781028000000,2026-06-09T18:00:00+00:00,24451.1,24468.1,24439.1,24450.1,1846
1781028900000,2026-06-09T18:15:00+00:00,24449.1,24507.1,24437.1,24499.1,1940
1781029800000,2026-06-09T18:30:00+00:00,24498.1,24530.1,24496.1,24500.1,1652
1781030700000,2026-06-09T18:45:00+00:00,24499.1,24548.1,24495.1,24541.1,1546
1781031600000,2026-06-09T19:00:00+00:00,24543.1,24552.1,24520.1,24522.1,1668
1781032500000,2026-06-09T19:15:00+00:00,24523.1,24523.1,24472.1,24503.1,1864
1781033400000,2026-06-09T19:30:00+00:00,24502.1,24510.1,24470.1,24483.1,1864
1781034300000,2026-06-09T19:45:00+00:00,24486.1,24547.1,24470.1,24533.1,1620
1781050500000,2026-06-10T00:15:00+00:00,24499.0,24523.5,24480.0,24514.0,1482
1781051400000,2026-06-10T00:30:00+00:00,24515.5,24521.5,24436.0,24444.0,1726
1781052300000,2026-06-10T00:45:00+00:00,24443.0,24516.0,24440.0,24505.5,1788
1781053200000,2026-06-10T01:00:00+00:00,24503.0,24538.2,24489.5,24523.0,1890
1781054100000,2026-06-10T01:15:00+00:00,24525.0,24543.0,24495.0,24503.0,1760
1781055000000,2026-06-10T01:30:00+00:00,24502.0,24516.0,24483.0,24484.0,1726
1781055900000,2026-06-10T01:45:00+00:00,24485.0,24504.0,24466.0,24477.0,1710
1781056800000,2026-06-10T02:00:00+00:00,24476.0,24486.0,24451.5,24479.0,1552
1781057700000,2026-06-10T02:15:00+00:00,24480.0,24488.0,24454.7,24474.0,1622
1781058600000,2026-06-10T02:30:00+00:00,24475.0,24496.2,24459.0,24479.0,1342
1781059500000,2026-06-10T02:45:00+00:00,24477.0,24492.0,24439.0,24442.5,1222
1781060400000,2026-06-10T03:00:00+00:00,24445.0,24482.0,24442.0,24472.0,1268
1781061300000,2026-06-10T03:15:00+00:00,24473.0,24486.0,24460.0,24464.0,1106
1781062200000,2026-06-10T03:30:00+00:00,24465.5,24473.0,24435.0,24437.5,1352
1781063100000,2026-06-10T03:45:00+00:00,24437.0,24457.0,24436.0,24453.0,1126
1781064000000,2026-06-10T04:00:00+00:00,24454.0,24458.0,24425.0,24427.0,1052
1781064900000,2026-06-10T04:15:00+00:00,24426.0,24437.5,24415.0,24416.0,980
1781065800000,2026-06-10T04:30:00+00:00,24415.0,24418.0,24396.2,24397.0,1092
1781066700000,2026-06-10T04:45:00+00:00,24397.2,24425.0,24391.5,24400.0,1172
1781067600000,2026-06-10T05:00:00+00:00,24399.0,24433.0,24392.0,24419.0,1404
1781068500000,2026-06-10T05:15:00+00:00,24419.5,24457.0,24405.0,24457.0,1226
1781069400000,2026-06-10T05:30:00+00:00,24460.0,24470.0,24431.0,24440.0,1718
1781070300000,2026-06-10T05:45:00+00:00,24439.0,24482.0,24428.0,24481.0,1196
1781071200000,2026-06-10T06:00:00+00:00,24482.0,24509.8,24473.0,24500.8,1226
1781072100000,2026-06-10T06:15:00+00:00,24499.8,24513.8,24469.8,24476.8,932
1781073000000,2026-06-10T06:30:00+00:00,24477.8,24508.8,24466.8,24495.8,950
1781073900000,2026-06-10T06:45:00+00:00,24497.8,24497.8,24464.8,24475.8,944
1781074800000,2026-06-10T07:00:00+00:00,24480.8,24521.8,24448.8,24481.8,1969
1781075700000,2026-06-10T07:15:00+00:00,24480.8,24497.8,24417.8,24432.8,1690
1781076600000,2026-06-10T07:30:00+00:00,24431.8,24461.8,24417.8,24438.8,1584
1781077500000,2026-06-10T07:45:00+00:00,24439.8,24462.8,24420.8,24452.8,1510
1781078400000,2026-06-10T08:00:00+00:00,24451.8,24460.8,24401.8,24403.8,1860
1781079300000,2026-06-10T08:15:00+00:00,24404.8,24412.8,24359.8,24380.8,1584
1781080200000,2026-06-10T08:30:00+00:00,24378.8,24382.8,24333.8,24337.8,1528
1781081100000,2026-06-10T08:45:00+00:00,24336.8,24343.8,24304.8,24316.8,1666
1781082000000,2026-06-10T09:00:00+00:00,24318.8,24319.8,24252.8,24256.8,1542
1781082900000,2026-06-10T09:15:00+00:00,24255.8,24306.8,24236.8,24305.8,1570
1781083800000,2026-06-10T09:30:00+00:00,24306.8,24342.8,24274.8,24285.8,1618
1781084700000,2026-06-10T09:45:00+00:00,24284.8,24310.8,24265.8,24310.8,1406
1781085600000,2026-06-10T10:00:00+00:00,24311.8,24312.8,24235.8,24235.8,1440
1781086500000,2026-06-10T10:15:00+00:00,24236.8,24267.8,24217.8,24260.8,1434
1781087400000,2026-06-10T10:30:00+00:00,24259.8,24282.8,24240.8,24261.8,1428
1781088300000,2026-06-10T10:45:00+00:00,24262.8,24272.8,24230.8,24247.8,1382
1781089200000,2026-06-10T11:00:00+00:00,24245.8,24252.8,24040.8,24139.8,2328
1781090100000,2026-06-10T11:15:00+00:00,24138.8,24212.8,24068.8,24158.8,2084
1781091000000,2026-06-10T11:30:00+00:00,24156.8,24209.8,24144.8,24197.8,1948
1781091900000,2026-06-10T11:45:00+00:00,24199.8,24236.8,24189.8,24224.8,1574
1781092800000,2026-06-10T12:00:00+00:00,24226.8,24251.8,24198.8,24218.8,1642
1781093700000,2026-06-10T12:15:00+00:00,24216.8,24261.8,24204.8,24255.0,1636
1781094600000,2026-06-10T12:30:00+00:00,24256.0,24324.8,24245.0,24314.8,2190
1781095500000,2026-06-10T12:45:00+00:00,24313.8,24328.8,24289.8,24289.8,1618
1781096400000,2026-06-10T13:00:00+00:00,24288.8,24298.8,24247.8,24261.8,1652
1781097300000,2026-06-10T13:15:00+00:00,24262.8,24282.8,24256.8,24277.8,1294
1781098200000,2026-06-10T13:30:00+00:00,24274.8,24358.8,24242.8,24358.8,2024
1781099100000,2026-06-10T13:45:00+00:00,24360.8,24363.8,24314.8,24343.8,1906
1781100000000,2026-06-10T14:00:00+00:00,24342.8,24349.8,24306.8,24312.8,1758
1781100900000,2026-06-10T14:15:00+00:00,24313.8,24323.8,24288.8,24308.8,1774
1781101800000,2026-06-10T14:30:00+00:00,24307.8,24320.8,24273.8,24273.8,1676
1781102700000,2026-06-10T14:45:00+00:00,24275.8,24292.8,24231.8,24245.8,1972
1781103600000,2026-06-10T15:00:00+00:00,24244.8,24281.8,24224.8,24228.8,1920
1781104500000,2026-06-10T15:15:00+00:00,24230.8,24247.8,24197.8,24220.8,1918
1781105400000,2026-06-10T15:30:00+00:00,24222.8,24241.8,24183.8,24225.8,1958
1781106300000,2026-06-10T15:45:00+00:00,24223.8,24233.8,24119.8,24203.8,2272
1781107200000,2026-06-10T16:00:00+00:00,24204.8,24219.8,24159.8,24169.8,1934
1781108100000,2026-06-10T16:15:00+00:00,24170.8,24191.8,24165.8,24184.8,1762
1781109000000,2026-06-10T16:30:00+00:00,24183.8,24202.8,24146.8,24172.8,1658
1781109900000,2026-06-10T16:45:00+00:00,24171.8,24174.8,24142.8,24162.8,1726
1781110800000,2026-06-10T17:00:00+00:00,24164.8,24178.8,24130.8,24138.8,1690
1781111700000,2026-06-10T17:15:00+00:00,24137.8,24159.8,24131.8,24150.8,1428
1781112600000,2026-06-10T17:30:00+00:00,24149.8,24150.8,24108.8,24114.8,1440
1781113500000,2026-06-10T17:45:00+00:00,24113.8,24185.8,24110.8,24174.8,1944
1781114400000,2026-06-10T18:00:00+00:00,24178.8,24204.8,24170.8,24178.8,1696
1781115300000,2026-06-10T18:15:00+00:00,24177.8,24185.8,24149.8,24175.8,1658
1781116200000,2026-06-10T18:30:00+00:00,24174.8,24175.8,24143.8,24144.8,1520
1781117100000,2026-06-10T18:45:00+00:00,24143.8,24146.8,24109.8,24127.8,1580
1781118000000,2026-06-10T19:00:00+00:00,24126.8,24138.8,24108.8,24113.8,1558
1781118900000,2026-06-10T19:15:00+00:00,24114.8,24116.8,24083.8,24094.8,1496
1781119800000,2026-06-10T19:30:00+00:00,24095.8,24125.8,24088.8,24122.8,1674
1781120700000,2026-06-10T19:45:00+00:00,24123.8,24125.8,24082.8,24090.8,1450
1781136900000,2026-06-11T00:15:00+00:00,23997.8,24056.0,23981.5,24005.0,1936
1781137800000,2026-06-11T00:30:00+00:00,24003.0,24013.5,23965.0,23981.0,1672
1781138700000,2026-06-11T00:45:00+00:00,23982.0,24061.0,23982.0,24051.0,1832
1781139600000,2026-06-11T01:00:00+00:00,24052.0,24140.5,24048.0,24137.5,1882
1781140500000,2026-06-11T01:15:00+00:00,24139.0,24159.0,24110.0,24153.5,1474
1781141400000,2026-06-11T01:30:00+00:00,24155.0,24155.0,24117.0,24119.0,1340
1781142300000,2026-06-11T01:45:00+00:00,24121.0,24121.0,24063.0,24075.0,978
1781143200000,2026-06-11T02:00:00+00:00,24077.0,24097.5,24072.0,24077.0,1676
1781144100000,2026-06-11T02:15:00+00:00,24076.0,24079.5,24016.0,24024.5,1560
1781145000000,2026-06-11T02:30:00+00:00,24025.0,24037.0,23999.0,24023.0,1548
1781145900000,2026-06-11T02:45:00+00:00,24022.0,24073.0,24016.0,24062.0,1478
1781146800000,2026-06-11T03:00:00+00:00,24064.5,24084.5,24035.0,24048.0,1474
1781147700000,2026-06-11T03:15:00+00:00,24047.0,24070.0,24035.5,24066.0,1338
1781148600000,2026-06-11T03:30:00+00:00,24065.5,24112.5,24063.0,24110.0,1452
1781149500000,2026-06-11T03:45:00+00:00,24111.0,24141.0,24099.5,24137.0,960
1781150400000,2026-06-11T04:00:00+00:00,24139.0,24141.0,24121.0,24131.0,892
1781151300000,2026-06-11T04:15:00+00:00,24131.5,24152.0,24116.0,24148.0,1034
1781152200000,2026-06-11T04:30:00+00:00,24149.0,24189.2,24141.0,24177.5,902
1781153100000,2026-06-11T04:45:00+00:00,24178.0,24192.0,24161.0,24170.0,740
1781154000000,2026-06-11T05:00:00+00:00,24174.0,24176.0,24135.0,24145.5,924
1781154900000,2026-06-11T05:15:00+00:00,24145.0,24155.0,24127.0,24137.0,982
1781155800000,2026-06-11T05:30:00+00:00,24136.5,24158.0,24130.0,24152.0,996
1781156700000,2026-06-11T05:45:00+00:00,24151.0,24161.0,24141.0,24150.0,868
1781157600000,2026-06-11T06:00:00+00:00,24147.0,24162.8,24104.8,24159.8,1494
1781158500000,2026-06-11T06:15:00+00:00,24158.8,24182.8,24153.8,24172.8,1222
1781159400000,2026-06-11T06:30:00+00:00,24171.8,24217.8,24152.8,24198.8,1244
1781160300000,2026-06-11T06:45:00+00:00,24197.8,24217.8,24187.8,24205.8,1072
1781161200000,2026-06-11T07:00:00+00:00,24214.8,24238.8,24160.8,24194.8,2022
1781162100000,2026-06-11T07:15:00+00:00,24193.8,24217.8,24172.8,24207.8,1806
1781163000000,2026-06-11T07:30:00+00:00,24208.8,24246.8,24207.8,24224.8,1608
1781163900000,2026-06-11T07:45:00+00:00,24226.8,24232.8,24160.8,24166.8,1508
1781164800000,2026-06-11T08:00:00+00:00,24164.8,24263.8,24164.8,24255.8,1528
1781165700000,2026-06-11T08:15:00+00:00,24254.8,24255.8,24190.8,24200.8,1368
1781166600000,2026-06-11T08:30:00+00:00,24199.8,24213.8,24185.8,24205.8,1328
1781167500000,2026-06-11T08:45:00+00:00,24204.8,24222.8,24179.8,24210.8,1154
1781168400000,2026-06-11T09:00:00+00:00,24209.8,24221.8,24174.8,24196.8,1118
1781169300000,2026-06-11T09:15:00+00:00,24197.8,24228.8,24191.8,24210.8,936
1781170200000,2026-06-11T09:30:00+00:00,24211.8,24232.8,24192.8,24228.8,920
1781171100000,2026-06-11T09:45:00+00:00,24229.8,24274.8,24227.8,24253.8,1135
1781172000000,2026-06-11T10:00:00+00:00,24252.8,24281.8,24244.8,24278.8,1084
1781172900000,2026-06-11T10:15:00+00:00,24277.8,24280.8,24239.8,24241.8,1100
1781173800000,2026-06-11T10:30:00+00:00,24243.8,24277.8,24243.8,24261.8,948
1781174700000,2026-06-11T10:45:00+00:00,24262.8,24286.8,24253.8,24255.8,868
1781175600000,2026-06-11T11:00:00+00:00,24256.8,24268.8,24225.8,24243.8,1268
1781176500000,2026-06-11T11:15:00+00:00,24241.8,24262.8,24234.8,24254.8,1094
1781177400000,2026-06-11T11:30:00+00:00,24252.8,24294.8,24247.8,24271.8,1286
1781178300000,2026-06-11T11:45:00+00:00,24270.8,24276.8,24263.8,24265.8,912
1781179200000,2026-06-11T12:00:00+00:00,24266.8,24267.8,24238.8,24257.8,880
1781180100000,2026-06-11T12:15:00+00:00,24266.0,24267.0,24074.5,24140.8,1964
1781181000000,2026-06-11T12:30:00+00:00,24141.8,24199.8,24086.8,24167.8,2120
1781181900000,2026-06-11T12:45:00+00:00,24164.8,24227.8,24151.8,24207.8,1894
1781182800000,2026-06-11T13:00:00+00:00,24206.8,24206.8,24155.8,24175.8,1620
1781183700000,2026-06-11T13:15:00+00:00,24176.8,24203.8,24173.8,24193.8,1346
1781184600000,2026-06-11T13:30:00+00:00,24190.8,24239.8,24186.8,24225.8,2126
1781185500000,2026-06-11T13:45:00+00:00,24224.8,24323.8,24222.8,24300.8,2164
1781186400000,2026-06-11T14:00:00+00:00,24301.8,24329.8,24223.8,24229.8,1916
1781187300000,2026-06-11T14:15:00+00:00,24227.8,24260.8,24210.8,24231.8,1850
1781188200000,2026-06-11T14:30:00+00:00,24230.8,24274.8,24219.8,24266.8,1730
1781189100000,2026-06-11T14:45:00+00:00,24268.8,24276.8,24189.8,24199.8,1707
1781190000000,2026-06-11T15:00:00+00:00,24200.8,24279.8,24190.8,24265.8,1962
1781190900000,2026-06-11T15:15:00+00:00,24263.8,24271.8,24203.8,24203.8,1646
1781191800000,2026-06-11T15:30:00+00:00,24201.8,24261.8,24201.8,24234.8,1858
1781192700000,2026-06-11T15:45:00+00:00,24235.8,24242.8,24211.8,24234.8,1598
1781193600000,2026-06-11T16:00:00+00:00,24233.8,24254.8,24227.8,24248.8,1636
1781194500000,2026-06-11T16:15:00+00:00,24247.8,24253.8,24207.8,24207.8,1692
1781195400000,2026-06-11T16:30:00+00:00,24208.8,24240.8,24199.8,24222.8,1654
1781196300000,2026-06-11T16:45:00+00:00,24223.8,24227.8,24196.8,24197.8,1420
1781197200000,2026-06-11T17:00:00+00:00,24198.8,24219.8,24166.8,24195.8,1774
1781198100000,2026-06-11T17:15:00+00:00,24194.8,24424.8,24168.8,24420.8,1822
1781199000000,2026-06-11T17:30:00+00:00,24418.8,24573.8,24418.8,24557.8,2910
1781199900000,2026-06-11T17:45:00+00:00,24559.8,24567.8,24481.8,24519.8,2278
1781200800000,2026-06-11T18:00:00+00:00,24518.8,24541.8,24459.8,24485.8,2228
1781201700000,2026-06-11T18:15:00+00:00,24482.8,24513.8,24455.8,24488.8,2080
1781202600000,2026-06-11T18:30:00+00:00,24487.8,24508.8,24478.8,24497.8,1662
1781203500000,2026-06-11T18:45:00+00:00,24495.8,24532.8,24493.8,24512.8,1490
1781204400000,2026-06-11T19:00:00+00:00,24513.8,24561.8,24508.8,24539.8,1676
1781205300000,2026-06-11T19:15:00+00:00,24537.8,24560.8,24531.8,24553.8,1520
1781206200000,2026-06-11T19:30:00+00:00,24552.8,24649.8,24552.8,24648.8,2124
1781207100000,2026-06-11T19:45:00+00:00,24649.8,24649.8,24604.8,24621.8,1572
1781223300000,2026-06-12T00:15:00+00:00,24659.6,24659.6,24601.9,24631.9,1010
1781224200000,2026-06-12T00:30:00+00:00,24631.4,24643.4,24602.4,24603.9,642
1781225100000,2026-06-12T00:45:00+00:00,24603.4,24625.4,24592.4,24607.4,874
1781226000000,2026-06-12T01:00:00+00:00,24609.9,24609.9,24573.4,24587.4,1366
1781226900000,2026-06-12T01:15:00+00:00,24586.4,24593.9,24540.4,24544.4,1128
1781227800000,2026-06-12T01:30:00+00:00,24545.4,24575.4,24538.4,24562.9,1262
1781228700000,2026-06-12T01:45:00+00:00,24562.4,24622.4,24560.9,24620.4,856
1781229600000,2026-06-12T02:00:00+00:00,24621.4,24631.9,24610.4,24619.9,1024
1781230500000,2026-06-12T02:15:00+00:00,24620.9,24624.9,24580.4,24581.4,1056
1781231400000,2026-06-12T02:30:00+00:00,24582.4,24603.9,24576.4,24598.4,820
1781232300000,2026-06-12T02:45:00+00:00,24598.9,24602.4,24587.4,24597.4,548
1781233200000,2026-06-12T03:00:00+00:00,24596.9,24598.4,24572.4,24580.4,878
1781234100000,2026-06-12T03:15:00+00:00,24577.9,24588.9,24565.4,24581.4,892
1781235000000,2026-06-12T03:30:00+00:00,24582.4,24595.4,24576.4,24592.4,866
1781235900000,2026-06-12T03:45:00+00:00,24591.9,24599.9,24569.4,24596.4,760
1781236800000,2026-06-12T04:00:00+00:00,24597.4,24598.4,24568.4,24585.4,864
1781237700000,2026-06-12T04:15:00+00:00,24586.4,24611.4,24573.4,24607.9,534
1781238600000,2026-06-12T04:30:00+00:00,24607.4,24623.6,24604.4,24616.4,564
1781239500000,2026-06-12T04:45:00+00:00,24617.4,24621.4,24603.4,24609.4,616
1781240400000,2026-06-12T05:00:00+00:00,24610.6,24627.4,24582.4,24598.4,778
1781241300000,2026-06-12T05:15:00+00:00,24597.4,24606.4,24588.4,24598.4,860
1781242200000,2026-06-12T05:30:00+00:00,24597.4,24598.4,24539.6,24574.4,1410
1781243100000,2026-06-12T05:45:00+00:00,24576.4,24577.4,24523.4,24540.9,1132
1781244000000,2026-06-12T06:00:00+00:00,24540.4,24598.2,24537.1,24573.2,1450
1781244900000,2026-06-12T06:15:00+00:00,24572.2,24586.2,24557.2,24583.2,1172
1781245800000,2026-06-12T06:30:00+00:00,24582.2,24582.2,24521.2,24537.2,1234
1781246700000,2026-06-12T06:45:00+00:00,24535.2,24566.2,24525.2,24562.2,1110
1781247600000,2026-06-12T07:00:00+00:00,24570.2,24590.2,24515.2,24517.2,2172
1781248500000,2026-06-12T07:15:00+00:00,24518.2,24561.2,24493.2,24504.2,1744
1781249400000,2026-06-12T07:30:00+00:00,24505.2,24559.2,24501.2,24558.2,1658
1781250300000,2026-06-12T07:45:00+00:00,24557.2,24756.2,24556.2,24650.2,1646
1781251200000,2026-06-12T08:00:00+00:00,24654.2,24718.2,24634.2,24696.2,1848
1781252100000,2026-06-12T08:15:00+00:00,24698.2,24756.2,24683.2,24713.2,2064
1781253000000,2026-06-12T08:30:00+00:00,24714.2,24726.2,24621.2,24624.2,1764
1781253900000,2026-06-12T08:45:00+00:00,24623.2,24634.2,24590.2,24622.2,1476
1781254800000,2026-06-12T09:00:00+00:00,24623.2,24672.2,24620.2,24669.2,1374
1781255700000,2026-06-12T09:15:00+00:00,24672.2,24695.2,24658.2,24677.2,1496
1781256600000,2026-06-12T09:30:00+00:00,24678.2,24705.2,24666.2,24672.2,1266
1781257500000,2026-06-12T09:45:00+00:00,24671.2,24687.2,24652.2,24661.2,1194
1781258400000,2026-06-12T10:00:00+00:00,24660.2,24674.2,24613.2,24630.2,1270
1781259300000,2026-06-12T10:15:00+00:00,24631.2,24636.2,24554.2,24566.2,1492
1781260200000,2026-06-12T10:30:00+00:00,24569.2,24601.2,24552.2,24592.2,1254
1781261100000,2026-06-12T10:45:00+00:00,24594.2,24601.2,24576.2,24587.2,994
1781262000000,2026-06-12T11:00:00+00:00,24593.2,24607.2,24580.2,24597.2,1218
1781262900000,2026-06-12T11:15:00+00:00,24598.2,24634.2,24596.2,24628.2,1116
1781263800000,2026-06-12T11:30:00+00:00,24629.2,24638.2,24585.2,24603.2,1116
1781264700000,2026-06-12T11:45:00+00:00,24604.2,24613.2,24570.2,24578.2,1096
1781265600000,2026-06-12T12:00:00+00:00,24577.2,24582.2,24526.2,24532.2,1354
1781266500000,2026-06-12T12:15:00+00:00,24531.2,24532.2,24495.7,24496.7,1202
1781267400000,2026-06-12T12:30:00+00:00,24497.7,24512.7,24476.7,24484.7,1350
1781268300000,2026-06-12T12:45:00+00:00,24482.7,24504.7,24461.7,24470.7,1278
1781269200000,2026-06-12T13:00:00+00:00,24471.7,24532.7,24468.7,24528.7,1288
1781270100000,2026-06-12T13:15:00+00:00,24527.7,24558.7,24523.7,24552.7,1160
1781271000000,2026-06-12T13:30:00+00:00,24553.7,24554.7,24421.7,24451.7,2280
1781271900000,2026-06-12T13:45:00+00:00,24453.7,24519.7,24439.7,24502.7,1996
1781272800000,2026-06-12T14:00:00+00:00,24506.7,24542.7,24503.7,24515.7,1728
1781273700000,2026-06-12T14:15:00+00:00,24516.7,24548.7,24483.7,24505.7,1614
1781274600000,2026-06-12T14:30:00+00:00,24504.7,24552.7,24503.7,24514.7,1640
1781275500000,2026-06-12T14:45:00+00:00,24515.7,24639.7,24490.7,24628.7,2104
1781276400000,2026-06-12T15:00:00+00:00,24631.7,24636.7,24589.7,24621.7,1768
1781277300000,2026-06-12T15:15:00+00:00,24620.7,24641.7,24611.7,24621.7,1458
1781278200000,2026-06-12T15:30:00+00:00,24620.7,24668.7,24610.7,24617.7,1828
1781279100000,2026-06-12T15:45:00+00:00,24616.7,24634.7,24559.7,24567.7,1650
1781280000000,2026-06-12T16:00:00+00:00,24566.7,24635.7,24541.7,24613.7,1754
1781280900000,2026-06-12T16:15:00+00:00,24615.7,24641.7,24603.7,24608.7,1718
1781281800000,2026-06-12T16:30:00+00:00,24609.7,24632.7,24604.7,24624.7,1346
1781282700000,2026-06-12T16:45:00+00:00,24623.7,24642.7,24618.7,24631.7,1210
1781283600000,2026-06-12T17:00:00+00:00,24632.7,24680.7,24632.7,24659.7,1372
1781284500000,2026-06-12T17:15:00+00:00,24660.7,24670.7,24645.7,24653.7,1196
1781285400000,2026-06-12T17:30:00+00:00,24652.7,24655.7,24632.7,24647.7,1198
1781286300000,2026-06-12T17:45:00+00:00,24648.7,24664.7,24643.7,24651.7,1124
1781287200000,2026-06-12T18:00:00+00:00,24652.7,24662.7,24640.7,24648.7,1234
1781288100000,2026-06-12T18:15:00+00:00,24647.7,24663.7,24641.7,24661.7,1136
1781289000000,2026-06-12T18:30:00+00:00,24662.7,24681.7,24662.7,24674.7,862
1781289900000,2026-06-12T18:45:00+00:00,24675.7,24678.7,24652.7,24655.7,946
1781290800000,2026-06-12T19:00:00+00:00,24654.7,24676.7,24653.7,24674.7,1096
1781291700000,2026-06-12T19:15:00+00:00,24675.7,24694.7,24668.7,24683.7,1038
1781292600000,2026-06-12T19:30:00+00:00,24682.7,24685.7,24655.7,24670.7,1316
1781293500000,2026-06-12T19:45:00+00:00,24668.7,24682.7,24661.7,24675.7,854
1781482500000,2026-06-15T00:15:00+00:00,24993.0,25088.6,24922.1,25072.1,1214
1781483400000,2026-06-15T00:30:00+00:00,25073.1,25088.1,25049.3,25056.1,674
1781484300000,2026-06-15T00:45:00+00:00,25057.1,25063.1,25039.1,25050.6,808
1781485200000,2026-06-15T01:00:00+00:00,25049.1,25075.1,25028.1,25059.1,900
1781486100000,2026-06-15T01:15:00+00:00,25057.1,25061.1,25036.1,25046.1,958
1781487000000,2026-06-15T01:30:00+00:00,25047.1,25060.1,25035.1,25051.1,684
1781487900000,2026-06-15T01:45:00+00:00,25050.6,25055.1,25020.1,25026.1,652
1781488800000,2026-06-15T02:00:00+00:00,25024.6,25028.3,25007.1,25014.6,586
1781489700000,2026-06-15T02:15:00+00:00,25016.1,25034.1,25016.1,25028.1,454
1781490600000,2026-06-15T02:30:00+00:00,25030.1,25039.1,25027.1,25038.1,450
1781491500000,2026-06-15T02:45:00+00:00,25037.1,25047.1,25036.1,25045.1,406
1781492400000,2026-06-15T03:00:00+00:00,25044.1,25050.1,25034.1,25049.1,634
1781493300000,2026-06-15T03:15:00+00:00,25050.1,25060.1,25046.1,25049.3,478
1781494200000,2026-06-15T03:30:00+00:00,25048.3,25050.1,25024.1,25029.1,526
1781495100000,2026-06-15T03:45:00+00:00,25030.1,25031.3,25017.1,25019.1,264
1781496000000,2026-06-15T04:00:00+00:00,25020.1,25025.1,25006.1,25015.1,332
1781496900000,2026-06-15T04:15:00+00:00,25016.1,25028.6,25016.1,25025.1,476
1781497800000,2026-06-15T04:30:00+00:00,25026.3,25026.3,25015.1,25022.6,512
1781498700000,2026-06-15T04:45:00+00:00,25024.1,25038.6,25020.1,25038.6,544
1781499600000,2026-06-15T05:00:00+00:00,25038.1,25050.1,25032.1,25045.1,562
1781500500000,2026-06-15T05:15:00+00:00,25043.6,25067.3,25042.1,25063.1,594
1781501400000,2026-06-15T05:30:00+00:00,25062.1,25067.1,25031.1,25033.1,650
1781502300000,2026-06-15T05:45:00+00:00,25030.1,25040.3,25018.3,25034.1,510
1781503200000,2026-06-15T06:00:00+00:00,25037.1,25044.1,24998.9,25026.9,1096
1781504100000,2026-06-15T06:15:00+00:00,25027.9,25091.9,25021.9,25078.9,1136
1781505000000,2026-06-15T06:30:00+00:00,25076.9,25084.9,25054.9,25072.9,1020
1781505900000,2026-06-15T06:45:00+00:00,25071.9,25072.9,25051.9,25057.9,928
1781506800000,2026-06-15T07:00:00+00:00,25059.9,25097.9,25029.9,25067.9,2040
1781507700000,2026-06-15T07:15:00+00:00,25068.9,25098.9,25062.9,25086.9,1726
1781508600000,2026-06-15T07:30:00+00:00,25085.9,25097.9,25049.9,25057.9,1582
1781509500000,2026-06-15T07:45:00+00:00,25058.9,25088.9,25032.9,25033.9,1386
1781510400000,2026-06-15T08:00:00+00:00,25031.9,25058.9,24989.9,24998.9,1604
1781511300000,2026-06-15T08:15:00+00:00,24997.9,25040.9,24983.9,25030.9,1424
1781512200000,2026-06-15T08:30:00+00:00,25027.9,25027.9,24973.9,24986.9,1312
1781513100000,2026-06-15T08:45:00+00:00,24988.9,24995.9,24948.9,24955.9,1208
1781514000000,2026-06-15T09:00:00+00:00,24956.9,24962.9,24942.9,24943.9,1234
1781514900000,2026-06-15T09:15:00+00:00,24942.9,24944.9,24908.9,24923.9,1194
1781515800000,2026-06-15T09:30:00+00:00,24922.9,24938.9,24906.9,24907.9,1160
1781516700000,2026-06-15T09:45:00+00:00,24909.9,24938.9,24909.9,24929.9,1042
1781517600000,2026-06-15T10:00:00+00:00,24928.9,24963.9,24919.9,24948.9,1108
1781518500000,2026-06-15T10:15:00+00:00,24951.9,24967.9,24935.9,24960.9,994
1781519400000,2026-06-15T10:30:00+00:00,24959.9,24964.9,24928.9,24943.9,914
1781520300000,2026-06-15T10:45:00+00:00,24944.9,24957.9,24929.9,24953.9,852
1781521200000,2026-06-15T11:00:00+00:00,24954.9,24973.9,24946.9,24966.9,1000
1781522100000,2026-06-15T11:15:00+00:00,24967.9,24981.9,24955.9,24975.9,840
1781523000000,2026-06-15T11:30:00+00:00,24976.9,24983.9,24951.9,24963.9,910
1781523900000,2026-06-15T11:45:00+00:00,24964.9,24981.9,24949.9,24971.9,898
1781524800000,2026-06-15T12:00:00+00:00,24972.9,25000.9,24964.9,24987.9,1020
1781525700000,2026-06-15T12:15:00+00:00,24988.9,24994.9,24969.9,24979.9,898
1781526600000,2026-06-15T12:30:00+00:00,24978.9,24988.9,24970.9,24976.9,876
1781527500000,2026-06-15T12:45:00+00:00,24977.9,25004.9,24974.9,25000.9,910
1781528400000,2026-06-15T13:00:00+00:00,24999.9,25007.9,24985.9,24989.9,970
1781529300000,2026-06-15T13:15:00+00:00,24990.9,25013.9,24980.9,24999.9,1034
1781530200000,2026-06-15T13:30:00+00:00,24998.9,25020.9,24969.9,24983.9,1688
1781531100000,2026-06-15T13:45:00+00:00,24982.9,24982.9,24925.9,24931.9,1378
1781532000000,2026-06-15T14:00:00+00:00,24930.9,24946.9,24906.9,24915.9,1400
1781532900000,2026-06-15T14:15:00+00:00,24914.9,24946.9,24901.9,24932.9,1408
1781533800000,2026-06-15T14:30:00+00:00,24933.9,24980.9,24932.9,24967.9,1190
1781534700000,2026-06-15T14:45:00+00:00,24966.9,24974.9,24925.9,24944.9,1240
1781535600000,2026-06-15T15:00:00+00:00,24941.9,24952.9,24895.9,24897.9,1150
1781536500000,2026-06-15T15:15:00+00:00,24895.9,24919.9,24889.9,24913.9,1160
1781537400000,2026-06-15T15:30:00+00:00,24914.9,24936.9,24891.9,24928.9,1288
1781538300000,2026-06-15T15:45:00+00:00,24927.9,24950.9,24925.9,24931.9,776
1781539200000,2026-06-15T16:00:00+00:00,24930.9,24933.9,24917.9,24927.9,688
1781540100000,2026-06-15T16:15:00+00:00,24924.9,24929.9,24916.9,24924.9,716
1781541000000,2026-06-15T16:30:00+00:00,24927.9,24929.9,24910.9,24913.9,544
1781541900000,2026-06-15T16:45:00+00:00,24914.9,24921.9,24906.9,24917.9,614
1781542800000,2026-06-15T17:00:00+00:00,24916.9,24918.9,24887.9,24892.9,724
1781543700000,2026-06-15T17:15:00+00:00,24891.9,24911.9,24890.9,24908.9,542
1781544600000,2026-06-15T17:30:00+00:00,24907.9,24911.9,24887.9,24888.9,534
1781545500000,2026-06-15T17:45:00+00:00,24889.9,24897.9,24878.9,24885.9,534
1781546400000,2026-06-15T18:00:00+00:00,24886.9,24889.9,24867.9,24876.9,716
1781547300000,2026-06-15T18:15:00+00:00,24875.9,24880.9,24859.9,24860.9,572
1781548200000,2026-06-15T18:30:00+00:00,24861.9,24873.9,24853.9,24865.9,598
1781549100000,2026-06-15T18:45:00+00:00,24864.9,24871.9,24859.9,24861.9,508
1781550000000,2026-06-15T19:00:00+00:00,24862.9,24868.9,24855.9,24867.9,618
1781550900000,2026-06-15T19:15:00+00:00,24866.9,24870.9,24842.9,24843.9,626
1781551800000,2026-06-15T19:30:00+00:00,24844.9,24860.9,24843.9,24860.9,598
1781552700000,2026-06-15T19:45:00+00:00,24862.9,24870.9,24848.9,24850.9,694
1781568900000,2026-06-16T00:15:00+00:00,24844.1,24867.5,24843.5,24864.0,532
1781569800000,2026-06-16T00:30:00+00:00,24863.5,24879.5,24860.5,24869.5,618
1781570700000,2026-06-16T00:45:00+00:00,24868.5,24871.5,24857.5,24866.5,708
1781571600000,2026-06-16T01:00:00+00:00,24867.5,24876.0,24858.5,24865.5,896
1781572500000,2026-06-16T01:15:00+00:00,24864.0,24877.5,24859.5,24869.5,806
1781573400000,2026-06-16T01:30:00+00:00,24870.5,24873.5,24846.5,24848.5,822
1781574300000,2026-06-16T01:45:00+00:00,24849.5,24864.5,24846.5,24859.0,416
1781575200000,2026-06-16T02:00:00+00:00,24859.5,24862.5,24839.5,24843.5,414
1781576100000,2026-06-16T02:15:00+00:00,24842.5,24859.5,24842.5,24844.5,296
1781577000000,2026-06-16T02:30:00+00:00,24843.5,24856.5,24842.5,24849.5,312
1781577900000,2026-06-16T02:45:00+00:00,24849.0,24853.5,24847.5,24847.5,216
1781578800000,2026-06-16T03:00:00+00:00,24849.5,24858.5,24846.5,24852.5,194
1781579700000,2026-06-16T03:15:00+00:00,24853.5,24865.0,24846.0,24865.0,188
1781580600000,2026-06-16T03:30:00+00:00,24865.5,24892.5,24865.5,24891.5,332
1781581500000,2026-06-16T03:45:00+00:00,24892.0,24893.0,24866.5,24870.5,284
1781582400000,2026-06-16T04:00:00+00:00,24871.5,24874.5,24862.5,24868.5,278
1781583300000,2026-06-16T04:15:00+00:00,24866.5,24870.5,24861.0,24867.5,160
1781584200000,2026-06-16T04:30:00+00:00,24868.0,24878.5,24865.5,24876.5,360
1781585100000,2026-06-16T04:45:00+00:00,24875.5,24879.7,24862.5,24868.5,424
1781586000000,2026-06-16T05:00:00+00:00,24869.0,24906.7,24869.0,24901.5,434
1781586900000,2026-06-16T05:15:00+00:00,24902.7,24910.7,24895.5,24897.5,358
1781587800000,2026-06-16T05:30:00+00:00,24898.5,24900.5,24875.5,24882.5,598
1781588700000,2026-06-16T05:45:00+00:00,24883.0,24896.7,24879.5,24893.5,534
1781589600000,2026-06-16T06:00:00+00:00,24892.5,24931.3,24877.3,24929.3,854
1781590500000,2026-06-16T06:15:00+00:00,24928.3,24935.3,24912.3,24930.3,600
1781591400000,2026-06-16T06:30:00+00:00,24929.3,24938.3,24925.3,24929.3,756
1781592300000,2026-06-16T06:45:00+00:00,24930.3,24959.3,24927.3,24955.3,688
1781593200000,2026-06-16T07:00:00+00:00,24957.3,24969.3,24938.3,24959.3,1610
1781594100000,2026-06-16T07:15:00+00:00,24960.3,24962.3,24913.3,24936.3,1289
1781595000000,2026-06-16T07:30:00+00:00,24937.3,24945.3,24907.3,24931.3,1334
1781595900000,2026-06-16T07:45:00+00:00,24932.3,25005.3,24932.3,24998.3,1236
1781596800000,2026-06-16T08:00:00+00:00,24999.3,25063.3,24985.3,25063.3,1348
1781597700000,2026-06-16T08:15:00+00:00,25064.3,25118.3,25060.3,25113.3,1254
1781598600000,2026-06-16T08:30:00+00:00,25115.3,25118.3,25067.3,25079.3,1238
1781599500000,2026-06-16T08:45:00+00:00,25080.3,25106.3,25069.3,25103.3,1036
1781600400000,2026-06-16T09:00:00+00:00,25101.3,25105.3,25081.3,25085.3,926
1781601300000,2026-06-16T09:15:00+00:00,25086.3,25092.3,25069.3,25091.3,982
1781602200000,2026-06-16T09:30:00+00:00,25090.3,25104.3,25058.3,25062.3,972
1781603100000,2026-06-16T09:45:00+00:00,25063.3,25089.3,25050.3,25088.3,1044
1781604000000,2026-06-16T10:00:00+00:00,25089.3,25096.3,25070.3,25075.3,868
1781604900000,2026-06-16T10:15:00+00:00,25074.3,25083.3,25046.3,25054.3,818
1781605800000,2026-06-16T10:30:00+00:00,25055.3,25076.3,25053.3,25070.3,822
1781606700000,2026-06-16T10:45:00+00:00,25071.3,25071.3,25053.3,25059.3,764
1781607600000,2026-06-16T11:00:00+00:00,25058.3,25063.3,25015.3,25019.3,1006
1781608500000,2026-06-16T11:15:00+00:00,25018.3,25026.3,25006.3,25022.3,926
1781609400000,2026-06-16T11:30:00+00:00,25023.3,25028.3,25002.3,25019.3,988
1781610300000,2026-06-16T11:45:00+00:00,25018.3,25026.3,25005.3,25018.3,974
1781611200000,2026-06-16T12:00:00+00:00,25017.3,25060.3,25015.3,25057.3,1032
1781612100000,2026-06-16T12:15:00+00:00,25056.3,25063.3,25012.3,25021.3,1246
1781613000000,2026-06-16T12:30:00+00:00,25022.3,25047.3,24997.3,25004.3,1068
1781613900000,2026-06-16T12:45:00+00:00,25003.3,25018.3,24988.3,24992.3,1126
1781614800000,2026-06-16T13:00:00+00:00,24994.3,24995.3,24975.3,24985.3,1226
1781615700000,2026-06-16T13:15:00+00:00,24984.3,24991.3,24967.3,24990.3,1110
1781616600000,2026-06-16T13:30:00+00:00,24989.3,24995.3,24935.3,24960.3,1598
1781617500000,2026-06-16T13:45:00+00:00,24959.3,24994.3,24947.3,24991.3,1350
1781618400000,2026-06-16T14:00:00+00:00,24990.3,24990.3,24939.3,24949.3,1446
1781619300000,2026-06-16T14:15:00+00:00,24948.3,24958.3,24914.3,24938.3,1468
1781620200000,2026-06-16T14:30:00+00:00,24940.3,24974.3,24923.3,24959.3,1480
1781621100000,2026-06-16T14:45:00+00:00,24958.3,24959.3,24925.3,24934.3,1272
1781622000000,2026-06-16T15:00:00+00:00,24935.3,24943.3,24909.3,24935.3,1340
1781622900000,2026-06-16T15:15:00+00:00,24934.3,24940.3,24918.3,24921.3,1186
1781623800000,2026-06-16T15:30:00+00:00,24923.3,24946.3,24900.3,24905.3,1370
1781624700000,2026-06-16T15:45:00+00:00,24906.3,24908.3,24811.3,24838.3,1696
1781625600000,2026-06-16T16:00:00+00:00,24839.3,24853.3,24825.3,24844.3,1196
1781626500000,2026-06-16T16:15:00+00:00,24845.3,24855.3,24836.3,24852.3,1096
1781627400000,2026-06-16T16:30:00+00:00,24853.3,24858.3,24841.3,24841.3,1246
1781628300000,2026-06-16T16:45:00+00:00,24839.3,24849.3,24834.3,24841.3,1034
1781629200000,2026-06-16T17:00:00+00:00,24840.3,24840.3,24825.3,24827.3,1112
1781630100000,2026-06-16T17:15:00+00:00,24828.3,24829.3,24810.3,24816.3,1064
1781631000000,2026-06-16T17:30:00+00:00,24815.3,24841.3,24806.3,24835.3,1002
1781631900000,2026-06-16T17:45:00+00:00,24836.3,24845.3,24833.3,24842.3,960
1781632800000,2026-06-16T18:00:00+00:00,24841.3,24843.3,24829.3,24829.3,836
1781633700000,2026-06-16T18:15:00+00:00,24830.3,24841.3,24823.3,24832.3,876
1781634600000,2026-06-16T18:30:00+00:00,24833.3,24834.3,24815.3,24823.3,836
1781635500000,2026-06-16T18:45:00+00:00,24824.3,24824.3,24808.3,24811.3,772
1781636400000,2026-06-16T19:00:00+00:00,24810.3,24819.3,24778.3,24784.3,968
1781637300000,2026-06-16T19:15:00+00:00,24783.3,24803.3,24773.3,24795.3,1064
1781638200000,2026-06-16T19:30:00+00:00,24796.3,24803.3,24778.3,24787.3,1108
1781639100000,2026-06-16T19:45:00+00:00,24786.3,24800.3,24767.3,24777.3,1136
1781655300000,2026-06-17T00:15:00+00:00,24801.4,24802.4,24775.0,24794.0,610
1781656200000,2026-06-17T00:30:00+00:00,24793.0,24808.0,24791.5,24799.5,464
1781657100000,2026-06-17T00:45:00+00:00,24800.0,24805.0,24787.0,24803.0,346
1781658000000,2026-06-17T01:00:00+00:00,24802.5,24825.5,24795.0,24819.0,618
1781658900000,2026-06-17T01:15:00+00:00,24818.0,24827.0,24810.5,24821.0,416
1781659800000,2026-06-17T01:30:00+00:00,24822.0,24829.0,24815.0,24816.0,384
1781660700000,2026-06-17T01:45:00+00:00,24817.0,24831.2,24816.5,24831.0,380
1781661600000,2026-06-17T02:00:00+00:00,24830.0,24837.0,24827.0,24835.5,388
1781662500000,2026-06-17T02:15:00+00:00,24834.5,24835.0,24831.0,24833.0,102
1781663400000,2026-06-17T02:30:00+00:00,24833.5,24834.0,24823.0,24823.5,90
1781664300000,2026-06-17T02:45:00+00:00,24823.0,24823.5,24807.0,24810.5,216
1781665200000,2026-06-17T03:00:00+00:00,24809.5,24813.0,24794.0,24795.0,342
1781666100000,2026-06-17T03:15:00+00:00,24795.2,24804.0,24794.0,24802.0,304
1781667000000,2026-06-17T03:30:00+00:00,24800.0,24818.5,24799.0,24817.0,268
1781667900000,2026-06-17T03:45:00+00:00,24816.0,24824.0,24814.0,24822.0,218
1781668800000,2026-06-17T04:00:00+00:00,24823.0,24824.0,24811.0,24812.0,330
1781669700000,2026-06-17T04:15:00+00:00,24812.5,24818.0,24809.0,24809.0,214
1781670600000,2026-06-17T04:30:00+00:00,24809.5,24815.0,24803.0,24805.5,294
1781671500000,2026-06-17T04:45:00+00:00,24809.0,24835.2,24809.0,24832.5,344
1781672400000,2026-06-17T05:00:00+00:00,24832.0,24838.0,24828.0,24833.0,274
1781673300000,2026-06-17T05:15:00+00:00,24832.0,24842.5,24831.2,24839.0,274
1781674200000,2026-06-17T05:30:00+00:00,24840.0,24857.2,24839.0,24847.0,358
1781675100000,2026-06-17T05:45:00+00:00,24846.0,24855.0,24841.7,24846.0,208
1781676000000,2026-06-17T06:00:00+00:00,24849.0,24870.8,24838.8,24860.8,872
1781676900000,2026-06-17T06:15:00+00:00,24859.8,24865.8,24844.8,24850.8,824
1781677800000,2026-06-17T06:30:00+00:00,24848.8,24851.8,24833.8,24837.8,992
1781678700000,2026-06-17T06:45:00+00:00,24838.8,24844.8,24814.8,24831.8,932
1781679600000,2026-06-17T07:00:00+00:00,24832.8,24876.8,24805.8,24857.8,1771
1781680500000,2026-06-17T07:15:00+00:00,24856.8,24858.8,24814.8,24828.8,1476
1781681400000,2026-06-17T07:30:00+00:00,24827.8,24846.8,24802.8,24835.8,1372
1781682300000,2026-06-17T07:45:00+00:00,24834.8,24861.8,24828.8,24834.8,1300
1781683200000,2026-06-17T08:00:00+00:00,24833.8,24845.8,24822.8,24822.8,1282
1781684100000,2026-06-17T08:15:00+00:00,24823.8,24832.8,24797.8,24819.8,1300
1781685000000,2026-06-17T08:30:00+00:00,24821.8,24822.8,24766.8,24791.8,1332
1781685900000,2026-06-17T08:45:00+00:00,24792.8,24836.8,24791.8,24833.8,1210
1781686800000,2026-06-17T09:00:00+00:00,24832.8,24862.8,24830.8,24862.8,1142
1781687700000,2026-06-17T09:15:00+00:00,24864.8,24880.8,24855.8,24875.8,1106
1781688600000,2026-06-17T09:30:00+00:00,24876.8,24891.8,24864.8,24891.8,1124
1781689500000,2026-06-17T09:45:00+00:00,24890.8,24918.8,24886.8,24915.8,1138
1781690400000,2026-06-17T10:00:00+00:00,24914.8,24918.8,24884.8,24917.8,1166
1781691300000,2026-06-17T10:15:00+00:00,24918.8,24927.8,24907.8,24910.8,1064
1781692200000,2026-06-17T10:30:00+00:00,24911.8,24937.8,24910.8,24936.8,1006
1781693100000,2026-06-17T10:45:00+00:00,24935.8,24957.8,24931.8,24943.8,1154
1781694000000,2026-06-17T11:00:00+00:00,24944.8,24958.8,24930.8,24953.8,1072
1781694900000,2026-06-17T11:15:00+00:00,24954.8,24954.8,24927.8,24939.8,950
1781695800000,2026-06-17T11:30:00+00:00,24938.8,24939.8,24891.8,24900.8,1134
1781696700000,2026-06-17T11:45:00+00:00,24899.8,24907.8,24854.8,24862.8,1242
1781697600000,2026-06-17T12:00:00+00:00,24863.8,24894.8,24859.8,24883.8,1062
1781698500000,2026-06-17T12:15:00+00:00,24882.8,24883.8,24861.8,24868.8,1182
1781699400000,2026-06-17T12:30:00+00:00,24867.8,24896.8,24867.8,24894.8,1074
1781700300000,2026-06-17T12:45:00+00:00,24893.8,24903.8,24875.8,24877.8,1034
1781701200000,2026-06-17T13:00:00+00:00,24876.8,24899.8,24852.8,24859.8,1160
1781702100000,2026-06-17T13:15:00+00:00,24858.8,24870.8,24851.8,24855.8,1142
1781703000000,2026-06-17T13:30:00+00:00,24856.8,24868.8,24826.8,24863.8,1664
1781703900000,2026-06-17T13:45:00+00:00,24864.8,24895.8,24860.8,24869.8,1512
1781704800000,2026-06-17T14:00:00+00:00,24868.8,24868.8,24832.8,24857.8,1690
1781705700000,2026-06-17T14:15:00+00:00,24858.8,24920.8,24856.8,24917.8,1300
1781706600000,2026-06-17T14:30:00+00:00,24916.8,24943.8,24900.8,24942.8,1404
1781707500000,2026-06-17T14:45:00+00:00,24944.8,24945.8,24825.8,24883.8,1854
1781708400000,2026-06-17T15:00:00+00:00,24886.8,24905.8,24882.8,24903.8,1446
1781709300000,2026-06-17T15:15:00+00:00,24902.8,24938.8,24899.8,24938.8,1542
1781710200000,2026-06-17T15:30:00+00:00,24937.8,24973.8,24927.8,24966.8,1536
1781711100000,2026-06-17T15:45:00+00:00,24967.8,24978.8,24956.8,24959.8,1198
1781712000000,2026-06-17T16:00:00+00:00,24958.8,24968.8,24951.8,24957.8,1024
1781712900000,2026-06-17T16:15:00+00:00,24956.8,24968.8,24950.8,24958.8,906
1781713800000,2026-06-17T16:30:00+00:00,24959.8,24962.8,24939.8,24943.8,940
1781714700000,2026-06-17T16:45:00+00:00,24942.8,24942.8,24928.8,24941.8,934
1781715600000,2026-06-17T17:00:00+00:00,24940.8,24948.8,24912.8,24930.8,1168
1781716500000,2026-06-17T17:15:00+00:00,24929.8,24941.8,24925.8,24934.8,1006
1781717400000,2026-06-17T17:30:00+00:00,24933.8,24936.8,24923.8,24935.8,978
1781718300000,2026-06-17T17:45:00+00:00,24934.8,24972.0,24930.8,24972.0,932
1781719200000,2026-06-17T18:00:00+00:00,24967.5,24967.5,24827.8,24887.8,2218
1781720100000,2026-06-17T18:15:00+00:00,24888.8,24915.8,24887.8,24905.8,1750
1781721000000,2026-06-17T18:30:00+00:00,24904.8,24958.8,24877.5,24954.8,2430
1781721900000,2026-06-17T18:45:00+00:00,24953.8,24979.8,24880.8,24901.8,1976
1781722800000,2026-06-17T19:00:00+00:00,24903.8,24925.8,24864.5,24906.8,2366
1781723700000,2026-06-17T19:15:00+00:00,24910.8,24910.8,24812.0,24822.8,2208
1781724600000,2026-06-17T19:30:00+00:00,24825.8,24840.8,24785.8,24795.5,2452
1781725500000,2026-06-17T19:45:00+00:00,24797.8,24835.8,24785.5,24816.0,2066
1781741700000,2026-06-18T00:15:00+00:00,25005.0,25046.0,24894.0,24918.0,866
1781742600000,2026-06-18T00:30:00+00:00,24919.0,24930.0,24902.5,24905.0,430
1781743500000,2026-06-18T00:45:00+00:00,24905.5,24910.0,24841.0,24850.5,604
1781744400000,2026-06-18T01:00:00+00:00,24849.5,24872.5,24842.0,24854.7,874
1781745300000,2026-06-18T01:15:00+00:00,24855.7,24886.7,24838.7,24870.7,532
1781746200000,2026-06-18T01:30:00+00:00,24871.7,24896.7,24864.7,24881.7,784
1781747100000,2026-06-18T01:45:00+00:00,24877.7,24886.7,24866.7,24876.7,750
1781748000000,2026-06-18T02:00:00+00:00,24873.7,24902.7,24872.7,24896.7,474
1781748900000,2026-06-18T02:15:00+00:00,24895.7,24896.7,24883.7,24883.7,224
1781749800000,2026-06-18T02:30:00+00:00,24884.7,24887.7,24866.7,24874.7,368
1781750700000,2026-06-18T02:45:00+00:00,24875.7,24881.7,24861.7,24865.7,294
1781751600000,2026-06-18T03:00:00+00:00,24868.0,24871.7,24846.7,24851.7,248
1781752500000,2026-06-18T03:15:00+00:00,24852.0,24866.7,24844.7,24857.7,318
1781753400000,2026-06-18T03:30:00+00:00,24858.7,24871.7,24844.0,24859.5,416
1781754300000,2026-06-18T03:45:00+00:00,24858.0,24892.7,24857.7,24890.7,220
1781755200000,2026-06-18T04:00:00+00:00,24893.7,24904.7,24889.2,24894.2,302
1781756100000,2026-06-18T04:15:00+00:00,24894.7,24899.2,24867.2,24875.2,446
1781757000000,2026-06-18T04:30:00+00:00,24873.2,24876.2,24853.7,24860.0,334
1781757900000,2026-06-18T04:45:00+00:00,24860.7,24871.7,24851.7,24866.7,350
1781758800000,2026-06-18T05:00:00+00:00,24867.7,24881.7,24857.7,24880.7,326
1781759700000,2026-06-18T05:15:00+00:00,24881.7,24919.7,24878.7,24909.7,578
1781760600000,2026-06-18T05:30:00+00:00,24910.7,24913.7,24902.7,24910.7,494
1781761500000,2026-06-18T05:45:00+00:00,24909.7,24910.7,24880.7,24902.7,534
1781762400000,2026-06-18T06:00:00+00:00,24903.7,24951.3,24883.7,24949.3,1524
1781763300000,2026-06-18T06:15:00+00:00,24947.3,24994.3,24941.3,24972.3,1564
1781764200000,2026-06-18T06:30:00+00:00,24970.3,24974.3,24934.3,24957.3,1174
1781765100000,2026-06-18T06:45:00+00:00,24958.3,25004.3,24954.3,25003.3,1128
1781766000000,2026-06-18T07:00:00+00:00,25001.3,25044.3,25000.3,25014.3,1866
1781766900000,2026-06-18T07:15:00+00:00,25016.3,25079.3,25000.3,25071.3,1524
1781767800000,2026-06-18T07:30:00+00:00,25070.3,25075.3,25016.3,25020.3,1418
1781768700000,2026-06-18T07:45:00+00:00,25019.3,25031.3,24975.3,25003.3,1400
1781769600000,2026-06-18T08:00:00+00:00,25004.3,25029.3,24988.3,24997.3,1436
1781770500000,2026-06-18T08:15:00+00:00,24998.3,25003.3,24932.3,24933.3,1328
1781771400000,2026-06-18T08:30:00+00:00,24932.3,24934.3,24890.8,24897.8,1356
1781772300000,2026-06-18T08:45:00+00:00,24896.8,24905.8,24871.8,24876.8,1306
1781773200000,2026-06-18T09:00:00+00:00,24877.8,24936.8,24854.8,24929.8,1376
1781774100000,2026-06-18T09:15:00+00:00,24930.8,24965.8,24928.8,24960.8,1202
1781775000000,2026-06-18T09:30:00+00:00,24958.8,24967.8,24945.8,24960.8,1164
1781775900000,2026-06-18T09:45:00+00:00,24959.8,25015.8,24959.8,24984.8,1148
1781776800000,2026-06-18T10:00:00+00:00,24983.8,24988.8,24947.8,24984.8,1296
1781777700000,2026-06-18T10:15:00+00:00,24985.8,25004.8,24983.8,24988.8,1170
1781778600000,2026-06-18T10:30:00+00:00,24989.8,24994.8,24938.8,24938.8,1204
1781779500000,2026-06-18T10:45:00+00:00,24940.8,24963.8,24937.8,24943.8,1116
1781780400000,2026-06-18T11:00:00+00:00,24940.8,24948.8,24883.8,24918.8,1430
1781781300000,2026-06-18T11:15:00+00:00,24919.8,24943.8,24899.8,24943.8,1324
1781782200000,2026-06-18T11:30:00+00:00,24942.8,24956.8,24912.8,24940.8,1200
1781783100000,2026-06-18T11:45:00+00:00,24941.8,24959.8,24923.8,24948.8,1128
1781784000000,2026-06-18T12:00:00+00:00,24949.8,24983.8,24946.8,24982.8,1162
1781784900000,2026-06-18T12:15:00+00:00,24983.8,25005.8,24976.8,24985.0,1238
1781785800000,2026-06-18T12:30:00+00:00,24985.5,25011.8,24981.8,25007.8,1090
1781786700000,2026-06-18T12:45:00+00:00,25008.8,25047.8,25004.8,25036.8,1066
1781787600000,2026-06-18T13:00:00+00:00,25035.8,25055.8,25006.8,25045.8,1322
1781788500000,2026-06-18T13:15:00+00:00,25044.8,25054.8,25018.8,25022.8,1350
1781789400000,2026-06-18T13:30:00+00:00,25021.8,25032.8,24934.8,24975.8,1742
1781790300000,2026-06-18T13:45:00+00:00,24974.8,24991.8,24939.8,24963.8,1706
1781791200000,2026-06-18T14:00:00+00:00,24962.8,25002.8,24950.8,24999.8,1524
1781792100000,2026-06-18T14:15:00+00:00,24997.8,25036.8,24992.8,25006.8,1300
1781793000000,2026-06-18T14:30:00+00:00,25005.8,25045.8,24991.8,25030.8,1354
1781793900000,2026-06-18T14:45:00+00:00,25029.8,25062.8,25029.8,25061.8,1144
1781794800000,2026-06-18T15:00:00+00:00,25064.8,25086.8,25042.8,25042.8,1232
1781795700000,2026-06-18T15:15:00+00:00,25043.8,25067.8,25021.8,25054.8,1374
1781796600000,2026-06-18T15:30:00+00:00,25051.8,25083.8,25016.8,25042.8,1778
1781797500000,2026-06-18T15:45:00+00:00,25041.8,25081.8,25028.8,25073.8,1270
1781798400000,2026-06-18T16:00:00+00:00,25074.8,25088.8,25073.8,25083.8,1064
1781799300000,2026-06-18T16:15:00+00:00,25082.8,25095.8,25074.8,25079.8,878
1781800200000,2026-06-18T16:30:00+00:00,25078.8,25089.8,25074.8,25085.8,754
1781801100000,2026-06-18T16:45:00+00:00,25088.8,25088.8,25052.8,25068.8,906
1781802000000,2026-06-18T17:00:00+00:00,25070.8,25094.8,25060.8,25088.8,844
1781802900000,2026-06-18T17:15:00+00:00,25087.8,25092.8,25074.8,25090.8,780
1781803800000,2026-06-18T17:30:00+00:00,25092.8,25100.8,25085.8,25099.8,568
1781804700000,2026-06-18T17:45:00+00:00,25098.8,25101.8,25088.8,25090.8,610
1781805600000,2026-06-18T18:00:00+00:00,25091.8,25100.8,25080.8,25084.8,778
1781806500000,2026-06-18T18:15:00+00:00,25086.8,25095.8,25082.8,25084.8,748
1781807400000,2026-06-18T18:30:00+00:00,25085.8,25085.8,25059.8,25069.8,668
1781808300000,2026-06-18T18:45:00+00:00,25068.8,25082.8,25068.8,25075.8,630
1781809200000,2026-06-18T19:00:00+00:00,25074.8,25074.8,25045.8,25048.8,978
1781810100000,2026-06-18T19:15:00+00:00,25047.8,25066.8,25046.8,25057.8,828
1781811000000,2026-06-18T19:30:00+00:00,25055.8,25065.8,25039.8,25056.8,938
1781811900000,2026-06-18T19:45:00+00:00,25055.8,25077.8,25051.8,25074.8,848
1781828100000,2026-06-19T00:15:00+00:00,25035.1,25036.1,24986.3,24997.3,764
1781829000000,2026-06-19T00:30:00+00:00,24994.3,25010.3,24951.3,24992.3,654
1781829900000,2026-06-19T00:45:00+00:00,24989.3,24998.3,24980.3,24995.3,286
1781830800000,2026-06-19T01:00:00+00:00,24996.3,25011.3,24981.3,24982.3,394
1781831700000,2026-06-19T01:15:00+00:00,24983.3,24992.3,24977.3,24985.3,276
1781832600000,2026-06-19T01:30:00+00:00,24984.3,24987.3,24973.3,24981.3,328
1781833500000,2026-06-19T01:45:00+00:00,24980.3,24984.3,24967.3,24967.3,198
1781834400000,2026-06-19T02:00:00+00:00,24968.3,24968.3,24951.3,24958.3,278
1781835300000,2026-06-19T02:15:00+00:00,24959.3,24961.3,24950.3,24961.3,250
1781836200000,2026-06-19T02:30:00+00:00,24958.3,24976.3,24958.3,24976.3,186
1781837100000,2026-06-19T02:45:00+00:00,24975.3,24975.3,24955.3,24965.3,190
1781838000000,2026-06-19T03:00:00+00:00,24966.3,24975.3,24962.3,24962.3,140
1781838900000,2026-06-19T03:15:00+00:00,24961.3,24961.3,24947.3,24955.3,486
1781839800000,2026-06-19T03:30:00+00:00,24956.3,24965.3,24948.3,24959.3,662
1781840700000,2026-06-19T03:45:00+00:00,24960.3,24965.3,24956.3,24963.3,544
1781841600000,2026-06-19T04:00:00+00:00,24966.3,24983.3,24953.3,24982.3,684
1781842500000,2026-06-19T04:15:00+00:00,24983.3,24983.3,24963.3,24967.3,542
1781843400000,2026-06-19T04:30:00+00:00,24966.3,24968.3,24923.3,24928.3,458
1781844300000,2026-06-19T04:45:00+00:00,24929.3,24933.3,24910.3,24925.3,540
1781845200000,2026-06-19T05:00:00+00:00,24926.3,24952.3,24920.3,24943.3,702
1781846100000,2026-06-19T05:15:00+00:00,24940.3,24954.3,24932.3,24951.3,606
1781847000000,2026-06-19T05:30:00+00:00,24948.3,24957.3,24934.8,24946.3,668
1781847900000,2026-06-19T05:45:00+00:00,24947.3,24975.3,24946.3,24971.3,524
1781848800000,2026-06-19T06:00:00+00:00,24972.3,25004.9,24967.3,25001.9,824
1781849700000,2026-06-19T06:15:00+00:00,25000.9,25027.9,24993.9,25023.9,724
1781850600000,2026-06-19T06:30:00+00:00,25024.9,25037.9,25018.9,25030.9,862
1781851500000,2026-06-19T06:45:00+00:00,25029.9,25056.9,25026.9,25052.9,744
1781852400000,2026-06-19T07:00:00+00:00,25056.9,25108.9,25047.9,25104.9,1698
1781853300000,2026-06-19T07:15:00+00:00,25103.9,25135.9,25083.9,25120.9,1364
1781854200000,2026-06-19T07:30:00+00:00,25121.9,25169.9,25103.9,25169.9,1298
1781855100000,2026-06-19T07:45:00+00:00,25170.9,25187.9,25156.9,25180.9,1116
1781856000000,2026-06-19T08:00:00+00:00,25179.9,25188.9,25152.9,25170.9,1250
1781856900000,2026-06-19T08:15:00+00:00,25171.9,25196.9,25169.9,25176.9,1034
1781857800000,2026-06-19T08:30:00+00:00,25177.9,25177.9,25133.9,25150.9,992
1781858700000,2026-06-19T08:45:00+00:00,25152.9,25158.9,25124.9,25142.9,963
1781859600000,2026-06-19T09:00:00+00:00,25143.9,25153.9,25106.9,25109.9,1162
1781860500000,2026-06-19T09:15:00+00:00,25110.9,25115.9,25081.9,25093.9,1010
1781861400000,2026-06-19T09:30:00+00:00,25095.9,25140.9,25091.9,25120.9,964
1781862300000,2026-06-19T09:45:00+00:00,25119.9,25159.9,25111.9,25131.9,1440
1781863200000,2026-06-19T10:00:00+00:00,25133.9,25147.9,25119.9,25123.9,1066
1781864100000,2026-06-19T10:15:00+00:00,25122.9,25135.9,25088.9,25089.9,928
1781865000000,2026-06-19T10:30:00+00:00,25090.9,25091.9,25036.9,25070.9,1122
1781865900000,2026-06-19T10:45:00+00:00,25071.9,25091.9,25059.9,25063.9,1006
1781866800000,2026-06-19T11:00:00+00:00,25061.9,25081.9,25036.9,25065.9,1322
1781867700000,2026-06-19T11:15:00+00:00,25066.9,25072.9,25034.9,25038.9,878
1781868600000,2026-06-19T11:30:00+00:00,25037.9,25062.9,25031.9,25054.9,964
1781869500000,2026-06-19T11:45:00+00:00,25053.9,25067.9,25029.9,25062.9,864
1781870400000,2026-06-19T12:00:00+00:00,25061.9,25062.9,25011.9,25011.9,792
1781871300000,2026-06-19T12:15:00+00:00,25012.9,25026.9,24992.9,25010.9,894
1781872200000,2026-06-19T12:30:00+00:00,25009.9,25013.9,24968.9,24996.9,1026
1781873100000,2026-06-19T12:45:00+00:00,24994.9,25084.9,24982.9,25079.9,1466
1781874000000,2026-06-19T13:00:00+00:00,25080.9,25114.9,25056.9,25064.9,1308
1781874900000,2026-06-19T13:15:00+00:00,25065.9,25087.9,25047.9,25086.9,924
1781875800000,2026-06-19T13:30:00+00:00,25088.9,25089.9,25041.9,25045.9,970
1781876700000,2026-06-19T13:45:00+00:00,25046.9,25084.9,25040.9,25071.9,892
1781877600000,2026-06-19T14:00:00+00:00,25072.9,25083.9,25055.9,25081.9,856
1781878500000,2026-06-19T14:15:00+00:00,25082.9,25103.9,25079.9,25095.9,788
1781879400000,2026-06-19T14:30:00+00:00,25097.9,25103.9,25071.9,25072.9,806
1781880300000,2026-06-19T14:45:00+00:00,25071.9,25072.9,25047.9,25057.9,818
1781881200000,2026-06-19T15:00:00+00:00,25059.9,25085.9,25052.9,25078.9,832
1781882100000,2026-06-19T15:15:00+00:00,25077.9,25077.9,25039.9,25044.9,964
1781883000000,2026-06-19T15:30:00+00:00,25048.9,25056.9,24994.9,25014.9,1484
1781883900000,2026-06-19T15:45:00+00:00,25015.9,25035.9,25012.9,25034.9,658
1781884800000,2026-06-19T16:00:00+00:00,25033.9,25046.9,25031.9,25044.9,596
1781885700000,2026-06-19T16:15:00+00:00,25045.9,25059.9,25038.9,25059.9,460
1781886600000,2026-06-19T16:30:00+00:00,25058.9,25063.9,25046.9,25051.9,482
1781887500000,2026-06-19T16:45:00+00:00,25052.9,25052.9,25009.9,25016.9,676
1781888400000,2026-06-19T17:00:00+00:00,25015.9,25022.9,25014.9,25017.9,265
1781889300000,2026-06-19T17:15:00+00:00,25020.9,25025.9,25010.9,25023.9,294
1781890200000,2026-06-19T17:30:00+00:00,25022.9,25027.9,25016.9,25022.9,256
1781891100000,2026-06-19T17:45:00+00:00,25021.9,25024.9,25018.9,25024.9,142
1781892000000,2026-06-19T18:00:00+00:00,25023.9,25032.9,25021.9,25030.9,66
1781892900000,2026-06-19T18:15:00+00:00,25031.9,25031.9,25021.9,25024.9,108
1781893800000,2026-06-19T18:30:00+00:00,25026.9,25029.9,25024.9,25029.9,236
1781894700000,2026-06-19T18:45:00+00:00,25028.9,25028.9,25019.9,25023.9,168
1781895600000,2026-06-19T19:00:00+00:00,25022.9,25030.9,25022.9,25028.9,140
1781896500000,2026-06-19T19:15:00+00:00,25027.9,25031.9,25027.9,25027.9,70
1781897400000,2026-06-19T19:30:00+00:00,25029.9,25029.9,25019.9,25025.9,98
1781898300000,2026-06-19T19:45:00+00:00,25024.9,25024.9,25011.9,25019.9,184
1782087300000,2026-06-22T00:15:00+00:00,24944.9,25006.1,24944.9,25001.1,900
1782088200000,2026-06-22T00:30:00+00:00,25002.1,25013.1,24996.1,25006.1,544
1782089100000,2026-06-22T00:45:00+00:00,25007.1,25028.1,25005.1,25024.1,396
1782090000000,2026-06-22T01:00:00+00:00,25025.1,25048.1,25025.1,25035.1,808
1782090900000,2026-06-22T01:15:00+00:00,25034.1,25050.1,25026.1,25049.1,580
1782091800000,2026-06-22T01:30:00+00:00,25048.1,25048.1,25021.1,25022.1,362
1782092700000,2026-06-22T01:45:00+00:00,25023.1,25023.1,24997.1,25002.1,520
1782093600000,2026-06-22T02:00:00+00:00,25001.1,25017.1,24995.1,24995.1,556
1782094500000,2026-06-22T02:15:00+00:00,24996.1,25012.1,24988.1,25000.1,454
1782095400000,2026-06-22T02:30:00+00:00,24997.1,25000.1,24988.1,24994.1,390
1782096300000,2026-06-22T02:45:00+00:00,24995.1,24995.1,24981.1,24984.1,248
1782097200000,2026-06-22T03:00:00+00:00,24983.1,24983.1,24965.1,24971.1,388
1782098100000,2026-06-22T03:15:00+00:00,24972.1,24989.1,24972.1,24987.1,278
1782099000000,2026-06-22T03:30:00+00:00,24990.1,24998.1,24988.1,24992.1,186
1782099900000,2026-06-22T03:45:00+00:00,24993.1,25003.1,24976.1,24981.1,452
1782100800000,2026-06-22T04:00:00+00:00,24982.1,24992.1,24973.1,24973.1,402
1782101700000,2026-06-22T04:15:00+00:00,24974.1,24981.1,24970.1,24974.1,358
1782102600000,2026-06-22T04:30:00+00:00,24973.1,24977.1,24962.1,24964.1,420
1782103500000,2026-06-22T04:45:00+00:00,24965.1,24996.1,24965.1,24995.1,524
1782104400000,2026-06-22T05:00:00+00:00,24996.1,25039.1,24995.1,25030.1,592
1782105300000,2026-06-22T05:15:00+00:00,25027.1,25040.1,25026.1,25036.1,506
1782106200000,2026-06-22T05:30:00+00:00,25035.1,25043.1,25022.1,25024.1,528
1782107100000,2026-06-22T05:45:00+00:00,25023.1,25041.1,25016.1,25039.1,290
1782108000000,2026-06-22T06:00:00+00:00,25044.1,25065.7,25027.7,25049.7,802
1782108900000,2026-06-22T06:15:00+00:00,25048.7,25078.7,25035.7,25077.7,758
1782109800000,2026-06-22T06:30:00+00:00,25076.7,25087.7,25064.7,25087.7,646
1782110700000,2026-06-22T06:45:00+00:00,25088.7,25102.7,25084.7,25094.7,596
1782111600000,2026-06-22T07:00:00+00:00,25097.7,25097.7,25041.7,25077.7,1738
1782112500000,2026-06-22T07:15:00+00:00,25078.7,25095.7,25063.7,25091.7,1352
1782113400000,2026-06-22T07:30:00+00:00,25093.7,25108.7,25024.7,25032.7,1314
1782114300000,2026-06-22T07:45:00+00:00,25031.7,25041.7,25009.7,25036.7,1276
1782115200000,2026-06-22T08:00:00+00:00,25037.7,25039.7,24994.7,25012.7,1354
1782116100000,2026-06-22T08:15:00+00:00,25011.7,25023.7,24988.7,25008.7,1402
1782117000000,2026-06-22T08:30:00+00:00,25010.7,25014.7,24975.7,25000.7,1236
1782117900000,2026-06-22T08:45:00+00:00,25001.7,25001.7,24967.7,24972.7,1060
1782118800000,2026-06-22T09:00:00+00:00,24973.7,24995.7,24954.7,24994.7,1220
1782119700000,2026-06-22T09:15:00+00:00,24995.7,24999.7,24954.7,24970.7,1025
1782120600000,2026-06-22T09:30:00+00:00,24969.7,24980.7,24941.7,24953.7,1066
1782121500000,2026-06-22T09:45:00+00:00,24952.7,24966.7,24923.7,24923.7,1006
1782122400000,2026-06-22T10:00:00+00:00,24924.7,24960.7,24918.7,24949.7,1134
1782123300000,2026-06-22T10:15:00+00:00,24950.7,24960.7,24945.7,24948.7,874
1782124200000,2026-06-22T10:30:00+00:00,24949.7,24962.7,24936.7,24948.7,924
1782125100000,2026-06-22T10:45:00+00:00,24947.7,24956.7,24934.7,24934.7,858
1782126000000,2026-06-22T11:00:00+00:00,24935.7,24991.7,24920.7,24969.7,1368
1782126900000,2026-06-22T11:15:00+00:00,24968.7,24988.7,24960.7,24982.7,966
1782127800000,2026-06-22T11:30:00+00:00,24981.7,25013.7,24978.7,25011.7,1006
1782128700000,2026-06-22T11:45:00+00:00,25010.7,25023.7,24999.7,25022.7,828
1782129600000,2026-06-22T12:00:00+00:00,25023.7,25024.7,24996.7,25022.7,965
1782130500000,2026-06-22T12:15:00+00:00,25021.7,25048.7,25008.7,25047.7,973
1782131400000,2026-06-22T12:30:00+00:00,25046.7,25054.7,25031.7,25038.7,980
1782132300000,2026-06-22T12:45:00+00:00,25039.7,25056.7,25031.7,25047.7,776
1782133200000,2026-06-22T13:00:00+00:00,25048.7,25093.7,25047.7,25078.7,1438
1782134100000,2026-06-22T13:15:00+00:00,25077.7,25117.7,25067.7,25107.7,1058
1782135000000,2026-06-22T13:30:00+00:00,25104.7,25142.7,25104.7,25128.7,1546
1782135900000,2026-06-22T13:45:00+00:00,25127.7,25176.7,25119.7,25174.7,1430
1782136800000,2026-06-22T14:00:00+00:00,25173.7,25202.7,25146.7,25182.7,1334
1782137700000,2026-06-22T14:15:00+00:00,25181.7,25183.7,25150.7,25151.7,1270
1782138600000,2026-06-22T14:30:00+00:00,25152.7,25160.7,25134.7,25134.7,1422
1782139500000,2026-06-22T14:45:00+00:00,25135.7,25154.7,25109.7,25138.7,1446
1782140400000,2026-06-22T15:00:00+00:00,25139.7,25164.7,25116.7,25160.7,1300
1782141300000,2026-06-22T15:15:00+00:00,25159.7,25182.7,25142.7,25182.7,1306
1782142200000,2026-06-22T15:30:00+00:00,25179.7,25194.7,25148.7,25172.7,1224
1782143100000,2026-06-22T15:45:00+00:00,25173.7,25181.7,25125.7,25132.7,1196
1782144000000,2026-06-22T16:00:00+00:00,25136.7,25136.7,25104.7,25128.7,1274
1782144900000,2026-06-22T16:15:00+00:00,25129.7,25132.7,25110.7,25122.7,877
1782145800000,2026-06-22T16:30:00+00:00,25120.7,25122.7,25106.7,25107.7,962
1782146700000,2026-06-22T16:45:00+00:00,25108.7,25131.7,25101.7,25118.7,906
1782147600000,2026-06-22T17:00:00+00:00,25119.7,25120.7,25098.7,25099.7,722
1782148500000,2026-06-22T17:15:00+00:00,25101.7,25112.7,25096.7,25104.7,702
1782149400000,2026-06-22T17:30:00+00:00,25103.7,25113.7,25088.7,25110.7,796
1782150300000,2026-06-22T17:45:00+00:00,25111.7,25122.7,25105.7,25115.7,602
1782151200000,2026-06-22T18:00:00+00:00,25114.7,25131.7,25109.7,25127.7,718
1782152100000,2026-06-22T18:15:00+00:00,25128.7,25134.7,25121.7,25124.7,696
1782153000000,2026-06-22T18:30:00+00:00,25125.7,25135.7,25109.7,25111.7,616
1782153900000,2026-06-22T18:45:00+00:00,25112.7,25116.7,25099.7,25100.7,892
1782154800000,2026-06-22T19:00:00+00:00,25102.7,25109.7,25091.7,25105.7,874
1782155700000,2026-06-22T19:15:00+00:00,25106.7,25111.7,25101.7,25102.7,814
1782156600000,2026-06-22T19:30:00+00:00,25104.7,25118.7,25100.7,25101.7,834
1782157500000,2026-06-22T19:45:00+00:00,25105.7,25124.7,25102.7,25119.7,830
1782173700000,2026-06-23T00:15:00+00:00,25055.4,25077.6,25054.4,25072.6,726
1782174600000,2026-06-23T00:30:00+00:00,25071.6,25112.6,25064.6,25111.6,688
1782175500000,2026-06-23T00:45:00+00:00,25112.6,25125.6,25103.6,25111.6,864
1782176400000,2026-06-23T01:00:00+00:00,25112.6,25121.6,25104.6,25106.6,860
1782177300000,2026-06-23T01:15:00+00:00,25105.6,25112.6,25095.6,25103.6,812
1782178200000,2026-06-23T01:30:00+00:00,25104.6,25106.6,25063.6,25067.6,1026
1782179100000,2026-06-23T01:45:00+00:00,25066.6,25084.6,25058.6,25078.6,1018
1782180000000,2026-06-23T02:00:00+00:00,25079.6,25087.6,25040.6,25051.6,1030
1782180900000,2026-06-23T02:15:00+00:00,25052.6,25066.6,25047.6,25062.6,688
1782181800000,2026-06-23T02:30:00+00:00,25060.6,25062.6,25040.6,25049.6,548
1782182700000,2026-06-23T02:45:00+00:00,25050.6,25054.6,25022.6,25026.6,634
1782183600000,2026-06-23T03:00:00+00:00,25028.6,25031.6,24985.6,24990.6,702
1782184500000,2026-06-23T03:15:00+00:00,24991.6,25001.6,24989.6,24998.6,616
1782185400000,2026-06-23T03:30:00+00:00,24997.6,24997.6,24946.6,24974.6,775
1782186300000,2026-06-23T03:45:00+00:00,24973.6,25009.6,24963.6,25008.6,716
1782187200000,2026-06-23T04:00:00+00:00,25007.6,25015.6,24991.6,24996.6,592
1782188100000,2026-06-23T04:15:00+00:00,24995.6,24996.6,24965.6,24991.6,534
1782189000000,2026-06-23T04:30:00+00:00,24988.6,24994.6,24971.6,24976.6,474
1782189900000,2026-06-23T04:45:00+00:00,24977.6,24979.6,24938.6,24945.6,638
1782190800000,2026-06-23T05:00:00+00:00,24947.6,24966.6,24937.6,24952.6,980
1782191700000,2026-06-23T05:15:00+00:00,24951.6,24955.6,24897.6,24913.6,712
1782192600000,2026-06-23T05:30:00+00:00,24910.6,24929.6,24906.6,24920.6,1018
1782193500000,2026-06-23T05:45:00+00:00,24921.6,24934.6,24905.6,24911.6,774
1782194400000,2026-06-23T06:00:00+00:00,24912.6,24939.2,24899.2,24915.2,1274
1782195300000,2026-06-23T06:15:00+00:00,24916.2,24927.2,24880.2,24883.2,1226
1782196200000,2026-06-23T06:30:00+00:00,24884.2,24920.2,24868.2,24889.2,1132
1782197100000,2026-06-23T06:45:00+00:00,24888.2,24899.2,24856.2,24860.2,906
1782198000000,2026-06-23T07:00:00+00:00,24863.2,24906.2,24848.2,24865.2,2080
1782198900000,2026-06-23T07:15:00+00:00,24866.2,24866.2,24794.2,24832.2,1762
1782199800000,2026-06-23T07:30:00+00:00,24817.2,24880.2,24817.2,24855.2,1604
1782200700000,2026-06-23T07:45:00+00:00,24852.2,24864.2,24792.2,24812.2,1486
1782201600000,2026-06-23T08:00:00+00:00,24811.2,24821.2,24773.2,24790.2,1848
1782202500000,2026-06-23T08:15:00+00:00,24789.2,24804.2,24748.2,24768.2,1664
1782203400000,2026-06-23T08:30:00+00:00,24769.2,24822.2,24760.2,24792.2,1566
1782204300000,2026-06-23T08:45:00+00:00,24793.2,24795.2,24758.2,24795.2,1284
1782205200000,2026-06-23T09:00:00+00:00,24796.2,24825.2,24780.2,24820.2,1382
1782206100000,2026-06-23T09:15:00+00:00,24819.2,24841.2,24799.2,24837.2,1140
1782207000000,2026-06-23T09:30:00+00:00,24838.2,24851.2,24816.2,24851.2,1082
1782207900000,2026-06-23T09:45:00+00:00,24849.2,24884.2,24843.2,24875.2,1094
1782208800000,2026-06-23T10:00:00+00:00,24877.2,24912.2,24873.2,24900.2,1070
1782209700000,2026-06-23T10:15:00+00:00,24898.2,24936.2,24892.2,24912.2,1024
1782210600000,2026-06-23T10:30:00+00:00,24911.2,24916.2,24859.2,24874.2,1118
1782211500000,2026-06-23T10:45:00+00:00,24875.2,24893.2,24865.2,24881.2,958
1782212400000,2026-06-23T11:00:00+00:00,24882.2,24903.2,24861.2,24893.2,1064
1782213300000,2026-06-23T11:15:00+00:00,24894.2,24956.2,24871.2,24895.2,1274
1782214200000,2026-06-23T11:30:00+00:00,24894.2,24927.2,24883.2,24925.2,1048
1782215100000,2026-06-23T11:45:00+00:00,24926.2,24940.2,24909.2,24929.2,1010
1782216000000,2026-06-23T12:00:00+00:00,24930.2,24951.2,24917.2,24931.2,1056
1782216900000,2026-06-23T12:15:00+00:00,24932.2,24940.2,24898.2,24913.2,1120
1782217800000,2026-06-23T12:30:00+00:00,24912.2,24939.2,24885.2,24937.2,1170
1782218700000,2026-06-23T12:45:00+00:00,24938.2,24941.2,24916.2,24933.2,1002
1782219600000,2026-06-23T13:00:00+00:00,24932.2,24935.2,24894.2,24905.2,1140
1782220500000,2026-06-23T13:15:00+00:00,24908.2,24918.2,24879.2,24890.2,1188
1782221400000,2026-06-23T13:30:00+00:00,24891.2,24933.7,24879.2,24916.7,1906
1782222300000,2026-06-23T13:45:00+00:00,24915.7,24970.7,24905.7,24970.7,1546
1782223200000,2026-06-23T14:00:00+00:00,24969.7,24999.7,24956.7,24994.7,1460
1782224100000,2026-06-23T14:15:00+00:00,24993.7,25017.7,24988.7,25001.7,1352
1782225000000,2026-06-23T14:30:00+00:00,25002.7,25003.7,24959.7,24978.7,1396
1782225900000,2026-06-23T14:45:00+00:00,24979.7,24986.7,24948.7,24981.7,1412
1782226800000,2026-06-23T15:00:00+00:00,24983.7,25003.7,24977.7,25003.7,1372
1782227700000,2026-06-23T15:15:00+00:00,25002.7,25005.7,24954.7,24965.7,1244
1782228600000,2026-06-23T15:30:00+00:00,24963.7,24967.7,24901.7,24918.7,1536
1782229500000,2026-06-23T15:45:00+00:00,24919.7,24961.7,24913.7,24960.7,1100
1782230400000,2026-06-23T16:00:00+00:00,24961.7,24988.7,24958.7,24984.7,1070
1782231300000,2026-06-23T16:15:00+00:00,24985.7,24987.7,24965.7,24980.7,958
1782232200000,2026-06-23T16:30:00+00:00,24981.7,24998.7,24976.7,24998.7,790
1782233100000,2026-06-23T16:45:00+00:00,24999.7,24999.7,24977.7,24990.7,960
1782234000000,2026-06-23T17:00:00+00:00,24989.7,24992.7,24965.7,24983.7,910
1782234900000,2026-06-23T17:15:00+00:00,24984.7,24995.7,24977.7,24985.7,786
1782235800000,2026-06-23T17:30:00+00:00,24986.7,24996.7,24978.7,24982.7,766
1782236700000,2026-06-23T17:45:00+00:00,24981.7,24988.7,24955.7,24957.7,758
1782237600000,2026-06-23T18:00:00+00:00,24956.7,24973.7,24947.7,24962.7,944
1782238500000,2026-06-23T18:15:00+00:00,24961.7,24966.7,24950.7,24953.7,626
1782239400000,2026-06-23T18:30:00+00:00,24952.7,24956.7,24919.7,24921.7,792
1782240300000,2026-06-23T18:45:00+00:00,24922.7,24932.7,24909.7,24928.7,1020
1782241200000,2026-06-23T19:00:00+00:00,24927.7,24962.7,24921.7,24947.7,1212
1782242100000,2026-06-23T19:15:00+00:00,24946.7,24956.7,24929.7,24955.7,1076
1782243000000,2026-06-23T19:30:00+00:00,24954.7,24957.7,24936.7,24947.7,1036
1782243900000,2026-06-23T19:45:00+00:00,24948.7,24948.7,24914.7,24925.7,1096
1782260100000,2026-06-24T00:15:00+00:00,24982.7,24983.7,24927.9,24950.9,1214
1782261000000,2026-06-24T00:30:00+00:00,24951.9,24967.9,24950.9,24961.9,818
1782261900000,2026-06-24T00:45:00+00:00,24963.9,24971.9,24940.9,24957.9,854
1782262800000,2026-06-24T01:00:00+00:00,24958.9,24962.9,24927.9,24959.9,1230
1782263700000,2026-06-24T01:15:00+00:00,24958.9,24960.9,24927.9,24960.9,884
1782264600000,2026-06-24T01:30:00+00:00,24959.9,24974.9,24950.9,24963.9,856
1782265500000,2026-06-24T01:45:00+00:00,24964.9,24976.9,24952.9,24967.9,778
1782266400000,2026-06-24T02:00:00+00:00,24965.9,24970.9,24946.9,24962.9,780
1782267300000,2026-06-24T02:15:00+00:00,24961.9,24961.9,24936.9,24953.9,690
1782268200000,2026-06-24T02:30:00+00:00,24955.9,24961.9,24920.9,24929.9,848
1782269100000,2026-06-24T02:45:00+00:00,24928.9,24930.9,24890.9,24890.9,794
1782270000000,2026-06-24T03:00:00+00:00,24892.9,24938.9,24883.9,24935.9,996
1782270900000,2026-06-24T03:15:00+00:00,24934.9,24942.9,24905.9,24942.9,858
1782271800000,2026-06-24T03:30:00+00:00,24943.9,24958.9,24920.9,24928.9,930
1782272700000,2026-06-24T03:45:00+00:00,24929.9,24931.9,24909.9,24914.9,470
1782273600000,2026-06-24T04:00:00+00:00,24916.9,24916.9,24885.9,24893.9,618
1782274500000,2026-06-24T04:15:00+00:00,24892.9,24897.9,24857.9,24872.9,570
1782275400000,2026-06-24T04:30:00+00:00,24873.9,24913.9,24873.9,24904.9,664
1782276300000,2026-06-24T04:45:00+00:00,24905.9,24918.9,24904.9,24909.9,568
1782277200000,2026-06-24T05:00:00+00:00,24911.9,24942.9,24907.9,24936.9,770
1782278100000,2026-06-24T05:15:00+00:00,24935.9,24948.9,24926.9,24928.9,756
1782279000000,2026-06-24T05:30:00+00:00,24929.9,24966.9,24928.9,24944.9,740
1782279900000,2026-06-24T05:45:00+00:00,24943.9,24955.9,24932.9,24940.4,696
1782280800000,2026-06-24T06:00:00+00:00,24940.9,24944.9,24914.5,24930.5,964
1782281700000,2026-06-24T06:15:00+00:00,24931.5,24941.5,24914.5,24924.5,826
1782282600000,2026-06-24T06:30:00+00:00,24925.5,24957.5,24925.5,24938.5,642
1782283500000,2026-06-24T06:45:00+00:00,24936.5,24947.5,24899.5,24899.5,620
1782284400000,2026-06-24T07:00:00+00:00,24897.5,24897.5,24777.5,24780.5,2160
1782285300000,2026-06-24T07:15:00+00:00,24782.5,24813.5,24758.5,24760.5,1665
1782286200000,2026-06-24T07:30:00+00:00,24759.5,24772.5,24689.5,24738.5,1778
1782287100000,2026-06-24T07:45:00+00:00,24740.5,24779.5,24706.5,24717.5,1574
1782288000000,2026-06-24T08:00:00+00:00,24719.5,24756.5,24713.5,24753.5,1637
1782288900000,2026-06-24T08:15:00+00:00,24752.5,24761.5,24708.5,24723.5,1546
1782289800000,2026-06-24T08:30:00+00:00,24724.5,24741.5,24712.5,24733.5,1368
1782290700000,2026-06-24T08:45:00+00:00,24734.5,24739.5,24708.5,24721.5,1176
1782291600000,2026-06-24T09:00:00+00:00,24722.5,24727.5,24691.5,24725.5,1256
1782292500000,2026-06-24T09:15:00+00:00,24727.5,24733.5,24684.5,24704.5,1144
1782293400000,2026-06-24T09:30:00+00:00,24705.5,24718.5,24667.5,24667.5,1218
1782294300000,2026-06-24T09:45:00+00:00,24668.5,24694.5,24664.5,24677.5,1130
1782295200000,2026-06-24T10:00:00+00:00,24676.5,24678.5,24639.5,24670.5,1214
1782296100000,2026-06-24T10:15:00+00:00,24669.5,24695.5,24667.5,24693.5,1086
1782297000000,2026-06-24T10:30:00+00:00,24692.5,24694.5,24657.5,24675.5,1074
1782297900000,2026-06-24T10:45:00+00:00,24676.5,24691.5,24656.5,24657.5,978
1782298800000,2026-06-24T11:00:00+00:00,24658.5,24684.5,24652.5,24652.5,1120
1782299700000,2026-06-24T11:15:00+00:00,24651.5,24671.5,24625.5,24659.5,1088
1782300600000,2026-06-24T11:30:00+00:00,24660.5,24676.5,24640.5,24652.5,1160
1782301500000,2026-06-24T11:45:00+00:00,24651.5,24690.5,24651.5,24686.5,1256
1782302400000,2026-06-24T12:00:00+00:00,24687.5,24694.5,24666.5,24690.5,1184
1782303300000,2026-06-24T12:15:00+00:00,24689.5,24716.5,24689.5,24700.5,1060
1782304200000,2026-06-24T12:30:00+00:00,24701.5,24703.5,24660.5,24670.5,1050
1782305100000,2026-06-24T12:45:00+00:00,24669.5,24677.5,24637.5,24650.5,1026
1782306000000,2026-06-24T13:00:00+00:00,24651.5,24672.5,24633.5,24634.5,1280
1782306900000,2026-06-24T13:15:00+00:00,24635.5,24658.5,24610.5,24654.5,1278
1782307800000,2026-06-24T13:30:00+00:00,24649.5,24684.5,24619.5,24653.5,1956
1782308700000,2026-06-24T13:45:00+00:00,24654.5,24712.5,24635.5,24678.5,1904
1782309600000,2026-06-24T14:00:00+00:00,24681.5,24691.5,24652.5,24660.5,1808
1782310500000,2026-06-24T14:15:00+00:00,24659.5,24675.5,24635.5,24658.5,1530
1782311400000,2026-06-24T14:30:00+00:00,24659.5,24701.5,24658.5,24701.5,1538
1782312300000,2026-06-24T14:45:00+00:00,24700.5,24733.5,24691.5,24727.5,1274
1782313200000,2026-06-24T15:00:00+00:00,24728.5,24732.5,24675.5,24682.5,1390
1782314100000,2026-06-24T15:15:00+00:00,24684.5,24745.5,24678.5,24740.5,1304
1782315000000,2026-06-24T15:30:00+00:00,24741.5,24778.5,24741.5,24752.5,1364
1782315900000,2026-06-24T15:45:00+00:00,24753.5,24767.5,24741.5,24753.5,1106
1782316800000,2026-06-24T16:00:00+00:00,24754.5,24770.5,24751.5,24765.5,886
1782317700000,2026-06-24T16:15:00+00:00,24764.5,24775.5,24760.5,24763.5,868
1782318600000,2026-06-24T16:30:00+00:00,24761.5,24768.5,24720.5,24731.5,1150
1782319500000,2026-06-24T16:45:00+00:00,24730.5,24750.5,24719.5,24727.5,980
1782320400000,2026-06-24T17:00:00+00:00,24726.5,24747.5,24714.5,24734.5,1198
1782321300000,2026-06-24T17:15:00+00:00,24735.5,24744.5,24678.5,24678.5,1490
1782322200000,2026-06-24T17:30:00+00:00,24679.5,24700.5,24654.5,24684.5,1608
1782323100000,2026-06-24T17:45:00+00:00,24685.5,24700.5,24671.5,24676.5,1496
1782324000000,2026-06-24T18:00:00+00:00,24677.5,24701.5,24668.5,24698.5,1424
1782324900000,2026-06-24T18:15:00+00:00,24699.5,24738.5,24699.5,24730.5,1354
1782325800000,2026-06-24T18:30:00+00:00,24729.5,24735.5,24697.5,24706.5,1246
1782326700000,2026-06-24T18:45:00+00:00,24705.5,24705.5,24666.5,24680.5,1320
1782327600000,2026-06-24T19:00:00+00:00,24681.5,24702.5,24652.5,24668.5,1456
1782328500000,2026-06-24T19:15:00+00:00,24669.5,24697.5,24661.5,24685.5,1120
1782329400000,2026-06-24T19:30:00+00:00,24686.5,24696.5,24673.5,24683.5,1292
1782330300000,2026-06-24T19:45:00+00:00,24684.5,24726.5,24683.5,24711.5,1276
1782346500000,2026-06-25T00:15:00+00:00,24777.4,24787.7,24735.8,24742.8,1024
1782347400000,2026-06-25T00:30:00+00:00,24748.8,24766.8,24744.8,24751.8,1076
1782348300000,2026-06-25T00:45:00+00:00,24750.8,24764.8,24736.8,24755.8,1332
1782349200000,2026-06-25T01:00:00+00:00,24754.8,24772.8,24745.8,24755.8,1362
1782350100000,2026-06-25T01:15:00+00:00,24756.8,24782.8,24752.8,24767.8,1112
1782351000000,2026-06-25T01:30:00+00:00,24769.8,24774.8,24740.8,24746.8,1202
1782351900000,2026-06-25T01:45:00+00:00,24745.8,24748.8,24720.8,24724.8,950
1782352800000,2026-06-25T02:00:00+00:00,24725.8,24733.8,24702.8,24711.8,1348
1782353700000,2026-06-25T02:15:00+00:00,24710.8,24737.8,24705.8,24716.8,1092
1782354600000,2026-06-25T02:30:00+00:00,24714.8,24722.8,24704.8,24713.8,742
1782355500000,2026-06-25T02:45:00+00:00,24712.8,24728.8,24709.8,24727.8,654
1782356400000,2026-06-25T03:00:00+00:00,24728.8,24742.8,24724.8,24732.8,930
1782357300000,2026-06-25T03:15:00+00:00,24733.8,24744.8,24725.8,24728.8,594
1782358200000,2026-06-25T03:30:00+00:00,24729.8,24734.8,24707.8,24711.8,544
1782359100000,2026-06-25T03:45:00+00:00,24710.8,24739.8,24708.8,24737.8,708
1782360000000,2026-06-25T04:00:00+00:00,24738.8,24745.8,24726.8,24734.8,468
1782360900000,2026-06-25T04:15:00+00:00,24733.8,24735.8,24714.8,24733.8,490
1782361800000,2026-06-25T04:30:00+00:00,24732.8,24750.8,24722.8,24750.8,570
1782362700000,2026-06-25T04:45:00+00:00,24751.8,24756.3,24744.8,24750.8,422
1782363600000,2026-06-25T05:00:00+00:00,24749.8,24765.8,24736.8,24764.8,488
1782364500000,2026-06-25T05:15:00+00:00,24763.8,24778.8,24760.8,24772.8,384
1782365400000,2026-06-25T05:30:00+00:00,24771.8,24798.8,24764.8,24794.8,644
1782366300000,2026-06-25T05:45:00+00:00,24795.8,24796.8,24763.8,24771.8,588
1782367200000,2026-06-25T06:00:00+00:00,24772.8,24790.4,24755.4,24779.4,766
1782368100000,2026-06-25T06:15:00+00:00,24778.4,24787.4,24768.4,24768.4,680
1782369000000,2026-06-25T06:30:00+00:00,24766.4,24793.4,24763.4,24792.4,640
1782369900000,2026-06-25T06:45:00+00:00,24793.4,24814.4,24783.4,24814.4,616
1782370800000,2026-06-25T07:00:00+00:00,24823.4,24846.4,24780.4,24836.4,1876
1782371700000,2026-06-25T07:15:00+00:00,24837.4,24863.4,24825.4,24834.4,1438
1782372600000,2026-06-25T07:30:00+00:00,24835.4,24859.4,24832.4,24842.4,1182
1782373500000,2026-06-25T07:45:00+00:00,24841.4,24876.4,24838.4,24876.4,1044
1782374400000,2026-06-25T08:00:00+00:00,24877.4,24893.4,24861.4,24875.4,1118
1782375300000,2026-06-25T08:15:00+00:00,24876.4,24886.4,24841.4,24874.4,1162
1782376200000,2026-06-25T08:30:00+00:00,24873.4,24916.4,24870.4,24904.4,1058
1782377100000,2026-06-25T08:45:00+00:00,24905.4,24908.4,24886.4,24893.4,928
1782378000000,2026-06-25T09:00:00+00:00,24894.4,24934.4,24893.4,24932.4,860
1782378900000,2026-06-25T09:15:00+00:00,24931.4,24937.4,24900.4,24905.4,934
1782379800000,2026-06-25T09:30:00+00:00,24907.4,24928.4,24893.4,24919.4,908
1782380700000,2026-06-25T09:45:00+00:00,24920.4,24934.4,24908.4,24931.4,756
1782381600000,2026-06-25T10:00:00+00:00,24932.4,24945.4,24916.4,24918.4,800
1782382500000,2026-06-25T10:15:00+00:00,24917.4,24940.4,24908.4,24934.4,790
1782383400000,2026-06-25T10:30:00+00:00,24933.4,24942.4,24917.4,24926.4,722
1782384300000,2026-06-25T10:45:00+00:00,24925.4,24951.4,24923.4,24942.4,718
1782385200000,2026-06-25T11:00:00+00:00,24946.4,24947.4,24914.4,24915.4,870
1782386100000,2026-06-25T11:15:00+00:00,24914.4,24916.4,24885.4,24892.4,834
1782387000000,2026-06-25T11:30:00+00:00,24893.4,24922.4,24885.4,24921.4,770
1782387900000,2026-06-25T11:45:00+00:00,24920.4,24941.4,24920.4,24931.4,780
1782388800000,2026-06-25T12:00:00+00:00,24932.4,24969.4,24929.4,24962.4,844
1782389700000,2026-06-25T12:15:00+00:00,24961.4,24967.4,24936.4,24936.4,744
1782390600000,2026-06-25T12:30:00+00:00,24942.1,25008.4,24942.1,24985.4,1402
1782391500000,2026-06-25T12:45:00+00:00,24986.4,25015.4,24986.4,24999.4,1076
1782392400000,2026-06-25T13:00:00+00:00,25000.4,25019.4,24995.4,25006.4,1068
1782393300000,2026-06-25T13:15:00+00:00,25004.4,25017.4,24990.4,25016.4,1052
1782394200000,2026-06-25T13:30:00+00:00,25017.4,25032.4,24952.4,24954.4,1672
1782395100000,2026-06-25T13:45:00+00:00,24953.4,24961.4,24866.4,24875.4,2324
1782396000000,2026-06-25T14:00:00+00:00,24878.4,25052.4,24878.4,25030.4,2456
1782396900000,2026-06-25T14:15:00+00:00,25029.4,25110.4,25016.4,25080.4,2128
1782397800000,2026-06-25T14:30:00+00:00,25082.4,25113.4,25070.4,25074.4,1790
1782398700000,2026-06-25T14:45:00+00:00,25075.4,25098.4,25049.4,25079.4,1656
1782399600000,2026-06-25T15:00:00+00:00,25080.4,25096.4,25001.4,25007.4,1714
1782400500000,2026-06-25T15:15:00+00:00,25005.4,25046.4,24984.4,25024.4,1798
1782401400000,2026-06-25T15:30:00+00:00,25023.4,25060.4,25014.4,25055.4,1790
1782402300000,2026-06-25T15:45:00+00:00,25054.4,25071.4,25041.4,25048.4,1570
1782403200000,2026-06-25T16:00:00+00:00,25047.4,25078.4,25038.4,25068.4,1410
1782404100000,2026-06-25T16:15:00+00:00,25069.4,25077.4,25049.4,25056.4,1260
1782405000000,2026-06-25T16:30:00+00:00,25055.4,25055.4,25006.4,25009.4,1272
1782405900000,2026-06-25T16:45:00+00:00,25010.4,25031.4,24991.4,25018.4,1320
1782406800000,2026-06-25T17:00:00+00:00,25017.4,25033.4,25005.4,25024.4,1280
1782407700000,2026-06-25T17:15:00+00:00,25025.4,25044.4,25009.4,25026.4,1296
1782408600000,2026-06-25T17:30:00+00:00,25027.4,25037.4,25013.4,25016.4,1226
1782409500000,2026-06-25T17:45:00+00:00,25017.4,25026.4,24999.4,25022.4,1384
1782410400000,2026-06-25T18:00:00+00:00,25023.4,25024.4,24971.4,24986.4,1580
1782411300000,2026-06-25T18:15:00+00:00,24987.4,25032.4,24984.4,25025.4,1276
1782412200000,2026-06-25T18:30:00+00:00,25026.4,25026.4,25000.4,25002.4,1502
1782413100000,2026-06-25T18:45:00+00:00,25001.4,25010.4,24980.4,24993.4,1208
1782414000000,2026-06-25T19:00:00+00:00,24992.4,25001.4,24982.4,24983.4,1252
1782414900000,2026-06-25T19:15:00+00:00,24982.4,24998.4,24971.4,24992.4,1172
1782415800000,2026-06-25T19:30:00+00:00,24993.4,24996.4,24978.4,24980.4,1196
1782416700000,2026-06-25T19:45:00+00:00,24979.4,24996.4,24962.4,24982.4,1238
1782432900000,2026-06-26T00:15:00+00:00,24979.3,25011.0,24961.0,24986.0,1138
1782433800000,2026-06-26T00:30:00+00:00,24985.0,24988.0,24963.0,24967.0,1002
1782434700000,2026-06-26T00:45:00+00:00,24968.0,24976.0,24945.0,24952.0,792
1782435600000,2026-06-26T01:00:00+00:00,24954.0,24975.0,24930.0,24957.0,1572
1782436500000,2026-06-26T01:15:00+00:00,24956.0,24976.0,24923.0,24930.0,1104
1782437400000,2026-06-26T01:30:00+00:00,24931.0,24936.0,24902.0,24903.0,1360
1782438300000,2026-06-26T01:45:00+00:00,24902.0,24919.0,24876.0,24896.0,1204
1782439200000,2026-06-26T02:00:00+00:00,24897.0,24900.0,24851.0,24863.0,1222
1782440100000,2026-06-26T02:15:00+00:00,24866.0,24868.0,24815.0,24831.0,1196
1782441000000,2026-06-26T02:30:00+00:00,24832.0,24836.0,24792.0,24808.0,1018
1782441900000,2026-06-26T02:45:00+00:00,24806.0,24807.0,24761.0,24777.0,1186
1782442800000,2026-06-26T03:00:00+00:00,24776.0,24781.0,24763.0,24773.0,1007
1782443700000,2026-06-26T03:15:00+00:00,24774.0,24783.0,24756.0,24768.0,738
1782444600000,2026-06-26T03:30:00+00:00,24767.0,24775.0,24728.0,24775.0,1330
1782445500000,2026-06-26T03:45:00+00:00,24778.0,24822.0,24765.0,24822.0,1368
1782446400000,2026-06-26T04:00:00+00:00,24823.0,24830.0,24811.0,24819.0,1310
1782447300000,2026-06-26T04:15:00+00:00,24820.0,24830.0,24793.0,24815.0,936
1782448200000,2026-06-26T04:30:00+00:00,24814.0,24824.0,24792.0,24797.0,824
1782449100000,2026-06-26T04:45:00+00:00,24799.0,24805.0,24778.0,24785.0,862
1782450000000,2026-06-26T05:00:00+00:00,24786.0,24826.0,24783.0,24826.0,1100
1782450900000,2026-06-26T05:15:00+00:00,24824.0,24838.0,24816.0,24833.0,882
1782451800000,2026-06-26T05:30:00+00:00,24834.0,24846.0,24788.0,24789.0,930
1782452700000,2026-06-26T05:45:00+00:00,24790.0,24816.0,24775.5,24804.0,958
1782453600000,2026-06-26T06:00:00+00:00,24807.0,24823.6,24794.6,24820.6,1200
1782454500000,2026-06-26T06:15:00+00:00,24821.6,24859.6,24820.6,24858.6,978
1782455400000,2026-06-26T06:30:00+00:00,24859.6,24881.6,24849.6,24879.6,856
1782456300000,2026-06-26T06:45:00+00:00,24877.6,24918.6,24872.6,24889.6,1006
1782457200000,2026-06-26T07:00:00+00:00,24883.6,24904.6,24818.6,24858.6,1844
1782458100000,2026-06-26T07:15:00+00:00,24860.6,24883.6,24837.6,24880.6,1564
1782459000000,2026-06-26T07:30:00+00:00,24877.6,24896.6,24821.6,24825.6,1316
1782459900000,2026-06-26T07:45:00+00:00,24824.6,24849.6,24816.6,24844.6,1254
1782460800000,2026-06-26T08:00:00+00:00,24845.6,24853.6,24798.6,24810.6,1422
1782461700000,2026-06-26T08:15:00+00:00,24809.6,24842.6,24800.6,24833.6,1338
1782462600000,2026-06-26T08:30:00+00:00,24830.6,24833.6,24788.6,24793.6,1320
1782463500000,2026-06-26T08:45:00+00:00,24792.6,24800.6,24749.6,24777.6,1318
1782464400000,2026-06-26T09:00:00+00:00,24774.6,24776.6,24716.6,24747.6,1374
1782465300000,2026-06-26T09:15:00+00:00,24745.6,24755.6,24713.6,24728.6,1264
1782466200000,2026-06-26T09:30:00+00:00,24727.6,24754.6,24702.6,24731.6,1238
1782467100000,2026-06-26T09:45:00+00:00,24730.6,24756.6,24723.6,24734.6,1286
1782468000000,2026-06-26T10:00:00+00:00,24733.6,24736.6,24695.6,24715.6,1200
1782468900000,2026-06-26T10:15:00+00:00,24714.6,24721.6,24691.6,24717.6,952
1782469800000,2026-06-26T10:30:00+00:00,24715.6,24715.6,24691.6,24701.6,1110
1782470700000,2026-06-26T10:45:00+00:00,24700.6,24720.6,24695.6,24705.6,992
1782471600000,2026-06-26T11:00:00+00:00,24704.6,24742.6,24703.6,24730.6,1214
1782472500000,2026-06-26T11:15:00+00:00,24728.6,24730.6,24703.6,24713.6,856
1782473400000,2026-06-26T11:30:00+00:00,24712.6,24724.6,24687.6,24692.6,962
1782474300000,2026-06-26T11:45:00+00:00,24693.6,24714.6,24688.6,24694.6,950
1782475200000,2026-06-26T12:00:00+00:00,24693.6,24713.6,24680.6,24713.6,1118
1782476100000,2026-06-26T12:15:00+00:00,24714.6,24735.6,24690.6,24718.6,1142
1782477000000,2026-06-26T12:30:00+00:00,24717.6,24727.6,24667.6,24676.6,1072
1782477900000,2026-06-26T12:45:00+00:00,24678.6,24678.6,24646.6,24655.6,1108
1782478800000,2026-06-26T13:00:00+00:00,24656.6,24668.6,24635.6,24649.6,1162
1782479700000,2026-06-26T13:15:00+00:00,24648.6,24649.6,24570.6,24630.6,1734
1782480600000,2026-06-26T13:30:00+00:00,24626.6,24669.6,24621.6,24657.6,2098
1782481500000,2026-06-26T13:45:00+00:00,24658.6,24689.6,24641.6,24684.6,1962
1782482400000,2026-06-26T14:00:00+00:00,24681.6,24723.6,24679.6,24702.6,1788
1782483300000,2026-06-26T14:15:00+00:00,24701.6,24718.6,24689.6,24705.6,1516
1782484200000,2026-06-26T14:30:00+00:00,24707.6,24707.6,24657.6,24658.6,1382
1782485100000,2026-06-26T14:45:00+00:00,24657.6,24669.6,24622.6,24635.6,1518
1782486000000,2026-06-26T15:00:00+00:00,24636.6,24665.6,24617.6,24620.6,1456
1782486900000,2026-06-26T15:15:00+00:00,24621.6,24707.6,24620.6,24704.6,1300
1782487800000,2026-06-26T15:30:00+00:00,24703.6,24733.6,24692.6,24720.6,1492
1782488700000,2026-06-26T15:45:00+00:00,24722.6,24726.6,24675.6,24702.6,1456
1782489600000,2026-06-26T16:00:00+00:00,24703.6,24704.6,24666.6,24685.6,1268
1782490500000,2026-06-26T16:15:00+00:00,24686.6,24698.6,24628.6,24668.6,1536
1782491400000,2026-06-26T16:30:00+00:00,24669.6,24687.6,24660.6,24660.6,1186
1782492300000,2026-06-26T16:45:00+00:00,24661.6,24684.6,24659.6,24669.6,1020
1782493200000,2026-06-26T17:00:00+00:00,24670.6,24696.6,24658.6,24689.6,1046
1782494100000,2026-06-26T17:15:00+00:00,24688.6,24692.6,24675.6,24688.6,958
1782495000000,2026-06-26T17:30:00+00:00,24689.6,24700.6,24673.6,24688.6,1082
1782495900000,2026-06-26T17:45:00+00:00,24689.6,24694.6,24675.6,24679.6,868
1782496800000,2026-06-26T18:00:00+00:00,24680.6,24694.6,24675.6,24682.6,938
1782497700000,2026-06-26T18:15:00+00:00,24683.6,24685.6,24654.6,24658.6,930
1782498600000,2026-06-26T18:30:00+00:00,24659.6,24669.6,24651.6,24666.6,918
1782499500000,2026-06-26T18:45:00+00:00,24665.6,24665.6,24642.6,24650.6,896
1782500400000,2026-06-26T19:00:00+00:00,24651.6,24679.6,24636.6,24678.6,1249
1782501300000,2026-06-26T19:15:00+00:00,24681.6,24683.6,24657.6,24661.6,1110
1782502200000,2026-06-26T19:30:00+00:00,24662.6,24672.6,24652.6,24671.6,1138
1782503100000,2026-06-26T19:45:00+00:00,24673.6,24679.6,24661.6,24668.6,880
1782692100000,2026-06-29T00:15:00+00:00,24741.7,24775.2,24724.9,24731.9,1266
1782693000000,2026-06-29T00:30:00+00:00,24734.9,24777.9,24717.9,24774.9,1208
1782693900000,2026-06-29T00:45:00+00:00,24772.9,24778.9,24721.9,24773.9,1112
1782694800000,2026-06-29T01:00:00+00:00,24772.9,24789.9,24748.9,24773.9,1314
1782695700000,2026-06-29T01:15:00+00:00,24772.9,24772.9,24742.9,24747.9,1250
1782696600000,2026-06-29T01:30:00+00:00,24748.9,24774.9,24733.9,24766.9,1448
1782697500000,2026-06-29T01:45:00+00:00,24767.9,24767.9,24747.9,24759.9,1048
1782698400000,2026-06-29T02:00:00+00:00,24760.9,24768.9,24727.9,24730.9,1112
1782699300000,2026-06-29T02:15:00+00:00,24729.9,24793.9,24721.9,24788.9,1198
1782700200000,2026-06-29T02:30:00+00:00,24786.9,24793.9,24776.9,24788.9,780
1782701100000,2026-06-29T02:45:00+00:00,24787.9,24796.9,24782.9,24790.9,578
1782702000000,2026-06-29T03:00:00+00:00,24793.9,24811.9,24793.9,24797.9,568
1782702900000,2026-06-29T03:15:00+00:00,24796.9,24813.9,24793.9,24805.9,472
1782703800000,2026-06-29T03:30:00+00:00,24806.9,24808.9,24770.9,24773.9,746
1782704700000,2026-06-29T03:45:00+00:00,24774.9,24813.9,24772.9,24804.9,718
1782705600000,2026-06-29T04:00:00+00:00,24803.9,24804.9,24787.9,24791.9,556
1782706500000,2026-06-29T04:15:00+00:00,24790.9,24793.9,24774.9,24782.9,556
1782707400000,2026-06-29T04:30:00+00:00,24783.9,24787.9,24763.9,24769.9,668
1782708300000,2026-06-29T04:45:00+00:00,24770.9,24785.9,24766.9,24769.9,728
1782709200000,2026-06-29T05:00:00+00:00,24772.9,24783.9,24757.9,24783.9,1026
1782710100000,2026-06-29T05:15:00+00:00,24781.9,24789.9,24759.9,24767.9,730
1782711000000,2026-06-29T05:30:00+00:00,24768.9,24811.9,24761.9,24809.9,874
1782711900000,2026-06-29T05:45:00+00:00,24808.9,24833.9,24796.9,24826.9,778
1782712800000,2026-06-29T06:00:00+00:00,24827.9,24835.5,24790.5,24817.5,984
1782713700000,2026-06-29T06:15:00+00:00,24816.5,24829.5,24802.5,24819.5,728
1782714600000,2026-06-29T06:30:00+00:00,24820.5,24820.5,24790.5,24791.5,674
1782715500000,2026-06-29T06:45:00+00:00,24790.5,24801.5,24774.5,24789.5,664
1782716400000,2026-06-29T07:00:00+00:00,24790.5,24805.5,24718.5,24757.5,1936
1782717300000,2026-06-29T07:15:00+00:00,24759.5,24781.5,24742.5,24769.5,1374
1782718200000,2026-06-29T07:30:00+00:00,24770.5,24801.5,24753.5,24781.5,1256
1782719100000,2026-06-29T07:45:00+00:00,24780.5,24786.5,24744.5,24776.5,1140
1782720000000,2026-06-29T08:00:00+00:00,24775.5,24791.5,24744.5,24766.5,1266
1782720900000,2026-06-29T08:15:00+00:00,24767.5,24771.5,24707.5,24707.5,1138
1782721800000,2026-06-29T08:30:00+00:00,24705.5,24732.5,24684.5,24693.5,1208
1782722700000,2026-06-29T08:45:00+00:00,24698.5,24715.5,24677.5,24677.5,992
1782723600000,2026-06-29T09:00:00+00:00,24679.5,24716.5,24674.5,24707.5,1102
1782724500000,2026-06-29T09:15:00+00:00,24706.5,24744.5,24698.5,24744.5,922
1782725400000,2026-06-29T09:30:00+00:00,24743.5,24748.5,24716.5,24722.5,834
1782726300000,2026-06-29T09:45:00+00:00,24723.5,24724.5,24696.5,24713.5,946
1782727200000,2026-06-29T10:00:00+00:00,24714.5,24717.5,24698.5,24701.5,848
1782728100000,2026-06-29T10:15:00+00:00,24702.5,24708.5,24682.5,24708.5,734
1782729000000,2026-06-29T10:30:00+00:00,24709.5,24725.5,24692.5,24715.5,822
1782729900000,2026-06-29T10:45:00+00:00,24716.5,24723.5,24692.5,24713.5,822
1782730800000,2026-06-29T11:00:00+00:00,24714.5,24727.5,24705.5,24709.5,846
1782731700000,2026-06-29T11:15:00+00:00,24710.5,24715.5,24680.5,24687.5,808
1782732600000,2026-06-29T11:30:00+00:00,24686.5,24724.5,24664.5,24686.5,1016
1782733500000,2026-06-29T11:45:00+00:00,24685.5,24726.5,24685.5,24720.5,804
1782734400000,2026-06-29T12:00:00+00:00,24721.5,24742.5,24713.5,24736.5,854
1782735300000,2026-06-29T12:15:00+00:00,24735.5,24744.5,24718.5,24718.5,814
1782736200000,2026-06-29T12:30:00+00:00,24719.5,24735.5,24692.5,24704.5,954
1782737100000,2026-06-29T12:45:00+00:00,24706.5,24734.5,24704.5,24733.5,780
1782738000000,2026-06-29T13:00:00+00:00,24734.5,24748.5,24729.5,24743.5,800
1782738900000,2026-06-29T13:15:00+00:00,24740.5,24744.5,24720.5,24740.5,856
1782739800000,2026-06-29T13:30:00+00:00,24741.5,24745.5,24710.5,24742.5,1596
1782740700000,2026-06-29T13:45:00+00:00,24741.5,24750.5,24678.5,24700.5,1630
1782741600000,2026-06-29T14:00:00+00:00,24701.5,24701.5,24610.5,24610.5,1854
1782742500000,2026-06-29T14:15:00+00:00,24609.5,24698.5,24597.5,24685.5,1892
1782743400000,2026-06-29T14:30:00+00:00,24684.5,24692.5,24643.5,24648.5,1510
1782744300000,2026-06-29T14:45:00+00:00,24649.5,24651.5,24608.5,24624.5,1460
1782745200000,2026-06-29T15:00:00+00:00,24625.5,24646.5,24588.5,24646.5,1442
1782746100000,2026-06-29T15:15:00+00:00,24647.5,24673.5,24635.5,24661.5,1238
1782747000000,2026-06-29T15:30:00+00:00,24663.5,24678.5,24643.5,24666.5,1388
1782747900000,2026-06-29T15:45:00+00:00,24665.5,24679.5,24659.5,24671.5,880
1782748800000,2026-06-29T16:00:00+00:00,24673.5,24686.5,24667.5,24676.5,732
1782749700000,2026-06-29T16:15:00+00:00,24675.5,24687.5,24675.5,24683.5,636
1782750600000,2026-06-29T16:30:00+00:00,24685.5,24702.5,24677.5,24701.5,538
1782751500000,2026-06-29T16:45:00+00:00,24700.5,24714.5,24695.5,24704.5,532
1782752400000,2026-06-29T17:00:00+00:00,24705.5,24733.5,24704.5,24726.5,446
1782753300000,2026-06-29T17:15:00+00:00,24725.5,24730.5,24711.5,24720.5,558
1782754200000,2026-06-29T17:30:00+00:00,24721.5,24730.5,24717.5,24727.5,410
1782755100000,2026-06-29T17:45:00+00:00,24726.5,24731.5,24721.5,24724.5,342
1782756000000,2026-06-29T18:00:00+00:00,24725.5,24767.5,24721.5,24761.5,520
1782756900000,2026-06-29T18:15:00+00:00,24760.5,24764.5,24753.5,24761.5,492
1782757800000,2026-06-29T18:30:00+00:00,24762.5,24771.5,24760.5,24767.5,464
1782758700000,2026-06-29T18:45:00+00:00,24768.5,24780.5,24765.5,24770.5,416
1782759600000,2026-06-29T19:00:00+00:00,24771.5,24773.5,24762.5,24763.5,436
1782760500000,2026-06-29T19:15:00+00:00,24762.5,24778.5,24757.5,24770.5,412
1782761400000,2026-06-29T19:30:00+00:00,24769.5,24777.5,24762.5,24772.5,536
1782762300000,2026-06-29T19:45:00+00:00,24771.5,24772.5,24751.5,24763.5,692
1782778500000,2026-06-30T00:15:00+00:00,24761.6,24779.8,24735.8,24740.8,784
1782779400000,2026-06-30T00:30:00+00:00,24739.8,24742.8,24707.8,24714.8,786
1782780300000,2026-06-30T00:45:00+00:00,24713.8,24739.8,24704.8,24739.8,800
1782781200000,2026-06-30T01:00:00+00:00,24740.8,24741.8,24722.8,24737.8,768
1782782100000,2026-06-30T01:15:00+00:00,24736.8,24780.8,24734.8,24779.8,766
1782783000000,2026-06-30T01:30:00+00:00,24780.8,24801.8,24757.8,24774.8,972
1782783900000,2026-06-30T01:45:00+00:00,24773.8,24783.8,24758.8,24783.8,664
1782784800000,2026-06-30T02:00:00+00:00,24782.8,24782.8,24758.8,24759.8,658
1782785700000,2026-06-30T02:15:00+00:00,24760.8,24778.8,24751.8,24777.8,528
1782786600000,2026-06-30T02:30:00+00:00,24776.8,24781.8,24769.8,24771.8,454
1782787500000,2026-06-30T02:45:00+00:00,24772.8,24780.8,24768.8,24771.8,404
1782788400000,2026-06-30T03:00:00+00:00,24770.8,24780.8,24767.8,24768.8,316
1782789300000,2026-06-30T03:15:00+00:00,24771.8,24780.8,24765.8,24775.8,276
1782790200000,2026-06-30T03:30:00+00:00,24776.8,24797.8,24773.8,24792.8,462
1782791100000,2026-06-30T03:45:00+00:00,24791.8,24802.8,24788.8,24789.8,318
1782792000000,2026-06-30T04:00:00+00:00,24788.8,24808.8,24784.8,24806.8,288
1782792900000,2026-06-30T04:15:00+00:00,24805.8,24811.8,24798.8,24811.8,226
1782793800000,2026-06-30T04:30:00+00:00,24812.8,24824.8,24808.8,24818.8,294
1782794700000,2026-06-30T04:45:00+00:00,24817.8,24820.8,24810.8,24814.8,432
1782795600000,2026-06-30T05:00:00+00:00,24813.8,24851.8,24813.8,24851.8,472
1782796500000,2026-06-30T05:15:00+00:00,24850.8,24854.8,24839.8,24843.8,400
1782797400000,2026-06-30T05:30:00+00:00,24844.8,24848.8,24824.8,24836.8,606
1782798300000,2026-06-30T05:45:00+00:00,24835.8,24845.8,24825.8,24834.8,518
1782799200000,2026-06-30T06:00:00+00:00,24833.8,24847.4,24808.4,24814.4,840
1782800100000,2026-06-30T06:15:00+00:00,24813.4,24817.4,24798.4,24810.4,564
1782801000000,2026-06-30T06:30:00+00:00,24809.4,24813.4,24785.4,24803.4,594
1782801900000,2026-06-30T06:45:00+00:00,24808.4,24846.4,24805.4,24846.4,600
1782802800000,2026-06-30T07:00:00+00:00,24852.4,24894.4,24822.4,24830.4,1807
1782803700000,2026-06-30T07:15:00+00:00,24832.4,24883.4,24825.4,24868.4,1290
1782804600000,2026-06-30T07:30:00+00:00,24870.4,24902.4,24863.4,24885.4,1130
1782805500000,2026-06-30T07:45:00+00:00,24886.4,24888.4,24821.4,24834.4,976
1782806400000,2026-06-30T08:00:00+00:00,24841.4,24859.4,24834.4,24846.4,1256
1782807300000,2026-06-30T08:15:00+00:00,24845.4,24899.4,24838.4,24890.4,1054
1782808200000,2026-06-30T08:30:00+00:00,24889.4,24897.4,24839.4,24852.4,1148
1782809100000,2026-06-30T08:45:00+00:00,24853.4,24861.4,24833.4,24848.4,952
1782810000000,2026-06-30T09:00:00+00:00,24847.4,24891.4,24845.4,24875.4,934
1782810900000,2026-06-30T09:15:00+00:00,24876.4,24908.4,24875.4,24903.4,844
1782811800000,2026-06-30T09:30:00+00:00,24902.4,24944.4,24891.4,24939.4,758
1782812700000,2026-06-30T09:45:00+00:00,24940.4,24960.4,24931.4,24934.4,908
1782813600000,2026-06-30T10:00:00+00:00,24933.4,24962.4,24928.4,24950.4,846
1782814500000,2026-06-30T10:15:00+00:00,24951.4,25002.4,24949.4,24999.4,728
1782815400000,2026-06-30T10:30:00+00:00,25000.4,25014.4,24990.4,25005.4,800
1782816300000,2026-06-30T10:45:00+00:00,25004.4,25009.4,24980.4,25002.4,720
1782817200000,2026-06-30T11:00:00+00:00,25003.4,25026.4,24985.4,25020.4,822
1782818100000,2026-06-30T11:15:00+00:00,25021.4,25039.4,25016.4,25018.4,896
1782819000000,2026-06-30T11:30:00+00:00,25019.4,25050.4,25018.4,25042.4,734
1782819900000,2026-06-30T11:45:00+00:00,25043.4,25048.4,25018.4,25019.4,746
1782820800000,2026-06-30T12:00:00+00:00,25018.4,25022.4,24983.4,24986.4,1002
1782821700000,2026-06-30T12:15:00+00:00,24985.4,24987.4,24948.4,24950.4,1012
1782822600000,2026-06-30T12:30:00+00:00,24949.4,24968.4,24921.4,24966.4,1115
1782823500000,2026-06-30T12:45:00+00:00,24965.4,24991.4,24955.4,24973.4,790
1782824400000,2026-06-30T13:00:00+00:00,24974.4,24977.4,24915.4,24922.4,1014
1782825300000,2026-06-30T13:15:00+00:00,24921.4,24934.4,24911.4,24918.4,898
1782826200000,2026-06-30T13:30:00+00:00,24921.4,24956.4,24901.4,24947.4,1552
1782827100000,2026-06-30T13:45:00+00:00,24948.4,24973.4,24930.4,24962.4,1278
1782828000000,2026-06-30T14:00:00+00:00,24963.4,24970.4,24930.4,24962.4,1302
1782828900000,2026-06-30T14:15:00+00:00,24961.4,24980.4,24951.4,24955.4,1066
1782829800000,2026-06-30T14:30:00+00:00,24954.4,24979.4,24941.4,24945.4,1114
1782830700000,2026-06-30T14:45:00+00:00,24944.4,24946.4,24919.4,24940.4,1210
1782831600000,2026-06-30T15:00:00+00:00,24937.4,25027.4,24937.4,25022.4,1200
1782832500000,2026-06-30T15:15:00+00:00,25019.4,25021.4,24979.4,25005.4,1072
1782833400000,2026-06-30T15:30:00+00:00,25004.4,25041.4,24985.4,25031.4,1278
1782834300000,2026-06-30T15:45:00+00:00,25032.4,25036.4,25011.4,25011.4,726
1782835200000,2026-06-30T16:00:00+00:00,25012.4,25019.4,25000.4,25007.4,636
1782836100000,2026-06-30T16:15:00+00:00,25006.4,25018.4,25006.4,25013.4,496
1782837000000,2026-06-30T16:30:00+00:00,25012.4,25027.4,25012.4,25026.4,434
1782837900000,2026-06-30T16:45:00+00:00,25025.4,25036.4,25022.4,25030.4,364
1782838800000,2026-06-30T17:00:00+00:00,25031.4,25041.4,25021.4,25023.4,352
1782839700000,2026-06-30T17:15:00+00:00,25024.4,25035.4,25022.4,25033.4,428
1782840600000,2026-06-30T17:30:00+00:00,25032.4,25041.4,25029.4,25039.4,326
1782841500000,2026-06-30T17:45:00+00:00,25040.4,25043.4,25033.4,25040.4,264
1782842400000,2026-06-30T18:00:00+00:00,25039.4,25043.4,25030.4,25042.4,354
1782843300000,2026-06-30T18:15:00+00:00,25043.4,25052.4,25038.4,25039.4,338
1782844200000,2026-06-30T18:30:00+00:00,25038.4,25049.4,25034.4,25049.4,264
1782845100000,2026-06-30T18:45:00+00:00,25050.4,25059.4,25046.4,25056.4,300
1782846000000,2026-06-30T19:00:00+00:00,25055.4,25058.4,25044.4,25056.4,262
1782846900000,2026-06-30T19:15:00+00:00,25057.4,25067.4,25047.4,25047.4,350
1782847800000,2026-06-30T19:30:00+00:00,25046.4,25049.4,25032.4,25040.4,442
1782848700000,2026-06-30T19:45:00+00:00,25039.4,25048.4,25027.4,25041.4,792
1782864900000,2026-07-01T00:15:00+00:00,25033.6,25045.8,25029.7,25034.8,606
1782865800000,2026-07-01T00:30:00+00:00,25035.8,25043.8,25028.8,25038.8,428
1782866700000,2026-07-01T00:45:00+00:00,25039.8,25039.8,25030.8,25031.8,262
1782867600000,2026-07-01T01:00:00+00:00,25033.8,25048.8,25014.8,25021.8,452
1782868500000,2026-07-01T01:15:00+00:00,25020.8,25022.8,25008.8,25016.8,546
1782869400000,2026-07-01T01:30:00+00:00,25017.8,25021.8,25004.8,25006.8,602
1782870300000,2026-07-01T01:45:00+00:00,25007.8,25009.8,24991.8,24995.8,494
1782871200000,2026-07-01T02:00:00+00:00,24998.8,24999.8,24976.8,24985.8,856
1782872100000,2026-07-01T02:15:00+00:00,24982.8,25000.8,24971.8,24991.8,514
1782873000000,2026-07-01T02:30:00+00:00,24993.8,25013.8,24989.8,25010.8,478
1782873900000,2026-07-01T02:45:00+00:00,25009.8,25014.8,24998.8,25000.8,372
1782874800000,2026-07-01T03:00:00+00:00,24998.8,25017.8,24996.8,25014.8,158
1782875700000,2026-07-01T03:15:00+00:00,25013.8,25014.8,24997.3,25000.8,242
1782876600000,2026-07-01T03:30:00+00:00,25001.8,25015.8,24993.8,25004.8,404
1782877500000,2026-07-01T03:45:00+00:00,25005.8,25018.8,25002.8,25014.8,204
1782878400000,2026-07-01T04:00:00+00:00,25016.8,25016.8,25001.8,25004.8,366
1782879300000,2026-07-01T04:15:00+00:00,25000.8,25014.8,25000.8,25012.8,266
1782880200000,2026-07-01T04:30:00+00:00,25011.8,25017.8,24999.8,25006.8,310
1782881100000,2026-07-01T04:45:00+00:00,25007.8,25021.8,24999.8,25000.8,308
1782882000000,2026-07-01T05:00:00+00:00,24999.8,25009.8,24992.8,24996.8,392
1782882900000,2026-07-01T05:15:00+00:00,24997.8,25002.8,24992.8,24996.8,238
1782883800000,2026-07-01T05:30:00+00:00,24997.8,25009.8,24994.8,25004.8,362
1782884700000,2026-07-01T05:45:00+00:00,25003.8,25021.8,25001.8,25020.8,372
1782885600000,2026-07-01T06:00:00+00:00,25022.8,25043.4,25011.4,25015.4,730
1782886500000,2026-07-01T06:15:00+00:00,25013.4,25023.4,25003.4,25020.4,450
1782887400000,2026-07-01T06:30:00+00:00,25021.4,25036.4,25007.4,25036.4,630
1782888300000,2026-07-01T06:45:00+00:00,25037.4,25050.4,25019.4,25042.4,502
1782889200000,2026-07-01T07:00:00+00:00,25048.4,25071.4,24980.4,24987.4,1768
1782890100000,2026-07-01T07:15:00+00:00,24984.4,25015.4,24975.4,25000.4,1370
1782891000000,2026-07-01T07:30:00+00:00,25004.4,25030.4,24980.4,25030.4,1182
1782891900000,2026-07-01T07:45:00+00:00,25031.4,25074.4,25022.4,25073.4,982
1782892800000,2026-07-01T08:00:00+00:00,25072.4,25085.4,25037.4,25079.4,1188
1782893700000,2026-07-01T08:15:00+00:00,25078.4,25103.4,25071.4,25085.4,1134
1782894600000,2026-07-01T08:30:00+00:00,25086.4,25115.4,25067.4,25106.4,978
1782895500000,2026-07-01T08:45:00+00:00,25105.4,25105.4,25066.4,25088.4,1021
1782896400000,2026-07-01T09:00:00+00:00,25087.4,25093.4,25058.4,25073.4,1008
1782897300000,2026-07-01T09:15:00+00:00,25072.4,25103.4,25059.4,25103.4,830
1782898200000,2026-07-01T09:30:00+00:00,25104.4,25111.4,25094.4,25099.4,918
1782899100000,2026-07-01T09:45:00+00:00,25098.4,25109.4,25090.4,25097.4,846
1782900000000,2026-07-01T10:00:00+00:00,25096.4,25099.4,25046.4,25081.4,826
1782900900000,2026-07-01T10:15:00+00:00,25082.4,25099.4,25076.4,25097.4,842
1782901800000,2026-07-01T10:30:00+00:00,25098.4,25101.4,25069.4,25081.4,666
1782902700000,2026-07-01T10:45:00+00:00,25080.4,25091.4,25073.4,25084.4,722
1782903600000,2026-07-01T11:00:00+00:00,25086.4,25102.4,25064.4,25067.4,788
1782904500000,2026-07-01T11:15:00+00:00,25066.4,25080.4,25047.4,25054.4,760
1782905400000,2026-07-01T11:30:00+00:00,25053.4,25057.4,25020.4,25038.4,920
1782906300000,2026-07-01T11:45:00+00:00,25037.4,25039.4,25003.4,25010.4,942
1782907200000,2026-07-01T12:00:00+00:00,25012.4,25023.4,24981.4,25017.1,1048
1782908100000,2026-07-01T12:15:00+00:00,25016.6,25032.4,25006.4,25026.4,1060
1782909000000,2026-07-01T12:30:00+00:00,25025.4,25041.4,24992.4,25000.4,1300
1782909900000,2026-07-01T12:45:00+00:00,24999.4,25009.4,24962.4,24963.4,1268
1782910800000,2026-07-01T13:00:00+00:00,24962.4,24962.4,24901.4,24910.4,1520
1782911700000,2026-07-01T13:15:00+00:00,24911.4,24972.4,24910.4,24971.4,1432
1782912600000,2026-07-01T13:30:00+00:00,24972.4,24990.4,24936.4,24987.4,1872
1782913500000,2026-07-01T13:45:00+00:00,24986.4,25020.4,24979.4,25002.6,1560
1782914400000,2026-07-01T14:00:00+00:00,25003.1,25024.4,24989.4,25014.4,1346
1782915300000,2026-07-01T14:15:00+00:00,25013.4,25036.4,25002.4,25023.4,1204
1782916200000,2026-07-01T14:30:00+00:00,25024.4,25029.4,24977.4,24993.4,1207
1782917100000,2026-07-01T14:45:00+00:00,24994.4,25018.4,24977.4,25000.4,1198
1782918000000,2026-07-01T15:00:00+00:00,24999.4,25030.4,24996.4,25020.4,1132
1782918900000,2026-07-01T15:15:00+00:00,25021.4,25094.4,25021.4,25094.4,960
1782919800000,2026-07-01T15:30:00+00:00,25091.4,25102.4,25049.4,25067.4,1180
1782920700000,2026-07-01T15:45:00+00:00,25065.4,25080.4,25063.4,25075.4,694
1782921600000,2026-07-01T16:00:00+00:00,25076.4,25086.4,25071.4,25086.4,696
1782922500000,2026-07-01T16:15:00+00:00,25085.4,25098.4,25084.4,25096.4,626
1782923400000,2026-07-01T16:30:00+00:00,25095.4,25107.4,25085.4,25093.4,588
1782924300000,2026-07-01T16:45:00+00:00,25092.4,25096.4,25061.4,25063.4,746
1782925200000,2026-07-01T17:00:00+00:00,25064.4,25079.4,25062.4,25078.4,774
1782926100000,2026-07-01T17:15:00+00:00,25079.4,25097.4,25075.4,25093.4,380
1782927000000,2026-07-01T17:30:00+00:00,25094.4,25099.4,25075.4,25075.4,502
1782927900000,2026-07-01T17:45:00+00:00,25074.4,25077.4,25060.4,25063.4,378
1782928800000,2026-07-01T18:00:00+00:00,25064.4,25076.4,25056.4,25057.4,576
1782929700000,2026-07-01T18:15:00+00:00,25058.4,25068.4,25052.4,25063.4,476
1782930600000,2026-07-01T18:30:00+00:00,25062.4,25070.4,25059.4,25067.4,432
1782931500000,2026-07-01T18:45:00+00:00,25066.4,25067.4,25054.4,25059.4,468
1782932400000,2026-07-01T19:00:00+00:00,25060.4,25079.4,25059.4,25076.4,572
1782933300000,2026-07-01T19:15:00+00:00,25077.4,25082.4,25069.4,25073.4,440
1782934200000,2026-07-01T19:30:00+00:00,25072.4,25080.4,25067.4,25068.4,644
1782935100000,2026-07-01T19:45:00+00:00,25069.4,25075.4,25056.4,25064.4,634
1782951300000,2026-07-02T00:15:00+00:00,25034.5,25037.0,25002.7,25034.7,1088
1782952200000,2026-07-02T00:30:00+00:00,25043.7,25045.7,25009.7,25009.7,874
1782953100000,2026-07-02T00:45:00+00:00,25010.7,25066.7,25008.7,25055.7,880
1782954000000,2026-07-02T01:00:00+00:00,25057.7,25094.7,25049.7,25092.7,964
1782954900000,2026-07-02T01:15:00+00:00,25093.7,25105.7,25077.7,25103.7,740
1782955800000,2026-07-02T01:30:00+00:00,25104.7,25153.7,25103.7,25151.7,772
1782956700000,2026-07-02T01:45:00+00:00,25150.7,25166.7,25140.7,25147.7,498
1782957600000,2026-07-02T02:00:00+00:00,25148.7,25156.7,25140.7,25156.7,532
1782958500000,2026-07-02T02:15:00+00:00,25154.7,25166.7,25145.7,25148.7,492
1782959400000,2026-07-02T02:30:00+00:00,25149.7,25152.7,25139.7,25145.7,340
1782960300000,2026-07-02T02:45:00+00:00,25146.7,25151.7,25142.7,25147.7,194
1782961200000,2026-07-02T03:00:00+00:00,25148.7,25152.7,25136.7,25142.7,316
1782962100000,2026-07-02T03:15:00+00:00,25144.7,25147.7,25125.7,25134.7,290
1782963000000,2026-07-02T03:30:00+00:00,25133.7,25150.7,25132.7,25146.7,660
1782963900000,2026-07-02T03:45:00+00:00,25145.7,25156.7,25138.7,25153.7,404
1782964800000,2026-07-02T04:00:00+00:00,25154.7,25164.7,25129.7,25134.7,402
1782965700000,2026-07-02T04:15:00+00:00,25135.7,25135.7,25113.7,25128.7,456
1782966600000,2026-07-02T04:30:00+00:00,25129.7,25129.7,25094.7,25096.7,654
1782967500000,2026-07-02T04:45:00+00:00,25093.7,25120.7,25093.7,25115.7,530
1782968400000,2026-07-02T05:00:00+00:00,25116.7,25140.7,25105.7,25128.7,564
1782969300000,2026-07-02T05:15:00+00:00,25127.7,25131.7,25107.7,25108.7,554
1782970200000,2026-07-02T05:30:00+00:00,25107.7,25107.7,25077.7,25079.7,870
1782971100000,2026-07-02T05:45:00+00:00,25080.7,25090.7,25074.7,25080.7,684
1782972000000,2026-07-02T06:00:00+00:00,25081.7,25092.3,25054.3,25056.3,702
1782972900000,2026-07-02T06:15:00+00:00,25055.3,25071.3,25043.3,25045.3,726
1782973800000,2026-07-02T06:30:00+00:00,25046.3,25089.3,25046.3,25069.3,760
1782974700000,2026-07-02T06:45:00+00:00,25070.3,25070.3,24993.3,24993.3,946
1782975600000,2026-07-02T07:00:00+00:00,25001.3,25067.3,24978.3,25048.3,1840
1782976500000,2026-07-02T07:15:00+00:00,25046.3,25122.3,25045.3,25103.3,1364
1782977400000,2026-07-02T07:30:00+00:00,25106.3,25159.3,25088.3,25149.3,1302
1782978300000,2026-07-02T07:45:00+00:00,25150.3,25155.3,25105.3,25127.3,1192
1782979200000,2026-07-02T08:00:00+00:00,25132.3,25151.3,25111.3,25129.3,1420
1782980100000,2026-07-02T08:15:00+00:00,25130.3,25141.3,25112.3,25123.3,1108
1782981000000,2026-07-02T08:30:00+00:00,25124.3,25178.3,25115.3,25151.3,1096
1782981900000,2026-07-02T08:45:00+00:00,25152.3,25185.3,25148.3,25168.3,978
1782982800000,2026-07-02T09:00:00+00:00,25171.3,25181.3,25150.3,25180.3,1070
1782983700000,2026-07-02T09:15:00+00:00,25178.3,25212.3,25169.3,25195.3,900
1782984600000,2026-07-02T09:30:00+00:00,25196.3,25212.3,25191.3,25205.3,876
1782985500000,2026-07-02T09:45:00+00:00,25203.3,25217.3,25189.3,25197.3,852
1782986400000,2026-07-02T10:00:00+00:00,25199.3,25199.3,25178.3,25190.3,882
1782987300000,2026-07-02T10:15:00+00:00,25189.3,25227.3,25188.3,25227.3,768
1782988200000,2026-07-02T10:30:00+00:00,25231.3,25279.3,25231.3,25274.3,796
1782989100000,2026-07-02T10:45:00+00:00,25275.3,25310.3,25266.5,25301.3,818
1782990000000,2026-07-02T11:00:00+00:00,25302.3,25321.3,25283.3,25301.8,854
1782990900000,2026-07-02T11:15:00+00:00,25302.8,25310.8,25286.5,25305.8,700
1782991800000,2026-07-02T11:30:00+00:00,25304.8,25315.8,25296.8,25302.8,680
1782992700000,2026-07-02T11:45:00+00:00,25301.8,25330.8,25301.8,25323.8,754
1782993600000,2026-07-02T12:00:00+00:00,25322.8,25363.8,25315.8,25363.8,914
1782994500000,2026-07-02T12:15:00+00:00,25362.8,25381.6,25340.8,25363.5,1072
1782995400000,2026-07-02T12:30:00+00:00,25365.0,25489.6,25363.5,25488.6,1820
1782996300000,2026-07-02T12:45:00+00:00,25489.6,25491.6,25443.6,25464.6,1550
1782997200000,2026-07-02T13:00:00+00:00,25466.6,25491.6,25452.6,25467.6,1336
1782998100000,2026-07-02T13:15:00+00:00,25468.6,25543.6,25460.6,25528.6,1180
1782999000000,2026-07-02T13:30:00+00:00,25527.6,25611.6,25521.6,25608.6,1830
1782999900000,2026-07-02T13:45:00+00:00,25607.6,25685.6,25604.6,25667.6,1676
1783000800000,2026-07-02T14:00:00+00:00,25669.6,25676.6,25620.6,25666.6,1610
1783001700000,2026-07-02T14:15:00+00:00,25665.6,25676.6,25618.6,25626.6,1660
1783002600000,2026-07-02T14:30:00+00:00,25627.6,25656.6,25616.6,25619.6,1807
1783003500000,2026-07-02T14:45:00+00:00,25618.6,25664.6,25606.6,25664.6,1706
1783004400000,2026-07-02T15:00:00+00:00,25666.6,25675.6,25609.6,25628.6,1721
1783005300000,2026-07-02T15:15:00+00:00,25627.6,25638.6,25571.6,25576.6,1697
1783006200000,2026-07-02T15:30:00+00:00,25577.6,25642.6,25573.6,25625.6,1603
1783007100000,2026-07-02T15:45:00+00:00,25624.6,25636.6,25569.6,25580.6,1435
1783008000000,2026-07-02T16:00:00+00:00,25579.6,25624.6,25579.6,25616.6,1256
1783008900000,2026-07-02T16:15:00+00:00,25617.6,25630.6,25594.6,25598.6,1206
1783009800000,2026-07-02T16:30:00+00:00,25599.6,25601.6,25570.6,25595.6,1255
1783010700000,2026-07-02T16:45:00+00:00,25596.6,25597.6,25556.6,25565.6,1300
1783011600000,2026-07-02T17:00:00+00:00,25564.6,25568.6,25530.6,25548.6,1344
1783012500000,2026-07-02T17:15:00+00:00,25547.6,25554.6,25537.6,25551.6,1130
1783013400000,2026-07-02T17:30:00+00:00,25550.6,25557.6,25518.6,25533.6,1126
1783014300000,2026-07-02T17:45:00+00:00,25535.6,25535.6,25512.6,25515.6,1146
1783015200000,2026-07-02T18:00:00+00:00,25517.6,25558.6,25504.6,25549.6,1140
1783016100000,2026-07-02T18:15:00+00:00,25550.6,25550.6,25536.6,25546.6,918
1783017000000,2026-07-02T18:30:00+00:00,25547.6,25569.6,25545.6,25564.6,984
1783017900000,2026-07-02T18:45:00+00:00,25565.6,25576.6,25556.6,25567.6,1008
1783018800000,2026-07-02T19:00:00+00:00,25568.6,25570.6,25537.6,25551.6,1300
1783019700000,2026-07-02T19:15:00+00:00,25550.6,25554.6,25535.6,25548.6,866
1783020600000,2026-07-02T19:30:00+00:00,25550.6,25582.6,25550.6,25580.6,1056
1783021500000,2026-07-02T19:45:00+00:00,25581.6,25650.6,25577.6,25648.6,1204
1783037700000,2026-07-03T00:15:00+00:00,25671.3,25682.4,25652.9,25655.9,758
1783038600000,2026-07-03T00:30:00+00:00,25656.9,25663.4,25631.9,25650.9,592
1783039500000,2026-07-03T00:45:00+00:00,25651.4,25662.9,25641.4,25647.4,640
1783040400000,2026-07-03T01:00:00+00:00,25646.4,25719.4,25645.9,25715.4,1036
1783041300000,2026-07-03T01:15:00+00:00,25714.9,25730.9,25701.4,25719.9,998
1783042200000,2026-07-03T01:30:00+00:00,25722.9,25737.9,25707.9,25724.9,648
1783043100000,2026-07-03T01:45:00+00:00,25725.9,25725.9,25711.9,25717.9,610
1783044000000,2026-07-03T02:00:00+00:00,25715.9,25727.9,25709.4,25711.9,476
1783044900000,2026-07-03T02:15:00+00:00,25711.4,25723.9,25708.9,25719.9,362
1783045800000,2026-07-03T02:30:00+00:00,25718.9,25719.1,25706.9,25709.9,346
1783046700000,2026-07-03T02:45:00+00:00,25708.9,25718.9,25703.9,25715.4,312
1783047600000,2026-07-03T03:00:00+00:00,25715.9,25722.4,25710.9,25719.9,200
1783048500000,2026-07-03T03:15:00+00:00,25720.9,25732.6,25707.9,25728.9,324
1783049400000,2026-07-03T03:30:00+00:00,25730.9,25735.9,25710.4,25712.4,420
1783050300000,2026-07-03T03:45:00+00:00,25711.4,25742.4,25709.4,25740.4,296
1783051200000,2026-07-03T04:00:00+00:00,25740.6,25748.6,25730.4,25748.4,250
1783052100000,2026-07-03T04:15:00+00:00,25751.9,25751.9,25730.9,25744.9,350
1783053000000,2026-07-03T04:30:00+00:00,25743.9,25751.9,25735.9,25740.4,328
1783053900000,2026-07-03T04:45:00+00:00,25741.4,25746.0,25727.9,25728.9,290
1783054800000,2026-07-03T05:00:00+00:00,25727.9,25729.9,25710.1,25714.9,504
1783055700000,2026-07-03T05:15:00+00:00,25715.9,25717.9,25696.9,25716.1,302
1783056600000,2026-07-03T05:30:00+00:00,25715.1,25731.9,25709.9,25710.1,406
1783057500000,2026-07-03T05:45:00+00:00,25710.9,25720.1,25704.9,25715.9,458
1783058400000,2026-07-03T06:00:00+00:00,25716.9,25757.7,25716.7,25751.7,664
1783059300000,2026-07-03T06:15:00+00:00,25752.7,25761.7,25731.7,25741.7,506
1783060200000,2026-07-03T06:30:00+00:00,25745.7,25765.7,25737.7,25758.7,590
1783061100000,2026-07-03T06:45:00+00:00,25757.7,25778.7,25744.7,25777.7,614
1783062000000,2026-07-03T07:00:00+00:00,25781.7,25850.5,25757.7,25814.5,1848
1783062900000,2026-07-03T07:15:00+00:00,25812.5,25812.5,25765.5,25774.5,1334
1783063800000,2026-07-03T07:30:00+00:00,25772.5,25780.5,25724.5,25724.5,1228
1783064700000,2026-07-03T07:45:00+00:00,25721.5,25748.5,25710.5,25710.5,1126
1783065600000,2026-07-03T08:00:00+00:00,25711.5,25744.5,25698.5,25736.5,1132
1783066500000,2026-07-03T08:15:00+00:00,25735.5,25763.5,25735.5,25741.5,984
1783067400000,2026-07-03T08:30:00+00:00,25742.5,25745.5,25703.5,25706.5,1080
1783068300000,2026-07-03T08:45:00+00:00,25707.5,25709.5,25652.5,25654.5,1116
1783069200000,2026-07-03T09:00:00+00:00,25653.5,25657.5,25635.5,25655.5,1006
1783070100000,2026-07-03T09:15:00+00:00,25654.5,25688.5,25647.9,25656.5,932
1783071000000,2026-07-03T09:30:00+00:00,25655.5,25680.5,25641.9,25679.5,878
1783071900000,2026-07-03T09:45:00+00:00,25678.5,25693.5,25664.5,25677.5,1142
1783072800000,2026-07-03T10:00:00+00:00,25676.5,25703.5,25663.5,25693.5,894
1783073700000,2026-07-03T10:15:00+00:00,25692.5,25709.5,25683.5,25702.5,622
1783074600000,2026-07-03T10:30:00+00:00,25703.5,25729.5,25702.5,25722.5,656
1783075500000,2026-07-03T10:45:00+00:00,25723.5,25729.5,25712.5,25726.5,694
1783076400000,2026-07-03T11:00:00+00:00,25727.5,25729.5,25696.5,25699.5,786
1783077300000,2026-07-03T11:15:00+00:00,25700.5,25710.5,25680.5,25685.5,660
1783078200000,2026-07-03T11:30:00+00:00,25684.5,25704.5,25680.5,25703.5,612
1783079100000,2026-07-03T11:45:00+00:00,25702.5,25732.5,25702.5,25730.5,568
1783080000000,2026-07-03T12:00:00+00:00,25734.5,25750.5,25732.5,25742.5,692
1783080900000,2026-07-03T12:15:00+00:00,25743.5,25743.5,25724.5,25731.5,754
1783081800000,2026-07-03T12:30:00+00:00,25732.5,25762.5,25731.5,25758.5,702
1783082700000,2026-07-03T12:45:00+00:00,25760.5,25774.5,25750.5,25773.5,620
1783083600000,2026-07-03T13:00:00+00:00,25774.5,25799.5,25766.5,25780.5,892
1783084500000,2026-07-03T13:15:00+00:00,25781.5,25794.5,25770.5,25772.5,690
1783085400000,2026-07-03T13:30:00+00:00,25773.5,25780.5,25752.5,25776.5,856
1783086300000,2026-07-03T13:45:00+00:00,25777.5,25809.5,25769.5,25795.5,838
1783087200000,2026-07-03T14:00:00+00:00,25794.5,25818.5,25794.5,25800.5,808
1783088100000,2026-07-03T14:15:00+00:00,25801.5,25807.5,25764.5,25774.5,792
1783089000000,2026-07-03T14:30:00+00:00,25775.5,25814.5,25769.5,25804.5,662
1783089900000,2026-07-03T14:45:00+00:00,25803.5,25844.5,25796.5,25833.5,708
1783090800000,2026-07-03T15:00:00+00:00,25834.5,25844.5,25817.5,25841.5,732
1783091700000,2026-07-03T15:15:00+00:00,25842.5,25859.5,25819.5,25827.5,828
1783092600000,2026-07-03T15:30:00+00:00,25828.5,25836.5,25805.5,25823.5,964
1783093500000,2026-07-03T15:45:00+00:00,25820.5,25829.5,25813.5,25821.5,394
1783094400000,2026-07-03T16:00:00+00:00,25822.5,25841.5,25818.5,25836.5,310
1783095300000,2026-07-03T16:15:00+00:00,25837.5,25844.5,25831.5,25833.5,390
1783096200000,2026-07-03T16:30:00+00:00,25832.5,25844.5,25830.5,25834.5,270
1783097100000,2026-07-03T16:45:00+00:00,25833.5,25836.5,25827.5,25828.5,232
1783098000000,2026-07-03T17:00:00+00:00,25829.5,25831.5,25818.5,25819.5,110
1783098900000,2026-07-03T17:15:00+00:00,25820.5,25829.5,25818.5,25826.5,84
1783099800000,2026-07-03T17:30:00+00:00,25827.5,25829.5,25822.5,25823.5,96
1783100700000,2026-07-03T17:45:00+00:00,25825.5,25833.5,25824.5,25829.5,114
1783101600000,2026-07-03T18:00:00+00:00,25828.5,25834.5,25814.9,25820.5,100
1783102500000,2026-07-03T18:15:00+00:00,25821.5,25822.5,25813.5,25814.5,50
1783103400000,2026-07-03T18:30:00+00:00,25815.5,25824.5,25815.5,25818.5,64
1783104300000,2026-07-03T18:45:00+00:00,25817.5,25818.5,25815.5,25817.5,42
1783105200000,2026-07-03T19:00:00+00:00,25816.5,25817.5,25813.5,25817.5,40
1783106100000,2026-07-03T19:15:00+00:00,25821.5,25825.5,25817.5,25822.5,132
1783107000000,2026-07-03T19:30:00+00:00,25821.5,25845.5,25818.5,25838.5,216
1783107900000,2026-07-03T19:45:00+00:00,25837.5,25842.5,25826.5,25838.5,230
