timestamp,time,open,high,low,close,volume
1779277800000,2026-05-20T11:50:00+00:00,24502.5,24505.2,24485.9,24497.7,770
1779278100000,2026-05-20T11:55:00+00:00,24497.0,24510.6,24496.1,24504.5,654
1779278400000,2026-05-20T12:00:00+00:00,24503.9,24526.0,24499.3,24525.5,712
1779278700000,2026-05-20T12:05:00+00:00,24525.7,24537.3,24523.1,24530.3,614
1779279000000,2026-05-20T12:10:00+00:00,24530.6,24531.2,24517.6,24528.0,648
1779279300000,2026-05-20T12:15:00+00:00,24527.7,24535.8,24526.0,24534.2,680
1779279600000,2026-05-20T12:20:00+00:00,24533.8,24540.3,24523.8,24538.3,720
1779279900000,2026-05-20T12:25:00+00:00,24539.0,24562.2,24534.1,24554.1,804
1779280200000,2026-05-20T12:30:00+00:00,24553.8,24566.3,24518.9,24540.5,840
1779280500000,2026-05-20T12:35:00+00:00,24540.9,24544.0,24509.7,24513.2,716
1779280800000,2026-05-20T12:40:00+00:00,24513.7,24513.7,24495.9,24499.5,707
1779281100000,2026-05-20T12:45:00+00:00,24500.0,24505.5,24484.8,24492.6,750
1779281400000,2026-05-20T12:50:00+00:00,24491.3,24491.3,24474.6,24488.0,772
1779281700000,2026-05-20T12:55:00+00:00,24488.8,24490.6,24470.1,24472.1,696
1779282000000,2026-05-20T13:00:00+00:00,24471.1,24480.3,24463.0,24480.3,807
1779282300000,2026-05-20T13:05:00+00:00,24480.5,24505.1,24480.1,24497.5,675
1779282600000,2026-05-20T13:10:00+00:00,24497.3,24503.5,24478.4,24488.2,724
1779282900000,2026-05-20T13:15:00+00:00,24487.8,24489.7,24469.9,24474.3,748
1779283200000,2026-05-20T13:20:00+00:00,24474.7,24499.3,24474.7,24494.5,672
1779283500000,2026-05-20T13:25:00+00:00,24491.5,24495.0,24471.2,24480.0,789
1779283800000,2026-05-20T13:30:00+00:00,24479.5,24479.5,24439.0,24463.6,976
1779284100000,2026-05-20T13:35:00+00:00,24463.7,24490.7,24441.8,24483.7,950
1779284400000,2026-05-20T13:40:00+00:00,24482.7,24506.7,24481.5,24504.3,941
1779284700000,2026-05-20T13:45:00+00:00,24504.7,24550.2,24504.7,24524.2,957
1779285000000,2026-05-20T13:50:00+00:00,24525.0,24542.5,24509.2,24511.3,960
1779285300000,2026-05-20T13:55:00+00:00,24511.1,24546.6,24509.0,24542.2,906
1779285600000,2026-05-20T14:00:00+00:00,24545.0,24547.1,24519.5,24529.9,999
1779285900000,2026-05-20T14:05:00+00:00,24529.8,24542.3,24483.2,24487.9,952
1779286200000,2026-05-20T14:10:00+00:00,24487.2,24611.9,24459.9,24546.0,1077
1779286500000,2026-05-20T14:15:00+00:00,24558.0,24733.0,24552.9,24686.7,1140
1779286800000,2026-05-20T14:20:00+00:00,24685.5,24714.2,24642.9,24647.8,1124
1779287100000,2026-05-20T14:25:00+00:00,24648.3,24677.7,24624.5,24663.5,1050
1779287400000,2026-05-20T14:30:00+00:00,24663.7,24699.7,24647.2,24649.0,1086
1779287700000,2026-05-20T14:35:00+00:00,24648.2,24658.6,24621.5,24637.5,1044
1779288000000,2026-05-20T14:40:00+00:00,24636.1,24668.9,24627.0,24667.5,976
1779288300000,2026-05-20T14:45:00+00:00,24669.7,24676.2,24640.8,24645.2,974
1779288600000,2026-05-20T14:50:00+00:00,24648.0,24691.2,24636.2,24680.9,963
1779288900000,2026-05-20T14:55:00+00:00,24680.2,24712.5,24674.2,24680.4,992
1779289200000,2026-05-20T15:00:00+00:00,24681.5,24696.7,24671.3,24683.0,940
1779289500000,2026-05-20T15:05:00+00:00,24682.8,24707.9,24682.5,24698.7,924
1779289800000,2026-05-20T15:10:00+00:00,24698.3,24722.7,24694.7,24702.3,916
1779290100000,2026-05-20T15:15:00+00:00,24704.9,24894.1,24698.6,24772.5,1102
1779290400000,2026-05-20T15:20:00+00:00,24771.5,24803.9,24756.2,24797.2,1085
1779290700000,2026-05-20T15:25:00+00:00,24792.7,24797.0,24733.3,24742.9,1051
1779291000000,2026-05-20T15:30:00+00:00,24744.5,24763.9,24726.6,24739.8,1098
1779291300000,2026-05-20T15:35:00+00:00,24742.8,24756.3,24732.3,24751.8,1013
1779291600000,2026-05-20T15:40:00+00:00,24752.0,24757.9,24739.9,24753.8,968
1779291900000,2026-05-20T15:45:00+00:00,24754.0,24759.5,24718.6,24732.5,951
1779292200000,2026-05-20T15:50:00+00:00,24732.7,24745.5,24727.5,24731.3,912
1779292500000,2026-05-20T15:55:00+00:00,24731.4,24738.0,24692.1,24715.3,913
1779292800000,2026-05-20T16:00:00+00:00,24715.5,24724.3,24708.3,24724.3,884
1779293100000,2026-05-20T16:05:00+00:00,24724.5,24740.0,24723.0,24732.2,813
1779293400000,2026-05-20T16:10:00+00:00,24732.3,24747.8,24723.9,24746.3,823
1779293700000,2026-05-20T16:15:00+00:00,24746.8,24748.3,24733.1,24733.8,794
1779294000000,2026-05-20T16:20:00+00:00,24734.5,24735.8,24691.2,24699.3,956
1779294300000,2026-05-20T16:25:00+00:00,24697.0,24702.2,24681.3,24694.3,933
1779294600000,2026-05-20T16:30:00+00:00,24698.0,24704.0,24678.3,24683.5,907
1779294900000,2026-05-20T16:35:00+00:00,24684.0,24702.0,24676.0,24693.7,838
1779295200000,2026-05-20T16:40:00+00:00,24693.8,24734.0,24689.8,24732.4,810
1779295500000,2026-05-20T16:45:00+00:00,24735.8,24739.6,24708.0,24712.6,958
1779295800000,2026-05-20T16:50:00+00:00,24712.8,24729.0,24711.5,24720.8,858
1779296100000,2026-05-20T16:55:00+00:00,24721.4,24731.4,24706.5,24722.3,828
1779296400000,2026-05-20T17:00:00+00:00,24722.4,24730.1,24709.6,24711.8,770
1779296700000,2026-05-20T17:05:00+00:00,24712.2,24717.8,24704.8,24713.2,743
1779297000000,2026-05-20T17:10:00+00:00,24713.5,24749.8,24709.0,24736.0,790
1779297300000,2026-05-20T17:15:00+00:00,24735.5,24748.8,24733.0,24742.6,828
1779297600000,2026-05-20T17:20:00+00:00,24742.0,24748.3,24729.4,24734.0,711
1779297900000,2026-05-20T17:25:00+00:00,24734.6,24753.6,24729.0,24744.8,735
1779298200000,2026-05-20T17:30:00+00:00,24745.0,24754.0,24735.8,24739.8,709
1779298500000,2026-05-20T17:35:00+00:00,24739.5,24766.8,24737.2,24752.5,742
1779298800000,2026-05-20T17:40:00+00:00,24752.0,24752.0,24744.7,24750.4,620
1779299100000,2026-05-20T17:45:00+00:00,24750.9,24758.9,24745.9,24752.0,593
1779299400000,2026-05-20T17:50:00+00:00,24751.8,24752.8,24741.7,24743.2,567
1779299700000,2026-05-20T17:55:00+00:00,24743.0,24745.6,24739.5,24741.3,520
1779300000000,2026-05-20T18:00:00+00:00,24742.0,24756.2,24731.8,24750.4,615
1779300300000,2026-05-20T18:05:00+00:00,24749.8,24756.6,24740.8,24741.3,667
1779300600000,2026-05-20T18:10:00+00:00,24741.5,24748.2,24739.5,24745.6,638
1779300900000,2026-05-20T18:15:00+00:00,24745.3,24752.8,24744.8,24746.4,586
1779301200000,2026-05-20T18:20:00+00:00,24746.3,24751.8,24739.8,24742.3,570
1779301500000,2026-05-20T18:25:00+00:00,24741.5,24753.1,24741.2,24752.3,676
1779301800000,2026-05-20T18:30:00+00:00,24752.5,24765.6,24752.5,24764.8,580
1779302100000,2026-05-20T18:35:00+00:00,24764.6,24768.4,24762.3,24764.8,518
1779302400000,2026-05-20T18:40:00+00:00,24765.0,24767.9,24746.5,24746.5,558
1779302700000,2026-05-20T18:45:00+00:00,24747.2,24756.0,24745.2,24751.6,597
1779303000000,2026-05-20T18:50:00+00:00,24751.8,24760.2,24751.0,24754.8,514
1779303300000,2026-05-20T18:55:00+00:00,24755.4,24761.0,24755.4,24758.5,554
1779303600000,2026-05-20T19:00:00+00:00,24758.0,24765.8,24751.8,24752.3,518
1779303900000,2026-05-20T19:05:00+00:00,24752.1,24757.0,24748.2,24756.3,384
1779304200000,2026-05-20T19:10:00+00:00,24756.2,24759.0,24753.2,24754.9,476
1779304500000,2026-05-20T19:15:00+00:00,24755.0,24767.3,24755.0,24763.5,466
1779304800000,2026-05-20T19:20:00+00:00,24763.3,24769.3,24761.0,24761.2,468
1779305100000,2026-05-20T19:25:00+00:00,24761.0,24764.8,24759.6,24762.3,488
1779305400000,2026-05-20T19:30:00+00:00,24762.1,24766.6,24758.9,24764.6,470
1779305700000,2026-05-20T19:35:00+00:00,24765.1,24787.1,24764.6,24780.3,556
1779306000000,2026-05-20T19:40:00+00:00,24779.8,24792.1,24778.0,24783.3,593
1779306300000,2026-05-20T19:45:00+00:00,24783.1,24783.3,24767.8,24770.8,565
1779306600000,2026-05-20T19:50:00+00:00,24771.0,24778.5,24760.3,24770.8,626
1779306900000,2026-05-20T19:55:00+00:00,24771.0,24784.2,24762.3,24780.4,650
1779322500000,2026-05-21T00:15:00+00:00,24692.1,24725.6,24670.1,24685.8,642
1779322800000,2026-05-21T00:20:00+00:00,24686.3,24692.9,24679.6,24692.9,582
1779323100000,2026-05-21T00:25:00+00:00,24692.3,24708.7,24689.4,24702.3,588
1779323400000,2026-05-21T00:30:00+00:00,24703.3,24714.5,24692.8,24710.9,470
1779323700000,2026-05-21T00:35:00+00:00,24711.3,24715.9,24705.4,24708.3,404
1779324000000,2026-05-21T00:40:00+00:00,24707.9,24719.8,24705.4,24709.1,446
1779324300000,2026-05-21T00:45:00+00:00,24709.3,24725.3,24708.3,24725.3,400
1779324600000,2026-05-21T00:50:00+00:00,24726.0,24737.3,24720.7,24734.7,302
1779324900000,2026-05-21T00:55:00+00:00,24735.3,24742.9,24733.3,24736.6,506
1779325200000,2026-05-21T01:00:00+00:00,24736.3,24752.3,24735.8,24745.8,604
1779325500000,2026-05-21T01:05:00+00:00,24747.2,24760.6,24745.3,24758.3,502
1779325800000,2026-05-21T01:10:00+00:00,24758.7,24766.9,24748.7,24766.9,452
1779326100000,2026-05-21T01:15:00+00:00,24766.3,24778.2,24757.2,24762.5,474
1779326400000,2026-05-21T01:20:00+00:00,24762.8,24772.9,24762.3,24768.3,352
1779326700000,2026-05-21T01:25:00+00:00,24767.1,24767.1,24758.4,24763.1,358
1779327000000,2026-05-21T01:30:00+00:00,24763.3,24783.9,24753.8,24769.8,618
1779327300000,2026-05-21T01:35:00+00:00,24770.5,24778.1,24764.9,24769.3,414
1779327600000,2026-05-21T01:40:00+00:00,24768.9,24785.2,24768.9,24771.3,308
1779327900000,2026-05-21T01:45:00+00:00,24774.3,24780.6,24769.3,24777.2,320
1779328200000,2026-05-21T01:50:00+00:00,24776.2,24780.1,24754.3,24761.9,440
1779328500000,2026-05-21T01:55:00+00:00,24761.1,24777.9,24756.8,24776.8,402
1779328800000,2026-05-21T02:00:00+00:00,24777.9,24803.7,24777.5,24790.4,478
1779329100000,2026-05-21T02:05:00+00:00,24790.5,24793.6,24769.8,24784.7,442
1779329400000,2026-05-21T02:10:00+00:00,24786.8,24792.8,24780.6,24785.9,306
1779329700000,2026-05-21T02:15:00+00:00,24785.6,24794.3,24785.6,24788.2,280
1779330000000,2026-05-21T02:20:00+00:00,24789.8,24791.8,24765.3,24778.8,294
1779330300000,2026-05-21T02:25:00+00:00,24779.3,24781.2,24770.9,24772.8,234
1779330600000,2026-05-21T02:30:00+00:00,24772.9,24777.3,24762.3,24764.8,288
1779330900000,2026-05-21T02:35:00+00:00,24763.8,24770.0,24758.7,24759.8,288
1779331200000,2026-05-21T02:40:00+00:00,24760.3,24764.3,24742.3,24752.2,388
1779331500000,2026-05-21T02:45:00+00:00,24752.7,24753.1,24735.1,24739.8,418
1779331800000,2026-05-21T02:50:00+00:00,24739.9,24750.3,24739.7,24746.3,314
1779332100000,2026-05-21T02:55:00+00:00,24745.9,24759.9,24744.8,24744.8,302
1779332400000,2026-05-21T03:00:00+00:00,24745.3,24752.9,24741.7,24749.6,252
1779332700000,2026-05-21T03:05:00+00:00,24750.9,24750.9,24733.7,24747.9,220
1779333000000,2026-05-21T03:10:00+00:00,24746.8,24751.8,24731.3,24743.7,354
1779333300000,2026-05-21T03:15:00+00:00,24743.9,24754.6,24743.6,24751.0,270
1779333600000,2026-05-21T03:20:00+00:00,24754.3,24759.9,24744.3,24745.0,258
1779333900000,2026-05-21T03:25:00+00:00,24744.4,24755.7,24735.9,24739.7,204
1779334200000,2026-05-21T03:30:00+00:00,24737.5,24747.2,24736.1,24740.8,242
1779334500000,2026-05-21T03:35:00+00:00,24741.7,24744.1,24729.8,24734.7,298
1779334800000,2026-05-21T03:40:00+00:00,24734.8,24738.6,24731.3,24734.3,224
1779335100000,2026-05-21T03:45:00+00:00,24734.7,24735.4,24720.3,24721.8,416
1779335400000,2026-05-21T03:50:00+00:00,24720.7,24723.2,24700.8,24707.3,292
1779335700000,2026-05-21T03:55:00+00:00,24707.1,24725.3,24703.9,24720.8,220
1779336000000,2026-05-21T04:00:00+00:00,24720.3,24726.4,24718.3,24725.8,176
1779336300000,2026-05-21T04:05:00+00:00,24730.3,24736.1,24724.0,24724.0,168
1779336600000,2026-05-21T04:10:00+00:00,24724.8,24738.8,24723.5,24738.3,208
1779336900000,2026-05-21T04:15:00+00:00,24738.9,24741.3,24732.0,24738.8,250
1779337200000,2026-05-21T04:20:00+00:00,24738.4,24746.1,24737.7,24743.3,172
1779337500000,2026-05-21T04:25:00+00:00,24745.3,24755.4,24745.3,24750.3,234
1779337800000,2026-05-21T04:30:00+00:00,24750.6,24754.3,24727.6,24737.3,258
1779338100000,2026-05-21T04:35:00+00:00,24736.2,24738.8,24729.1,24737.2,188
1779338400000,2026-05-21T04:40:00+00:00,24737.8,24749.9,24736.8,24747.2,228
1779338700000,2026-05-21T04:45:00+00:00,24746.6,24752.8,24743.6,24749.3,284
1779339000000,2026-05-21T04:50:00+00:00,24750.3,24768.3,24748.1,24755.3,236
1779339300000,2026-05-21T04:55:00+00:00,24755.6,24763.9,24754.9,24758.7,216
1779339600000,2026-05-21T05:00:00+00:00,24759.3,24765.8,24758.1,24765.3,250
1779339900000,2026-05-21T05:05:00+00:00,24765.2,24773.7,24740.3,24740.3,380
1779340200000,2026-05-21T05:10:00+00:00,24739.8,24749.3,24737.3,24745.9,298
1779340500000,2026-05-21T05:15:00+00:00,24746.5,24749.8,24740.9,24745.8,312
1779340800000,2026-05-21T05:20:00+00:00,24744.3,24761.5,24740.3,24758.0,340
1779341100000,2026-05-21T05:25:00+00:00,24758.3,24758.3,24739.5,24740.4,422
1779341400000,2026-05-21T05:30:00+00:00,24739.8,24740.9,24702.2,24705.4,556
1779341700000,2026-05-21T05:35:00+00:00,24705.9,24708.7,24698.8,24704.8,382
1779342000000,2026-05-21T05:40:00+00:00,24705.3,24716.3,24695.8,24703.3,410
1779342300000,2026-05-21T05:45:00+00:00,24706.7,24708.5,24640.9,24676.3,628
1779342600000,2026-05-21T05:50:00+00:00,24677.8,24694.1,24671.7,24688.8,526
1779342900000,2026-05-21T05:55:00+00:00,24689.8,24689.8,24676.7,24679.3,452
1779343200000,2026-05-21T06:00:00+00:00,24681.3,24687.3,24667.7,24686.6,606
1779343500000,2026-05-21T06:05:00+00:00,24687.0,24708.4,24685.9,24691.8,574
1779343800000,2026-05-21T06:10:00+00:00,24691.1,24697.6,24675.5,24678.1,600
1779344100000,2026-05-21T06:15:00+00:00,24679.1,24680.5,24662.9,24669.3,642
1779344400000,2026-05-21T06:20:00+00:00,24669.1,24730.1,24666.3,24710.3,820
1779344700000,2026-05-21T06:25:00+00:00,24709.7,24715.1,24697.3,24705.5,674
1779345000000,2026-05-21T06:30:00+00:00,24705.6,24718.4,24700.6,24710.3,652
1779345300000,2026-05-21T06:35:00+00:00,24710.6,24712.5,24701.5,24710.3,618
1779345600000,2026-05-21T06:40:00+00:00,24710.6,24711.3,24673.0,24673.8,634
1779345900000,2026-05-21T06:45:00+00:00,24673.3,24673.3,24653.6,24658.1,680
1779346200000,2026-05-21T06:50:00+00:00,24657.8,24664.3,24649.6,24660.1,710
1779346500000,2026-05-21T06:55:00+00:00,24659.8,24672.8,24652.1,24667.8,744
1779346800000,2026-05-21T07:00:00+00:00,24669.0,24719.3,24652.5,24695.4,1024
1779347100000,2026-05-21T07:05:00+00:00,24696.5,24710.3,24680.5,24693.3,986
1779347400000,2026-05-21T07:10:00+00:00,24691.0,24693.9,24671.3,24674.0,910
1779347700000,2026-05-21T07:15:00+00:00,24678.3,24679.9,24636.3,24655.2,948
1779348000000,2026-05-21T07:20:00+00:00,24655.4,24670.7,24643.3,24659.3,924
1779348300000,2026-05-21T07:25:00+00:00,24659.5,24659.7,24595.9,24601.0,870
1779348600000,2026-05-21T07:30:00+00:00,24604.3,24637.7,24603.0,24637.3,818
1779348900000,2026-05-21T07:35:00+00:00,24636.3,24666.0,24634.5,24660.3,876
1779349200000,2026-05-21T07:40:00+00:00,24659.6,24680.0,24649.8,24674.0,818
1779349500000,2026-05-21T07:45:00+00:00,24673.0,24721.6,24670.3,24721.5,814
1779349800000,2026-05-21T07:50:00+00:00,24721.2,24729.3,24707.5,24708.0,864
1779350100000,2026-05-21T07:55:00+00:00,24708.2,24711.7,24699.3,24708.4,642
1779350400000,2026-05-21T08:00:00+00:00,24708.0,24744.4,24703.5,24743.6,854
1779350700000,2026-05-21T08:05:00+00:00,24745.3,24780.9,24739.1,24780.2,934
1779351000000,2026-05-21T08:10:00+00:00,24779.5,24834.3,24766.9,24816.8,1012
1779351300000,2026-05-21T08:15:00+00:00,24817.0,24855.8,24777.1,24777.1,1016
1779351600000,2026-05-21T08:20:00+00:00,24776.6,24779.5,24750.0,24763.3,962
1779351900000,2026-05-21T08:25:00+00:00,24764.3,24801.8,24762.3,24799.4,800
1779352200000,2026-05-21T08:30:00+00:00,24803.0,24803.0,24755.2,24761.5,816
1779352500000,2026-05-21T08:35:00+00:00,24762.0,24778.4,24745.7,24770.0,838
1779352800000,2026-05-21T08:40:00+00:00,24769.0,24789.6,24766.5,24780.5,714
1779353100000,2026-05-21T08:45:00+00:00,24783.7,24784.7,24758.3,24770.7,864
1779353400000,2026-05-21T08:50:00+00:00,24771.0,24797.0,24765.7,24793.6,782
1779353700000,2026-05-21T08:55:00+00:00,24795.0,24800.6,24786.0,24790.7,740
1779354000000,2026-05-21T09:00:00+00:00,24789.5,24801.3,24780.0,24785.0,782
1779354300000,2026-05-21T09:05:00+00:00,24784.8,24825.0,24782.0,24820.3,876
1779354600000,2026-05-21T09:10:00+00:00,24821.2,24836.5,24816.4,24825.0,780
1779354900000,2026-05-21T09:15:00+00:00,24825.3,24845.7,24824.7,24829.8,784
1779355200000,2026-05-21T09:20:00+00:00,24830.7,24868.2,24828.3,24856.3,764
1779355500000,2026-05-21T09:25:00+00:00,24856.0,24878.0,24849.3,24871.8,776
1779355800000,2026-05-21T09:30:00+00:00,24872.6,24879.7,24861.8,24864.8,798
1779356100000,2026-05-21T09:35:00+00:00,24865.0,24889.0,24863.5,24871.0,762
1779356400000,2026-05-21T09:40:00+00:00,24870.8,24874.5,24833.0,24833.1,646
1779356700000,2026-05-21T09:45:00+00:00,24833.3,24851.9,24822.3,24844.0,724
1779357000000,2026-05-21T09:50:00+00:00,24844.2,24862.6,24843.4,24850.7,726
1779357300000,2026-05-21T09:55:00+00:00,24853.2,24858.0,24846.8,24855.0,708
1779357600000,2026-05-21T10:00:00+00:00,24855.6,24862.6,24848.0,24854.9,754
1779357900000,2026-05-21T10:05:00+00:00,24855.2,24858.5,24842.0,24858.3,664
1779358200000,2026-05-21T10:10:00+00:00,24860.3,24867.2,24846.0,24860.4,714
1779358500000,2026-05-21T10:15:00+00:00,24861.7,24873.8,24838.6,24840.3,744
1779358800000,2026-05-21T10:20:00+00:00,24840.6,24847.5,24831.4,24842.4,658
1779359100000,2026-05-21T10:25:00+00:00,24841.0,24843.5,24682.0,24697.6,1112
1779359400000,2026-05-21T10:30:00+00:00,24694.5,24694.5,24639.8,24686.8,1064
1779359700000,2026-05-21T10:35:00+00:00,24687.5,24691.4,24602.8,24603.8,1062
1779360000000,2026-05-21T10:40:00+00:00,24600.2,24600.2,24523.0,24589.0,1106
1779360300000,2026-05-21T10:45:00+00:00,24589.5,24594.8,24547.3,24580.8,1034
1779360600000,2026-05-21T10:50:00+00:00,24579.8,24599.3,24545.8,24598.5,998
1779360900000,2026-05-21T10:55:00+00:00,24598.1,24606.7,24558.1,24562.5,940
1779361200000,2026-05-21T11:00:00+00:00,24558.3,24607.8,24544.0,24593.5,1008
1779361500000,2026-05-21T11:05:00+00:00,24594.5,24602.0,24580.5,24596.5,890
1779361800000,2026-05-21T11:10:00+00:00,24596.8,24615.5,24593.8,24595.2,836
1779362100000,2026-05-21T11:15:00+00:00,24594.5,24610.7,24585.0,24608.7,766
1779362400000,2026-05-21T11:20:00+00:00,24608.5,24645.6,24606.0,24614.5,862
1779362700000,2026-05-21T11:25:00+00:00,24615.0,24627.5,24600.5,24622.5,724
1779363000000,2026-05-21T11:30:00+00:00,24621.0,24634.5,24602.5,24606.0,754
1779363300000,2026-05-21T11:35:00+00:00,24605.8,24613.5,24578.0,24598.0,842
1779363600000,2026-05-21T11:40:00+00:00,24597.7,24616.5,24594.7,24606.0,742
1779363900000,2026-05-21T11:45:00+00:00,24606.8,24621.5,24605.7,24614.5,678
1779364200000,2026-05-21T11:50:00+00:00,24613.9,24621.3,24601.9,24602.2,710
1779364500000,2026-05-21T11:55:00+00:00,24601.4,24602.3,24574.5,24591.8,842
1779364800000,2026-05-21T12:00:00+00:00,24592.6,24612.6,24587.7,24607.3,832
1779365100000,2026-05-21T12:05:00+00:00,24607.8,24609.7,24578.1,24598.8,818
1779365400000,2026-05-21T12:10:00+00:00,24598.0,24607.8,24583.8,24597.6,794
1779365700000,2026-05-21T12:15:00+00:00,24597.0,24604.7,24584.3,24601.3,730
1779366000000,2026-05-21T12:20:00+00:00,24602.0,24602.0,24547.0,24557.3,852
1779366300000,2026-05-21T12:25:00+00:00,24557.5,24557.5,24532.2,24542.1,826
1779366600000,2026-05-21T12:30:00+00:00,24543.9,24604.0,24531.3,24602.6,870
1779366900000,2026-05-21T12:35:00+00:00,24604.4,24610.9,24572.6,24594.2,992
1779367200000,2026-05-21T12:40:00+00:00,24593.0,24600.0,24560.2,24563.0,924
1779367500000,2026-05-21T12:45:00+00:00,24563.3,24582.0,24546.4,24552.3,864
1779367800000,2026-05-21T12:50:00+00:00,24551.8,24577.5,24542.0,24577.5,850
1779368100000,2026-05-21T12:55:00+00:00,24577.2,24586.8,24559.2,24575.5,812
1779368400000,2026-05-21T13:00:00+00:00,24568.3,24614.5,24563.2,24613.3,852
1779368700000,2026-05-21T13:05:00+00:00,24613.5,24617.5,24581.9,24586.2,862
1779369000000,2026-05-21T13:10:00+00:00,24585.5,24585.5,24568.5,24582.0,802
1779369300000,2026-05-21T13:15:00+00:00,24580.8,24595.3,24577.5,24595.3,780
1779369600000,2026-05-21T13:20:00+00:00,24595.0,24619.2,24593.5,24602.5,794
1779369900000,2026-05-21T13:25:00+00:00,24603.0,24603.3,24584.7,24596.6,806
1779370200000,2026-05-21T13:30:00+00:00,24598.2,24601.7,24531.8,24538.0,1038
1779370500000,2026-05-21T13:35:00+00:00,24532.5,24561.3,24532.5,24536.5,1036
1779370800000,2026-05-21T13:40:00+00:00,24533.7,24558.8,24524.5,24545.5,928
1779371100000,2026-05-21T13:45:00+00:00,24545.0,24592.4,24544.5,24588.0,951
1779371400000,2026-05-21T13:50:00+00:00,24588.2,24701.4,24586.5,24684.2,1067
1779371700000,2026-05-21T13:55:00+00:00,24682.0,24699.8,24666.0,24686.6,976
1779372000000,2026-05-21T14:00:00+00:00,24687.0,24703.3,24658.5,24659.8,1002
1779372300000,2026-05-21T14:05:00+00:00,24658.2,24665.8,24641.6,24663.7,996
1779372600000,2026-05-21T14:10:00+00:00,24664.0,24691.4,24644.5,24653.0,956
1779372900000,2026-05-21T14:15:00+00:00,24651.0,24657.0,24602.4,24624.7,1038
1779373200000,2026-05-21T14:20:00+00:00,24624.0,24638.0,24606.8,24616.8,1012
1779373500000,2026-05-21T14:25:00+00:00,24616.0,24666.5,24614.8,24656.8,968
1779373800000,2026-05-21T14:30:00+00:00,24657.0,24672.8,24655.6,24666.0,960
1779374100000,2026-05-21T14:35:00+00:00,24665.6,24688.4,24665.6,24679.7,870
1779374400000,2026-05-21T14:40:00+00:00,24679.0,24681.5,24654.4,24661.8,926
1779374700000,2026-05-21T14:45:00+00:00,24662.3,24676.8,24649.8,24674.0,964
1779375000000,2026-05-21T14:50:00+00:00,24676.0,24695.3,24672.0,24683.7,936
1779375300000,2026-05-21T14:55:00+00:00,24684.2,24713.3,24680.2,24708.8,900
1779375600000,2026-05-21T15:00:00+00:00,24707.3,24715.8,24693.3,24703.7,916
1779375900000,2026-05-21T15:05:00+00:00,24702.8,24703.3,24645.5,24666.5,1018
1779376200000,2026-05-21T15:10:00+00:00,24666.2,24713.5,24655.5,24680.5,1020
1779376500000,2026-05-21T15:15:00+00:00,24680.8,24696.3,24676.8,24676.8,902
1779376800000,2026-05-21T15:20:00+00:00,24677.0,24677.0,24645.5,24650.5,924
1779377100000,2026-05-21T15:25:00+00:00,24649.5,24667.9,24646.6,24653.2,912
1779377400000,2026-05-21T15:30:00+00:00,24649.7,24654.8,24601.1,24614.4,988
1779377700000,2026-05-21T15:35:00+00:00,24611.9,24633.6,24598.2,24630.1,936
1779378000000,2026-05-21T15:40:00+00:00,24632.7,24650.0,24627.7,24639.3,922
1779378300000,2026-05-21T15:45:00+00:00,24639.8,24654.3,24639.8,24646.9,836
1779378600000,2026-05-21T15:50:00+00:00,24646.7,24646.8,24626.6,24630.3,782
1779378900000,2026-05-21T15:55:00+00:00,24629.8,24639.3,24625.3,24630.6,814
1779379200000,2026-05-21T16:00:00+00:00,24630.8,24658.3,24630.8,24653.3,892
1779379500000,2026-05-21T16:05:00+00:00,24653.8,24670.3,24648.5,24666.5,834
1779379800000,2026-05-21T16:10:00+00:00,24666.3,24671.3,24651.8,24661.6,856
1779380100000,2026-05-21T16:15:00+00:00,24661.9,24661.9,24645.6,24656.1,802
1779380400000,2026-05-21T16:20:00+00:00,24655.8,24661.1,24629.6,24646.3,746
1779380700000,2026-05-21T16:25:00+00:00,24645.9,24651.1,24637.7,24650.1,768
1779381000000,2026-05-21T16:30:00+00:00,24649.8,24660.8,24648.3,24655.1,716
1779381300000,2026-05-21T16:35:00+00:00,24654.8,24659.8,24641.5,24650.1,794
1779381600000,2026-05-21T16:40:00+00:00,24650.3,24654.1,24645.6,24651.8,758
1779381900000,2026-05-21T16:45:00+00:00,24652.1,24655.7,24632.1,24634.5,776
1779382200000,2026-05-21T16:50:00+00:00,24634.7,24641.7,24625.0,24635.3,726
1779382500000,2026-05-21T16:55:00+00:00,24635.6,24644.8,24634.0,24642.1,712
1779382800000,2026-05-21T17:00:00+00:00,24641.8,24650.6,24641.8,24645.3,618
1779383100000,2026-05-21T17:05:00+00:00,24645.2,24649.8,24643.5,24647.3,574
1779383400000,2026-05-21T17:10:00+00:00,24646.5,24772.8,24646.0,24727.8,1034
1779383700000,2026-05-21T17:15:00+00:00,24727.9,24833.7,24725.1,24767.3,1042
1779384000000,2026-05-21T17:20:00+00:00,24766.9,24824.6,24759.3,24787.1,1010
1779384300000,2026-05-21T17:25:00+00:00,24787.8,24823.4,24775.9,24818.8,892
1779384600000,2026-05-21T17:30:00+00:00,24819.1,24842.8,24810.1,24829.7,864
1779384900000,2026-05-21T17:35:00+00:00,24829.3,24847.9,24828.5,24847.3,850
1779385200000,2026-05-21T17:40:00+00:00,24847.6,24878.1,24846.1,24868.8,880
1779385500000,2026-05-21T17:45:00+00:00,24867.4,24888.8,24854.3,24883.8,828
1779385800000,2026-05-21T17:50:00+00:00,24883.6,24910.7,24879.3,24899.3,958
1779386100000,2026-05-21T17:55:00+00:00,24901.1,24915.3,24884.3,24885.6,928
1779386400000,2026-05-21T18:00:00+00:00,24885.3,24903.1,24837.9,24842.9,902
1779386700000,2026-05-21T18:05:00+00:00,24842.4,24881.2,24830.3,24870.1,932
1779387000000,2026-05-21T18:10:00+00:00,24869.8,24873.1,24848.4,24856.8,762
1779387300000,2026-05-21T18:15:00+00:00,24857.1,24858.1,24845.2,24852.3,754
1779387600000,2026-05-21T18:20:00+00:00,24852.5,24872.3,24851.6,24871.3,756
1779387900000,2026-05-21T18:25:00+00:00,24870.8,24873.0,24855.3,24860.3,782
1779388200000,2026-05-21T18:30:00+00:00,24861.3,24863.4,24850.1,24855.3,772
1779388500000,2026-05-21T18:35:00+00:00,24854.9,24854.9,24836.3,24843.3,764
1779388800000,2026-05-21T18:40:00+00:00,24843.6,24865.3,24843.6,24863.3,604
1779389100000,2026-05-21T18:45:00+00:00,24860.9,24867.5,24774.8,24821.3,792
1779389400000,2026-05-21T18:50:00+00:00,24819.3,24846.8,24771.7,24771.7,950
1779389700000,2026-05-21T18:55:00+00:00,24770.3,24799.8,24770.3,24797.3,990
1779390000000,2026-05-21T19:00:00+00:00,24796.5,24819.7,24790.3,24818.1,856
1779390300000,2026-05-21T19:05:00+00:00,24818.3,24844.8,24796.3,24844.5,794
1779390600000,2026-05-21T19:10:00+00:00,24844.6,24856.3,24836.3,24855.8,700
1779390900000,2026-05-21T19:15:00+00:00,24856.1,24864.3,24849.9,24857.5,676
1779391200000,2026-05-21T19:20:00+00:00,24857.8,24859.9,24848.8,24849.7,600
1779391500000,2026-05-21T19:25:00+00:00,24849.8,24850.8,24830.1,24839.5,622
1779391800000,2026-05-21T19:30:00+00:00,24839.8,24849.3,24828.3,24829.7,662
1779392100000,2026-05-21T19:35:00+00:00,24829.8,24849.1,24829.8,24840.6,636
1779392400000,2026-05-21T19:40:00+00:00,24841.3,24846.8,24820.6,24828.3,712
1779392700000,2026-05-21T19:45:00+00:00,24826.8,24830.6,24820.1,24821.6,672
1779393000000,2026-05-21T19:50:00+00:00,24825.3,24829.0,24787.2,24802.7,862
1779393300000,2026-05-21T19:55:00+00:00,24801.8,24850.1,24796.9,24840.8,784
1779408900000,2026-05-22T00:15:00+00:00,24899.3,24907.1,24871.1,24875.1,365
1779409200000,2026-05-22T00:20:00+00:00,24874.3,24887.6,24861.0,24863.6,324
1779409500000,2026-05-22T00:25:00+00:00,24863.2,24865.1,24854.8,24858.6,388
1779409800000,2026-05-22T00:30:00+00:00,24858.8,24871.6,24858.4,24861.7,360
1779410100000,2026-05-22T00:35:00+00:00,24860.6,24867.8,24856.3,24856.3,278
1779410400000,2026-05-22T00:40:00+00:00,24858.1,24859.3,24850.6,24854.2,418
1779410700000,2026-05-22T00:45:00+00:00,24854.9,24865.1,24854.6,24861.7,314
1779411000000,2026-05-22T00:50:00+00:00,24861.1,24865.4,24857.3,24862.1,296
1779411300000,2026-05-22T00:55:00+00:00,24863.4,24868.3,24855.1,24855.8,354
1779411600000,2026-05-22T01:00:00+00:00,24855.5,24857.2,24838.6,24848.4,466
1779411900000,2026-05-22T01:05:00+00:00,24843.6,24849.2,24837.6,24846.1,308
1779412200000,2026-05-22T01:10:00+00:00,24845.5,24861.3,24839.6,24855.6,316
1779412500000,2026-05-22T01:15:00+00:00,24856.1,24863.3,24852.8,24861.2,368
1779412800000,2026-05-22T01:20:00+00:00,24860.6,24869.4,24844.2,24849.1,330
1779413100000,2026-05-22T01:25:00+00:00,24848.2,24859.4,24841.8,24856.4,346
1779413400000,2026-05-22T01:30:00+00:00,24856.3,24860.3,24843.9,24845.6,404
1779413700000,2026-05-22T01:35:00+00:00,24845.1,24852.6,24837.5,24850.1,372
1779414000000,2026-05-22T01:40:00+00:00,24851.6,24862.3,24837.5,24858.3,456
1779414300000,2026-05-22T01:45:00+00:00,24858.1,24868.1,24857.4,24866.0,224
1779414600000,2026-05-22T01:50:00+00:00,24868.5,24879.7,24864.5,24864.9,294
1779414900000,2026-05-22T01:55:00+00:00,24865.6,24867.0,24858.0,24862.1,236
1779415200000,2026-05-22T02:00:00+00:00,24863.6,24870.5,24859.1,24867.5,330
1779415500000,2026-05-22T02:05:00+00:00,24866.1,24868.3,24847.1,24856.1,334
1779415800000,2026-05-22T02:10:00+00:00,24851.3,24865.8,24849.5,24861.8,268
1779416100000,2026-05-22T02:15:00+00:00,24861.7,24870.2,24860.3,24862.1,230
1779416400000,2026-05-22T02:20:00+00:00,24861.7,24861.7,24843.3,24845.1,408
1779416700000,2026-05-22T02:25:00+00:00,24845.3,24845.4,24839.9,24842.7,270
1779417000000,2026-05-22T02:30:00+00:00,24840.1,24848.8,24834.2,24846.9,272
1779417300000,2026-05-22T02:35:00+00:00,24847.3,24851.8,24844.3,24849.3,236
1779417600000,2026-05-22T02:40:00+00:00,24848.6,24885.1,24847.1,24865.2,272
1779417900000,2026-05-22T02:45:00+00:00,24864.6,24873.3,24862.6,24871.8,230
1779418200000,2026-05-22T02:50:00+00:00,24872.0,24882.1,24870.6,24870.6,364
1779418500000,2026-05-22T02:55:00+00:00,24871.4,24878.1,24864.3,24876.1,264
1779418800000,2026-05-22T03:00:00+00:00,24876.3,24882.5,24849.9,24860.5,164
1779419100000,2026-05-22T03:05:00+00:00,24861.1,24861.6,24840.3,24842.8,274
1779419400000,2026-05-22T03:10:00+00:00,24842.5,24848.1,24841.8,24845.7,168
1779419700000,2026-05-22T03:15:00+00:00,24846.5,24849.1,24844.1,24847.1,178
1779420000000,2026-05-22T03:20:00+00:00,24846.5,24866.6,24839.6,24848.6,260
1779420300000,2026-05-22T03:25:00+00:00,24847.9,24863.1,24847.6,24861.6,178
1779420600000,2026-05-22T03:30:00+00:00,24862.3,24869.6,24858.8,24863.1,282
1779420900000,2026-05-22T03:35:00+00:00,24862.6,24872.7,24859.2,24866.9,186
1779421200000,2026-05-22T03:40:00+00:00,24865.8,24872.5,24850.7,24855.1,240
1779421500000,2026-05-22T03:45:00+00:00,24853.6,24862.7,24853.6,24861.1,116
1779421800000,2026-05-22T03:50:00+00:00,24861.6,24870.5,24860.1,24869.5,254
1779422100000,2026-05-22T03:55:00+00:00,24868.8,24868.8,24858.3,24861.5,240
1779422400000,2026-05-22T04:00:00+00:00,24863.6,24899.1,24858.1,24899.1,296
1779422700000,2026-05-22T04:05:00+00:00,24901.3,24919.3,24900.1,24910.6,258
1779423000000,2026-05-22T04:10:00+00:00,24911.2,24912.8,24903.8,24906.0,196
1779423300000,2026-05-22T04:15:00+00:00,24905.6,24906.0,24877.2,24878.9,194
1779423600000,2026-05-22T04:20:00+00:00,24879.6,24882.1,24872.3,24872.3,148
1779423900000,2026-05-22T04:25:00+00:00,24873.8,24877.7,24869.6,24876.1,174
1779424200000,2026-05-22T04:30:00+00:00,24877.2,24899.5,24868.2,24891.1,216
1779424500000,2026-05-22T04:35:00+00:00,24888.0,24890.4,24879.0,24886.6,224
1779424800000,2026-05-22T04:40:00+00:00,24886.0,24888.0,24873.1,24878.8,202
1779425100000,2026-05-22T04:45:00+00:00,24878.1,24881.1,24876.9,24881.1,142
1779425400000,2026-05-22T04:50:00+00:00,24881.5,24887.4,24864.1,24883.1,240
1779425700000,2026-05-22T04:55:00+00:00,24882.6,24888.2,24879.6,24884.6,216
1779426000000,2026-05-22T05:00:00+00:00,24882.8,24918.3,24882.1,24901.6,390
1779426300000,2026-05-22T05:05:00+00:00,24904.6,24919.1,24904.0,24918.9,192
1779426600000,2026-05-22T05:10:00+00:00,24918.0,24921.9,24902.9,24906.6,186
1779426900000,2026-05-22T05:15:00+00:00,24907.0,24910.3,24881.0,24882.6,320
1779427200000,2026-05-22T05:20:00+00:00,24881.6,24888.4,24870.3,24870.6,194
1779427500000,2026-05-22T05:25:00+00:00,24868.9,24897.6,24868.9,24892.1,282
1779427800000,2026-05-22T05:30:00+00:00,24891.1,24901.5,24890.6,24893.8,278
1779428100000,2026-05-22T05:35:00+00:00,24893.1,24899.1,24884.8,24888.8,244
1779428400000,2026-05-22T05:40:00+00:00,24892.6,24897.9,24882.8,24884.6,268
1779428700000,2026-05-22T05:45:00+00:00,24884.8,24886.3,24871.1,24877.9,330
1779429000000,2026-05-22T05:50:00+00:00,24877.6,24877.6,24857.5,24860.1,378
1779429300000,2026-05-22T05:55:00+00:00,24860.2,24860.6,24830.6,24833.6,496
1779429600000,2026-05-22T06:00:00+00:00,24834.1,24835.6,24811.6,24831.6,534
1779429900000,2026-05-22T06:05:00+00:00,24831.3,24840.5,24824.3,24840.2,468
1779430200000,2026-05-22T06:10:00+00:00,24839.5,24855.3,24834.9,24853.6,430
1779430500000,2026-05-22T06:15:00+00:00,24853.5,24861.4,24850.6,24860.6,543
1779430800000,2026-05-22T06:20:00+00:00,24860.1,24863.1,24846.1,24846.3,519
1779431100000,2026-05-22T06:25:00+00:00,24847.6,24849.7,24835.8,24847.3,648
1779431400000,2026-05-22T06:30:00+00:00,24847.6,24872.6,24840.3,24872.6,664
1779431700000,2026-05-22T06:35:00+00:00,24871.2,24882.8,24868.2,24882.6,542
1779432000000,2026-05-22T06:40:00+00:00,24882.3,24887.8,24863.9,24873.6,546
1779432300000,2026-05-22T06:45:00+00:00,24873.3,24874.6,24858.6,24864.6,512
1779432600000,2026-05-22T06:50:00+00:00,24865.1,24871.6,24850.1,24850.1,532
1779432900000,2026-05-22T06:55:00+00:00,24850.3,24867.3,24849.8,24864.1,580
1779433200000,2026-05-22T07:00:00+00:00,24864.3,24864.3,24759.8,24788.5,1068
1779433500000,2026-05-22T07:05:00+00:00,24788.7,24798.2,24773.5,24773.5,980
1779433800000,2026-05-22T07:10:00+00:00,24774.0,24783.2,24745.4,24754.3,932
1779434100000,2026-05-22T07:15:00+00:00,24756.3,24796.1,24753.1,24793.3,898
1779434400000,2026-05-22T07:20:00+00:00,24793.8,24817.1,24789.6,24812.1,819
1779434700000,2026-05-22T07:25:00+00:00,24813.1,24822.5,24800.9,24806.7,862
1779435000000,2026-05-22T07:30:00+00:00,24806.8,24810.2,24737.9,24738.9,913
1779435300000,2026-05-22T07:35:00+00:00,24737.4,24738.8,24709.1,24719.2,964
1779435600000,2026-05-22T07:40:00+00:00,24719.3,24758.9,24718.8,24731.9,860
1779435900000,2026-05-22T07:45:00+00:00,24731.6,24738.9,24718.8,24737.9,932
1779436200000,2026-05-22T07:50:00+00:00,24737.5,24737.5,24717.5,24723.9,823
1779436500000,2026-05-22T07:55:00+00:00,24723.8,24752.3,24719.3,24750.8,602
1779436800000,2026-05-22T08:00:00+00:00,24751.8,24772.8,24747.1,24751.5,860
1779437100000,2026-05-22T08:05:00+00:00,24751.7,24751.7,24713.3,24715.8,859
1779437400000,2026-05-22T08:10:00+00:00,24716.3,24745.1,24704.4,24744.3,812
1779437700000,2026-05-22T08:15:00+00:00,24744.0,24786.0,24744.0,24775.0,870
1779438000000,2026-05-22T08:20:00+00:00,24774.8,24788.1,24739.8,24754.2,922
1779438300000,2026-05-22T08:25:00+00:00,24754.3,24756.8,24734.3,24751.5,862
1779438600000,2026-05-22T08:30:00+00:00,24755.3,24760.9,24663.8,24695.5,768
1779438900000,2026-05-22T08:35:00+00:00,24694.2,24752.0,24686.8,24733.8,920
1779439200000,2026-05-22T08:40:00+00:00,24734.5,24748.5,24719.8,24744.5,732
1779439500000,2026-05-22T08:45:00+00:00,24745.3,24749.5,24730.8,24733.8,674
1779439800000,2026-05-22T08:50:00+00:00,24733.4,24743.6,24725.8,24734.8,634
1779440100000,2026-05-22T08:55:00+00:00,24735.3,24742.1,24729.0,24736.5,650
1779440400000,2026-05-22T09:00:00+00:00,24736.3,24736.3,24720.3,24727.3,768
1779440700000,2026-05-22T09:05:00+00:00,24725.3,24727.0,24702.3,24717.0,810
1779441000000,2026-05-22T09:10:00+00:00,24716.9,24725.1,24707.5,24714.3,763
1779441300000,2026-05-22T09:15:00+00:00,24712.5,24741.0,24708.3,24738.0,744
1779441600000,2026-05-22T09:20:00+00:00,24738.1,24760.8,24735.5,24745.6,748
1779441900000,2026-05-22T09:25:00+00:00,24745.1,24752.0,24738.5,24745.5,756
1779442200000,2026-05-22T09:30:00+00:00,24746.3,24746.6,24720.8,24741.8,642
1779442500000,2026-05-22T09:35:00+00:00,24741.3,24761.0,24737.5,24757.1,680
1779442800000,2026-05-22T09:40:00+00:00,24757.8,24757.8,24743.1,24743.1,700
1779443100000,2026-05-22T09:45:00+00:00,24744.3,24766.6,24739.8,24766.6,614
1779443400000,2026-05-22T09:50:00+00:00,24764.5,24781.5,24751.4,24778.4,684
1779443700000,2026-05-22T09:55:00+00:00,24778.3,24782.5,24763.8,24775.3,676
1779444000000,2026-05-22T10:00:00+00:00,24776.4,24777.8,24763.3,24764.3,678
1779444300000,2026-05-22T10:05:00+00:00,24765.5,24798.5,24763.0,24793.9,628
1779444600000,2026-05-22T10:10:00+00:00,24794.3,24813.2,24794.3,24795.0,630
1779444900000,2026-05-22T10:15:00+00:00,24792.8,24800.1,24783.8,24793.8,672
1779445200000,2026-05-22T10:20:00+00:00,24794.0,24812.3,24791.3,24810.8,650
1779445500000,2026-05-22T10:25:00+00:00,24809.3,24813.0,24804.6,24806.5,532
1779445800000,2026-05-22T10:30:00+00:00,24806.9,24809.3,24789.5,24789.6,712
1779446100000,2026-05-22T10:35:00+00:00,24789.3,24795.3,24782.8,24785.0,656
1779446400000,2026-05-22T10:40:00+00:00,24785.4,24785.4,24772.8,24779.9,567
1779446700000,2026-05-22T10:45:00+00:00,24780.5,24785.6,24765.6,24774.4,688
1779447000000,2026-05-22T10:50:00+00:00,24773.4,24783.5,24766.1,24778.1,587
1779447300000,2026-05-22T10:55:00+00:00,24778.3,24778.3,24768.5,24774.4,638
1779447600000,2026-05-22T11:00:00+00:00,24775.0,24784.5,24765.5,24783.4,742
1779447900000,2026-05-22T11:05:00+00:00,24783.3,24792.6,24767.8,24768.0,608
1779448200000,2026-05-22T11:10:00+00:00,24768.2,24768.2,24745.6,24753.2,629
1779448500000,2026-05-22T11:15:00+00:00,24752.9,24754.3,24739.6,24752.8,574
1779448800000,2026-05-22T11:20:00+00:00,24753.3,24755.5,24740.3,24743.2,610
1779449100000,2026-05-22T11:25:00+00:00,24743.3,24756.5,24739.8,24751.0,594
1779449400000,2026-05-22T11:30:00+00:00,24751.4,24766.9,24751.1,24759.6,550
1779449700000,2026-05-22T11:35:00+00:00,24759.7,24796.1,24759.3,24796.1,576
1779450000000,2026-05-22T11:40:00+00:00,24794.5,24810.3,24783.9,24805.3,668
1779450300000,2026-05-22T11:45:00+00:00,24805.2,24849.3,24805.2,24809.8,768
1779450600000,2026-05-22T11:50:00+00:00,24811.0,24826.5,24809.6,24814.8,740
1779450900000,2026-05-22T11:55:00+00:00,24814.3,24817.1,24800.2,24802.5,650
1779451200000,2026-05-22T12:00:00+00:00,24802.6,24824.5,24799.9,24820.0,752
1779451500000,2026-05-22T12:05:00+00:00,24819.3,24824.0,24812.4,24813.0,600
1779451800000,2026-05-22T12:10:00+00:00,24813.3,24946.3,24813.3,24900.4,918
1779452100000,2026-05-22T12:15:00+00:00,24898.3,24916.3,24857.3,24900.4,1010
1779452400000,2026-05-22T12:20:00+00:00,24898.4,24905.2,24860.3,24877.8,857
1779452700000,2026-05-22T12:25:00+00:00,24878.0,24882.3,24862.5,24866.2,782
1779453000000,2026-05-22T12:30:00+00:00,24867.0,24871.2,24863.0,24866.8,778
1779453300000,2026-05-22T12:35:00+00:00,24866.2,24872.0,24851.1,24870.1,711
1779453600000,2026-05-22T12:40:00+00:00,24869.4,24871.5,24835.4,24854.0,732
1779453900000,2026-05-22T12:45:00+00:00,24854.8,24869.1,24852.0,24868.3,674
1779454200000,2026-05-22T12:50:00+00:00,24867.5,24893.0,24855.5,24888.6,702
1779454500000,2026-05-22T12:55:00+00:00,24889.5,24915.1,24883.3,24915.1,695
1779454800000,2026-05-22T13:00:00+00:00,24914.7,24921.7,24882.4,24885.7,811
1779455100000,2026-05-22T13:05:00+00:00,24887.3,24935.7,24883.8,24925.2,757
1779455400000,2026-05-22T13:10:00+00:00,24929.5,24938.7,24909.5,24916.2,972
1779455700000,2026-05-22T13:15:00+00:00,24917.4,24934.8,24909.4,24922.9,742
1779456000000,2026-05-22T13:20:00+00:00,24923.7,24924.2,24909.4,24909.9,782
1779456300000,2026-05-22T13:25:00+00:00,24910.9,24918.3,24896.9,24897.5,742
1779456600000,2026-05-22T13:30:00+00:00,24897.2,24917.7,24878.2,24895.5,990
1779456900000,2026-05-22T13:35:00+00:00,24892.2,24906.9,24887.4,24904.4,986
1779457200000,2026-05-22T13:40:00+00:00,24904.7,24913.4,24866.4,24911.2,966
1779457500000,2026-05-22T13:45:00+00:00,24910.9,24927.0,24884.4,24891.0,967
1779457800000,2026-05-22T13:50:00+00:00,24889.9,24898.0,24867.4,24898.0,979
1779458100000,2026-05-22T13:55:00+00:00,24898.2,24898.2,24877.4,24880.9,859
1779458400000,2026-05-22T14:00:00+00:00,24882.7,24882.7,24825.1,24843.2,997
1779458700000,2026-05-22T14:05:00+00:00,24841.9,24853.7,24833.2,24853.5,944
1779459000000,2026-05-22T14:10:00+00:00,24853.3,24863.7,24828.7,24841.0,971
1779459300000,2026-05-22T14:15:00+00:00,24840.9,24852.8,24839.9,24849.9,880
1779459600000,2026-05-22T14:20:00+00:00,24850.3,24854.7,24829.4,24837.4,892
1779459900000,2026-05-22T14:25:00+00:00,24836.4,24853.7,24829.4,24852.4,868
1779460200000,2026-05-22T14:30:00+00:00,24852.7,24860.3,24844.2,24849.4,874
1779460500000,2026-05-22T14:35:00+00:00,24849.8,24863.7,24849.8,24853.4,812
1779460800000,2026-05-22T14:40:00+00:00,24853.0,24879.3,24851.7,24877.3,756
1779461100000,2026-05-22T14:45:00+00:00,24878.4,24897.6,24876.4,24887.8,794
1779461400000,2026-05-22T14:50:00+00:00,24887.5,24911.1,24885.0,24907.9,776
1779461700000,2026-05-22T14:55:00+00:00,24908.4,24914.6,24903.3,24905.4,816
1779462000000,2026-05-22T15:00:00+00:00,24904.8,24918.3,24903.7,24910.9,848
1779462300000,2026-05-22T15:05:00+00:00,24911.2,24918.0,24894.5,24899.3,764
1779462600000,2026-05-22T15:10:00+00:00,24898.8,24899.4,24889.8,24899.4,742
1779462900000,2026-05-22T15:15:00+00:00,24898.5,24910.6,24897.7,24910.0,744
1779463200000,2026-05-22T15:20:00+00:00,24911.4,24930.8,24910.9,24913.7,840
1779463500000,2026-05-22T15:25:00+00:00,24912.7,24926.5,24907.3,24926.5,830
1779463800000,2026-05-22T15:30:00+00:00,24926.7,24931.9,24891.5,24891.5,928
1779464100000,2026-05-22T15:35:00+00:00,24890.2,24901.8,24874.6,24880.5,902
1779464400000,2026-05-22T15:40:00+00:00,24880.3,24882.0,24870.0,24876.0,752
1779464700000,2026-05-22T15:45:00+00:00,24876.7,24886.7,24864.7,24869.9,774
1779465000000,2026-05-22T15:50:00+00:00,24869.7,24871.5,24861.6,24861.6,633
1779465300000,2026-05-22T15:55:00+00:00,24862.2,24862.8,24844.1,24855.7,690
1779465600000,2026-05-22T16:00:00+00:00,24856.2,24863.0,24834.5,24863.0,684
1779465900000,2026-05-22T16:05:00+00:00,24862.7,24866.1,24847.6,24853.0,700
1779466200000,2026-05-22T16:10:00+00:00,24852.8,24864.5,24850.5,24858.9,601
1779466500000,2026-05-22T16:15:00+00:00,24857.7,24859.2,24841.5,24849.8,653
1779466800000,2026-05-22T16:20:00+00:00,24849.5,24856.2,24845.2,24852.3,608
1779467100000,2026-05-22T16:25:00+00:00,24852.2,24862.2,24847.7,24858.0,646
1779467400000,2026-05-22T16:30:00+00:00,24858.3,24866.2,24855.4,24860.3,692
1779467700000,2026-05-22T16:35:00+00:00,24860.7,24866.3,24854.2,24858.0,672
1779468000000,2026-05-22T16:40:00+00:00,24857.7,24865.0,24855.7,24859.0,578
1779468300000,2026-05-22T16:45:00+00:00,24858.8,24869.0,24858.4,24866.7,532
1779468600000,2026-05-22T16:50:00+00:00,24867.0,24869.1,24856.0,24857.0,554
1779468900000,2026-05-22T16:55:00+00:00,24856.0,24856.5,24838.7,24845.0,602
1779469200000,2026-05-22T17:00:00+00:00,24846.2,24859.5,24845.7,24858.7,438
1779469500000,2026-05-22T17:05:00+00:00,24859.0,24862.0,24855.3,24856.2,472
1779469800000,2026-05-22T17:10:00+00:00,24856.0,24859.5,24846.7,24849.8,506
1779470100000,2026-05-22T17:15:00+00:00,24849.7,24852.7,24807.8,24813.0,444
1779470400000,2026-05-22T17:20:00+00:00,24812.8,24833.5,24811.9,24826.7,686
1779470700000,2026-05-22T17:25:00+00:00,24834.4,24899.2,24832.5,24894.6,796
1779471000000,2026-05-22T17:30:00+00:00,24900.0,24932.0,24867.0,24871.0,912
1779471300000,2026-05-22T17:35:00+00:00,24872.0,24884.0,24865.0,24880.0,688
1779471600000,2026-05-22T17:40:00+00:00,24880.4,24882.6,24869.7,24869.7,654
1779471900000,2026-05-22T17:45:00+00:00,24869.8,24872.5,24863.2,24866.5,624
1779472200000,2026-05-22T17:50:00+00:00,24864.4,24865.6,24849.7,24850.0,592
1779472500000,2026-05-22T17:55:00+00:00,24850.2,24859.2,24846.5,24849.5,560
1779472800000,2026-05-22T18:00:00+00:00,24849.0,24854.5,24817.3,24833.6,606
1779473100000,2026-05-22T18:05:00+00:00,24833.5,24841.5,24829.8,24831.4,588
1779473400000,2026-05-22T18:10:00+00:00,24828.2,24837.3,24828.2,24835.8,618
1779473700000,2026-05-22T18:15:00+00:00,24835.5,24840.0,24823.9,24837.5,664
1779474000000,2026-05-22T18:20:00+00:00,24837.2,24849.2,24836.0,24847.0,550
1779474300000,2026-05-22T18:25:00+00:00,24848.5,24850.3,24836.5,24836.7,500
1779474600000,2026-05-22T18:30:00+00:00,24836.0,24844.7,24831.0,24844.7,370
1779474900000,2026-05-22T18:35:00+00:00,24844.4,24863.5,24840.5,24849.2,640
1779475200000,2026-05-22T18:40:00+00:00,24849.0,24850.0,24842.5,24842.5,458
1779475500000,2026-05-22T18:45:00+00:00,24842.8,24844.8,24826.2,24830.5,466
1779475800000,2026-05-22T18:50:00+00:00,24830.4,24845.5,24830.0,24844.7,390
1779476100000,2026-05-22T18:55:00+00:00,24843.6,24843.7,24837.5,24837.5,438
1779476400000,2026-05-22T19:00:00+00:00,24837.2,24839.0,24799.0,24807.0,672
1779476700000,2026-05-22T19:05:00+00:00,24807.4,24811.7,24794.0,24808.0,588
1779477000000,2026-05-22T19:10:00+00:00,24807.0,24812.0,24803.9,24811.0,460
1779477300000,2026-05-22T19:15:00+00:00,24810.7,24819.0,24805.0,24812.1,496
1779477600000,2026-05-22T19:20:00+00:00,24812.0,24812.1,24799.0,24801.8,568
1779477900000,2026-05-22T19:25:00+00:00,24800.8,24801.2,24784.2,24788.7,546
1779478200000,2026-05-22T19:30:00+00:00,24793.2,24814.0,24789.2,24811.0,638
1779478500000,2026-05-22T19:35:00+00:00,24810.7,24814.6,24804.5,24811.0,540
1779478800000,2026-05-22T19:40:00+00:00,24810.5,24813.5,24801.7,24811.5,630
1779479100000,2026-05-22T19:45:00+00:00,24811.7,24811.7,24794.5,24800.5,570
1779479400000,2026-05-22T19:50:00+00:00,24801.5,24806.6,24789.5,24795.7,602
1779668100000,2026-05-25T00:15:00+00:00,25018.2,25058.8,25017.2,25038.3,469
1779668400000,2026-05-25T00:20:00+00:00,25038.8,25062.6,25030.3,25062.6,372
1779668700000,2026-05-25T00:25:00+00:00,25062.3,25062.3,25033.9,25053.8,332
1779669000000,2026-05-25T00:30:00+00:00,25054.0,25074.6,25054.0,25056.5,352
1779669300000,2026-05-25T00:35:00+00:00,25056.4,25067.5,25055.3,25063.8,330
1779669600000,2026-05-25T00:40:00+00:00,25063.3,25063.3,25045.6,25047.3,298
1779669900000,2026-05-25T00:45:00+00:00,25047.6,25092.6,25043.6,25077.9,372
1779670200000,2026-05-25T00:50:00+00:00,25077.0,25078.6,25051.8,25053.8,290
1779670500000,2026-05-25T00:55:00+00:00,25053.5,25053.5,25038.8,25041.9,334
1779670800000,2026-05-25T01:00:00+00:00,25046.8,25051.3,25036.9,25043.3,378
1779671100000,2026-05-25T01:05:00+00:00,25044.9,25055.2,25040.8,25044.8,346
1779671400000,2026-05-25T01:10:00+00:00,25046.3,25056.6,25042.2,25050.8,338
1779671700000,2026-05-25T01:15:00+00:00,25050.2,25062.1,25047.3,25055.3,252
1779672000000,2026-05-25T01:20:00+00:00,25055.9,25076.5,25054.8,25068.2,254
1779672300000,2026-05-25T01:25:00+00:00,25068.8,25077.3,25060.8,25075.6,242
1779672600000,2026-05-25T01:30:00+00:00,25076.8,25096.8,25068.8,25093.3,350
1779672900000,2026-05-25T01:35:00+00:00,25094.8,25108.3,25094.8,25106.3,264
1779673200000,2026-05-25T01:40:00+00:00,25105.8,25118.8,25102.2,25111.8,228
1779673500000,2026-05-25T01:45:00+00:00,25112.0,25112.8,25101.9,25106.2,224
1779673800000,2026-05-25T01:50:00+00:00,25105.8,25110.0,25100.3,25102.3,224
1779674100000,2026-05-25T01:55:00+00:00,25101.9,25112.3,25101.3,25108.8,180
1779674400000,2026-05-25T02:00:00+00:00,25109.0,25120.1,25104.8,25112.2,220
1779674700000,2026-05-25T02:05:00+00:00,25112.7,25122.4,25106.8,25112.4,292
1779675000000,2026-05-25T02:10:00+00:00,25112.3,25136.8,25111.9,25126.9,468
1779675300000,2026-05-25T02:15:00+00:00,25127.0,25127.2,25113.1,25122.5,340
1779675600000,2026-05-25T02:20:00+00:00,25121.5,25125.8,25115.8,25118.8,182
1779675900000,2026-05-25T02:25:00+00:00,25118.5,25118.5,25109.8,25113.6,144
1779676200000,2026-05-25T02:30:00+00:00,25114.2,25117.9,25109.8,25109.8,168
1779676500000,2026-05-25T02:35:00+00:00,25110.8,25138.3,25108.8,25129.0,238
1779676800000,2026-05-25T02:40:00+00:00,25128.4,25128.5,25110.0,25122.0,314
1779677100000,2026-05-25T02:45:00+00:00,25122.1,25133.3,25120.3,25129.8,250
1779677400000,2026-05-25T02:50:00+00:00,25126.8,25132.3,25122.3,25122.7,72
1779677700000,2026-05-25T02:55:00+00:00,25123.1,25132.3,25119.8,25125.8,120
1779678000000,2026-05-25T03:00:00+00:00,25126.3,25143.8,25116.7,25126.5,422
1779678300000,2026-05-25T03:05:00+00:00,25131.3,25146.3,25119.8,25139.8,316
1779678600000,2026-05-25T03:10:00+00:00,25139.3,25148.8,25134.0,25140.2,242
1779678900000,2026-05-25T03:15:00+00:00,25140.4,25144.8,25131.8,25136.2,246
1779679200000,2026-05-25T03:20:00+00:00,25141.4,25173.1,25141.4,25153.3,306
1779679500000,2026-05-25T03:25:00+00:00,25154.0,25160.6,25153.4,25157.8,208
1779679800000,2026-05-25T03:30:00+00:00,25160.8,25175.3,25160.3,25164.3,274
1779680100000,2026-05-25T03:35:00+00:00,25169.0,25173.0,25137.8,25156.8,444
1779680400000,2026-05-25T03:40:00+00:00,25155.6,25160.3,25154.3,25157.3,152
1779680700000,2026-05-25T03:45:00+00:00,25156.9,25158.8,25144.2,25147.6,182
1779681000000,2026-05-25T03:50:00+00:00,25148.3,25153.7,25145.3,25151.3,182
1779681300000,2026-05-25T03:55:00+00:00,25152.3,25168.3,25141.3,25146.6,318
1779681600000,2026-05-25T04:00:00+00:00,25147.3,25158.3,25143.3,25152.8,180
1779681900000,2026-05-25T04:05:00+00:00,25153.5,25156.8,25151.0,25154.4,112
1779682200000,2026-05-25T04:10:00+00:00,25154.8,25171.3,25153.3,25171.3,108
1779682500000,2026-05-25T04:15:00+00:00,25173.3,25174.8,25154.0,25161.8,166
1779682800000,2026-05-25T04:20:00+00:00,25163.3,25168.4,25157.8,25163.3,140
1779683100000,2026-05-25T04:25:00+00:00,25162.3,25166.9,25158.2,25159.4,120
1779683400000,2026-05-25T04:30:00+00:00,25159.1,25167.8,25156.8,25164.9,148
1779683700000,2026-05-25T04:35:00+00:00,25165.3,25170.6,25164.7,25165.8,176
1779684000000,2026-05-25T04:40:00+00:00,25166.3,25190.8,25164.9,25187.8,196
1779684300000,2026-05-25T04:45:00+00:00,25189.2,25197.6,25189.2,25194.9,96
1779684600000,2026-05-25T04:50:00+00:00,25194.8,25200.9,25193.3,25200.2,156
1779684900000,2026-05-25T04:55:00+00:00,25200.9,25201.9,25169.8,25178.3,252
1779685200000,2026-05-25T05:00:00+00:00,25178.2,25193.3,25174.4,25192.8,194
1779685500000,2026-05-25T05:05:00+00:00,25192.3,25193.3,25187.5,25189.3,192
1779685800000,2026-05-25T05:10:00+00:00,25189.2,25198.2,25187.7,25190.7,122
1779686100000,2026-05-25T05:15:00+00:00,25190.3,25226.4,25186.2,25205.2,198
1779686400000,2026-05-25T05:20:00+00:00,25200.8,25209.3,25198.8,25201.8,238
1779686700000,2026-05-25T05:25:00+00:00,25201.2,25202.9,25197.7,25200.7,196
1779687000000,2026-05-25T05:30:00+00:00,25201.0,25205.2,25184.1,25184.1,274
1779687300000,2026-05-25T05:35:00+00:00,25185.7,25186.2,25167.6,25169.1,194
1779687600000,2026-05-25T05:40:00+00:00,25168.7,25186.8,25166.4,25186.1,226
1779687900000,2026-05-25T05:45:00+00:00,25186.0,25186.0,25174.8,25175.5,268
1779688200000,2026-05-25T05:50:00+00:00,25175.2,25176.7,25164.1,25172.2,246
1779688500000,2026-05-25T05:55:00+00:00,25171.9,25176.2,25146.0,25146.0,232
1779688800000,2026-05-25T06:00:00+00:00,25138.9,25146.5,25119.0,25119.0,536
1779689100000,2026-05-25T06:05:00+00:00,25118.7,25123.1,25114.5,25116.7,542
1779689400000,2026-05-25T06:10:00+00:00,25117.0,25131.7,25109.2,25131.7,444
1779689700000,2026-05-25T06:15:00+00:00,25132.0,25132.0,25105.5,25105.5,464
1779690000000,2026-05-25T06:20:00+00:00,25105.2,25126.4,25092.7,25125.6,638
1779690300000,2026-05-25T06:25:00+00:00,25125.7,25135.0,25123.9,25135.0,582
1779690600000,2026-05-25T06:30:00+00:00,25135.8,25138.7,25122.5,25137.4,614
1779690900000,2026-05-25T06:35:00+00:00,25137.9,25142.4,25133.7,25137.0,458
1779691200000,2026-05-25T06:40:00+00:00,25137.2,25150.3,25137.0,25143.4,462
1779691500000,2026-05-25T06:45:00+00:00,25143.7,25159.7,25143.7,25150.2,394
1779691800000,2026-05-25T06:50:00+00:00,25150.0,25151.7,25132.9,25136.0,532
1779692100000,2026-05-25T06:55:00+00:00,25136.6,25137.5,25121.3,25122.9,616
1779692400000,2026-05-25T07:00:00+00:00,25124.2,25198.6,25124.2,25178.8,988
1779692700000,2026-05-25T07:05:00+00:00,25180.3,25198.8,25168.5,25195.0,854
1779693000000,2026-05-25T07:10:00+00:00,25190.0,25194.1,25133.7,25136.7,862
1779693300000,2026-05-25T07:15:00+00:00,25136.6,25144.5,25057.0,25091.1,902
1779693600000,2026-05-25T07:20:00+00:00,25091.7,25137.1,25077.5,25134.8,900
1779693900000,2026-05-25T07:25:00+00:00,25134.6,25160.5,25131.2,25146.1,762
1779694200000,2026-05-25T07:30:00+00:00,25145.8,25214.1,25140.8,25168.2,936
1779694500000,2026-05-25T07:35:00+00:00,25168.5,25183.0,25144.5,25148.8,800
1779694800000,2026-05-25T07:40:00+00:00,25149.0,25160.3,25141.3,25153.0,780
1779695100000,2026-05-25T07:45:00+00:00,25152.3,25166.7,25143.2,25153.0,716
1779695400000,2026-05-25T07:50:00+00:00,25150.6,25167.2,25147.5,25166.0,604
1779695700000,2026-05-25T07:55:00+00:00,25165.8,25180.6,25165.8,25177.5,596
1779696000000,2026-05-25T08:00:00+00:00,25177.2,25182.9,25149.8,25154.0,790
1779696300000,2026-05-25T08:05:00+00:00,25155.0,25161.5,25147.2,25159.8,708
1779696600000,2026-05-25T08:10:00+00:00,25160.8,25181.3,25160.1,25177.1,608
1779696900000,2026-05-25T08:15:00+00:00,25177.4,25184.7,25164.8,25184.7,628
1779697200000,2026-05-25T08:20:00+00:00,25186.3,25192.1,25172.7,25182.0,608
1779697500000,2026-05-25T08:25:00+00:00,25182.2,25194.4,25178.3,25189.6,708
1779697800000,2026-05-25T08:30:00+00:00,25190.1,25190.6,25181.1,25187.3,710
1779698100000,2026-05-25T08:35:00+00:00,25188.0,25199.1,25184.8,25189.8,702
1779698400000,2026-05-25T08:40:00+00:00,25189.6,25194.3,25187.7,25194.1,656
1779698700000,2026-05-25T08:45:00+00:00,25194.2,25202.0,25193.6,25193.8,522
1779699000000,2026-05-25T08:50:00+00:00,25194.0,25200.0,25182.3,25184.1,648
1779699300000,2026-05-25T08:55:00+00:00,25184.0,25187.0,25177.1,25182.9,568
1779699600000,2026-05-25T09:00:00+00:00,25182.3,25194.5,25179.7,25190.0,536
1779699900000,2026-05-25T09:05:00+00:00,25190.1,25197.2,25187.7,25190.7,494
1779700200000,2026-05-25T09:10:00+00:00,25191.0,25202.9,25190.8,25197.6,554
1779700500000,2026-05-25T09:15:00+00:00,25198.3,25215.1,25195.5,25207.4,476
1779700800000,2026-05-25T09:20:00+00:00,25207.5,25211.2,25195.6,25198.1,562
1779701100000,2026-05-25T09:25:00+00:00,25198.3,25216.7,25197.6,25211.6,504
1779701400000,2026-05-25T09:30:00+00:00,25211.5,25236.4,25210.9,25227.3,582
1779701700000,2026-05-25T09:35:00+00:00,25226.9,25235.9,25221.6,25233.6,628
1779702000000,2026-05-25T09:40:00+00:00,25233.0,25239.7,25229.5,25232.0,544
1779702300000,2026-05-25T09:45:00+00:00,25232.5,25245.0,25225.0,25243.1,560
1779702600000,2026-05-25T09:50:00+00:00,25243.2,25250.2,25239.9,25240.1,606
1779702900000,2026-05-25T09:55:00+00:00,25240.3,25244.2,25229.8,25229.8,586
1779703200000,2026-05-25T10:00:00+00:00,25230.0,25234.1,25220.0,25233.8,618
1779703500000,2026-05-25T10:05:00+00:00,25233.7,25248.0,25231.7,25244.7,460
1779703800000,2026-05-25T10:10:00+00:00,25244.9,25255.2,25236.6,25245.4,638
1779704100000,2026-05-25T10:15:00+00:00,25245.7,25272.6,25245.7,25266.0,602
1779704400000,2026-05-25T10:20:00+00:00,25265.8,25265.9,25257.1,25258.1,558
1779704700000,2026-05-25T10:25:00+00:00,25258.0,25258.0,25246.5,25247.9,510
1779705000000,2026-05-25T10:30:00+00:00,25248.0,25249.8,25239.4,25244.0,476
1779705300000,2026-05-25T10:35:00+00:00,25243.7,25260.4,25243.5,25260.1,516
1779705600000,2026-05-25T10:40:00+00:00,25260.5,25269.0,25260.1,25265.7,552
1779705900000,2026-05-25T10:45:00+00:00,25265.3,25266.2,25253.0,25253.5,512
1779706200000,2026-05-25T10:50:00+00:00,25254.0,25261.2,25251.6,25258.4,482
1779706500000,2026-05-25T10:55:00+00:00,25258.7,25260.8,25246.9,25253.0,444
1779706800000,2026-05-25T11:00:00+00:00,25253.1,25258.8,25241.1,25242.0,514
1779707100000,2026-05-25T11:05:00+00:00,25241.8,25241.8,25225.5,25229.8,544
1779707400000,2026-05-25T11:10:00+00:00,25230.8,25235.6,25226.0,25234.9,554
1779707700000,2026-05-25T11:15:00+00:00,25235.0,25251.1,25235.0,25247.9,466
1779708000000,2026-05-25T11:20:00+00:00,25248.0,25257.7,25245.9,25257.0,506
1779708300000,2026-05-25T11:25:00+00:00,25256.7,25258.3,25246.9,25252.8,472
1779708600000,2026-05-25T11:30:00+00:00,25253.0,25270.3,25252.1,25261.7,558
1779708900000,2026-05-25T11:35:00+00:00,25262.3,25270.0,25259.6,25267.7,476
1779709200000,2026-05-25T11:40:00+00:00,25268.0,25274.4,25267.7,25273.2,468
1779709500000,2026-05-25T11:45:00+00:00,25273.4,25296.6,25273.4,25278.0,574
1779709800000,2026-05-25T11:50:00+00:00,25278.1,25281.1,25268.2,25270.5,580
1779710100000,2026-05-25T11:55:00+00:00,25271.5,25272.5,25263.5,25270.8,516
1779710400000,2026-05-25T12:00:00+00:00,25270.5,25270.8,25260.1,25263.7,492
1779710700000,2026-05-25T12:05:00+00:00,25263.5,25282.3,25262.5,25281.2,518
1779711000000,2026-05-25T12:10:00+00:00,25281.3,25287.1,25275.8,25280.9,542
1779711300000,2026-05-25T12:15:00+00:00,25280.1,25285.0,25277.0,25277.1,464
1779711600000,2026-05-25T12:20:00+00:00,25277.0,25329.7,25276.5,25290.9,666
1779711900000,2026-05-25T12:25:00+00:00,25291.3,25298.0,25278.6,25279.1,616
1779712200000,2026-05-25T12:30:00+00:00,25280.4,25286.2,25277.6,25283.5,546
1779712500000,2026-05-25T12:35:00+00:00,25283.2,25303.6,25282.5,25283.8,516
1779712800000,2026-05-25T12:40:00+00:00,25283.7,25294.2,25278.1,25292.7,582
1779713100000,2026-05-25T12:45:00+00:00,25292.5,25297.6,25269.0,25295.1,642
1779713400000,2026-05-25T12:50:00+00:00,25295.3,25299.9,25290.8,25299.0,530
1779713700000,2026-05-25T12:55:00+00:00,25299.1,25299.1,25276.5,25277.7,562
1779714000000,2026-05-25T13:00:00+00:00,25276.0,25281.0,25263.5,25270.1,666
1779714300000,2026-05-25T13:05:00+00:00,25271.1,25284.8,25270.0,25279.2,578
1779714600000,2026-05-25T13:10:00+00:00,25279.4,25284.2,25276.7,25278.6,516
1779714900000,2026-05-25T13:15:00+00:00,25278.7,25279.6,25263.0,25272.9,548
1779715200000,2026-05-25T13:20:00+00:00,25272.8,25279.1,25268.7,25277.8,516
1779715500000,2026-05-25T13:25:00+00:00,25278.0,25281.1,25274.1,25279.9,434
1779715800000,2026-05-25T13:30:00+00:00,25279.7,25290.7,25279.7,25287.0,666
1779716100000,2026-05-25T13:35:00+00:00,25286.9,25302.1,25286.9,25302.1,536
1779716400000,2026-05-25T13:40:00+00:00,25302.2,25307.5,25297.9,25307.4,494
1779716700000,2026-05-25T13:45:00+00:00,25307.3,25311.0,25295.8,25310.0,576
1779717000000,2026-05-25T13:50:00+00:00,25310.3,25328.9,25306.6,25328.8,552
1779717300000,2026-05-25T13:55:00+00:00,25329.0,25336.2,25322.8,25322.9,698
1779717600000,2026-05-25T14:00:00+00:00,25324.2,25342.5,25319.0,25332.7,636
1779717900000,2026-05-25T14:05:00+00:00,25333.0,25336.0,25326.1,25334.3,578
1779718200000,2026-05-25T14:10:00+00:00,25334.2,25334.2,25315.7,25317.1,596
1779718500000,2026-05-25T14:15:00+00:00,25317.2,25333.1,25317.2,25333.1,560
1779718800000,2026-05-25T14:20:00+00:00,25335.0,25357.8,25334.8,25357.0,586
1779719100000,2026-05-25T14:25:00+00:00,25360.3,25376.3,25357.0,25375.0,622
1779719400000,2026-05-25T14:30:00+00:00,25376.0,25377.0,25369.3,25371.4,628
1779719700000,2026-05-25T14:35:00+00:00,25371.5,25375.8,25353.5,25355.8,592
1779720000000,2026-05-25T14:40:00+00:00,25355.7,25361.3,25349.1,25352.6,468
1779720300000,2026-05-25T14:45:00+00:00,25351.5,25369.0,25346.3,25362.0,534
1779720600000,2026-05-25T14:50:00+00:00,25361.8,25378.2,25356.1,25371.1,548
1779720900000,2026-05-25T14:55:00+00:00,25371.2,25382.0,25359.7,25368.7,596
1779721200000,2026-05-25T15:00:00+00:00,25368.2,25371.8,25352.7,25359.0,622
1779721500000,2026-05-25T15:05:00+00:00,25358.8,25359.0,25345.2,25353.8,594
1779721800000,2026-05-25T15:10:00+00:00,25354.0,25448.5,25353.4,25412.5,920
1779722100000,2026-05-25T15:15:00+00:00,25410.1,25416.5,25402.2,25416.0,710
1779722400000,2026-05-25T15:20:00+00:00,25416.5,25425.1,25390.5,25390.8,830
1779722700000,2026-05-25T15:25:00+00:00,25390.2,25415.0,25386.6,25397.0,868
1779723000000,2026-05-25T15:30:00+00:00,25394.4,25395.6,25369.0,25394.6,890
1779723300000,2026-05-25T15:35:00+00:00,25394.9,25397.6,25384.1,25389.0,748
1779723600000,2026-05-25T15:40:00+00:00,25388.7,25401.5,25383.6,25399.7,472
1779723900000,2026-05-25T15:45:00+00:00,25399.5,25407.9,25393.4,25405.9,358
1779724200000,2026-05-25T15:50:00+00:00,25406.1,25406.1,25395.8,25398.7,348
1779724500000,2026-05-25T15:55:00+00:00,25398.4,25402.8,25394.6,25400.5,490
1779724800000,2026-05-25T16:00:00+00:00,25399.4,25402.2,25386.6,25389.0,349
1779725100000,2026-05-25T16:05:00+00:00,25388.6,25389.7,25382.7,25382.7,238
1779725400000,2026-05-25T16:10:00+00:00,25382.0,25393.1,25379.5,25392.2,234
1779725700000,2026-05-25T16:15:00+00:00,25392.6,25395.0,25387.6,25387.6,220
1779726000000,2026-05-25T16:20:00+00:00,25387.5,25391.1,25384.2,25389.0,240
1779726300000,2026-05-25T16:25:00+00:00,25390.0,25394.0,25384.3,25385.4,248
1779726600000,2026-05-25T16:30:00+00:00,25385.1,25387.9,25382.9,25386.2,236
1779726900000,2026-05-25T16:35:00+00:00,25386.0,25387.0,25383.3,25383.3,122
1779727200000,2026-05-25T16:40:00+00:00,25382.0,25384.7,25376.0,25384.7,256
1779727500000,2026-05-25T16:45:00+00:00,25384.9,25394.6,25384.5,25393.0,286
1779727800000,2026-05-25T16:50:00+00:00,25392.7,25401.0,25377.0,25384.2,348
1779728100000,2026-05-25T16:55:00+00:00,25384.3,25402.1,25383.9,25397.8,338
1779728400000,2026-05-25T17:00:00+00:00,25397.2,25416.1,25396.0,25413.9,246
1779728700000,2026-05-25T17:05:00+00:00,25413.4,25413.6,25404.7,25408.0,204
1779729000000,2026-05-25T17:10:00+00:00,25407.7,25415.6,25403.7,25405.7,176
1779729300000,2026-05-25T17:15:00+00:00,25406.0,25406.0,25397.1,25399.2,196
1779729600000,2026-05-25T17:20:00+00:00,25399.0,25400.5,25390.9,25390.9,188
1779729900000,2026-05-25T17:25:00+00:00,25390.6,25397.7,25386.9,25397.2,216
1779730200000,2026-05-25T17:30:00+00:00,25397.0,25397.0,25390.9,25393.7,116
1779730500000,2026-05-25T17:35:00+00:00,25393.5,25403.5,25393.2,25400.2,90
1779730800000,2026-05-25T17:40:00+00:00,25400.1,25400.7,25393.7,25396.9,118
1779731100000,2026-05-25T17:45:00+00:00,25397.1,25397.1,25392.9,25394.4,78
1779731400000,2026-05-25T17:50:00+00:00,25394.5,25396.0,25394.0,25395.3,50
1779731700000,2026-05-25T17:55:00+00:00,25395.2,25395.5,25391.7,25394.1,72
1779732000000,2026-05-25T18:00:00+00:00,25394.0,25396.6,25391.3,25392.0,82
1779732300000,2026-05-25T18:05:00+00:00,25391.9,25393.1,25390.7,25392.2,152
1779732600000,2026-05-25T18:10:00+00:00,25391.7,25391.7,25387.7,25387.7,68
1779732900000,2026-05-25T18:15:00+00:00,25387.9,25389.0,25384.7,25386.5,42
1779733200000,2026-05-25T18:20:00+00:00,25386.0,25389.7,25381.9,25382.5,72
1779733500000,2026-05-25T18:25:00+00:00,25380.7,25383.8,25378.6,25380.7,132
1779733800000,2026-05-25T18:30:00+00:00,25381.3,25381.7,25377.7,25379.7,92
1779734100000,2026-05-25T18:35:00+00:00,25381.0,25382.3,25379.3,25381.2,90
1779734400000,2026-05-25T18:40:00+00:00,25381.4,25384.0,25379.7,25384.0,74
1779734700000,2026-05-25T18:45:00+00:00,25383.8,25384.0,25382.5,25384.0,52
1779735000000,2026-05-25T18:50:00+00:00,25382.8,25388.0,25382.8,25386.4,140
1779735300000,2026-05-25T18:55:00+00:00,25386.2,25388.1,25383.6,25387.9,100
1779735600000,2026-05-25T19:00:00+00:00,25387.5,25388.5,25381.3,25381.5,88
1779735900000,2026-05-25T19:05:00+00:00,25381.3,25381.5,25377.1,25377.9,64
1779736200000,2026-05-25T19:10:00+00:00,25378.2,25388.8,25378.0,25386.5,72
1779736500000,2026-05-25T19:15:00+00:00,25384.9,25389.7,25382.7,25388.2,130
1779736800000,2026-05-25T19:20:00+00:00,25388.4,25388.4,25385.1,25386.0,58
1779737100000,2026-05-25T19:25:00+00:00,25386.2,25387.7,25384.7,25387.7,62
1779737400000,2026-05-25T19:30:00+00:00,25387.8,25387.8,25381.2,25387.2,92
1779737700000,2026-05-25T19:35:00+00:00,25387.7,25392.6,25386.3,25388.3,126
1779738000000,2026-05-25T19:40:00+00:00,25388.5,25392.2,25382.9,25386.3,174
1779738300000,2026-05-25T19:45:00+00:00,25386.2,25387.2,25381.2,25386.0,278
1779738600000,2026-05-25T19:50:00+00:00,25386.2,25396.5,25383.1,25389.0,170
1779738900000,2026-05-25T19:55:00+00:00,25388.7,25396.9,25386.2,25386.5,248
1779754500000,2026-05-26T00:15:00+00:00,25295.6,25306.6,25242.4,25290.2,482
1779754800000,2026-05-26T00:20:00+00:00,25290.9,25296.6,25284.5,25292.2,614
1779755100000,2026-05-26T00:25:00+00:00,25292.9,25318.8,25289.0,25314.2,529
1779755400000,2026-05-26T00:30:00+00:00,25315.2,25341.4,25313.2,25337.2,592
1779755700000,2026-05-26T00:35:00+00:00,25338.2,25345.8,25325.2,25328.7,640
1779756000000,2026-05-26T00:40:00+00:00,25329.7,25329.7,25313.7,25314.5,570
1779756300000,2026-05-26T00:45:00+00:00,25314.7,25318.7,25305.2,25309.9,570
1779756600000,2026-05-26T00:50:00+00:00,25309.3,25319.7,25303.1,25310.3,522
1779756900000,2026-05-26T00:55:00+00:00,25310.0,25316.6,25309.1,25310.2,420
1779757200000,2026-05-26T01:00:00+00:00,25308.8,25330.9,25300.0,25300.5,718
1779757500000,2026-05-26T01:05:00+00:00,25301.2,25315.5,25300.0,25302.7,604
1779757800000,2026-05-26T01:10:00+00:00,25302.2,25327.7,25296.4,25326.5,592
1779758100000,2026-05-26T01:15:00+00:00,25327.2,25339.7,25318.0,25327.2,538
1779758400000,2026-05-26T01:20:00+00:00,25329.2,25335.2,25305.5,25313.0,712
1779758700000,2026-05-26T01:25:00+00:00,25312.6,25319.3,25307.9,25310.5,506
1779759000000,2026-05-26T01:30:00+00:00,25311.2,25314.1,25300.0,25304.3,620
1779759300000,2026-05-26T01:35:00+00:00,25304.6,25307.5,25293.2,25294.5,532
1779759600000,2026-05-26T01:40:00+00:00,25292.2,25298.5,25284.2,25287.8,664
1779759900000,2026-05-26T01:45:00+00:00,25287.2,25313.2,25285.7,25310.5,626
1779760200000,2026-05-26T01:50:00+00:00,25311.5,25322.1,25309.0,25319.1,430
1779760500000,2026-05-26T01:55:00+00:00,25319.2,25332.9,25312.1,25318.5,482
1779760800000,2026-05-26T02:00:00+00:00,25318.7,25321.7,25308.0,25315.3,434
1779761100000,2026-05-26T02:05:00+00:00,25316.5,25326.0,25311.5,25322.2,334
1779761400000,2026-05-26T02:10:00+00:00,25323.2,25327.4,25314.8,25315.2,338
1779761700000,2026-05-26T02:15:00+00:00,25315.1,25324.7,25313.2,25324.2,294
1779762000000,2026-05-26T02:20:00+00:00,25324.7,25324.7,25316.7,25319.4,406
1779762300000,2026-05-26T02:25:00+00:00,25317.1,25321.9,25305.2,25306.7,416
1779762600000,2026-05-26T02:30:00+00:00,25306.2,25321.9,25306.2,25318.2,356
1779762900000,2026-05-26T02:35:00+00:00,25319.9,25331.8,25315.5,25328.7,376
1779763200000,2026-05-26T02:40:00+00:00,25327.0,25330.2,25314.7,25320.7,422
1779763500000,2026-05-26T02:45:00+00:00,25321.5,25327.5,25317.6,25318.5,374
1779763800000,2026-05-26T02:50:00+00:00,25319.5,25343.1,25319.5,25334.7,348
1779764100000,2026-05-26T02:55:00+00:00,25335.2,25335.7,25325.2,25332.3,302
1779764400000,2026-05-26T03:00:00+00:00,25332.7,25332.7,25327.0,25327.0,352
1779764700000,2026-05-26T03:05:00+00:00,25326.7,25337.9,25310.5,25312.4,348
1779765000000,2026-05-26T03:10:00+00:00,25311.7,25314.9,25306.1,25306.2,238
1779765300000,2026-05-26T03:15:00+00:00,25305.1,25323.8,25305.1,25321.2,230
1779765600000,2026-05-26T03:20:00+00:00,25322.2,25345.9,25321.2,25336.0,354
1779765900000,2026-05-26T03:25:00+00:00,25335.2,25341.4,25333.7,25337.4,334
1779766200000,2026-05-26T03:30:00+00:00,25339.2,25348.1,25330.2,25330.2,420
1779766500000,2026-05-26T03:35:00+00:00,25330.5,25340.5,25330.5,25332.7,282
1779766800000,2026-05-26T03:40:00+00:00,25333.2,25336.3,25329.7,25330.2,364
1779767100000,2026-05-26T03:45:00+00:00,25329.7,25351.7,25324.2,25346.2,282
1779767400000,2026-05-26T03:50:00+00:00,25345.7,25354.1,25343.0,25352.2,278
1779767700000,2026-05-26T03:55:00+00:00,25351.7,25354.2,25346.2,25346.7,260
1779768000000,2026-05-26T04:00:00+00:00,25347.1,25349.1,25339.5,25342.2,284
1779768300000,2026-05-26T04:05:00+00:00,25341.7,25346.2,25312.7,25332.2,304
1779768600000,2026-05-26T04:10:00+00:00,25332.8,25340.3,25332.2,25340.3,238
1779768900000,2026-05-26T04:15:00+00:00,25340.1,25341.1,25333.0,25335.0,212
1779769200000,2026-05-26T04:20:00+00:00,25338.9,25348.1,25336.3,25336.3,286
1779769500000,2026-05-26T04:25:00+00:00,25336.7,25343.2,25332.2,25340.2,266
1779769800000,2026-05-26T04:30:00+00:00,25339.7,25340.9,25333.9,25339.2,278
1779770100000,2026-05-26T04:35:00+00:00,25338.7,25346.2,25324.2,25328.2,316
1779770400000,2026-05-26T04:40:00+00:00,25327.5,25332.7,25323.3,25327.7,376
1779770700000,2026-05-26T04:45:00+00:00,25328.2,25328.2,25305.7,25313.8,298
1779771000000,2026-05-26T04:50:00+00:00,25314.3,25326.7,25311.2,25317.7,334
1779771300000,2026-05-26T04:55:00+00:00,25318.6,25322.7,25315.2,25320.1,306
1779771600000,2026-05-26T05:00:00+00:00,25319.5,25323.1,25304.2,25309.9,390
1779771900000,2026-05-26T05:05:00+00:00,25310.2,25315.2,25296.2,25310.5,388
1779772200000,2026-05-26T05:10:00+00:00,25310.0,25312.3,25302.0,25311.1,316
1779772500000,2026-05-26T05:15:00+00:00,25311.2,25316.1,25306.7,25307.2,256
1779772800000,2026-05-26T05:20:00+00:00,25302.3,25322.7,25301.7,25310.2,330
1779773100000,2026-05-26T05:25:00+00:00,25310.3,25316.1,25304.2,25314.7,194
1779773400000,2026-05-26T05:30:00+00:00,25313.1,25328.3,25313.1,25315.3,384
1779773700000,2026-05-26T05:35:00+00:00,25315.2,25323.9,25307.8,25307.8,284
1779774000000,2026-05-26T05:40:00+00:00,25308.4,25318.1,25298.7,25314.7,332
1779774300000,2026-05-26T05:45:00+00:00,25315.2,25318.0,25302.7,25303.0,282
1779774600000,2026-05-26T05:50:00+00:00,25306.7,25306.7,25295.1,25296.3,396
1779774900000,2026-05-26T05:55:00+00:00,25296.2,25304.7,25296.0,25304.4,376
1779775200000,2026-05-26T06:00:00+00:00,25306.4,25315.2,25295.7,25314.2,594
1779775500000,2026-05-26T06:05:00+00:00,25314.4,25317.2,25306.5,25315.6,492
1779775800000,2026-05-26T06:10:00+00:00,25315.2,25338.1,25311.2,25337.2,442
1779776100000,2026-05-26T06:15:00+00:00,25337.0,25341.1,25332.7,25334.5,372
1779776400000,2026-05-26T06:20:00+00:00,25334.7,25344.0,25326.0,25343.9,306
1779776700000,2026-05-26T06:25:00+00:00,25344.1,25371.2,25329.2,25352.0,688
1779777000000,2026-05-26T06:30:00+00:00,25351.3,25356.5,25322.5,25333.0,662
1779777300000,2026-05-26T06:35:00+00:00,25333.8,25376.4,25333.8,25376.0,638
1779777600000,2026-05-26T06:40:00+00:00,25376.2,25379.0,25363.0,25367.6,538
1779777900000,2026-05-26T06:45:00+00:00,25367.7,25368.0,25344.2,25353.0,584
1779778200000,2026-05-26T06:50:00+00:00,25353.2,25369.7,25352.0,25360.2,556
1779778500000,2026-05-26T06:55:00+00:00,25359.6,25366.5,25348.0,25356.5,644
1779778800000,2026-05-26T07:00:00+00:00,25356.2,25370.5,25308.5,25308.6,1062
1779779100000,2026-05-26T07:05:00+00:00,25307.9,25349.7,25295.9,25319.8,1018
1779779400000,2026-05-26T07:10:00+00:00,25320.0,25344.0,25317.2,25343.6,1004
1779779700000,2026-05-26T07:15:00+00:00,25344.3,25345.0,25295.4,25304.1,1010
1779780000000,2026-05-26T07:20:00+00:00,25306.0,25330.5,25292.9,25329.4,936
1779780300000,2026-05-26T07:25:00+00:00,25329.7,25331.2,25292.3,25293.6,900
1779780600000,2026-05-26T07:30:00+00:00,25292.8,25292.8,25244.8,25265.7,930
1779780900000,2026-05-26T07:35:00+00:00,25265.1,25274.8,25253.0,25273.7,914
1779781200000,2026-05-26T07:40:00+00:00,25274.0,25287.1,25259.0,25275.8,872
1779781500000,2026-05-26T07:45:00+00:00,25275.6,25311.2,25273.9,25308.6,858
1779781800000,2026-05-26T07:50:00+00:00,25308.1,25308.1,25249.4,25256.2,850
1779782100000,2026-05-26T07:55:00+00:00,25255.5,25277.8,25251.7,25273.3,806
1779782400000,2026-05-26T08:00:00+00:00,25273.5,25287.0,25257.0,25263.8,894
1779782700000,2026-05-26T08:05:00+00:00,25263.6,25264.1,25221.3,25224.2,874
1779783000000,2026-05-26T08:10:00+00:00,25224.0,25247.8,25211.8,25211.8,840
1779783300000,2026-05-26T08:15:00+00:00,25212.0,25241.7,25210.0,25232.8,820
1779783600000,2026-05-26T08:20:00+00:00,25232.2,25245.3,25223.1,25240.8,747
1779783900000,2026-05-26T08:25:00+00:00,25240.7,25241.0,25217.7,25220.3,770
1779784200000,2026-05-26T08:30:00+00:00,25214.8,25220.8,25196.5,25202.6,857
1779784500000,2026-05-26T08:35:00+00:00,25200.7,25218.2,25191.7,25198.5,786
1779784800000,2026-05-26T08:40:00+00:00,25198.1,25219.2,25190.8,25213.4,758
1779785100000,2026-05-26T08:45:00+00:00,25213.7,25214.2,25185.4,25186.5,722
1779785400000,2026-05-26T08:50:00+00:00,25186.3,25204.3,25183.7,25194.3,732
1779785700000,2026-05-26T08:55:00+00:00,25195.4,25200.0,25183.5,25187.1,772
1779786000000,2026-05-26T09:00:00+00:00,25187.5,25212.1,25173.1,25212.1,878
1779786300000,2026-05-26T09:05:00+00:00,25212.6,25215.2,25184.6,25193.6,748
1779786600000,2026-05-26T09:10:00+00:00,25193.2,25198.8,25189.9,25189.9,684
1779786900000,2026-05-26T09:15:00+00:00,25189.8,25216.8,25182.8,25207.1,762
1779787200000,2026-05-26T09:20:00+00:00,25206.7,25223.7,25197.6,25203.5,847
1779787500000,2026-05-26T09:25:00+00:00,25203.6,25234.1,25199.8,25230.5,778
1779787800000,2026-05-26T09:30:00+00:00,25231.8,25241.3,25226.3,25226.7,800
1779788100000,2026-05-26T09:35:00+00:00,25226.8,25228.5,25208.8,25211.0,714
1779788400000,2026-05-26T09:40:00+00:00,25210.8,25220.8,25205.3,25211.2,720
1779788700000,2026-05-26T09:45:00+00:00,25212.3,25218.1,25204.0,25218.1,674
1779789000000,2026-05-26T09:50:00+00:00,25218.0,25218.0,25203.5,25213.3,594
1779789300000,2026-05-26T09:55:00+00:00,25213.2,25220.0,25210.5,25214.8,702
1779789600000,2026-05-26T10:00:00+00:00,25214.5,25216.5,25196.6,25206.7,680
1779789900000,2026-05-26T10:05:00+00:00,25206.6,25220.5,25203.3,25217.1,626
1779790200000,2026-05-26T10:10:00+00:00,25217.0,25250.6,25216.5,25246.3,682
1779790500000,2026-05-26T10:15:00+00:00,25246.1,25252.6,25229.9,25250.5,706
1779790800000,2026-05-26T10:20:00+00:00,25250.6,25259.1,25239.7,25253.6,678
1779791100000,2026-05-26T10:25:00+00:00,25252.9,25284.2,25251.5,25270.1,704
1779791400000,2026-05-26T10:30:00+00:00,25271.3,25292.0,25271.0,25290.7,866
1779791700000,2026-05-26T10:35:00+00:00,25291.0,25302.0,25272.6,25272.7,800
1779792000000,2026-05-26T10:40:00+00:00,25274.5,25288.8,25244.5,25256.0,690
1779792300000,2026-05-26T10:45:00+00:00,25256.3,25258.5,25241.0,25257.6,652
1779792600000,2026-05-26T10:50:00+00:00,25259.3,25268.8,25257.9,25266.3,692
1779792900000,2026-05-26T10:55:00+00:00,25266.5,25279.9,25266.5,25273.5,650
1779793200000,2026-05-26T11:00:00+00:00,25273.7,25292.1,25269.9,25280.2,704
1779793500000,2026-05-26T11:05:00+00:00,25280.3,25285.6,25272.1,25282.5,604
1779793800000,2026-05-26T11:10:00+00:00,25281.8,25282.5,25273.7,25274.1,592
1779794100000,2026-05-26T11:15:00+00:00,25273.8,25275.8,25253.7,25259.8,722
1779794400000,2026-05-26T11:20:00+00:00,25259.7,25275.6,25255.1,25271.7,686
1779794700000,2026-05-26T11:25:00+00:00,25271.8,25274.6,25247.5,25248.3,616
1779795000000,2026-05-26T11:30:00+00:00,25248.1,25256.2,25229.5,25238.2,646
1779795300000,2026-05-26T11:35:00+00:00,25239.2,25244.0,25211.1,25242.5,890
1779795600000,2026-05-26T11:40:00+00:00,25242.7,25258.0,25237.8,25255.7,726
1779795900000,2026-05-26T11:45:00+00:00,25255.9,25267.0,25252.1,25261.5,664
1779796200000,2026-05-26T11:50:00+00:00,25260.3,25277.0,25259.7,25266.6,594
1779796500000,2026-05-26T11:55:00+00:00,25266.8,25271.1,25258.1,25260.5,608
1779796800000,2026-05-26T12:00:00+00:00,25260.0,25264.2,25252.1,25262.1,686
1779797100000,2026-05-26T12:05:00+00:00,25262.3,25275.0,25227.5,25260.7,750
1779797400000,2026-05-26T12:10:00+00:00,25260.0,25275.5,25254.0,25270.2,604
1779797700000,2026-05-26T12:15:00+00:00,25269.9,25284.8,25266.6,25284.8,574
1779798000000,2026-05-26T12:20:00+00:00,25285.0,25285.5,25270.3,25278.2,540
1779798300000,2026-05-26T12:25:00+00:00,25278.1,25282.8,25272.5,25278.0,494
1779798600000,2026-05-26T12:30:00+00:00,25278.5,25280.0,25263.0,25266.3,638
1779798900000,2026-05-26T12:35:00+00:00,25266.1,25276.1,25261.8,25273.5,616
1779799200000,2026-05-26T12:40:00+00:00,25273.6,25280.1,25259.4,25259.5,626
1779799500000,2026-05-26T12:45:00+00:00,25259.7,25269.7,25255.1,25268.8,620
1779799800000,2026-05-26T12:50:00+00:00,25268.7,25288.2,25268.5,25277.6,688
1779800100000,2026-05-26T12:55:00+00:00,25278.2,25279.3,25267.1,25267.9,592
1779800400000,2026-05-26T13:00:00+00:00,25267.8,25273.0,25263.5,25269.1,800
1779800700000,2026-05-26T13:05:00+00:00,25269.3,25272.1,25261.8,25266.3,686
1779801000000,2026-05-26T13:10:00+00:00,25266.1,25274.5,25257.5,25272.5,686
1779801300000,2026-05-26T13:15:00+00:00,25272.7,25278.0,25270.6,25273.1,678
1779801600000,2026-05-26T13:20:00+00:00,25272.8,25290.8,25270.7,25285.7,696
1779801900000,2026-05-26T13:25:00+00:00,25287.6,25288.1,25268.2,25271.0,742
1779802200000,2026-05-26T13:30:00+00:00,25270.1,25277.2,25252.1,25257.5,1028
1779802500000,2026-05-26T13:35:00+00:00,25257.0,25280.0,25255.2,25260.5,988
1779802800000,2026-05-26T13:40:00+00:00,25261.5,25274.0,25258.2,25271.7,942
1779803100000,2026-05-26T13:45:00+00:00,25271.8,25283.2,25269.5,25269.5,920
1779803400000,2026-05-26T13:50:00+00:00,25270.5,25274.5,25219.1,25240.0,1062
1779803700000,2026-05-26T13:55:00+00:00,25243.6,25263.1,25239.0,25256.5,876
1779804000000,2026-05-26T14:00:00+00:00,25256.1,25268.5,25243.8,25259.0,936
1779804300000,2026-05-26T14:05:00+00:00,25258.7,25289.2,25253.0,25265.6,938
1779804600000,2026-05-26T14:10:00+00:00,25265.8,25276.3,25249.9,25269.7,878
1779804900000,2026-05-26T14:15:00+00:00,25270.0,25277.1,25265.5,25271.0,864
1779805200000,2026-05-26T14:20:00+00:00,25271.1,25272.3,25253.0,25256.0,852
1779805500000,2026-05-26T14:25:00+00:00,25256.8,25261.8,25237.6,25250.5,830
1779805800000,2026-05-26T14:30:00+00:00,25251.5,25254.5,25225.8,25230.2,866
1779806100000,2026-05-26T14:35:00+00:00,25230.3,25254.0,25214.1,25214.1,934
1779806400000,2026-05-26T14:40:00+00:00,25215.1,25224.1,25215.1,25223.3,848
1779806700000,2026-05-26T14:45:00+00:00,25223.7,25248.1,25222.0,25242.9,776
1779807000000,2026-05-26T14:50:00+00:00,25242.7,25243.5,25219.8,25223.7,810
1779807300000,2026-05-26T14:55:00+00:00,25223.6,25244.0,25217.7,25240.1,898
1779807600000,2026-05-26T15:00:00+00:00,25241.1,25241.1,25207.5,25211.5,890
1779807900000,2026-05-26T15:05:00+00:00,25211.8,25224.1,25206.1,25219.1,800
1779808200000,2026-05-26T15:10:00+00:00,25219.2,25222.8,25207.3,25208.1,844
1779808500000,2026-05-26T15:15:00+00:00,25208.2,25210.7,25191.0,25196.0,884
1779808800000,2026-05-26T15:20:00+00:00,25198.2,25208.3,25196.7,25202.1,886
1779809100000,2026-05-26T15:25:00+00:00,25202.0,25214.5,25198.0,25201.4,914
1779809400000,2026-05-26T15:30:00+00:00,25203.8,25217.4,25187.5,25187.5,1020
1779809700000,2026-05-26T15:35:00+00:00,25187.4,25198.1,25162.7,25184.6,924
1779810000000,2026-05-26T15:40:00+00:00,25185.3,25193.0,25176.9,25180.2,876
1779810300000,2026-05-26T15:45:00+00:00,25179.7,25198.1,25174.2,25195.7,924
1779810600000,2026-05-26T15:50:00+00:00,25195.5,25198.7,25179.6,25184.2,894
1779810900000,2026-05-26T15:55:00+00:00,25183.7,25198.9,25179.0,25196.6,884
1779811200000,2026-05-26T16:00:00+00:00,25197.7,25212.0,25197.7,25210.9,778
1779811500000,2026-05-26T16:05:00+00:00,25210.7,25212.6,25201.4,25205.9,688
1779811800000,2026-05-26T16:10:00+00:00,25206.2,25206.7,25192.0,25193.5,652
1779812100000,2026-05-26T16:15:00+00:00,25193.2,25203.0,25189.6,25202.2,662
1779812400000,2026-05-26T16:20:00+00:00,25202.3,25209.9,25200.4,25209.1,648
1779812700000,2026-05-26T16:25:00+00:00,25208.7,25214.6,25202.9,25211.0,548
1779813000000,2026-05-26T16:30:00+00:00,25209.5,25229.7,25207.7,25221.5,636
1779813300000,2026-05-26T16:35:00+00:00,25221.0,25225.0,25207.6,25207.6,518
1779813600000,2026-05-26T16:40:00+00:00,25207.2,25208.9,25196.5,25198.5,692
1779813900000,2026-05-26T16:45:00+00:00,25198.0,25201.5,25189.2,25191.4,726
1779814200000,2026-05-26T16:50:00+00:00,25190.7,25201.5,25190.7,25199.9,556
1779814500000,2026-05-26T16:55:00+00:00,25200.1,25203.6,25195.7,25197.0,534
1779814800000,2026-05-26T17:00:00+00:00,25196.7,25202.7,25192.0,25192.2,580
1779815100000,2026-05-26T17:05:00+00:00,25192.5,25201.5,25189.2,25201.0,554
1779815400000,2026-05-26T17:10:00+00:00,25201.2,25206.0,25197.3,25205.4,510
1779815700000,2026-05-26T17:15:00+00:00,25206.1,25206.4,25192.5,25192.9,466
1779816000000,2026-05-26T17:20:00+00:00,25193.1,25195.4,25189.5,25192.0,620
1779816300000,2026-05-26T17:25:00+00:00,25189.0,25189.5,25180.7,25184.4,596
1779816600000,2026-05-26T17:30:00+00:00,25184.2,25192.5,25182.2,25191.1,560
1779816900000,2026-05-26T17:35:00+00:00,25191.0,25198.7,25184.2,25198.6,518
1779817200000,2026-05-26T17:40:00+00:00,25198.3,25198.3,25185.8,25187.8,564
1779817500000,2026-05-26T17:45:00+00:00,25187.7,25194.5,25186.5,25193.7,374
1779817800000,2026-05-26T17:50:00+00:00,25193.9,25196.4,25188.2,25188.2,472
1779818100000,2026-05-26T17:55:00+00:00,25187.7,25191.0,25183.0,25185.4,456
1779818400000,2026-05-26T18:00:00+00:00,25185.2,25187.5,25173.8,25187.5,514
1779818700000,2026-05-26T18:05:00+00:00,25187.7,25193.4,25186.7,25193.4,330
1779819000000,2026-05-26T18:10:00+00:00,25193.7,25201.7,25193.7,25200.5,458
1779819300000,2026-05-26T18:15:00+00:00,25200.7,25203.7,25199.5,25200.4,486
1779819600000,2026-05-26T18:20:00+00:00,25200.2,25201.9,25191.7,25196.7,406
1779819900000,2026-05-26T18:25:00+00:00,25196.1,25200.2,25192.6,25194.0,418
1779820200000,2026-05-26T18:30:00+00:00,25193.7,25208.6,25193.5,25207.2,394
1779820500000,2026-05-26T18:35:00+00:00,25207.1,25207.5,25202.9,25205.7,418
1779820800000,2026-05-26T18:40:00+00:00,25205.8,25207.1,25202.0,25205.7,472
1779821100000,2026-05-26T18:45:00+00:00,25205.5,25207.2,25200.0,25201.7,460
1779821400000,2026-05-26T18:50:00+00:00,25201.0,25209.2,25198.7,25203.4,514
1779821700000,2026-05-26T18:55:00+00:00,25203.6,25206.1,25201.0,25203.1,570
1779822000000,2026-05-26T19:00:00+00:00,25203.5,25206.2,25194.0,25200.7,502
1779822300000,2026-05-26T19:05:00+00:00,25201.7,25205.5,25198.4,25205.2,360
1779822600000,2026-05-26T19:10:00+00:00,25204.8,25208.3,25202.8,25204.0,356
1779822900000,2026-05-26T19:15:00+00:00,25204.2,25214.2,25204.0,25213.7,444
1779823200000,2026-05-26T19:20:00+00:00,25213.8,25219.5,25211.2,25218.2,382
1779823500000,2026-05-26T19:25:00+00:00,25218.4,25219.3,25216.7,25218.4,288
1779823800000,2026-05-26T19:30:00+00:00,25218.5,25227.6,25218.5,25227.6,388
1779824100000,2026-05-26T19:35:00+00:00,25227.2,25237.0,25226.8,25236.0,454
1779824400000,2026-05-26T19:40:00+00:00,25235.7,25239.0,25229.2,25229.4,420
1779824700000,2026-05-26T19:45:00+00:00,25229.5,25232.5,25225.6,25230.0,404
1779825000000,2026-05-26T19:50:00+00:00,25231.9,25244.3,25231.2,25244.0,560
1779825300000,2026-05-26T19:55:00+00:00,25244.3,25248.3,25235.0,25237.5,512
1779840900000,2026-05-27T00:15:00+00:00,25271.8,25278.0,25248.9,25255.7,380
1779841200000,2026-05-27T00:20:00+00:00,25256.3,25256.9,25239.9,25242.9,410
1779841500000,2026-05-27T00:25:00+00:00,25243.8,25259.9,25240.2,25253.9,376
1779841800000,2026-05-27T00:30:00+00:00,25254.8,25264.4,25253.0,25261.3,396
1779842100000,2026-05-27T00:35:00+00:00,25260.4,25261.3,25243.4,25245.9,434
1779842400000,2026-05-27T00:40:00+00:00,25246.2,25258.7,25246.2,25254.4,420
1779842700000,2026-05-27T00:45:00+00:00,25255.3,25266.5,25254.2,25262.4,408
1779843000000,2026-05-27T00:50:00+00:00,25261.2,25266.4,25256.3,25256.3,484
1779843300000,2026-05-27T00:55:00+00:00,25256.9,25265.7,25256.3,25261.9,552
1779843600000,2026-05-27T01:00:00+00:00,25262.9,25262.9,25249.4,25261.9,618
1779843900000,2026-05-27T01:05:00+00:00,25263.4,25264.4,25251.2,25261.9,634
1779844200000,2026-05-27T01:10:00+00:00,25259.9,25265.4,25248.1,25255.4,414
1779844500000,2026-05-27T01:15:00+00:00,25255.9,25261.9,25248.1,25251.9,488
1779844800000,2026-05-27T01:20:00+00:00,25251.4,25257.7,25250.8,25251.4,390
1779845100000,2026-05-27T01:25:00+00:00,25250.9,25252.6,25235.4,25240.4,372
1779845400000,2026-05-27T01:30:00+00:00,25240.1,25248.5,25234.9,25237.5,580
1779845700000,2026-05-27T01:35:00+00:00,25237.4,25245.1,25232.8,25234.4,690
1779846000000,2026-05-27T01:40:00+00:00,25235.1,25241.1,25233.8,25239.1,550
1779846300000,2026-05-27T01:45:00+00:00,25239.4,25242.4,25228.8,25238.5,468
1779846600000,2026-05-27T01:50:00+00:00,25239.1,25242.5,25234.3,25235.8,468
1779846900000,2026-05-27T01:55:00+00:00,25235.3,25235.4,25227.7,25230.4,424
1779847200000,2026-05-27T02:00:00+00:00,25229.9,25238.4,25226.3,25236.4,664
1779847500000,2026-05-27T02:05:00+00:00,25237.0,25242.8,25233.4,25240.9,536
1779847800000,2026-05-27T02:10:00+00:00,25240.3,25241.9,25230.2,25235.9,516
1779848100000,2026-05-27T02:15:00+00:00,25235.8,25251.4,25234.4,25241.3,346
1779848400000,2026-05-27T02:20:00+00:00,25241.4,25247.8,25240.6,25247.8,382
1779848700000,2026-05-27T02:25:00+00:00,25248.4,25251.1,25246.8,25248.4,376
1779849000000,2026-05-27T02:30:00+00:00,25248.5,25252.8,25224.9,25235.4,360
1779849300000,2026-05-27T02:35:00+00:00,25235.1,25245.3,25232.5,25232.9,304
1779849600000,2026-05-27T02:40:00+00:00,25233.9,25239.8,25233.2,25237.3,294
1779849900000,2026-05-27T02:45:00+00:00,25237.6,25247.3,25237.4,25246.9,222
1779850200000,2026-05-27T02:50:00+00:00,25247.3,25250.6,25241.2,25241.2,248
1779850500000,2026-05-27T02:55:00+00:00,25240.9,25258.4,25238.9,25240.9,402
1779850800000,2026-05-27T03:00:00+00:00,25240.8,25253.1,25239.4,25247.8,514
1779851100000,2026-05-27T03:05:00+00:00,25248.4,25252.4,25246.9,25251.5,288
1779851400000,2026-05-27T03:10:00+00:00,25251.4,25251.5,25244.7,25245.9,278
1779851700000,2026-05-27T03:15:00+00:00,25246.4,25246.5,25233.4,25238.0,278
1779852000000,2026-05-27T03:20:00+00:00,25238.5,25240.7,25233.1,25235.1,332
1779852300000,2026-05-27T03:25:00+00:00,25234.4,25239.8,25233.2,25239.1,294
1779852600000,2026-05-27T03:30:00+00:00,25238.9,25240.5,25229.3,25230.4,360
1779852900000,2026-05-27T03:35:00+00:00,25230.3,25243.8,25229.3,25234.8,268
1779853200000,2026-05-27T03:40:00+00:00,25235.2,25241.2,25234.4,25237.8,196
1779853500000,2026-05-27T03:45:00+00:00,25238.5,25239.9,25219.4,25222.4,228
1779853800000,2026-05-27T03:50:00+00:00,25221.9,25231.1,25218.4,25224.6,404
1779854100000,2026-05-27T03:55:00+00:00,25222.6,25224.5,25218.7,25220.9,306
1779854400000,2026-05-27T04:00:00+00:00,25221.4,25226.9,25216.2,25222.4,284
1779854700000,2026-05-27T04:05:00+00:00,25222.0,25238.9,25217.9,25234.9,328
1779855000000,2026-05-27T04:10:00+00:00,25234.3,25241.9,25234.3,25239.0,330
1779855300000,2026-05-27T04:15:00+00:00,25239.9,25242.3,25218.9,25227.8,356
1779855600000,2026-05-27T04:20:00+00:00,25227.4,25235.9,25222.2,25224.9,364
1779855900000,2026-05-27T04:25:00+00:00,25224.3,25228.8,25216.3,25219.4,334
1779856200000,2026-05-27T04:30:00+00:00,25218.5,25235.3,25216.4,25235.3,348
1779856500000,2026-05-27T04:35:00+00:00,25234.9,25243.9,25234.9,25243.8,326
1779856800000,2026-05-27T04:40:00+00:00,25243.4,25247.3,25241.3,25247.3,258
1779857100000,2026-05-27T04:45:00+00:00,25246.9,25257.9,25244.4,25247.4,274
1779857400000,2026-05-27T04:50:00+00:00,25247.1,25254.1,25245.9,25252.4,322
1779857700000,2026-05-27T04:55:00+00:00,25251.6,25256.5,25250.8,25252.4,250
1779858000000,2026-05-27T05:00:00+00:00,25248.3,25267.5,25237.4,25266.4,512
1779858300000,2026-05-27T05:05:00+00:00,25267.1,25268.5,25258.8,25266.9,440
1779858600000,2026-05-27T05:10:00+00:00,25266.8,25269.9,25261.7,25268.4,376
1779858900000,2026-05-27T05:15:00+00:00,25267.9,25268.3,25243.7,25245.4,354
1779859200000,2026-05-27T05:20:00+00:00,25247.2,25261.8,25242.9,25261.8,412
1779859500000,2026-05-27T05:25:00+00:00,25260.4,25275.3,25258.4,25271.9,280
1779859800000,2026-05-27T05:30:00+00:00,25271.6,25273.7,25249.3,25254.5,478
1779860100000,2026-05-27T05:35:00+00:00,25253.9,25280.4,25253.6,25269.4,672
1779860400000,2026-05-27T05:40:00+00:00,25268.8,25273.4,25262.9,25269.9,554
1779860700000,2026-05-27T05:45:00+00:00,25270.4,25273.9,25264.4,25273.1,350
1779861000000,2026-05-27T05:50:00+00:00,25272.9,25285.9,25268.4,25280.4,456
1779861300000,2026-05-27T05:55:00+00:00,25279.9,25282.1,25276.9,25277.4,330
1779861600000,2026-05-27T06:00:00+00:00,25277.9,25286.6,25263.8,25272.2,480
1779861900000,2026-05-27T06:05:00+00:00,25272.4,25293.9,25271.8,25287.4,554
1779862200000,2026-05-27T06:10:00+00:00,25288.4,25292.9,25267.2,25268.6,514
1779862500000,2026-05-27T06:15:00+00:00,25268.5,25276.6,25265.9,25275.7,478
1779862800000,2026-05-27T06:20:00+00:00,25277.2,25277.4,25268.6,25274.2,506
1779863100000,2026-05-27T06:25:00+00:00,25273.9,25274.6,25258.9,25266.3,514
1779863400000,2026-05-27T06:30:00+00:00,25265.7,25265.7,25243.9,25253.7,554
1779863700000,2026-05-27T06:35:00+00:00,25254.4,25259.5,25245.3,25257.4,446
1779864000000,2026-05-27T06:40:00+00:00,25257.3,25267.3,25257.2,25261.8,396
1779864300000,2026-05-27T06:45:00+00:00,25262.2,25276.2,25258.4,25274.3,516
1779864600000,2026-05-27T06:50:00+00:00,25274.6,25290.3,25274.3,25281.7,468
1779864900000,2026-05-27T06:55:00+00:00,25280.2,25282.7,25272.0,25282.6,531
1779865200000,2026-05-27T07:00:00+00:00,25290.0,25334.3,25290.0,25315.0,1074
1779865500000,2026-05-27T07:05:00+00:00,25316.3,25319.4,25293.3,25303.3,1002
1779865800000,2026-05-27T07:10:00+00:00,25303.5,25321.3,25293.1,25318.5,934
1779866100000,2026-05-27T07:15:00+00:00,25318.9,25363.8,25309.1,25361.8,908
1779866400000,2026-05-27T07:20:00+00:00,25361.2,25361.2,25330.9,25331.8,922
1779866700000,2026-05-27T07:25:00+00:00,25331.0,25333.5,25313.4,25332.3,846
1779867000000,2026-05-27T07:30:00+00:00,25333.4,25351.0,25324.2,25336.7,868
1779867300000,2026-05-27T07:35:00+00:00,25336.4,25353.7,25324.0,25324.8,770
1779867600000,2026-05-27T07:40:00+00:00,25324.2,25350.9,25319.2,25338.9,820
1779867900000,2026-05-27T07:45:00+00:00,25339.2,25347.1,25331.3,25335.3,822
1779868200000,2026-05-27T07:50:00+00:00,25336.2,25353.5,25329.2,25346.0,800
1779868500000,2026-05-27T07:55:00+00:00,25346.2,25353.4,25337.8,25340.4,708
1779868800000,2026-05-27T08:00:00+00:00,25338.4,25369.2,25317.3,25358.2,922
1779869100000,2026-05-27T08:05:00+00:00,25359.5,25367.1,25343.4,25347.2,856
1779869400000,2026-05-27T08:10:00+00:00,25347.1,25362.4,25343.4,25350.0,780
1779869700000,2026-05-27T08:15:00+00:00,25350.2,25350.4,25310.0,25311.4,856
1779870000000,2026-05-27T08:20:00+00:00,25312.3,25354.2,25311.0,25332.5,884
1779870300000,2026-05-27T08:25:00+00:00,25333.0,25352.3,25327.0,25346.3,760
1779870600000,2026-05-27T08:30:00+00:00,25347.2,25352.4,25329.7,25343.8,808
1779870900000,2026-05-27T08:35:00+00:00,25344.1,25344.1,25329.2,25336.7,800
1779871200000,2026-05-27T08:40:00+00:00,25336.2,25342.3,25325.7,25330.3,720
1779871500000,2026-05-27T08:45:00+00:00,25330.5,25338.2,25322.9,25338.2,682
1779871800000,2026-05-27T08:50:00+00:00,25338.4,25353.3,25333.2,25350.1,726
1779872100000,2026-05-27T08:55:00+00:00,25349.9,25357.9,25335.1,25335.9,670
1779872400000,2026-05-27T09:00:00+00:00,25333.3,25366.5,25333.3,25356.3,792
1779872700000,2026-05-27T09:05:00+00:00,25358.2,25360.5,25338.5,25347.8,730
1779873000000,2026-05-27T09:10:00+00:00,25348.2,25378.4,25338.7,25372.3,732
1779873300000,2026-05-27T09:15:00+00:00,25371.9,25384.9,25363.7,25382.2,692
1779873600000,2026-05-27T09:20:00+00:00,25382.3,25395.2,25355.7,25356.9,672
1779873900000,2026-05-27T09:25:00+00:00,25357.1,25368.7,25353.2,25358.9,682
1779874200000,2026-05-27T09:30:00+00:00,25358.7,25369.2,25357.5,25365.7,678
1779874500000,2026-05-27T09:35:00+00:00,25365.5,25376.2,25361.8,25366.4,712
1779874800000,2026-05-27T09:40:00+00:00,25367.2,25369.5,25357.0,25363.7,552
1779875100000,2026-05-27T09:45:00+00:00,25363.2,25368.1,25349.4,25363.1,618
1779875400000,2026-05-27T09:50:00+00:00,25365.1,25372.4,25358.0,25368.2,602
1779875700000,2026-05-27T09:55:00+00:00,25367.3,25380.8,25356.1,25356.1,638
1779876000000,2026-05-27T10:00:00+00:00,25356.5,25361.1,25343.0,25355.8,752
1779876300000,2026-05-27T10:05:00+00:00,25355.7,25373.8,25350.7,25373.3,722
1779876600000,2026-05-27T10:10:00+00:00,25373.2,25382.4,25372.2,25378.7,578
1779876900000,2026-05-27T10:15:00+00:00,25378.0,25378.8,25364.9,25365.8,626
1779877200000,2026-05-27T10:20:00+00:00,25366.2,25367.8,25352.1,25362.2,598
1779877500000,2026-05-27T10:25:00+00:00,25362.0,25367.3,25346.5,25349.3,564
1779877800000,2026-05-27T10:30:00+00:00,25349.2,25351.8,25338.5,25340.2,650
1779878100000,2026-05-27T10:35:00+00:00,25340.4,25350.3,25322.5,25322.5,652
1779878400000,2026-05-27T10:40:00+00:00,25322.4,25342.3,25321.3,25336.4,546
1779878700000,2026-05-27T10:45:00+00:00,25337.2,25353.9,25337.2,25344.3,606
1779879000000,2026-05-27T10:50:00+00:00,25344.2,25360.5,25344.0,25360.2,554
1779879300000,2026-05-27T10:55:00+00:00,25360.3,25364.1,25344.4,25352.5,556
1779879600000,2026-05-27T11:00:00+00:00,25353.9,25361.4,25327.2,25327.5,568
1779879900000,2026-05-27T11:05:00+00:00,25328.1,25330.2,25307.0,25310.3,674
1779880200000,2026-05-27T11:10:00+00:00,25310.7,25314.2,25302.9,25311.4,702
1779880500000,2026-05-27T11:15:00+00:00,25311.1,25319.7,25302.7,25309.2,632
1779880800000,2026-05-27T11:20:00+00:00,25309.3,25327.9,25308.7,25320.4,640
1779881100000,2026-05-27T11:25:00+00:00,25318.3,25319.7,25290.7,25292.1,610
1779881400000,2026-05-27T11:30:00+00:00,25290.4,25291.2,25263.9,25287.0,636
1779881700000,2026-05-27T11:35:00+00:00,25287.5,25308.4,25285.4,25297.9,634
1779882000000,2026-05-27T11:40:00+00:00,25298.2,25298.3,25282.7,25290.8,564
1779882300000,2026-05-27T11:45:00+00:00,25291.1,25293.3,25276.5,25280.7,516
1779882600000,2026-05-27T11:50:00+00:00,25281.1,25296.4,25279.2,25279.2,532
1779882900000,2026-05-27T11:55:00+00:00,25278.7,25280.2,25259.2,25260.5,570
1779883200000,2026-05-27T12:00:00+00:00,25260.8,25261.4,25237.2,25242.6,632
1779883500000,2026-05-27T12:05:00+00:00,25244.2,25263.2,25242.5,25245.2,598
1779883800000,2026-05-27T12:10:00+00:00,25245.1,25247.7,25230.8,25233.0,568
1779884100000,2026-05-27T12:15:00+00:00,25232.4,25298.8,25228.1,25293.3,788
1779884400000,2026-05-27T12:20:00+00:00,25291.8,25373.5,25274.8,25310.7,1100
1779884700000,2026-05-27T12:25:00+00:00,25311.8,25360.7,25311.2,25349.8,966
1779885000000,2026-05-27T12:30:00+00:00,25351.5,25360.5,25298.2,25299.2,916
1779885300000,2026-05-27T12:35:00+00:00,25300.5,25328.2,25287.7,25291.2,856
1779885600000,2026-05-27T12:40:00+00:00,25290.7,25326.0,25289.7,25324.9,834
1779885900000,2026-05-27T12:45:00+00:00,25324.2,25326.5,25284.6,25284.6,830
1779886200000,2026-05-27T12:50:00+00:00,25286.1,25293.4,25275.9,25276.7,812
1779886500000,2026-05-27T12:55:00+00:00,25275.9,25275.9,25253.9,25262.3,814
1779886800000,2026-05-27T13:00:00+00:00,25259.2,25285.2,25249.0,25275.5,892
1779887100000,2026-05-27T13:05:00+00:00,25274.7,25280.3,25265.8,25267.7,862
1779887400000,2026-05-27T13:10:00+00:00,25267.2,25274.4,25258.8,25274.2,908
1779887700000,2026-05-27T13:15:00+00:00,25273.2,25274.2,25247.4,25248.2,838
1779888000000,2026-05-27T13:20:00+00:00,25248.8,25264.5,25245.7,25257.7,824
1779888300000,2026-05-27T13:25:00+00:00,25259.2,25263.3,25247.0,25252.8,852
1779888600000,2026-05-27T13:30:00+00:00,25249.9,25263.1,25233.5,25243.4,1016
1779888900000,2026-05-27T13:35:00+00:00,25241.7,25243.2,25215.7,25229.4,1064
1779889200000,2026-05-27T13:40:00+00:00,25228.9,25235.5,25217.5,25223.8,1020
1779889500000,2026-05-27T13:45:00+00:00,25222.8,25250.8,25222.8,25229.5,1046
1779889800000,2026-05-27T13:50:00+00:00,25229.7,25259.9,25219.4,25243.0,1026
1779890100000,2026-05-27T13:55:00+00:00,25243.4,25256.6,25232.0,25255.7,954
1779890400000,2026-05-27T14:00:00+00:00,25257.3,25264.2,25243.2,25255.7,902
1779890700000,2026-05-27T14:05:00+00:00,25256.4,25263.2,25224.3,25231.8,924
1779891000000,2026-05-27T14:10:00+00:00,25232.1,25239.9,25221.1,25227.1,956
1779891300000,2026-05-27T14:15:00+00:00,25226.1,25233.7,25218.7,25226.7,944
1779891600000,2026-05-27T14:20:00+00:00,25227.1,25227.1,25181.0,25183.4,1020
1779891900000,2026-05-27T14:25:00+00:00,25183.8,25205.4,25171.7,25203.5,970
1779892200000,2026-05-27T14:30:00+00:00,25203.7,25212.2,25110.3,25157.8,1016
1779892500000,2026-05-27T14:35:00+00:00,25157.5,25193.5,25146.2,25192.4,1000
1779892800000,2026-05-27T14:40:00+00:00,25192.0,25195.9,25170.2,25175.9,974
1779893100000,2026-05-27T14:45:00+00:00,25175.7,25206.2,25173.2,25186.2,994
1779893400000,2026-05-27T14:50:00+00:00,25186.8,25211.2,25186.8,25210.2,924
1779893700000,2026-05-27T14:55:00+00:00,25210.1,25218.0,25203.2,25215.8,970
1779894000000,2026-05-27T15:00:00+00:00,25216.2,25237.0,25203.5,25205.2,934
1779894300000,2026-05-27T15:05:00+00:00,25207.2,25209.5,25187.7,25194.1,972
1779894600000,2026-05-27T15:10:00+00:00,25193.9,25205.9,25188.2,25200.4,980
1779894900000,2026-05-27T15:15:00+00:00,25205.0,25207.9,25187.4,25187.8,878
1779895200000,2026-05-27T15:20:00+00:00,25187.3,25215.3,25187.3,25211.5,956
1779895500000,2026-05-27T15:25:00+00:00,25206.2,25217.8,25196.3,25215.7,874
1779895800000,2026-05-27T15:30:00+00:00,25214.6,25237.5,25183.5,25183.5,1034
1779896100000,2026-05-27T15:35:00+00:00,25181.9,25189.3,25170.7,25172.7,934
1779896400000,2026-05-27T15:40:00+00:00,25172.9,25182.9,25138.3,25144.3,944
1779896700000,2026-05-27T15:45:00+00:00,25144.4,25159.3,25131.3,25141.9,926
1779897000000,2026-05-27T15:50:00+00:00,25142.2,25165.3,25141.7,25161.6,836
1779897300000,2026-05-27T15:55:00+00:00,25158.9,25173.2,25153.9,25161.1,814
1779897600000,2026-05-27T16:00:00+00:00,25160.9,25174.8,25135.9,25152.2,822
1779897900000,2026-05-27T16:05:00+00:00,25151.9,25166.4,25146.2,25165.6,770
1779898200000,2026-05-27T16:10:00+00:00,25165.7,25181.1,25165.7,25175.9,716
1779898500000,2026-05-27T16:15:00+00:00,25175.6,25181.9,25172.7,25176.9,716
1779898800000,2026-05-27T16:20:00+00:00,25176.8,25193.3,25176.0,25192.6,648
1779899100000,2026-05-27T16:25:00+00:00,25192.8,25195.9,25181.6,25185.9,758
1779899400000,2026-05-27T16:30:00+00:00,25183.6,25194.3,25178.4,25191.6,636
1779899700000,2026-05-27T16:35:00+00:00,25191.8,25200.1,25190.5,25194.4,540
1779900000000,2026-05-27T16:40:00+00:00,25194.9,25204.7,25192.6,25194.2,626
1779900300000,2026-05-27T16:45:00+00:00,25194.3,25197.8,25189.6,25195.4,518
1779900600000,2026-05-27T16:50:00+00:00,25195.6,25199.3,25193.3,25196.2,532
1779900900000,2026-05-27T16:55:00+00:00,25195.9,25195.9,25187.7,25189.6,524
1779901200000,2026-05-27T17:00:00+00:00,25189.2,25194.4,25174.3,25174.5,680
1779901500000,2026-05-27T17:05:00+00:00,25174.4,25182.2,25151.7,25154.9,780
1779901800000,2026-05-27T17:10:00+00:00,25154.3,25165.7,25154.3,25161.9,668
1779902100000,2026-05-27T17:15:00+00:00,25163.4,25176.4,25158.4,25173.4,560
1779902400000,2026-05-27T17:20:00+00:00,25172.5,25180.1,25171.5,25178.3,600
1779902700000,2026-05-27T17:25:00+00:00,25178.2,25182.3,25170.6,25170.8,460
1779903000000,2026-05-27T17:30:00+00:00,25171.4,25176.9,25167.2,25168.3,452
1779903300000,2026-05-27T17:35:00+00:00,25168.4,25174.3,25166.2,25169.5,476
1779903600000,2026-05-27T17:40:00+00:00,25169.7,25171.3,25163.7,25164.9,520
1779903900000,2026-05-27T17:45:00+00:00,25164.6,25164.6,25158.7,25163.1,502
1779904200000,2026-05-27T17:50:00+00:00,25163.2,25171.6,25162.4,25171.4,478
1779904500000,2026-05-27T17:55:00+00:00,25171.8,25181.2,25163.6,25163.9,448
1779904800000,2026-05-27T18:00:00+00:00,25163.7,25163.7,25151.5,25154.6,548
1779905100000,2026-05-27T18:05:00+00:00,25154.4,25163.6,25147.8,25160.4,550
1779905400000,2026-05-27T18:10:00+00:00,25160.6,25171.8,25159.9,25171.7,448
1779905700000,2026-05-27T18:15:00+00:00,25171.8,25184.7,25169.9,25182.7,530
1779906000000,2026-05-27T18:20:00+00:00,25182.6,25191.8,25181.8,25189.2,512
1779906300000,2026-05-27T18:25:00+00:00,25189.3,25193.6,25187.4,25192.6,492
1779906600000,2026-05-27T18:30:00+00:00,25192.4,25202.8,25189.5,25190.3,494
1779906900000,2026-05-27T18:35:00+00:00,25190.1,25191.3,25185.8,25188.9,412
1779907200000,2026-05-27T18:40:00+00:00,25188.8,25193.4,25187.6,25191.7,350
1779907500000,2026-05-27T18:45:00+00:00,25191.5,25196.3,25191.2,25193.1,330
1779907800000,2026-05-27T18:50:00+00:00,25193.0,25194.7,25188.3,25189.3,338
1779908100000,2026-05-27T18:55:00+00:00,25189.4,25195.4,25186.3,25190.3,342
1779908400000,2026-05-27T19:00:00+00:00,25190.4,25197.6,25190.3,25197.3,454
1779908700000,2026-05-27T19:05:00+00:00,25197.0,25200.4,25195.3,25199.4,420
1779909000000,2026-05-27T19:10:00+00:00,25199.6,25205.4,25198.9,25204.9,378
1779909300000,2026-05-27T19:15:00+00:00,25204.7,25209.9,25202.9,25207.9,354
1779909600000,2026-05-27T19:20:00+00:00,25208.6,25211.4,25199.9,25202.4,380
1779909900000,2026-05-27T19:25:00+00:00,25202.3,25202.3,25197.7,25200.6,414
1779910200000,2026-05-27T19:30:00+00:00,25200.4,25210.2,25197.7,25209.3,490
1779910500000,2026-05-27T19:35:00+00:00,25209.4,25220.6,25209.4,25217.9,434
1779910800000,2026-05-27T19:40:00+00:00,25217.8,25224.6,25213.6,25223.8,372
1779911100000,2026-05-27T19:45:00+00:00,25223.7,25223.7,25203.9,25204.9,448
1779911400000,2026-05-27T19:50:00+00:00,25202.3,25215.4,25200.8,25208.1,486
1779911700000,2026-05-27T19:55:00+00:00,25207.6,25214.3,25197.6,25206.3,500
1779927300000,2026-05-28T00:15:00+00:00,25152.1,25173.1,25138.3,25155.5,566
1779927600000,2026-05-28T00:20:00+00:00,25155.6,25175.3,25150.1,25159.3,688
1779927900000,2026-05-28T00:25:00+00:00,25160.1,25165.3,25150.6,25154.1,604
1779928200000,2026-05-28T00:30:00+00:00,25153.5,25155.6,25136.6,25143.3,736
1779928500000,2026-05-28T00:35:00+00:00,25143.8,25152.8,25137.5,25150.3,514
1779928800000,2026-05-28T00:40:00+00:00,25150.6,25166.2,25149.8,25160.1,596
1779929100000,2026-05-28T00:45:00+00:00,25160.3,25170.6,25160.1,25167.6,512
1779929400000,2026-05-28T00:50:00+00:00,25167.1,25173.4,25162.6,25169.6,378
1779929700000,2026-05-28T00:55:00+00:00,25169.0,25200.1,25165.4,25194.1,428
1779930000000,2026-05-28T01:00:00+00:00,25193.6,25200.0,25175.8,25184.1,598
1779930300000,2026-05-28T01:05:00+00:00,25182.6,25185.2,25172.6,25181.1,442
1779930600000,2026-05-28T01:10:00+00:00,25182.1,25188.7,25174.5,25185.4,442
1779930900000,2026-05-28T01:15:00+00:00,25186.5,25188.1,25174.6,25186.1,422
1779931200000,2026-05-28T01:20:00+00:00,25185.7,25189.3,25172.0,25187.3,544
1779931500000,2026-05-28T01:25:00+00:00,25187.1,25187.1,25170.1,25181.1,514
1779931800000,2026-05-28T01:30:00+00:00,25180.8,25196.3,25173.5,25174.1,632
1779932100000,2026-05-28T01:35:00+00:00,25172.9,25181.6,25171.6,25172.6,528
1779932400000,2026-05-28T01:40:00+00:00,25172.2,25173.7,25149.1,25152.1,484
1779932700000,2026-05-28T01:45:00+00:00,25151.9,25153.7,25139.8,25152.7,486
1779933000000,2026-05-28T01:50:00+00:00,25152.1,25161.1,25149.4,25153.2,478
1779933300000,2026-05-28T01:55:00+00:00,25152.8,25172.5,25151.7,25172.5,432
1779933600000,2026-05-28T02:00:00+00:00,25176.6,25187.8,25157.1,25161.6,628
1779933900000,2026-05-28T02:05:00+00:00,25160.4,25166.8,25148.5,25152.1,526
1779934200000,2026-05-28T02:10:00+00:00,25152.6,25155.6,25144.9,25146.4,500
1779934500000,2026-05-28T02:15:00+00:00,25147.0,25149.1,25136.1,25138.6,450
1779934800000,2026-05-28T02:20:00+00:00,25139.3,25158.1,25137.5,25154.1,434
1779935100000,2026-05-28T02:25:00+00:00,25153.1,25158.6,25147.5,25147.7,358
1779935400000,2026-05-28T02:30:00+00:00,25147.1,25153.3,25139.1,25150.6,398
1779935700000,2026-05-28T02:35:00+00:00,25150.1,25150.1,25123.7,25128.1,362
1779936000000,2026-05-28T02:40:00+00:00,25128.5,25130.6,25113.8,25116.5,438
1779936300000,2026-05-28T02:45:00+00:00,25116.1,25125.6,25108.1,25124.6,458
1779936600000,2026-05-28T02:50:00+00:00,25124.0,25125.0,25115.1,25117.6,568
1779936900000,2026-05-28T02:55:00+00:00,25117.8,25119.7,25109.1,25109.7,422
1779937200000,2026-05-28T03:00:00+00:00,25111.1,25116.1,25109.1,25113.3,452
1779937500000,2026-05-28T03:05:00+00:00,25113.8,25116.5,25092.0,25095.8,570
1779937800000,2026-05-28T03:10:00+00:00,25095.1,25098.1,25075.6,25090.8,604
1779938100000,2026-05-28T03:15:00+00:00,25090.1,25097.1,25060.3,25060.5,500
1779938400000,2026-05-28T03:20:00+00:00,25061.1,25070.6,25057.1,25063.1,536
1779938700000,2026-05-28T03:25:00+00:00,25065.1,25065.6,25045.7,25054.3,482
1779939000000,2026-05-28T03:30:00+00:00,25053.6,25056.1,25020.7,25023.6,638
1779939300000,2026-05-28T03:35:00+00:00,25023.1,25029.3,24969.1,24977.3,808
1779939600000,2026-05-28T03:40:00+00:00,24976.2,24988.7,24965.7,24969.5,900
1779939900000,2026-05-28T03:45:00+00:00,24969.8,24985.5,24967.2,24976.1,844
1779940200000,2026-05-28T03:50:00+00:00,24977.0,24980.2,24958.1,24972.1,712
1779940500000,2026-05-28T03:55:00+00:00,24972.8,24972.8,24958.1,24959.5,754
1779940800000,2026-05-28T04:00:00+00:00,24961.5,24963.1,24922.1,24930.7,648
1779941100000,2026-05-28T04:05:00+00:00,24931.3,24960.1,24922.6,24959.1,582
1779941400000,2026-05-28T04:10:00+00:00,24959.7,24961.6,24913.2,24920.1,560
1779941700000,2026-05-28T04:15:00+00:00,24920.7,24937.1,24917.6,24917.9,610
1779942000000,2026-05-28T04:20:00+00:00,24917.5,24925.5,24905.5,24918.6,624
1779942300000,2026-05-28T04:25:00+00:00,24920.6,24926.7,24911.2,24924.6,564
1779942600000,2026-05-28T04:30:00+00:00,24924.1,24945.1,24923.6,24941.6,592
1779942900000,2026-05-28T04:35:00+00:00,24942.1,24969.1,24940.9,24961.1,384
1779943200000,2026-05-28T04:40:00+00:00,24961.7,24970.6,24952.3,24952.3,488
1779943500000,2026-05-28T04:45:00+00:00,24953.1,24953.4,24936.1,24941.9,584
1779943800000,2026-05-28T04:50:00+00:00,24942.1,24956.1,24939.1,24954.1,482
1779944100000,2026-05-28T04:55:00+00:00,24956.6,24966.0,24944.8,24953.1,464
1779944400000,2026-05-28T05:00:00+00:00,24954.1,24958.3,24935.3,24944.8,616
1779944700000,2026-05-28T05:05:00+00:00,24941.0,24958.0,24934.8,24949.8,532
1779945000000,2026-05-28T05:10:00+00:00,24949.7,24972.1,24941.6,24964.6,602
1779945300000,2026-05-28T05:15:00+00:00,24963.9,24966.3,24934.6,24946.1,550
1779945600000,2026-05-28T05:20:00+00:00,24945.6,24981.5,24943.2,24981.5,584
1779945900000,2026-05-28T05:25:00+00:00,24981.7,24997.6,24981.7,24995.6,478
1779946200000,2026-05-28T05:30:00+00:00,24996.6,25043.6,24992.6,25042.1,566
1779946500000,2026-05-28T05:35:00+00:00,25041.6,25054.1,25031.1,25053.6,646
1779946800000,2026-05-28T05:40:00+00:00,25054.1,25064.0,25052.1,25055.6,506
1779947100000,2026-05-28T05:45:00+00:00,25054.7,25066.1,25054.7,25058.1,434
1779947400000,2026-05-28T05:50:00+00:00,25058.6,25058.6,25047.5,25056.1,388
1779947700000,2026-05-28T05:55:00+00:00,25055.5,25057.7,25047.7,25053.3,444
1779948000000,2026-05-28T06:00:00+00:00,25053.1,25073.1,25044.4,25051.7,598
1779948300000,2026-05-28T06:05:00+00:00,25051.5,25051.7,25040.8,25045.1,490
1779948600000,2026-05-28T06:10:00+00:00,25045.4,25066.4,25041.3,25064.1,548
1779948900000,2026-05-28T06:15:00+00:00,25063.8,25072.8,25062.1,25066.2,434
1779949200000,2026-05-28T06:20:00+00:00,25066.3,25080.6,25065.8,25076.2,450
1779949500000,2026-05-28T06:25:00+00:00,25076.1,25085.6,25075.2,25075.4,508
1779949800000,2026-05-28T06:30:00+00:00,25077.1,25080.6,25065.3,25065.8,582
1779950100000,2026-05-28T06:35:00+00:00,25065.7,25069.2,25050.6,25062.1,488
1779950400000,2026-05-28T06:40:00+00:00,25062.3,25071.6,25056.6,25071.4,518
1779950700000,2026-05-28T06:45:00+00:00,25071.3,25077.6,25064.1,25076.5,454
1779951000000,2026-05-28T06:50:00+00:00,25076.6,25077.6,25059.1,25067.6,624
1779951300000,2026-05-28T06:55:00+00:00,25067.7,25097.3,25066.8,25082.5,596
1779951600000,2026-05-28T07:00:00+00:00,25082.6,25115.5,25069.5,25115.5,1018
1779951900000,2026-05-28T07:05:00+00:00,25107.5,25139.7,25104.5,25133.2,936
1779952200000,2026-05-28T07:10:00+00:00,25134.5,25151.2,25115.0,25133.0,926
1779952500000,2026-05-28T07:15:00+00:00,25134.5,25146.3,25120.6,25146.3,914
1779952800000,2026-05-28T07:20:00+00:00,25146.0,25148.2,25125.0,25136.7,872
1779953100000,2026-05-28T07:25:00+00:00,25137.2,25142.7,25123.3,25140.0,856
1779953400000,2026-05-28T07:30:00+00:00,25139.5,25147.5,25113.2,25116.8,866
1779953700000,2026-05-28T07:35:00+00:00,25117.1,25150.6,25114.1,25138.5,858
1779954000000,2026-05-28T07:40:00+00:00,25137.7,25147.3,25123.2,25123.8,824
1779954300000,2026-05-28T07:45:00+00:00,25123.6,25129.1,25088.8,25112.3,922
1779954600000,2026-05-28T07:50:00+00:00,25113.2,25129.6,25099.5,25129.6,828
1779954900000,2026-05-28T07:55:00+00:00,25129.5,25140.8,25108.8,25140.0,804
1779955200000,2026-05-28T08:00:00+00:00,25140.2,25167.2,25130.0,25134.2,962
1779955500000,2026-05-28T08:05:00+00:00,25134.8,25166.8,25122.3,25158.6,864
1779955800000,2026-05-28T08:10:00+00:00,25158.8,25174.8,25151.8,25165.7,892
1779956100000,2026-05-28T08:15:00+00:00,25165.2,25169.4,25154.6,25157.0,780
1779956400000,2026-05-28T08:20:00+00:00,25156.1,25167.0,25147.6,25148.2,760
1779956700000,2026-05-28T08:25:00+00:00,25148.1,25150.6,25121.3,25139.1,858
1779957000000,2026-05-28T08:30:00+00:00,25140.3,25144.6,25127.0,25129.5,756
1779957300000,2026-05-28T08:35:00+00:00,25132.7,25135.2,25117.2,25131.5,782
1779957600000,2026-05-28T08:40:00+00:00,25131.2,25137.1,25126.7,25134.6,676
1779957900000,2026-05-28T08:45:00+00:00,25135.8,25142.3,25131.3,25140.7,646
1779958200000,2026-05-28T08:50:00+00:00,25140.8,25153.2,25134.3,25146.8,666
1779958500000,2026-05-28T08:55:00+00:00,25146.4,25159.1,25146.4,25159.1,610
1779958800000,2026-05-28T09:00:00+00:00,25158.6,25175.3,25154.2,25159.3,658
1779959100000,2026-05-28T09:05:00+00:00,25161.2,25167.4,25137.1,25137.4,708
1779959400000,2026-05-28T09:10:00+00:00,25137.6,25158.3,25137.6,25158.3,666
1779959700000,2026-05-28T09:15:00+00:00,25158.5,25168.2,25146.8,25164.0,704
1779960000000,2026-05-28T09:20:00+00:00,25164.3,25169.8,25152.8,25168.6,716
1779960300000,2026-05-28T09:25:00+00:00,25168.4,25173.0,25146.5,25151.7,654
1779960600000,2026-05-28T09:30:00+00:00,25151.4,25152.5,25127.5,25130.3,746
1779960900000,2026-05-28T09:35:00+00:00,25130.4,25140.8,25105.6,25109.2,710
1779961200000,2026-05-28T09:40:00+00:00,25109.1,25118.3,25106.8,25114.3,686
1779961500000,2026-05-28T09:45:00+00:00,25114.5,25145.1,25112.0,25142.8,654
1779961800000,2026-05-28T09:50:00+00:00,25142.7,25151.5,25129.2,25129.3,720
1779962100000,2026-05-28T09:55:00+00:00,25129.5,25132.5,25119.2,25123.3,626
1779962400000,2026-05-28T10:00:00+00:00,25123.2,25136.9,25115.8,25118.4,718
1779962700000,2026-05-28T10:05:00+00:00,25118.2,25125.0,25104.6,25121.1,698
1779963000000,2026-05-28T10:10:00+00:00,25121.6,25130.0,25111.0,25120.0,662
1779963300000,2026-05-28T10:15:00+00:00,25119.8,25122.6,25098.1,25098.2,716
1779963600000,2026-05-28T10:20:00+00:00,25098.5,25109.2,25084.2,25090.2,740
1779963900000,2026-05-28T10:25:00+00:00,25090.0,25107.7,25084.4,25092.0,714
1779964200000,2026-05-28T10:30:00+00:00,25091.8,25099.7,25081.3,25086.9,754
1779964500000,2026-05-28T10:35:00+00:00,25087.0,25088.0,25065.1,25074.5,700
1779964800000,2026-05-28T10:40:00+00:00,25074.3,25081.1,25060.8,25067.0,672
1779965100000,2026-05-28T10:45:00+00:00,25067.1,25079.7,25059.1,25075.3,760
1779965400000,2026-05-28T10:50:00+00:00,25075.5,25076.1,25002.8,25059.3,818
1779965700000,2026-05-28T10:55:00+00:00,25060.3,25060.8,25026.8,25036.8,738
1779966000000,2026-05-28T11:00:00+00:00,25035.5,25063.0,25030.8,25042.1,906
1779966300000,2026-05-28T11:05:00+00:00,25040.8,25045.1,25030.8,25044.6,752
1779966600000,2026-05-28T11:10:00+00:00,25044.4,25052.9,25030.4,25042.3,716
1779966900000,2026-05-28T11:15:00+00:00,25041.5,25053.1,25041.5,25046.3,700
1779967200000,2026-05-28T11:20:00+00:00,25046.7,25055.1,25043.3,25054.1,716
1779967500000,2026-05-28T11:25:00+00:00,25054.6,25066.3,25053.3,25059.7,640
1779967800000,2026-05-28T11:30:00+00:00,25059.6,25069.2,25051.6,25065.0,602
1779968100000,2026-05-28T11:35:00+00:00,25065.3,25065.3,25038.5,25041.1,602
1779968400000,2026-05-28T11:40:00+00:00,25040.3,25060.7,25040.2,25056.7,662
1779968700000,2026-05-28T11:45:00+00:00,25056.5,25057.3,25033.7,25038.0,588
1779969000000,2026-05-28T11:50:00+00:00,25035.8,25042.8,25031.0,25033.3,668
1779969300000,2026-05-28T11:55:00+00:00,25033.8,25042.2,25025.2,25025.2,604
1779969600000,2026-05-28T12:00:00+00:00,25025.1,25030.2,25010.5,25014.3,666
1779969900000,2026-05-28T12:05:00+00:00,25014.2,25023.7,25010.6,25017.6,724
1779970200000,2026-05-28T12:10:00+00:00,25017.8,25033.8,25016.2,25033.1,670
1779970500000,2026-05-28T12:15:00+00:00,25032.5,25037.4,25023.0,25023.0,552
1779970800000,2026-05-28T12:20:00+00:00,25024.2,25024.2,24992.6,24998.7,722
1779971100000,2026-05-28T12:25:00+00:00,25001.8,25018.3,25001.8,25011.3,528
1779971400000,2026-05-28T12:30:00+00:00,25013.6,25033.8,25011.3,25025.2,736
1779971700000,2026-05-28T12:35:00+00:00,25026.8,25054.3,25026.6,25048.4,810
1779972000000,2026-05-28T12:40:00+00:00,25048.5,25058.3,25043.3,25056.7,752
1779972300000,2026-05-28T12:45:00+00:00,25056.5,25074.1,25049.5,25059.3,802
1779972600000,2026-05-28T12:50:00+00:00,25058.1,25070.7,25054.6,25057.6,704
1779972900000,2026-05-28T12:55:00+00:00,25057.2,25073.8,25052.3,25070.5,730
1779973200000,2026-05-28T13:00:00+00:00,25071.3,25097.2,25071.3,25087.7,828
1779973500000,2026-05-28T13:05:00+00:00,25088.6,25089.3,25041.5,25043.6,754
1779973800000,2026-05-28T13:10:00+00:00,25042.7,25054.1,25037.6,25042.3,694
1779974100000,2026-05-28T13:15:00+00:00,25042.5,25046.6,25034.4,25037.8,692
1779974400000,2026-05-28T13:20:00+00:00,25037.6,25039.2,25020.1,25021.7,630
1779974700000,2026-05-28T13:25:00+00:00,25026.9,25028.8,25011.1,25011.1,776
1779975000000,2026-05-28T13:30:00+00:00,25013.5,25021.5,25003.8,25009.4,1028
1779975300000,2026-05-28T13:35:00+00:00,25009.5,25009.5,24967.6,24977.0,978
1779975600000,2026-05-28T13:40:00+00:00,24977.2,25027.5,24973.1,25027.3,924
1779975900000,2026-05-28T13:45:00+00:00,25025.2,25042.6,25012.0,25012.0,930
1779976200000,2026-05-28T13:50:00+00:00,25011.3,25041.8,24994.3,24998.8,946
1779976500000,2026-05-28T13:55:00+00:00,24999.2,25036.8,24996.3,25036.8,852
1779976800000,2026-05-28T14:00:00+00:00,25036.3,25049.1,25016.6,25024.3,920
1779977100000,2026-05-28T14:05:00+00:00,25024.0,25025.0,25002.7,25005.6,886
1779977400000,2026-05-28T14:10:00+00:00,25005.9,25245.3,24999.1,25182.2,1022
1779977700000,2026-05-28T14:15:00+00:00,25185.8,25191.7,25135.3,25137.8,1086
1779978000000,2026-05-28T14:20:00+00:00,25138.0,25140.8,25114.3,25121.8,1018
1779978300000,2026-05-28T14:25:00+00:00,25122.1,25128.5,25104.5,25123.1,984
1779978600000,2026-05-28T14:30:00+00:00,25120.3,25132.3,25083.8,25088.8,972
1779978900000,2026-05-28T14:35:00+00:00,25087.6,25096.1,25072.8,25091.8,970
1779979200000,2026-05-28T14:40:00+00:00,25090.3,25122.3,25088.8,25103.5,930
1779979500000,2026-05-28T14:45:00+00:00,25103.0,25106.2,25043.8,25078.2,1030
1779979800000,2026-05-28T14:50:00+00:00,25079.3,25088.3,25055.5,25056.5,962
1779980100000,2026-05-28T14:55:00+00:00,25056.7,25060.1,25010.5,25046.8,932
1779980400000,2026-05-28T15:00:00+00:00,25050.0,25077.6,25041.0,25077.6,970
1779980700000,2026-05-28T15:05:00+00:00,25077.8,25091.3,25063.0,25069.1,956
1779981000000,2026-05-28T15:10:00+00:00,25068.2,25081.0,25058.3,25075.1,896
1779981300000,2026-05-28T15:15:00+00:00,25075.0,25076.2,25046.5,25049.9,836
1779981600000,2026-05-28T15:20:00+00:00,25051.1,25070.0,25049.3,25068.9,886
1779981900000,2026-05-28T15:25:00+00:00,25069.7,25096.0,25069.7,25091.0,928
1779982200000,2026-05-28T15:30:00+00:00,25090.8,25093.8,25063.3,25078.8,996
1779982500000,2026-05-28T15:35:00+00:00,25079.0,25085.1,25075.0,25077.6,864
1779982800000,2026-05-28T15:40:00+00:00,25078.8,25080.1,25058.2,25072.4,738
1779983100000,2026-05-28T15:45:00+00:00,25072.2,25078.5,25068.1,25069.8,674
1779983400000,2026-05-28T15:50:00+00:00,25069.9,25085.7,25069.9,25084.1,542
1779983700000,2026-05-28T15:55:00+00:00,25082.9,25093.8,25078.9,25083.1,494
1779984000000,2026-05-28T16:00:00+00:00,25083.2,25083.7,25068.1,25074.4,666
1779984300000,2026-05-28T16:05:00+00:00,25074.3,25089.5,25073.2,25084.6,610
1779984600000,2026-05-28T16:10:00+00:00,25084.8,25101.8,25082.9,25101.8,562
1779984900000,2026-05-28T16:15:00+00:00,25101.6,25134.3,25093.6,25129.6,798
1779985200000,2026-05-28T16:20:00+00:00,25129.4,25154.2,25116.6,25140.6,748
1779985500000,2026-05-28T16:25:00+00:00,25140.8,25145.8,25125.7,25126.4,724
1779985800000,2026-05-28T16:30:00+00:00,25126.6,25127.2,25111.1,25111.6,566
1779986100000,2026-05-28T16:35:00+00:00,25111.7,25119.1,25102.8,25117.3,614
1779986400000,2026-05-28T16:40:00+00:00,25117.4,25121.6,25110.5,25120.3,608
1779986700000,2026-05-28T16:45:00+00:00,25122.3,25131.1,25121.5,25129.7,526
1779987000000,2026-05-28T16:50:00+00:00,25129.8,25136.3,25129.8,25135.1,640
1779987300000,2026-05-28T16:55:00+00:00,25135.6,25153.4,25132.6,25149.8,496
1779987600000,2026-05-28T17:00:00+00:00,25148.6,25152.8,25132.6,25132.7,486
1779987900000,2026-05-28T17:05:00+00:00,25132.8,25133.0,25125.8,25132.6,510
1779988200000,2026-05-28T17:10:00+00:00,25134.0,25136.4,25128.2,25128.7,452
1779988500000,2026-05-28T17:15:00+00:00,25128.6,25135.9,25122.8,25134.8,426
1779988800000,2026-05-28T17:20:00+00:00,25135.1,25139.1,25132.5,25132.8,394
1779989100000,2026-05-28T17:25:00+00:00,25132.6,25132.8,25119.1,25121.5,438
1779989400000,2026-05-28T17:30:00+00:00,25122.7,25129.2,25119.8,25127.5,362
1779989700000,2026-05-28T17:35:00+00:00,25127.1,25129.9,25119.4,25119.4,384
1779990000000,2026-05-28T17:40:00+00:00,25119.5,25120.3,25112.4,25114.7,302
1779990300000,2026-05-28T17:45:00+00:00,25114.6,25123.8,25114.4,25122.8,422
1779990600000,2026-05-28T17:50:00+00:00,25123.3,25124.8,25120.5,25120.5,312
1779990900000,2026-05-28T17:55:00+00:00,25120.6,25122.1,25116.1,25119.7,362
1779991200000,2026-05-28T18:00:00+00:00,25119.6,25120.0,25112.7,25119.3,394
1779991500000,2026-05-28T18:05:00+00:00,25119.1,25127.2,25118.6,25120.6,334
1779991800000,2026-05-28T18:10:00+00:00,25120.4,25120.4,25104.8,25108.8,526
1779992100000,2026-05-28T18:15:00+00:00,25109.8,25127.9,25097.2,25104.8,646
1779992400000,2026-05-28T18:20:00+00:00,25103.8,25114.7,25100.8,25110.6,664
1779992700000,2026-05-28T18:25:00+00:00,25109.6,25111.7,25095.1,25098.4,518
1779993000000,2026-05-28T18:30:00+00:00,25098.6,25098.6,25080.6,25080.8,424
1779993300000,2026-05-28T18:35:00+00:00,25079.3,25087.6,25073.8,25079.1,444
1779993600000,2026-05-28T18:40:00+00:00,25079.9,25085.2,25078.0,25084.8,434
1779993900000,2026-05-28T18:45:00+00:00,25083.9,25092.6,25082.9,25092.6,304
1779994200000,2026-05-28T18:50:00+00:00,25092.4,25105.1,25091.1,25104.2,402
1779994500000,2026-05-28T18:55:00+00:00,25103.8,25104.5,25089.8,25089.9,434
1779994800000,2026-05-28T19:00:00+00:00,25090.4,25094.3,25083.7,25092.2,316
1779995100000,2026-05-28T19:05:00+00:00,25091.8,25098.8,25091.8,25098.1,254
1779995400000,2026-05-28T19:10:00+00:00,25097.8,25098.5,25084.1,25084.4,306
1779995700000,2026-05-28T19:15:00+00:00,25084.6,25087.0,25076.4,25079.6,370
1779996000000,2026-05-28T19:20:00+00:00,25079.7,25083.3,25076.3,25081.5,358
1779996300000,2026-05-28T19:25:00+00:00,25081.9,25083.7,25077.5,25081.2,352
1779996600000,2026-05-28T19:30:00+00:00,25081.3,25093.6,25081.1,25090.2,442
1779996900000,2026-05-28T19:35:00+00:00,25090.6,25094.1,25085.8,25093.5,424
1779997200000,2026-05-28T19:40:00+00:00,25093.2,25093.2,25082.1,25082.1,392
1779997500000,2026-05-28T19:45:00+00:00,25080.8,25090.5,25076.1,25086.9,398
1779997800000,2026-05-28T19:50:00+00:00,25086.8,25096.5,25082.1,25096.5,584
1779998100000,2026-05-28T19:55:00+00:00,25094.9,25094.9,25082.1,25093.7,462
1780013700000,2026-05-29T00:15:00+00:00,25103.9,25110.3,25092.6,25110.3,412
1780014000000,2026-05-29T00:20:00+00:00,25109.8,25110.4,25084.9,25088.1,344
1780014300000,2026-05-29T00:25:00+00:00,25087.8,25108.6,25087.1,25089.3,544
1780014600000,2026-05-29T00:30:00+00:00,25089.1,25089.6,25061.9,25062.6,402
1780014900000,2026-05-29T00:35:00+00:00,25062.8,25079.0,25062.6,25078.2,270
1780015200000,2026-05-29T00:40:00+00:00,25078.1,25078.7,25061.9,25071.1,332
1780015500000,2026-05-29T00:45:00+00:00,25073.4,25074.4,25062.6,25070.8,346
1780015800000,2026-05-29T00:50:00+00:00,25072.2,25073.6,25055.8,25062.6,306
1780016100000,2026-05-29T00:55:00+00:00,25062.1,25076.1,25057.8,25074.6,280
1780016400000,2026-05-29T01:00:00+00:00,25073.3,25086.6,25061.1,25071.6,480
1780016700000,2026-05-29T01:05:00+00:00,25071.2,25099.6,25069.9,25096.5,554
1780017000000,2026-05-29T01:10:00+00:00,25097.1,25105.0,25082.8,25089.0,538
1780017300000,2026-05-29T01:15:00+00:00,25088.6,25105.6,25088.6,25096.1,486
1780017600000,2026-05-29T01:20:00+00:00,25097.6,25101.1,25082.8,25090.6,552
1780017900000,2026-05-29T01:25:00+00:00,25090.3,25095.6,25085.4,25091.3,392
1780018200000,2026-05-29T01:30:00+00:00,25092.1,25097.3,25075.5,25086.1,604
1780018500000,2026-05-29T01:35:00+00:00,25085.6,25098.3,25083.6,25091.7,488
1780018800000,2026-05-29T01:40:00+00:00,25091.1,25109.9,25088.6,25106.4,504
1780019100000,2026-05-29T01:45:00+00:00,25107.1,25110.5,25088.6,25089.6,408
1780019400000,2026-05-29T01:50:00+00:00,25088.6,25104.6,25088.6,25098.0,440
1780019700000,2026-05-29T01:55:00+00:00,25098.5,25103.7,25092.2,25098.1,378
1780020000000,2026-05-29T02:00:00+00:00,25096.1,25107.1,25096.1,25102.0,458
1780020300000,2026-05-29T02:05:00+00:00,25100.7,25110.3,25096.2,25108.1,462
1780020600000,2026-05-29T02:10:00+00:00,25107.5,25114.6,25103.1,25114.6,444
1780020900000,2026-05-29T02:15:00+00:00,25113.2,25122.2,25109.6,25118.6,458
1780021200000,2026-05-29T02:20:00+00:00,25120.6,25122.1,25106.2,25107.4,460
1780021500000,2026-05-29T02:25:00+00:00,25106.6,25108.4,25091.5,25094.6,430
1780021800000,2026-05-29T02:30:00+00:00,25094.7,25112.1,25094.1,25109.7,434
1780022100000,2026-05-29T02:35:00+00:00,25109.1,25110.1,25101.2,25107.6,384
1780022400000,2026-05-29T02:40:00+00:00,25108.1,25111.1,25100.6,25100.7,388
1780022700000,2026-05-29T02:45:00+00:00,25101.3,25102.6,25094.6,25097.6,358
1780023000000,2026-05-29T02:50:00+00:00,25096.2,25101.6,25094.1,25097.3,496
1780023300000,2026-05-29T02:55:00+00:00,25096.6,25105.6,25096.6,25101.9,316
1780023600000,2026-05-29T03:00:00+00:00,25105.6,25116.3,25101.9,25115.9,428
1780023900000,2026-05-29T03:05:00+00:00,25115.3,25127.9,25113.0,25127.1,300
1780024200000,2026-05-29T03:10:00+00:00,25127.9,25135.7,25121.9,25130.6,360
1780024500000,2026-05-29T03:15:00+00:00,25131.1,25133.7,25125.9,25132.1,288
1780024800000,2026-05-29T03:20:00+00:00,25131.6,25143.1,25130.9,25136.7,218
1780025100000,2026-05-29T03:25:00+00:00,25136.2,25140.4,25130.3,25137.6,374
1780025400000,2026-05-29T03:30:00+00:00,25136.1,25141.3,25135.6,25137.7,432
1780025700000,2026-05-29T03:35:00+00:00,25136.7,25141.9,25134.7,25138.1,358
1780026000000,2026-05-29T03:40:00+00:00,25137.7,25147.1,25137.7,25143.1,346
1780026300000,2026-05-29T03:45:00+00:00,25142.9,25148.7,25140.0,25147.6,286
1780026600000,2026-05-29T03:50:00+00:00,25148.3,25149.7,25124.9,25138.7,476
1780026900000,2026-05-29T03:55:00+00:00,25138.1,25140.6,25126.7,25135.1,410
1780027200000,2026-05-29T04:00:00+00:00,25134.5,25143.1,25134.1,25138.6,356
1780027500000,2026-05-29T04:05:00+00:00,25138.9,25147.6,25136.2,25146.1,324
1780027800000,2026-05-29T04:10:00+00:00,25146.3,25149.9,25144.5,25148.7,290
1780028100000,2026-05-29T04:15:00+00:00,25148.5,25156.1,25143.6,25148.1,324
1780028400000,2026-05-29T04:20:00+00:00,25146.9,25152.7,25146.9,25150.5,344
1780028700000,2026-05-29T04:25:00+00:00,25151.2,25166.7,25149.5,25165.7,386
1780029000000,2026-05-29T04:30:00+00:00,25163.6,25166.7,25159.7,25160.1,332
1780029300000,2026-05-29T04:35:00+00:00,25160.5,25166.9,25159.3,25166.6,218
1780029600000,2026-05-29T04:40:00+00:00,25166.5,25167.1,25162.9,25163.5,136
1780029900000,2026-05-29T04:45:00+00:00,25164.1,25164.1,25155.6,25163.8,174
1780030200000,2026-05-29T04:50:00+00:00,25163.9,25163.9,25155.6,25159.1,258
1780030500000,2026-05-29T04:55:00+00:00,25160.6,25162.6,25156.6,25159.6,256
1780030800000,2026-05-29T05:00:00+00:00,25160.3,25170.7,25155.1,25167.3,290
1780031100000,2026-05-29T05:05:00+00:00,25166.0,25166.1,25149.6,25159.8,270
1780031400000,2026-05-29T05:10:00+00:00,25158.6,25162.3,25154.1,25158.1,286
1780031700000,2026-05-29T05:15:00+00:00,25157.3,25160.7,25153.3,25155.2,304
1780032000000,2026-05-29T05:20:00+00:00,25155.6,25164.9,25155.6,25162.1,192
1780032300000,2026-05-29T05:25:00+00:00,25161.5,25166.5,25160.1,25162.1,302
1780032600000,2026-05-29T05:30:00+00:00,25161.6,25162.1,25150.2,25156.9,342
1780032900000,2026-05-29T05:35:00+00:00,25156.6,25156.9,25139.6,25140.1,320
1780033200000,2026-05-29T05:40:00+00:00,25140.7,25160.7,25139.6,25160.7,332
1780033500000,2026-05-29T05:45:00+00:00,25160.6,25165.5,25158.5,25159.6,172
1780033800000,2026-05-29T05:50:00+00:00,25159.9,25159.9,25152.6,25156.1,248
1780034100000,2026-05-29T05:55:00+00:00,25155.6,25160.1,25154.6,25159.7,262
1780034400000,2026-05-29T06:00:00+00:00,25160.6,25169.3,25152.2,25153.8,404
1780034700000,2026-05-29T06:05:00+00:00,25153.3,25159.3,25150.8,25150.8,376
1780035000000,2026-05-29T06:10:00+00:00,25151.6,25159.3,25149.0,25155.1,374
1780035300000,2026-05-29T06:15:00+00:00,25154.8,25157.8,25137.3,25141.1,368
1780035600000,2026-05-29T06:20:00+00:00,25142.3,25173.8,25142.3,25167.8,456
1780035900000,2026-05-29T06:25:00+00:00,25167.1,25169.9,25136.4,25136.4,542
1780036200000,2026-05-29T06:30:00+00:00,25139.1,25149.7,25134.2,25141.6,662
1780036500000,2026-05-29T06:35:00+00:00,25141.7,25150.6,25141.6,25146.6,476
1780036800000,2026-05-29T06:40:00+00:00,25146.4,25152.5,25145.1,25151.1,354
1780037100000,2026-05-29T06:45:00+00:00,25150.1,25156.6,25144.3,25144.6,408
1780037400000,2026-05-29T06:50:00+00:00,25144.8,25153.8,25143.1,25153.6,396
1780037700000,2026-05-29T06:55:00+00:00,25153.4,25191.2,25148.6,25174.3,552
1780038000000,2026-05-29T07:00:00+00:00,25167.9,25170.6,25098.6,25098.6,1044
1780038300000,2026-05-29T07:05:00+00:00,25100.5,25151.3,25099.9,25143.3,910
1780038600000,2026-05-29T07:10:00+00:00,25143.7,25149.8,25122.5,25128.6,910
1780038900000,2026-05-29T07:15:00+00:00,25128.1,25134.8,25101.5,25103.5,924
1780039200000,2026-05-29T07:20:00+00:00,25104.3,25113.3,25071.8,25088.3,944
1780039500000,2026-05-29T07:25:00+00:00,25086.1,25115.1,25067.0,25109.8,874
1780039800000,2026-05-29T07:30:00+00:00,25110.1,25120.5,25095.3,25116.1,858
1780040100000,2026-05-29T07:35:00+00:00,25115.8,25124.1,25094.8,25110.6,860
1780040400000,2026-05-29T07:40:00+00:00,25110.1,25118.8,25099.7,25111.3,736
1780040700000,2026-05-29T07:45:00+00:00,25111.0,25132.1,25102.0,25125.1,718
1780041000000,2026-05-29T07:50:00+00:00,25125.3,25154.3,25119.1,25150.8,602
1780041300000,2026-05-29T07:55:00+00:00,25150.3,25160.5,25150.3,25155.3,550
1780041600000,2026-05-29T08:00:00+00:00,25155.5,25176.3,25141.1,25143.4,734
1780041900000,2026-05-29T08:05:00+00:00,25143.5,25151.2,25131.6,25139.7,784
1780042200000,2026-05-29T08:10:00+00:00,25140.8,25165.6,25138.6,25157.3,756
1780042500000,2026-05-29T08:15:00+00:00,25157.0,25162.7,25148.3,25148.3,694
1780042800000,2026-05-29T08:20:00+00:00,25149.1,25159.6,25139.6,25144.0,664
1780043100000,2026-05-29T08:25:00+00:00,25143.8,25164.1,25139.2,25157.5,706
1780043400000,2026-05-29T08:30:00+00:00,25156.6,25162.8,25142.2,25145.6,644
1780043700000,2026-05-29T08:35:00+00:00,25145.8,25158.5,25137.8,25140.1,636
1780044000000,2026-05-29T08:40:00+00:00,25139.8,25148.2,25134.1,25142.8,690
1780044300000,2026-05-29T08:45:00+00:00,25142.7,25145.5,25123.5,25124.6,590
1780044600000,2026-05-29T08:50:00+00:00,25124.5,25130.8,25105.2,25121.9,702
1780044900000,2026-05-29T08:55:00+00:00,25120.5,25129.8,25109.8,25110.1,580
1780045200000,2026-05-29T09:00:00+00:00,25109.8,25131.7,25100.2,25119.6,780
1780045500000,2026-05-29T09:05:00+00:00,25120.0,25134.1,25115.7,25129.5,664
1780045800000,2026-05-29T09:10:00+00:00,25129.7,25152.6,25127.2,25140.6,720
1780046100000,2026-05-29T09:15:00+00:00,25140.7,25171.5,25130.8,25168.8,752
1780046400000,2026-05-29T09:20:00+00:00,25168.7,25176.2,25147.5,25150.2,768
1780046700000,2026-05-29T09:25:00+00:00,25150.0,25166.3,25142.2,25157.1,734
1780047000000,2026-05-29T09:30:00+00:00,25157.3,25170.2,25154.2,25167.1,716
1780047300000,2026-05-29T09:35:00+00:00,25166.5,25179.2,25160.2,25169.0,732
1780047600000,2026-05-29T09:40:00+00:00,25169.1,25172.8,25160.7,25168.5,678
1780047900000,2026-05-29T09:45:00+00:00,25166.8,25193.1,25165.5,25183.4,716
1780048200000,2026-05-29T09:50:00+00:00,25185.8,25185.8,25148.8,25159.0,768
1780048500000,2026-05-29T09:55:00+00:00,25158.8,25162.2,25143.5,25144.2,799
1780048800000,2026-05-29T10:00:00+00:00,25146.3,25151.4,25130.2,25131.2,784
1780049100000,2026-05-29T10:05:00+00:00,25131.3,25138.1,25104.5,25105.7,680
1780049400000,2026-05-29T10:10:00+00:00,25106.3,25120.7,25094.6,25109.8,678
1780049700000,2026-05-29T10:15:00+00:00,25109.5,25129.8,25106.6,25127.5,600
1780050000000,2026-05-29T10:20:00+00:00,25127.1,25146.3,25127.1,25141.7,636
1780050300000,2026-05-29T10:25:00+00:00,25141.6,25144.2,25115.4,25117.1,606
1780050600000,2026-05-29T10:30:00+00:00,25116.8,25119.8,25103.9,25117.3,708
1780050900000,2026-05-29T10:35:00+00:00,25117.1,25130.7,25115.1,25121.0,660
1780051200000,2026-05-29T10:40:00+00:00,25121.1,25132.5,25114.3,25129.8,642
1780051500000,2026-05-29T10:45:00+00:00,25129.2,25135.5,25123.1,25131.5,508
1780051800000,2026-05-29T10:50:00+00:00,25131.6,25144.3,25131.3,25132.0,488
1780052100000,2026-05-29T10:55:00+00:00,25131.5,25135.0,25124.6,25129.8,644
1780052400000,2026-05-29T11:00:00+00:00,25129.3,25143.6,25112.5,25115.8,788
1780052700000,2026-05-29T11:05:00+00:00,25116.1,25123.0,25100.1,25122.7,630
1780053000000,2026-05-29T11:10:00+00:00,25123.0,25131.5,25115.8,25123.5,726
1780053300000,2026-05-29T11:15:00+00:00,25123.3,25133.3,25118.6,25129.3,616
1780053600000,2026-05-29T11:20:00+00:00,25129.7,25135.3,25106.4,25106.7,596
1780053900000,2026-05-29T11:25:00+00:00,25107.5,25118.6,25082.0,25082.6,724
1780054200000,2026-05-29T11:30:00+00:00,25084.2,25084.3,25049.5,25061.3,760
1780054500000,2026-05-29T11:35:00+00:00,25064.1,25077.7,25055.3,25077.5,734
1780054800000,2026-05-29T11:40:00+00:00,25077.7,25087.0,25072.5,25073.2,600
1780055100000,2026-05-29T11:45:00+00:00,25072.6,25088.3,25072.1,25075.3,554
1780055400000,2026-05-29T11:50:00+00:00,25074.4,25078.4,25023.8,25064.8,792
1780055700000,2026-05-29T11:55:00+00:00,25065.0,25086.1,25063.1,25085.3,466
1780056000000,2026-05-29T12:00:00+00:00,25083.5,25092.1,25057.1,25059.5,588
1780056300000,2026-05-29T12:05:00+00:00,25059.3,25071.1,25050.1,25068.5,664
1780056600000,2026-05-29T12:10:00+00:00,25068.1,25101.3,25068.1,25094.6,700
1780056900000,2026-05-29T12:15:00+00:00,25095.1,25109.1,25091.1,25097.1,638
1780057200000,2026-05-29T12:20:00+00:00,25096.8,25098.5,25088.3,25096.5,640
1780057500000,2026-05-29T12:25:00+00:00,25093.2,25100.2,25085.6,25096.8,520
1780057800000,2026-05-29T12:30:00+00:00,25098.8,25109.2,25063.6,25105.8,692
1780058100000,2026-05-29T12:35:00+00:00,25105.3,25105.7,25090.0,25093.5,570
1780058400000,2026-05-29T12:40:00+00:00,25093.6,25102.6,25078.1,25102.2,640
1780058700000,2026-05-29T12:45:00+00:00,25101.8,25101.8,25079.1,25085.2,600
1780059000000,2026-05-29T12:50:00+00:00,25085.3,25107.3,25085.1,25101.7,646
1780059300000,2026-05-29T12:55:00+00:00,25101.1,25105.1,25094.7,25096.5,636
1780059600000,2026-05-29T13:00:00+00:00,25095.3,25127.8,25093.5,25125.2,732
1780059900000,2026-05-29T13:05:00+00:00,25125.3,25127.7,25103.1,25106.7,716
1780060200000,2026-05-29T13:10:00+00:00,25106.5,25117.0,25099.0,25100.3,682
1780060500000,2026-05-29T13:15:00+00:00,25102.2,25103.1,25078.1,25078.2,700
1780060800000,2026-05-29T13:20:00+00:00,25078.0,25078.8,25063.0,25073.2,674
1780061100000,2026-05-29T13:25:00+00:00,25073.3,25076.5,25052.5,25067.5,774
1780061400000,2026-05-29T13:30:00+00:00,25065.4,25084.0,25041.1,25042.3,990
1780061700000,2026-05-29T13:35:00+00:00,25042.5,25059.8,25032.2,25058.2,964
1780062000000,2026-05-29T13:40:00+00:00,25057.7,25074.2,25043.8,25053.2,858
1780062300000,2026-05-29T13:45:00+00:00,25053.5,25057.1,25043.8,25054.7,854
1780062600000,2026-05-29T13:50:00+00:00,25054.8,25076.5,25046.5,25066.7,874
1780062900000,2026-05-29T13:55:00+00:00,25066.8,25067.9,25037.7,25042.2,840
1780063200000,2026-05-29T14:00:00+00:00,25043.1,25048.1,25030.3,25047.2,974
1780063500000,2026-05-29T14:05:00+00:00,25047.3,25056.6,25027.9,25035.8,904
1780063800000,2026-05-29T14:10:00+00:00,25036.8,25064.6,25034.5,25051.0,874
1780064100000,2026-05-29T14:15:00+00:00,25050.8,25053.7,25034.8,25050.2,892
1780064400000,2026-05-29T14:20:00+00:00,25048.1,25076.3,25048.1,25057.7,896
1780064700000,2026-05-29T14:25:00+00:00,25057.1,25072.4,25048.6,25068.8,960
1780065000000,2026-05-29T14:30:00+00:00,25068.5,25103.3,25068.5,25101.1,912
1780065300000,2026-05-29T14:35:00+00:00,25101.8,25102.3,25069.0,25069.5,946
1780065600000,2026-05-29T14:40:00+00:00,25068.8,25082.1,25065.3,25077.1,938
1780065900000,2026-05-29T14:45:00+00:00,25076.8,25085.3,25058.3,25074.6,884
1780066200000,2026-05-29T14:50:00+00:00,25074.5,25186.5,25073.3,25144.3,1004
1780066500000,2026-05-29T14:55:00+00:00,25144.8,25167.3,25136.2,25139.6,944
1780066800000,2026-05-29T15:00:00+00:00,25140.2,25155.9,25132.7,25142.1,986
1780067100000,2026-05-29T15:05:00+00:00,25141.5,25160.1,25127.5,25148.1,964
1780067400000,2026-05-29T15:10:00+00:00,25148.2,25188.3,25147.0,25181.8,934
1780067700000,2026-05-29T15:15:00+00:00,25182.5,25195.4,25151.8,25151.8,956
1780068000000,2026-05-29T15:20:00+00:00,25152.2,25186.8,25145.2,25177.8,960
1780068300000,2026-05-29T15:25:00+00:00,25177.7,25178.7,25120.0,25123.7,1028
1780068600000,2026-05-29T15:30:00+00:00,25113.6,25133.4,25089.8,25093.6,1100
1780068900000,2026-05-29T15:35:00+00:00,25084.6,25114.6,25042.9,25078.3,1034
1780069200000,2026-05-29T15:40:00+00:00,25078.6,25095.6,25063.8,25076.6,982
1780069500000,2026-05-29T15:45:00+00:00,25076.9,25100.3,25067.9,25094.6,950
1780069800000,2026-05-29T15:50:00+00:00,25093.6,25099.8,25081.7,25094.6,838
1780070100000,2026-05-29T15:55:00+00:00,25093.8,25106.8,25088.3,25097.6,764
1780070400000,2026-05-29T16:00:00+00:00,25098.8,25108.8,25090.8,25104.6,666
1780070700000,2026-05-29T16:05:00+00:00,25105.1,25111.9,25105.1,25109.5,642
1780071000000,2026-05-29T16:10:00+00:00,25111.7,25115.9,25099.6,25107.3,634
1780071300000,2026-05-29T16:15:00+00:00,25107.0,25108.5,25098.6,25101.8,600
1780071600000,2026-05-29T16:20:00+00:00,25101.7,25105.1,25090.6,25090.8,624
1780071900000,2026-05-29T16:25:00+00:00,25090.6,25093.1,25083.2,25091.8,540
1780072200000,2026-05-29T16:30:00+00:00,25091.7,25119.8,25088.2,25101.7,688
1780072500000,2026-05-29T16:35:00+00:00,25102.1,25118.1,25097.8,25114.9,624
1780072800000,2026-05-29T16:40:00+00:00,25115.1,25118.9,25110.3,25112.8,520
1780073100000,2026-05-29T16:45:00+00:00,25113.1,25113.1,25095.4,25099.5,520
1780073400000,2026-05-29T16:50:00+00:00,25099.1,25107.5,25090.8,25104.6,580
1780073700000,2026-05-29T16:55:00+00:00,25104.8,25105.1,25089.7,25096.3,572
1780074000000,2026-05-29T17:00:00+00:00,25096.6,25108.8,25094.1,25094.6,458
1780074300000,2026-05-29T17:05:00+00:00,25094.9,25101.6,25092.3,25100.6,360
1780074600000,2026-05-29T17:10:00+00:00,25100.4,25106.8,25091.1,25098.1,430
1780074900000,2026-05-29T17:15:00+00:00,25098.2,25107.5,25097.6,25102.1,414
1780075200000,2026-05-29T17:20:00+00:00,25102.2,25104.8,25085.3,25097.5,538
1780075500000,2026-05-29T17:25:00+00:00,25097.6,25097.8,25084.3,25090.8,448
1780075800000,2026-05-29T17:30:00+00:00,25088.8,25094.1,25085.8,25093.1,496
1780076100000,2026-05-29T17:35:00+00:00,25093.3,25095.3,25081.7,25083.5,422
1780076400000,2026-05-29T17:40:00+00:00,25083.3,25092.6,25078.2,25081.8,496
1780076700000,2026-05-29T17:45:00+00:00,25082.3,25082.9,25075.7,25081.6,478
1780077000000,2026-05-29T17:50:00+00:00,25081.7,25081.9,25061.2,25062.0,478
1780077300000,2026-05-29T17:55:00+00:00,25061.3,25061.5,25047.1,25047.8,620
1780077600000,2026-05-29T18:00:00+00:00,25048.1,25059.2,25048.1,25058.8,582
1780077900000,2026-05-29T18:05:00+00:00,25059.1,25064.1,25053.7,25061.1,436
1780078200000,2026-05-29T18:10:00+00:00,25060.1,25064.3,25048.3,25053.1,476
1780078500000,2026-05-29T18:15:00+00:00,25053.4,25059.1,25047.0,25055.3,556
1780078800000,2026-05-29T18:20:00+00:00,25055.1,25062.6,25054.5,25058.3,422
1780079100000,2026-05-29T18:25:00+00:00,25058.1,25063.1,25053.4,25054.1,366
1780079400000,2026-05-29T18:30:00+00:00,25054.6,25070.1,25054.6,25069.3,356
1780079700000,2026-05-29T18:35:00+00:00,25069.5,25073.1,25066.6,25072.6,390
1780080000000,2026-05-29T18:40:00+00:00,25072.5,25075.0,25060.6,25061.3,378
1780080300000,2026-05-29T18:45:00+00:00,25060.8,25060.8,25015.4,25036.6,736
1780080600000,2026-05-29T18:50:00+00:00,25038.1,25044.9,25030.1,25032.6,578
1780080900000,2026-05-29T18:55:00+00:00,25033.3,25042.5,25028.6,25029.3,558
1780081200000,2026-05-29T19:00:00+00:00,25028.6,25035.5,25024.1,25025.8,588
1780081500000,2026-05-29T19:05:00+00:00,25026.1,25056.1,25026.1,25054.7,480
1780081800000,2026-05-29T19:10:00+00:00,25054.8,25055.5,25043.5,25045.8,400
1780082100000,2026-05-29T19:15:00+00:00,25046.5,25047.1,25039.1,25042.6,432
1780082400000,2026-05-29T19:20:00+00:00,25042.7,25057.2,25039.2,25055.1,370
1780082700000,2026-05-29T19:25:00+00:00,25054.7,25060.1,25047.0,25058.9,388
1780083000000,2026-05-29T19:30:00+00:00,25060.1,25066.1,25055.8,25060.3,486
1780083300000,2026-05-29T19:35:00+00:00,25060.4,25064.8,25054.2,25058.5,456
1780083600000,2026-05-29T19:40:00+00:00,25058.6,25060.1,25044.1,25044.3,442
1780083900000,2026-05-29T19:45:00+00:00,25044.6,25046.1,25035.3,25040.6,480
1780084200000,2026-05-29T19:50:00+00:00,25039.6,25063.1,25039.6,25050.1,696
1780272900000,2026-06-01T00:15:00+00:00,25090.0,25114.0,25089.5,25094.0,230
1780273200000,2026-06-01T00:20:00+00:00,25096.5,25113.0,25096.5,25103.0,112
1780273500000,2026-06-01T00:25:00+00:00,25103.2,25104.0,25087.0,25100.0,130
1780273800000,2026-06-01T00:30:00+00:00,25103.0,25107.0,25093.5,25098.0,294
1780274100000,2026-06-01T00:35:00+00:00,25099.0,25105.0,25093.0,25104.0,202
1780274400000,2026-06-01T00:40:00+00:00,25103.0,25114.0,25099.0,25106.0,190
1780274700000,2026-06-01T00:45:00+00:00,25109.0,25118.0,25106.0,25109.0,200
1780275000000,2026-06-01T00:50:00+00:00,25110.0,25112.0,25102.0,25110.0,200
1780275300000,2026-06-01T00:55:00+00:00,25111.5,25119.0,25110.0,25115.0,196
1780275600000,2026-06-01T01:00:00+00:00,25116.0,25125.0,25089.5,25100.0,320
1780275900000,2026-06-01T01:05:00+00:00,25099.0,25101.5,25087.5,25096.5,254
1780276200000,2026-06-01T01:10:00+00:00,25095.5,25110.0,25095.0,25110.0,206
1780276500000,2026-06-01T01:15:00+00:00,25111.0,25118.2,25108.0,25114.0,190
1780276800000,2026-06-01T01:20:00+00:00,25115.0,25130.0,25113.0,25118.0,190
1780277100000,2026-06-01T01:25:00+00:00,25117.0,25122.0,25107.0,25109.0,212
1780277400000,2026-06-01T01:30:00+00:00,25110.0,25127.0,25106.0,25127.0,262
1780277700000,2026-06-01T01:35:00+00:00,25126.0,25131.0,25117.0,25122.0,238
1780278000000,2026-06-01T01:40:00+00:00,25121.0,25129.0,25121.0,25128.0,224
1780278300000,2026-06-01T01:45:00+00:00,25129.0,25130.0,25120.0,25124.0,286
1780278600000,2026-06-01T01:50:00+00:00,25123.5,25131.2,25122.0,25127.0,220
1780278900000,2026-06-01T01:55:00+00:00,25128.0,25130.0,25125.0,25127.0,134
1780279200000,2026-06-01T02:00:00+00:00,25126.0,25131.0,25123.0,25127.0,196
1780279500000,2026-06-01T02:05:00+00:00,25128.0,25132.0,25126.5,25131.0,202
1780279800000,2026-06-01T02:10:00+00:00,25130.0,25133.2,25127.0,25132.0,92
1780280100000,2026-06-01T02:15:00+00:00,25132.2,25137.2,25130.2,25132.0,130
1780280400000,2026-06-01T02:20:00+00:00,25133.0,25137.2,25131.0,25137.2,126
1780280700000,2026-06-01T02:25:00+00:00,25138.2,25145.2,25135.5,25140.0,128
1780281000000,2026-06-01T02:30:00+00:00,25141.0,25142.0,25128.0,25136.0,224
1780281300000,2026-06-01T02:35:00+00:00,25135.0,25145.0,25135.0,25143.0,136
1780281600000,2026-06-01T02:40:00+00:00,25142.0,25142.0,25131.0,25131.5,132
1780281900000,2026-06-01T02:45:00+00:00,25132.0,25133.0,25126.0,25130.0,142
1780282200000,2026-06-01T02:50:00+00:00,25131.0,25132.5,25127.0,25130.5,182
1780282500000,2026-06-01T02:55:00+00:00,25129.5,25134.0,25129.5,25132.0,140
1780282800000,2026-06-01T03:00:00+00:00,25133.0,25141.0,25133.0,25136.0,168
1780283100000,2026-06-01T03:05:00+00:00,25137.0,25137.0,25131.0,25134.0,236
1780283400000,2026-06-01T03:10:00+00:00,25133.0,25136.0,25129.0,25129.0,116
1780283700000,2026-06-01T03:15:00+00:00,25130.0,25130.0,25108.5,25126.0,210
1780284000000,2026-06-01T03:20:00+00:00,25125.5,25129.0,25122.0,25126.0,144
1780284300000,2026-06-01T03:25:00+00:00,25125.0,25128.0,25119.0,25119.0,120
1780284600000,2026-06-01T03:30:00+00:00,25120.0,25138.2,25120.0,25129.0,182
1780284900000,2026-06-01T03:35:00+00:00,25128.0,25129.0,25107.0,25107.0,206
1780285200000,2026-06-01T03:40:00+00:00,25106.0,25107.0,25089.0,25089.0,186
1780285500000,2026-06-01T03:45:00+00:00,25087.0,25093.0,25077.0,25089.5,180
1780285800000,2026-06-01T03:50:00+00:00,25090.0,25093.0,25079.0,25079.0,198
1780286100000,2026-06-01T03:55:00+00:00,25080.0,25087.0,25079.0,25085.0,222
1780286400000,2026-06-01T04:00:00+00:00,25086.0,25096.0,25082.0,25092.0,196
1780286700000,2026-06-01T04:05:00+00:00,25091.0,25093.0,25080.0,25089.0,174
1780287000000,2026-06-01T04:10:00+00:00,25088.0,25104.0,25088.0,25104.0,170
1780287300000,2026-06-01T04:15:00+00:00,25103.0,25114.0,25102.0,25114.0,126
1780287600000,2026-06-01T04:20:00+00:00,25115.0,25120.0,25115.0,25118.0,164
1780287900000,2026-06-01T04:25:00+00:00,25118.5,25118.5,25110.0,25116.0,174
1780288200000,2026-06-01T04:30:00+00:00,25117.0,25120.0,25113.0,25114.0,100
1780288500000,2026-06-01T04:35:00+00:00,25113.5,25129.0,25113.5,25128.0,130
1780288800000,2026-06-01T04:40:00+00:00,25129.0,25136.0,25128.0,25133.0,174
1780289100000,2026-06-01T04:45:00+00:00,25128.0,25128.0,25112.0,25113.0,146
1780289400000,2026-06-01T04:50:00+00:00,25114.0,25122.0,25113.0,25119.0,96
1780289700000,2026-06-01T04:55:00+00:00,25120.0,25122.0,25115.0,25120.0,86
1780290000000,2026-06-01T05:00:00+00:00,25120.5,25123.5,25114.0,25122.0,170
1780290300000,2026-06-01T05:05:00+00:00,25121.0,25126.0,25120.0,25122.0,128
1780290600000,2026-06-01T05:10:00+00:00,25121.0,25124.0,25116.0,25121.0,172
1780290900000,2026-06-01T05:15:00+00:00,25120.0,25121.0,25112.0,25116.0,114
1780291200000,2026-06-01T05:20:00+00:00,25115.0,25120.0,25112.0,25113.0,160
1780291500000,2026-06-01T05:25:00+00:00,25114.0,25114.0,25100.0,25101.0,172
1780291800000,2026-06-01T05:30:00+00:00,25102.0,25117.2,25100.0,25111.0,254
1780292100000,2026-06-01T05:35:00+00:00,25112.0,25125.0,25112.0,25124.0,162
1780292400000,2026-06-01T05:40:00+00:00,25125.0,25129.0,25123.0,25128.0,104
1780292700000,2026-06-01T05:45:00+00:00,25127.2,25132.0,25127.0,25130.0,88
1780293000000,2026-06-01T05:50:00+00:00,25129.0,25132.2,25122.0,25123.0,120
1780293300000,2026-06-01T05:55:00+00:00,25122.0,25132.0,25122.0,25127.0,124
1780293600000,2026-06-01T06:00:00+00:00,25129.2,25129.2,25112.8,25118.8,290
1780293900000,2026-06-01T06:05:00+00:00,25121.8,25123.8,25114.8,25122.8,196
1780294200000,2026-06-01T06:10:00+00:00,25120.8,25137.8,25120.8,25123.8,186
1780294500000,2026-06-01T06:15:00+00:00,25122.8,25128.8,25111.8,25117.8,162
1780294800000,2026-06-01T06:20:00+00:00,25116.8,25122.8,25106.8,25106.8,136
1780295100000,2026-06-01T06:25:00+00:00,25107.8,25109.8,25074.8,25074.8,180
1780295400000,2026-06-01T06:30:00+00:00,25077.8,25096.8,25075.8,25088.8,214
1780295700000,2026-06-01T06:35:00+00:00,25086.8,25086.8,25070.8,25074.8,202
1780296000000,2026-06-01T06:40:00+00:00,25075.8,25086.8,25072.8,25084.8,202
1780296300000,2026-06-01T06:45:00+00:00,25083.8,25085.8,25056.8,25084.8,302
1780296600000,2026-06-01T06:50:00+00:00,25085.8,25091.8,25082.8,25090.8,230
1780296900000,2026-06-01T06:55:00+00:00,25089.8,25093.8,25073.8,25085.8,260
1780297200000,2026-06-01T07:00:00+00:00,25086.8,25133.8,25061.8,25126.8,704
1780297500000,2026-06-01T07:05:00+00:00,25127.8,25146.8,25097.8,25143.8,550
1780297800000,2026-06-01T07:10:00+00:00,25142.8,25152.8,25109.8,25130.8,458
1780298100000,2026-06-01T07:15:00+00:00,25131.8,25136.8,25114.8,25132.8,494
1780298400000,2026-06-01T07:20:00+00:00,25134.8,25135.8,25106.8,25114.8,486
1780298700000,2026-06-01T07:25:00+00:00,25115.8,25123.8,25104.8,25116.8,422
1780299000000,2026-06-01T07:30:00+00:00,25114.8,25124.8,25097.8,25103.8,408
1780299300000,2026-06-01T07:35:00+00:00,25104.8,25118.8,25098.8,25111.8,374
1780299600000,2026-06-01T07:40:00+00:00,25113.8,25114.8,25087.8,25093.8,354
1780299900000,2026-06-01T07:45:00+00:00,25092.8,25108.8,25085.8,25102.8,362
1780300200000,2026-06-01T07:50:00+00:00,25101.8,25120.8,25098.8,25119.8,314
1780300500000,2026-06-01T07:55:00+00:00,25120.8,25137.8,25120.8,25130.8,260
1780300800000,2026-06-01T08:00:00+00:00,25131.8,25184.8,25129.8,25156.8,488
1780301100000,2026-06-01T08:05:00+00:00,25157.8,25174.8,25153.8,25171.8,398
1780301400000,2026-06-01T08:10:00+00:00,25170.8,25171.8,25148.8,25151.8,366
1780301700000,2026-06-01T08:15:00+00:00,25150.8,25151.8,25124.8,25132.8,354
1780302000000,2026-06-01T08:20:00+00:00,25133.8,25141.8,25117.8,25127.8,328
1780302300000,2026-06-01T08:25:00+00:00,25128.8,25142.8,25127.8,25138.8,264
1780302600000,2026-06-01T08:30:00+00:00,25139.8,25143.8,25098.8,25108.8,412
1780302900000,2026-06-01T08:35:00+00:00,25107.8,25125.8,25106.8,25125.8,354
1780303200000,2026-06-01T08:40:00+00:00,25127.8,25147.8,25121.8,25147.8,288
1780303500000,2026-06-01T08:45:00+00:00,25146.8,25147.8,25123.8,25145.8,290
1780303800000,2026-06-01T08:50:00+00:00,25146.8,25153.8,25137.8,25147.8,316
1780304100000,2026-06-01T08:55:00+00:00,25146.8,25152.8,25142.8,25147.8,170
1780304400000,2026-06-01T09:00:00+00:00,25150.8,25176.8,25150.8,25172.8,300
1780304700000,2026-06-01T09:05:00+00:00,25174.8,25180.8,25164.8,25178.8,294
1780305000000,2026-06-01T09:10:00+00:00,25180.8,25192.8,25176.8,25190.8,358
1780305300000,2026-06-01T09:15:00+00:00,25191.8,25191.8,25176.8,25186.8,294
1780305600000,2026-06-01T09:20:00+00:00,25187.8,25187.8,25167.8,25176.8,268
1780305900000,2026-06-01T09:25:00+00:00,25177.8,25204.8,25171.8,25203.8,336
1780306200000,2026-06-01T09:30:00+00:00,25201.8,25211.8,25197.8,25205.8,270
1780306500000,2026-06-01T09:35:00+00:00,25206.8,25206.8,25173.8,25174.8,238
1780306800000,2026-06-01T09:40:00+00:00,25173.8,25180.8,25159.8,25160.8,272
1780307100000,2026-06-01T09:45:00+00:00,25161.8,25162.8,25140.8,25143.8,316
1780307400000,2026-06-01T09:50:00+00:00,25144.8,25153.8,25135.8,25135.8,244
1780307700000,2026-06-01T09:55:00+00:00,25134.8,25139.8,25117.8,25139.8,282
1780308000000,2026-06-01T10:00:00+00:00,25144.8,25150.8,25125.8,25134.8,294
1780308300000,2026-06-01T10:05:00+00:00,25135.8,25166.8,25131.8,25166.8,260
1780308600000,2026-06-01T10:10:00+00:00,25167.8,25182.8,25166.8,25169.8,242
1780308900000,2026-06-01T10:15:00+00:00,25168.8,25170.8,25161.8,25163.8,268
1780309200000,2026-06-01T10:20:00+00:00,25164.8,25182.8,25160.8,25182.8,262
1780309500000,2026-06-01T10:25:00+00:00,25183.8,25194.8,25182.8,25187.8,218
1780309800000,2026-06-01T10:30:00+00:00,25188.8,25199.8,25188.8,25195.8,202
1780310100000,2026-06-01T10:35:00+00:00,25196.8,25200.8,25191.8,25197.8,224
1780310400000,2026-06-01T10:40:00+00:00,25192.8,25206.8,25185.8,25206.8,238
1780310700000,2026-06-01T10:45:00+00:00,25208.8,25218.8,25196.8,25217.8,294
1780311000000,2026-06-01T10:50:00+00:00,25215.8,25242.8,25210.8,25241.8,364
1780311300000,2026-06-01T10:55:00+00:00,25242.8,25248.8,25209.8,25209.8,338
1780311600000,2026-06-01T11:00:00+00:00,25206.8,25225.8,25204.8,25205.8,396
1780311900000,2026-06-01T11:05:00+00:00,25204.8,25205.8,25176.8,25185.8,370
1780312200000,2026-06-01T11:10:00+00:00,25184.8,25187.8,25173.8,25185.8,306
1780312500000,2026-06-01T11:15:00+00:00,25186.8,25192.8,25183.8,25183.8,234
1780312800000,2026-06-01T11:20:00+00:00,25184.8,25195.8,25174.8,25191.8,284
1780313100000,2026-06-01T11:25:00+00:00,25190.8,25195.8,25183.8,25193.8,250
1780313400000,2026-06-01T11:30:00+00:00,25192.8,25206.8,25187.8,25201.8,266
1780313700000,2026-06-01T11:35:00+00:00,25203.8,25245.8,25202.8,25244.8,310
1780314000000,2026-06-01T11:40:00+00:00,25245.8,25245.8,25224.8,25227.8,346
1780314300000,2026-06-01T11:45:00+00:00,25223.8,25229.8,25210.8,25225.8,288
1780314600000,2026-06-01T11:50:00+00:00,25224.8,25226.8,25205.8,25212.8,292
1780314900000,2026-06-01T11:55:00+00:00,25213.8,25239.8,25212.8,25234.8,320
1780315200000,2026-06-01T12:00:00+00:00,25235.8,25243.8,25228.8,25242.8,340
1780315500000,2026-06-01T12:05:00+00:00,25241.8,25250.8,25228.8,25237.8,312
1780315800000,2026-06-01T12:10:00+00:00,25238.8,25246.8,25216.8,25216.8,348
1780316100000,2026-06-01T12:15:00+00:00,25215.8,25228.8,25210.8,25216.8,338
1780316400000,2026-06-01T12:20:00+00:00,25217.8,25239.8,25213.8,25239.8,332
1780316700000,2026-06-01T12:25:00+00:00,25240.8,25259.8,25238.8,25250.8,332
1780317000000,2026-06-01T12:30:00+00:00,25249.8,25250.8,25232.8,25237.8,340
1780317300000,2026-06-01T12:35:00+00:00,25236.8,25256.8,25235.8,25250.8,272
1780317600000,2026-06-01T12:40:00+00:00,25249.8,25283.8,25242.8,25275.8,416
1780317900000,2026-06-01T12:45:00+00:00,25274.8,25301.8,25271.8,25299.8,444
1780318200000,2026-06-01T12:50:00+00:00,25298.8,25298.8,25269.8,25274.8,410
1780318500000,2026-06-01T12:55:00+00:00,25275.8,25276.8,25256.8,25264.8,316
1780318800000,2026-06-01T13:00:00+00:00,25266.8,25267.8,25217.8,25225.8,362
1780319100000,2026-06-01T13:05:00+00:00,25224.8,25234.8,25202.8,25222.8,354
1780319400000,2026-06-01T13:10:00+00:00,25221.8,25225.8,24972.8,25053.8,868
1780319700000,2026-06-01T13:15:00+00:00,25052.8,25111.8,25045.8,25078.8,802
1780320000000,2026-06-01T13:20:00+00:00,25079.8,25080.8,24998.8,25011.8,806
1780320300000,2026-06-01T13:25:00+00:00,25013.8,25019.8,24996.8,25009.8,705
1780320600000,2026-06-01T13:30:00+00:00,25010.8,25014.8,24959.8,24971.8,822
1780320900000,2026-06-01T13:35:00+00:00,24973.8,25024.8,24971.8,25012.8,772
1780321200000,2026-06-01T13:40:00+00:00,25015.8,25019.8,24977.8,25003.8,670
1780321500000,2026-06-01T13:45:00+00:00,25006.8,25030.8,24991.8,25001.8,692
1780321800000,2026-06-01T13:50:00+00:00,25002.8,25013.8,24933.8,24954.8,732
1780322100000,2026-06-01T13:55:00+00:00,24953.8,24955.8,24917.8,24930.0,608
1780322400000,2026-06-01T14:00:00+00:00,24927.0,24957.8,24893.8,24949.8,658
1780322700000,2026-06-01T14:05:00+00:00,24950.8,24982.8,24937.8,24982.8,665
1780323000000,2026-06-01T14:10:00+00:00,24980.8,24991.8,24955.8,24979.8,671
1780323300000,2026-06-01T14:15:00+00:00,24980.8,25041.8,24941.8,24951.8,646
1780323600000,2026-06-01T14:20:00+00:00,24948.8,24968.8,24925.8,24940.8,601
1780323900000,2026-06-01T14:25:00+00:00,24942.8,24969.8,24925.8,24959.8,580
1780324200000,2026-06-01T14:30:00+00:00,24961.8,24995.8,24944.8,24949.8,624
1780324500000,2026-06-01T14:35:00+00:00,24948.8,24950.8,24922.8,24944.8,505
1780324800000,2026-06-01T14:40:00+00:00,24945.8,24975.8,24944.8,24961.8,462
1780325100000,2026-06-01T14:45:00+00:00,24962.8,24964.8,24934.8,24934.8,398
1780325400000,2026-06-01T14:50:00+00:00,24933.8,24943.8,24923.8,24924.8,452
1780325700000,2026-06-01T14:55:00+00:00,24925.8,24927.8,24908.8,24916.8,465
1780326000000,2026-06-01T15:00:00+00:00,24919.8,24960.8,24900.8,24956.8,489
1780326300000,2026-06-01T15:05:00+00:00,24958.8,24985.8,24929.8,24963.8,630
1780326600000,2026-06-01T15:10:00+00:00,24962.8,24990.8,24960.8,24976.8,482
1780326900000,2026-06-01T15:15:00+00:00,24977.8,24983.8,24955.8,24960.8,420
1780327200000,2026-06-01T15:20:00+00:00,24962.8,24988.8,24959.8,24984.8,366
1780327500000,2026-06-01T15:25:00+00:00,24981.8,24998.8,24973.8,24985.8,445
1780327800000,2026-06-01T15:30:00+00:00,24983.8,25062.8,24983.8,25007.8,770
1780328100000,2026-06-01T15:35:00+00:00,25004.8,25033.8,24999.8,25030.8,530
1780328400000,2026-06-01T15:40:00+00:00,25029.8,25036.8,25016.8,25018.8,344
1780328700000,2026-06-01T15:45:00+00:00,25019.8,25020.8,24997.8,25001.8,286
1780329000000,2026-06-01T15:50:00+00:00,25000.8,25005.8,24992.8,24997.8,342
1780329300000,2026-06-01T15:55:00+00:00,24996.8,24997.8,24983.8,24986.8,262
1780329600000,2026-06-01T16:00:00+00:00,24985.8,25010.8,24985.8,24996.8,312
1780329900000,2026-06-01T16:05:00+00:00,24995.8,24995.8,24986.8,24988.8,252
1780330200000,2026-06-01T16:10:00+00:00,24987.8,24988.8,24967.8,24978.8,378
1780330500000,2026-06-01T16:15:00+00:00,24977.8,24980.8,24950.8,24965.8,322
1780330800000,2026-06-01T16:20:00+00:00,24966.8,24972.8,24962.8,24969.8,194
1780331100000,2026-06-01T16:25:00+00:00,24970.8,24979.8,24958.8,24975.8,200
1780331400000,2026-06-01T16:30:00+00:00,24980.8,25000.8,24974.8,24982.8,390
1780331700000,2026-06-01T16:35:00+00:00,24981.8,24993.8,24980.8,24988.8,284
1780332000000,2026-06-01T16:40:00+00:00,24989.8,24991.8,24984.8,24989.8,166
1780332300000,2026-06-01T16:45:00+00:00,24988.8,25000.8,24980.8,24994.8,228
1780332600000,2026-06-01T16:50:00+00:00,24999.8,25058.8,24992.8,25052.8,528
1780332900000,2026-06-01T16:55:00+00:00,25050.8,25059.8,25040.8,25053.8,442
1780333200000,2026-06-01T17:00:00+00:00,25054.8,25059.8,25022.8,25025.8,428
1780333500000,2026-06-01T17:05:00+00:00,25024.8,25037.8,25015.8,25017.8,244
1780333800000,2026-06-01T17:10:00+00:00,25018.8,25030.8,25018.8,25029.8,172
1780334100000,2026-06-01T17:15:00+00:00,25028.8,25032.8,25024.8,25032.8,98
1780334400000,2026-06-01T17:20:00+00:00,25030.8,25043.8,25030.8,25038.8,176
1780334700000,2026-06-01T17:25:00+00:00,25037.8,25095.8,25035.8,25091.0,175
1780335000000,2026-06-01T17:30:00+00:00,25097.8,25106.8,25067.8,25071.8,572
1780335300000,2026-06-01T17:35:00+00:00,25073.8,25086.8,25067.8,25076.8,310
1780335600000,2026-06-01T17:40:00+00:00,25077.8,25172.8,25076.8,25111.8,384
1780335900000,2026-06-01T17:45:00+00:00,25112.8,25120.8,25098.8,25101.8,288
1780336200000,2026-06-01T17:50:00+00:00,25102.8,25117.8,25100.8,25116.8,250
1780336500000,2026-06-01T17:55:00+00:00,25115.8,25119.8,25108.8,25108.8,124
1780336800000,2026-06-01T18:00:00+00:00,25107.8,25116.8,25107.8,25114.8,142
1780337100000,2026-06-01T18:05:00+00:00,25115.8,25128.8,25115.8,25125.8,166
1780337400000,2026-06-01T18:10:00+00:00,25124.8,25124.8,25112.8,25113.8,166
1780337700000,2026-06-01T18:15:00+00:00,25114.8,25122.8,25106.8,25121.8,146
1780338000000,2026-06-01T18:20:00+00:00,25120.8,25122.8,25114.8,25117.8,128
1780338300000,2026-06-01T18:25:00+00:00,25116.8,25117.8,25110.8,25112.8,124
1780338600000,2026-06-01T18:30:00+00:00,25113.8,25114.8,25103.8,25109.8,118
1780338900000,2026-06-01T18:35:00+00:00,25111.8,25114.8,25105.8,25107.8,90
1780339200000,2026-06-01T18:40:00+00:00,25108.8,25111.8,25103.8,25111.8,78
1780339500000,2026-06-01T18:45:00+00:00,25110.8,25115.8,25108.8,25114.8,86
1780339800000,2026-06-01T18:50:00+00:00,25113.8,25114.8,25106.8,25109.8,82
1780340100000,2026-06-01T18:55:00+00:00,25110.8,25115.8,25108.8,25108.8,122
1780340400000,2026-06-01T19:00:00+00:00,25109.8,25120.8,25102.8,25117.8,164
1780340700000,2026-06-01T19:05:00+00:00,25118.8,25118.8,25101.8,25112.8,150
1780341000000,2026-06-01T19:10:00+00:00,25111.8,25115.8,25108.8,25110.8,92
1780341300000,2026-06-01T19:15:00+00:00,25111.8,25119.8,25111.8,25111.8,82
1780341600000,2026-06-01T19:20:00+00:00,25113.8,25119.8,25109.8,25119.8,110
1780341900000,2026-06-01T19:25:00+00:00,25120.8,25126.8,25119.8,25126.8,100
1780342200000,2026-06-01T19:30:00+00:00,25125.8,25125.8,25108.8,25110.8,150
1780342500000,2026-06-01T19:35:00+00:00,25109.8,25110.8,25099.8,25107.8,138
1780342800000,2026-06-01T19:40:00+00:00,25106.8,25109.8,25104.8,25106.8,136
1780343100000,2026-06-01T19:45:00+00:00,25105.8,25109.8,25097.8,25099.8,156
1780343400000,2026-06-01T19:50:00+00:00,25098.8,25099.8,25087.8,25089.8,214
1780343700000,2026-06-01T19:55:00+00:00,25088.8,25090.8,25075.8,25082.8,124
1780359300000,2026-06-02T00:15:00+00:00,24984.4,25023.5,24983.4,25012.4,444
1780359600000,2026-06-02T00:20:00+00:00,25011.4,25020.9,25000.6,25001.6,338
1780359900000,2026-06-02T00:25:00+00:00,25000.6,25019.4,24997.4,25018.4,330
1780360200000,2026-06-02T00:30:00+00:00,25017.4,25039.4,25012.4,25026.4,348
1780360500000,2026-06-02T00:35:00+00:00,25027.4,25033.4,25019.4,25024.4,346
1780360800000,2026-06-02T00:40:00+00:00,25025.4,25027.4,25002.4,25013.4,270
1780361100000,2026-06-02T00:45:00+00:00,25012.4,25014.4,25006.4,25011.6,288
1780361400000,2026-06-02T00:50:00+00:00,25010.4,25010.4,24996.4,24997.4,204
1780361700000,2026-06-02T00:55:00+00:00,24996.4,25000.4,24978.4,24987.4,242
1780362000000,2026-06-02T01:00:00+00:00,24985.4,25007.4,24985.4,25004.4,486
1780362300000,2026-06-02T01:05:00+00:00,25004.6,25023.4,25000.4,25005.4,424
1780362600000,2026-06-02T01:10:00+00:00,25006.4,25037.4,25005.4,25037.4,520
1780362900000,2026-06-02T01:15:00+00:00,25036.9,25038.4,25023.4,25033.4,412
1780363200000,2026-06-02T01:20:00+00:00,25030.4,25048.4,25029.4,25047.4,322
1780363500000,2026-06-02T01:25:00+00:00,25046.4,25048.4,25016.4,25030.4,302
1780363800000,2026-06-02T01:30:00+00:00,25033.4,25050.4,25033.4,25050.4,346
1780364100000,2026-06-02T01:35:00+00:00,25053.4,25061.9,25024.4,25030.4,356
1780364400000,2026-06-02T01:40:00+00:00,25029.4,25046.9,25018.4,25031.4,336
1780364700000,2026-06-02T01:45:00+00:00,25030.4,25031.4,25003.4,25013.4,224
1780365000000,2026-06-02T01:50:00+00:00,25009.9,25023.4,25001.4,25023.4,296
1780365300000,2026-06-02T01:55:00+00:00,25020.9,25028.4,25012.4,25012.4,338
1780365600000,2026-06-02T02:00:00+00:00,25017.4,25034.4,25014.4,25026.4,420
1780365900000,2026-06-02T02:05:00+00:00,25027.4,25035.4,25022.4,25029.4,414
1780366200000,2026-06-02T02:10:00+00:00,25030.4,25038.4,25029.4,25035.4,362
1780366500000,2026-06-02T02:15:00+00:00,25037.4,25050.4,25019.4,25044.4,342
1780366800000,2026-06-02T02:20:00+00:00,25046.4,25052.4,25033.4,25036.9,354
1780367100000,2026-06-02T02:25:00+00:00,25036.4,25051.4,25036.4,25046.4,300
1780367400000,2026-06-02T02:30:00+00:00,25048.4,25054.4,25042.4,25046.4,342
1780367700000,2026-06-02T02:35:00+00:00,25044.9,25051.4,25042.4,25050.4,190
1780368000000,2026-06-02T02:40:00+00:00,25051.4,25057.4,25043.4,25054.4,162
1780368300000,2026-06-02T02:45:00+00:00,25055.4,25058.4,25049.4,25053.4,214
1780368600000,2026-06-02T02:50:00+00:00,25048.9,25060.4,25048.9,25051.4,260
1780368900000,2026-06-02T02:55:00+00:00,25052.4,25062.4,25047.4,25056.4,232
1780369200000,2026-06-02T03:00:00+00:00,25055.4,25058.9,25051.4,25052.9,256
1780369500000,2026-06-02T03:05:00+00:00,25053.4,25053.4,25037.4,25042.4,172
1780369800000,2026-06-02T03:10:00+00:00,25041.4,25067.4,25035.4,25055.9,252
1780370100000,2026-06-02T03:15:00+00:00,25057.4,25063.6,25049.4,25052.4,232
1780370400000,2026-06-02T03:20:00+00:00,25051.4,25056.4,25045.4,25055.4,244
1780370700000,2026-06-02T03:25:00+00:00,25054.4,25059.4,25032.4,25040.4,264
1780371000000,2026-06-02T03:30:00+00:00,25039.4,25045.9,25031.4,25038.4,418
1780371300000,2026-06-02T03:35:00+00:00,25039.4,25045.4,25038.4,25041.4,324
1780371600000,2026-06-02T03:40:00+00:00,25042.4,25064.4,25039.4,25063.4,216
1780371900000,2026-06-02T03:45:00+00:00,25062.4,25074.4,25061.4,25071.9,238
1780372200000,2026-06-02T03:50:00+00:00,25072.4,25080.4,25062.4,25065.4,178
1780372500000,2026-06-02T03:55:00+00:00,25064.4,25076.4,25064.4,25075.9,182
1780372800000,2026-06-02T04:00:00+00:00,25076.4,25089.4,25071.6,25088.4,204
1780373100000,2026-06-02T04:05:00+00:00,25090.4,25099.6,25077.4,25077.4,238
1780373400000,2026-06-02T04:10:00+00:00,25076.4,25095.4,25074.4,25082.4,214
1780373700000,2026-06-02T04:15:00+00:00,25083.4,25092.9,25082.4,25083.4,194
1780374000000,2026-06-02T04:20:00+00:00,25084.4,25091.4,25082.9,25084.4,108
1780374300000,2026-06-02T04:25:00+00:00,25085.4,25086.4,25075.4,25084.4,234
1780374600000,2026-06-02T04:30:00+00:00,25083.9,25088.9,25077.4,25078.6,156
1780374900000,2026-06-02T04:35:00+00:00,25077.6,25095.4,25074.4,25094.4,224
1780375200000,2026-06-02T04:40:00+00:00,25094.6,25094.6,25080.4,25084.4,154
1780375500000,2026-06-02T04:45:00+00:00,25082.4,25097.4,25082.4,25095.9,130
1780375800000,2026-06-02T04:50:00+00:00,25095.4,25106.4,25094.4,25103.9,160
1780376100000,2026-06-02T04:55:00+00:00,25102.4,25115.6,25101.4,25115.6,158
1780376400000,2026-06-02T05:00:00+00:00,25118.4,25120.4,25099.4,25105.4,310
1780376700000,2026-06-02T05:05:00+00:00,25106.4,25108.4,25101.4,25107.4,132
1780377000000,2026-06-02T05:10:00+00:00,25106.4,25115.4,25105.4,25113.4,146
1780377300000,2026-06-02T05:15:00+00:00,25114.4,25127.4,25108.4,25123.4,150
1780377600000,2026-06-02T05:20:00+00:00,25123.9,25131.4,25122.4,25130.4,210
1780377900000,2026-06-02T05:25:00+00:00,25129.4,25138.6,25124.4,25124.6,208
1780378200000,2026-06-02T05:30:00+00:00,25125.6,25139.4,25125.6,25131.4,224
1780378500000,2026-06-02T05:35:00+00:00,25136.4,25138.4,25113.6,25116.4,190
1780378800000,2026-06-02T05:40:00+00:00,25115.4,25131.9,25115.4,25127.6,208
1780379100000,2026-06-02T05:45:00+00:00,25130.4,25130.4,25112.6,25118.4,206
1780379400000,2026-06-02T05:50:00+00:00,25119.4,25123.4,25114.4,25121.4,196
1780379700000,2026-06-02T05:55:00+00:00,25120.4,25123.4,25113.4,25120.4,146
1780380000000,2026-06-02T06:00:00+00:00,25118.4,25131.2,25115.2,25118.2,214
1780380300000,2026-06-02T06:05:00+00:00,25119.2,25138.2,25119.2,25135.2,302
1780380600000,2026-06-02T06:10:00+00:00,25134.2,25137.2,25121.2,25126.2,282
1780380900000,2026-06-02T06:15:00+00:00,25127.2,25139.2,25126.2,25134.2,226
1780381200000,2026-06-02T06:20:00+00:00,25135.2,25144.2,25132.2,25142.2,180
1780381500000,2026-06-02T06:25:00+00:00,25141.2,25142.2,25132.2,25135.2,250
1780381800000,2026-06-02T06:30:00+00:00,25136.2,25140.2,25124.2,25137.2,258
1780382100000,2026-06-02T06:35:00+00:00,25136.2,25166.2,25136.2,25156.2,326
1780382400000,2026-06-02T06:40:00+00:00,25155.2,25156.2,25146.2,25151.2,204
1780382700000,2026-06-02T06:45:00+00:00,25153.2,25159.2,25148.2,25151.2,226
1780383000000,2026-06-02T06:50:00+00:00,25152.2,25169.2,25141.2,25169.2,296
1780383300000,2026-06-02T06:55:00+00:00,25168.2,25183.2,25166.2,25180.2,322
1780383600000,2026-06-02T07:00:00+00:00,25174.2,25215.2,25171.2,25209.2,638
1780383900000,2026-06-02T07:05:00+00:00,25208.2,25211.2,25187.2,25210.2,514
1780384200000,2026-06-02T07:10:00+00:00,25209.2,25231.2,25207.2,25224.2,450
1780384500000,2026-06-02T07:15:00+00:00,25225.2,25253.2,25221.2,25251.2,526
1780384800000,2026-06-02T07:20:00+00:00,25252.2,25256.2,25227.2,25231.2,508
1780385100000,2026-06-02T07:25:00+00:00,25233.2,25234.2,25211.2,25219.2,472
1780385400000,2026-06-02T07:30:00+00:00,25222.2,25249.2,25215.2,25247.2,438
1780385700000,2026-06-02T07:35:00+00:00,25248.2,25253.2,25239.2,25246.2,328
1780386000000,2026-06-02T07:40:00+00:00,25247.2,25273.2,25247.2,25267.2,326
1780386300000,2026-06-02T07:45:00+00:00,25266.2,25273.2,25252.2,25272.2,462
1780386600000,2026-06-02T07:50:00+00:00,25271.2,25307.2,25265.2,25305.2,404
1780386900000,2026-06-02T07:55:00+00:00,25308.2,25325.2,25302.2,25323.2,436
1780387200000,2026-06-02T08:00:00+00:00,25324.2,25362.2,25319.2,25361.2,522
1780387500000,2026-06-02T08:05:00+00:00,25360.2,25362.2,25342.2,25346.2,520
1780387800000,2026-06-02T08:10:00+00:00,25345.2,25345.2,25318.8,25323.2,469
1780388100000,2026-06-02T08:15:00+00:00,25322.2,25337.2,25317.2,25318.2,474
1780388400000,2026-06-02T08:20:00+00:00,25319.2,25322.2,25297.2,25298.2,486
1780388700000,2026-06-02T08:25:00+00:00,25300.2,25300.2,25274.2,25274.2,510
1780389000000,2026-06-02T08:30:00+00:00,25275.2,25285.2,25261.2,25265.2,520
1780389300000,2026-06-02T08:35:00+00:00,25264.2,25267.2,25245.2,25266.2,502
1780389600000,2026-06-02T08:40:00+00:00,25264.2,25280.2,25264.2,25270.2,400
1780389900000,2026-06-02T08:45:00+00:00,25271.2,25279.2,25264.2,25271.2,418
1780390200000,2026-06-02T08:50:00+00:00,25270.2,25283.2,25260.2,25260.2,398
1780390500000,2026-06-02T08:55:00+00:00,25261.2,25267.2,25257.2,25266.2,352
1780390800000,2026-06-02T09:00:00+00:00,25265.2,25268.2,25245.2,25252.2,418
1780391100000,2026-06-02T09:05:00+00:00,25253.2,25266.2,25247.2,25266.2,410
1780391400000,2026-06-02T09:10:00+00:00,25265.2,25274.2,25258.2,25265.2,438
1780391700000,2026-06-02T09:15:00+00:00,25264.2,25273.2,25253.2,25258.2,426
1780392000000,2026-06-02T09:20:00+00:00,25259.2,25259.2,25231.2,25242.2,364
1780392300000,2026-06-02T09:25:00+00:00,25243.2,25252.2,25232.2,25242.2,310
1780392600000,2026-06-02T09:30:00+00:00,25241.2,25246.2,25227.2,25230.2,378
1780392900000,2026-06-02T09:35:00+00:00,25229.2,25232.2,25200.2,25210.2,422
1780393200000,2026-06-02T09:40:00+00:00,25196.2,25238.2,25196.2,25238.2,418
1780393500000,2026-06-02T09:45:00+00:00,25239.2,25261.2,25239.2,25261.2,386
1780393800000,2026-06-02T09:50:00+00:00,25262.2,25271.2,25256.2,25261.2,332
1780394100000,2026-06-02T09:55:00+00:00,25259.2,25268.2,25237.2,25243.2,402
1780394400000,2026-06-02T10:00:00+00:00,25242.2,25244.2,25225.2,25235.2,354
1780394700000,2026-06-02T10:05:00+00:00,25236.2,25256.2,25236.2,25254.2,294
1780395000000,2026-06-02T10:10:00+00:00,25255.2,25264.2,25249.2,25252.2,376
1780395300000,2026-06-02T10:15:00+00:00,25253.2,25270.2,25251.2,25270.2,314
1780395600000,2026-06-02T10:20:00+00:00,25268.2,25272.2,25259.2,25259.2,356
1780395900000,2026-06-02T10:25:00+00:00,25260.2,25262.2,25250.2,25258.2,316
1780396200000,2026-06-02T10:30:00+00:00,25257.2,25263.2,25250.2,25251.2,326
1780396500000,2026-06-02T10:35:00+00:00,25250.2,25250.2,25231.2,25239.2,308
1780396800000,2026-06-02T10:40:00+00:00,25240.2,25256.2,25239.2,25256.2,308
1780397100000,2026-06-02T10:45:00+00:00,25257.2,25265.2,25249.2,25249.2,342
1780397400000,2026-06-02T10:50:00+00:00,25250.2,25253.2,25237.2,25245.2,320
1780397700000,2026-06-02T10:55:00+00:00,25244.2,25248.2,25229.2,25229.2,258
1780398000000,2026-06-02T11:00:00+00:00,25228.2,25231.2,25212.2,25214.2,342
1780398300000,2026-06-02T11:05:00+00:00,25215.2,25220.2,25203.2,25214.2,334
1780398600000,2026-06-02T11:10:00+00:00,25219.2,25221.2,25206.2,25207.2,402
1780398900000,2026-06-02T11:15:00+00:00,25208.2,25217.2,25196.2,25210.2,416
1780399200000,2026-06-02T11:20:00+00:00,25209.2,25220.2,25204.2,25208.2,336
1780399500000,2026-06-02T11:25:00+00:00,25207.2,25228.2,25205.2,25219.2,344
1780399800000,2026-06-02T11:30:00+00:00,25220.2,25220.2,25189.2,25189.2,402
1780400100000,2026-06-02T11:35:00+00:00,25190.2,25200.2,25185.2,25192.2,360
1780400400000,2026-06-02T11:40:00+00:00,25198.2,25212.2,25189.2,25190.2,322
1780400700000,2026-06-02T11:45:00+00:00,25189.2,25195.2,25186.2,25190.2,300
1780401000000,2026-06-02T11:50:00+00:00,25189.2,25197.2,25188.2,25196.2,348
1780401300000,2026-06-02T11:55:00+00:00,25195.2,25213.2,25194.2,25205.2,304
1780401600000,2026-06-02T12:00:00+00:00,25206.2,25208.2,25181.2,25183.2,362
1780401900000,2026-06-02T12:05:00+00:00,25184.2,25201.2,25176.2,25199.2,358
1780402200000,2026-06-02T12:10:00+00:00,25198.2,25219.2,25197.2,25205.2,340
1780402500000,2026-06-02T12:15:00+00:00,25206.2,25214.2,25185.2,25185.2,402
1780402800000,2026-06-02T12:20:00+00:00,25186.2,25194.2,25164.2,25172.2,424
1780403100000,2026-06-02T12:25:00+00:00,25173.2,25193.2,25173.2,25190.2,408
1780403400000,2026-06-02T12:30:00+00:00,25191.2,25191.2,25166.2,25179.2,428
1780403700000,2026-06-02T12:35:00+00:00,25178.2,25187.2,25157.2,25161.2,442
1780404000000,2026-06-02T12:40:00+00:00,25164.2,25181.2,25161.2,25170.2,404
1780404300000,2026-06-02T12:45:00+00:00,25171.2,25173.2,25153.2,25154.2,408
1780404600000,2026-06-02T12:50:00+00:00,25155.2,25167.2,25142.2,25142.2,356
1780404900000,2026-06-02T12:55:00+00:00,25143.2,25145.2,25138.2,25144.2,384
1780405200000,2026-06-02T13:00:00+00:00,25147.2,25147.2,25120.2,25143.2,408
1780405500000,2026-06-02T13:05:00+00:00,25142.2,25153.2,25085.2,25113.2,562
1780405800000,2026-06-02T13:10:00+00:00,25114.2,25128.2,25103.2,25113.2,492
1780406100000,2026-06-02T13:15:00+00:00,25112.2,25117.2,25087.2,25107.2,450
1780406400000,2026-06-02T13:20:00+00:00,25110.2,25128.2,25104.2,25124.2,400
1780406700000,2026-06-02T13:25:00+00:00,25122.2,25128.2,25113.2,25115.2,430
1780407000000,2026-06-02T13:30:00+00:00,25118.2,25146.2,25115.2,25121.2,566
1780407300000,2026-06-02T13:35:00+00:00,25123.2,25132.2,25092.2,25105.2,554
1780407600000,2026-06-02T13:40:00+00:00,25102.2,25121.2,25097.2,25108.2,568
1780407900000,2026-06-02T13:45:00+00:00,25110.2,25124.2,25091.2,25102.2,496
1780408200000,2026-06-02T13:50:00+00:00,25103.2,25107.2,25078.2,25081.2,492
1780408500000,2026-06-02T13:55:00+00:00,25080.2,25080.2,25059.2,25072.2,369
1780408800000,2026-06-02T14:00:00+00:00,25062.2,25092.2,25058.2,25088.2,502
1780409100000,2026-06-02T14:05:00+00:00,25089.2,25105.2,25077.2,25083.2,498
1780409400000,2026-06-02T14:10:00+00:00,25084.2,25117.2,25080.2,25110.2,497
1780409700000,2026-06-02T14:15:00+00:00,25109.2,25114.2,25086.2,25104.2,473
1780410000000,2026-06-02T14:20:00+00:00,25107.2,25108.2,25065.2,25071.2,570
1780410300000,2026-06-02T14:25:00+00:00,25072.2,25092.2,25063.2,25077.2,511
1780410600000,2026-06-02T14:30:00+00:00,25078.2,25084.2,25070.2,25072.2,498
1780410900000,2026-06-02T14:35:00+00:00,25071.2,25113.2,25071.2,25107.2,413
1780411200000,2026-06-02T14:40:00+00:00,25108.2,25121.2,25106.2,25116.2,426
1780411500000,2026-06-02T14:45:00+00:00,25117.2,25133.2,25117.2,25132.2,448
1780411800000,2026-06-02T14:50:00+00:00,25133.2,25134.2,25112.2,25127.2,426
1780412100000,2026-06-02T14:55:00+00:00,25128.2,25129.2,25101.2,25102.2,392
1780412400000,2026-06-02T15:00:00+00:00,25103.2,25106.2,25081.2,25093.2,360
1780412700000,2026-06-02T15:05:00+00:00,25092.2,25105.2,25083.2,25094.2,400
1780413000000,2026-06-02T15:10:00+00:00,25093.2,25097.2,25082.2,25087.2,360
1780413300000,2026-06-02T15:15:00+00:00,25086.2,25101.2,25079.2,25101.2,366
1780413600000,2026-06-02T15:20:00+00:00,25102.2,25118.2,25101.2,25109.2,360
1780413900000,2026-06-02T15:25:00+00:00,25110.2,25123.2,25106.2,25114.2,418
1780414200000,2026-06-02T15:30:00+00:00,25111.2,25127.2,25095.2,25125.2,492
1780414500000,2026-06-02T15:35:00+00:00,25122.2,25138.2,25114.2,25130.2,422
1780414800000,2026-06-02T15:40:00+00:00,25131.2,25136.2,25125.2,25134.2,318
1780415100000,2026-06-02T15:45:00+00:00,25135.2,25147.2,25130.2,25137.2,308
1780415400000,2026-06-02T15:50:00+00:00,25138.2,25139.2,25116.2,25122.2,286
1780415700000,2026-06-02T15:55:00+00:00,25120.2,25128.2,25116.2,25128.2,302
1780416000000,2026-06-02T16:00:00+00:00,25127.2,25131.2,25113.2,25117.2,296
1780416300000,2026-06-02T16:05:00+00:00,25118.2,25136.2,25114.2,25121.2,336
1780416600000,2026-06-02T16:10:00+00:00,25122.2,25123.2,25108.2,25109.2,314
1780416900000,2026-06-02T16:15:00+00:00,25110.2,25112.2,25095.2,25101.2,298
1780417200000,2026-06-02T16:20:00+00:00,25100.2,25105.2,25097.2,25098.2,338
1780417500000,2026-06-02T16:25:00+00:00,25099.2,25099.2,25079.2,25083.2,304
1780417800000,2026-06-02T16:30:00+00:00,25082.2,25087.2,25062.2,25064.2,334
1780418100000,2026-06-02T16:35:00+00:00,25063.2,25069.2,25059.2,25066.2,286
1780418400000,2026-06-02T16:40:00+00:00,25067.2,25078.2,25067.2,25075.2,260
1780418700000,2026-06-02T16:45:00+00:00,25074.2,25086.2,25072.2,25082.2,216
1780419000000,2026-06-02T16:50:00+00:00,25081.2,25088.2,25073.2,25073.2,184
1780419300000,2026-06-02T16:55:00+00:00,25074.2,25086.2,25072.2,25082.2,180
1780419600000,2026-06-02T17:00:00+00:00,25083.2,25089.2,25078.2,25081.2,276
1780419900000,2026-06-02T17:05:00+00:00,25080.2,25087.2,25074.2,25074.2,174
1780420200000,2026-06-02T17:10:00+00:00,25075.2,25076.2,25068.2,25068.2,224
1780420500000,2026-06-02T17:15:00+00:00,25067.2,25068.2,25052.2,25054.2,304
1780420800000,2026-06-02T17:20:00+00:00,25055.2,25064.2,25053.2,25059.2,270
1780421100000,2026-06-02T17:25:00+00:00,25058.2,25064.2,25056.2,25062.2,252
1780421400000,2026-06-02T17:30:00+00:00,25061.2,25066.2,25057.2,25062.2,296
1780421700000,2026-06-02T17:35:00+00:00,25061.2,25062.2,25054.2,25056.2,272
1780422000000,2026-06-02T17:40:00+00:00,25055.2,25064.2,25053.2,25058.2,180
1780422300000,2026-06-02T17:45:00+00:00,25059.2,25064.2,25058.2,25063.2,264
1780422600000,2026-06-02T17:50:00+00:00,25064.2,25068.2,25057.2,25058.2,194
1780422900000,2026-06-02T17:55:00+00:00,25056.2,25060.2,25055.2,25059.2,178
1780423200000,2026-06-02T18:00:00+00:00,25061.2,25071.2,25058.2,25062.2,292
1780423500000,2026-06-02T18:05:00+00:00,25063.2,25068.2,25060.2,25068.2,168
1780423800000,2026-06-02T18:10:00+00:00,25069.2,25080.2,25069.2,25073.2,246
1780424100000,2026-06-02T18:15:00+00:00,25072.2,25074.2,25069.2,25074.2,142
1780424400000,2026-06-02T18:20:00+00:00,25073.2,25077.2,25071.2,25073.2,70
1780424700000,2026-06-02T18:25:00+00:00,25072.2,25084.2,25071.2,25077.2,230
1780425000000,2026-06-02T18:30:00+00:00,25078.2,25081.2,25075.2,25079.2,184
1780425300000,2026-06-02T18:35:00+00:00,25078.2,25084.2,25076.2,25083.2,218
1780425600000,2026-06-02T18:40:00+00:00,25084.2,25093.2,25084.2,25090.2,168
1780425900000,2026-06-02T18:45:00+00:00,25089.2,25093.2,25087.2,25091.2,120
1780426200000,2026-06-02T18:50:00+00:00,25093.2,25097.2,25085.2,25086.2,202
1780426500000,2026-06-02T18:55:00+00:00,25085.2,25089.2,25085.2,25086.2,108
1780426800000,2026-06-02T19:00:00+00:00,25087.2,25093.2,25086.2,25093.2,118
1780427100000,2026-06-02T19:05:00+00:00,25092.2,25095.2,25088.2,25094.2,102
1780427400000,2026-06-02T19:10:00+00:00,25095.2,25098.2,25088.2,25089.2,110
1780427700000,2026-06-02T19:15:00+00:00,25090.2,25097.2,25089.2,25095.2,118
1780428000000,2026-06-02T19:20:00+00:00,25094.2,25102.2,25094.2,25100.2,94
1780428300000,2026-06-02T19:25:00+00:00,25101.2,25101.2,25096.2,25098.2,94
1780428600000,2026-06-02T19:30:00+00:00,25099.2,25105.2,25099.2,25101.2,142
1780428900000,2026-06-02T19:35:00+00:00,25102.2,25103.2,25097.2,25100.2,188
1780429200000,2026-06-02T19:40:00+00:00,25101.2,25103.2,25098.2,25101.2,132
1780429500000,2026-06-02T19:45:00+00:00,25102.2,25104.2,25097.2,25101.2,144
1780429800000,2026-06-02T19:50:00+00:00,25100.2,25108.2,25099.2,25107.2,224
1780430100000,2026-06-02T19:55:00+00:00,25109.2,25112.2,25099.2,25102.2,182
1780445700000,2026-06-03T00:15:00+00:00,25080.7,25092.3,25066.8,25091.8,377
1780446000000,2026-06-03T00:20:00+00:00,25092.8,25113.8,25082.8,25092.8,274
1780446300000,2026-06-03T00:25:00+00:00,25094.8,25094.8,25082.5,25088.8,276
1780446600000,2026-06-03T00:30:00+00:00,25090.0,25096.8,25086.8,25093.8,262
1780446900000,2026-06-03T00:35:00+00:00,25094.8,25106.8,25090.8,25102.8,130
1780447200000,2026-06-03T00:40:00+00:00,25105.3,25109.8,25101.8,25108.8,136
1780447500000,2026-06-03T00:45:00+00:00,25110.8,25110.8,25103.8,25105.8,196
1780447800000,2026-06-03T00:50:00+00:00,25104.8,25108.8,25103.8,25103.8,146
1780448100000,2026-06-03T00:55:00+00:00,25104.8,25107.8,25100.8,25107.8,168
1780448400000,2026-06-03T01:00:00+00:00,25106.8,25110.8,25075.8,25078.8,434
1780448700000,2026-06-03T01:05:00+00:00,25077.8,25097.8,25076.8,25090.8,392
1780449000000,2026-06-03T01:10:00+00:00,25092.8,25098.8,25088.8,25088.8,278
1780449300000,2026-06-03T01:15:00+00:00,25087.3,25095.3,25085.3,25094.8,328
1780449600000,2026-06-03T01:20:00+00:00,25093.8,25096.8,25087.8,25091.8,222
1780449900000,2026-06-03T01:25:00+00:00,25089.8,25098.8,25089.8,25096.8,292
1780450200000,2026-06-03T01:30:00+00:00,25097.8,25106.8,25095.8,25103.8,252
1780450500000,2026-06-03T01:35:00+00:00,25104.8,25110.8,25093.8,25098.8,270
1780450800000,2026-06-03T01:40:00+00:00,25100.8,25103.3,25086.8,25089.8,360
1780451100000,2026-06-03T01:45:00+00:00,25093.8,25095.8,25079.8,25094.8,198
1780451400000,2026-06-03T01:50:00+00:00,25092.8,25099.8,25086.8,25095.8,154
1780451700000,2026-06-03T01:55:00+00:00,25096.8,25104.8,25093.8,25102.3,166
1780452000000,2026-06-03T02:00:00+00:00,25104.8,25110.8,25098.8,25106.8,262
1780452300000,2026-06-03T02:05:00+00:00,25105.8,25109.8,25097.8,25099.8,262
1780452600000,2026-06-03T02:10:00+00:00,25100.8,25105.8,25099.8,25102.8,102
1780452900000,2026-06-03T02:15:00+00:00,25101.8,25103.8,25099.8,25099.8,104
1780453200000,2026-06-03T02:20:00+00:00,25101.3,25101.8,25093.8,25093.8,176
1780453500000,2026-06-03T02:25:00+00:00,25096.8,25099.8,25090.8,25094.8,184
1780453800000,2026-06-03T02:30:00+00:00,25095.8,25098.8,25089.8,25092.8,168
1780454100000,2026-06-03T02:35:00+00:00,25091.8,25092.8,25085.8,25087.8,150
1780454400000,2026-06-03T02:40:00+00:00,25088.8,25092.8,25086.8,25086.8,154
1780454700000,2026-06-03T02:45:00+00:00,25087.8,25087.8,25074.8,25078.8,198
1780455000000,2026-06-03T02:50:00+00:00,25080.8,25082.8,25075.8,25078.8,156
1780455300000,2026-06-03T02:55:00+00:00,25079.8,25084.8,25078.8,25082.8,168
1780455600000,2026-06-03T03:00:00+00:00,25081.8,25111.0,25081.8,25110.8,220
1780455900000,2026-06-03T03:05:00+00:00,25112.0,25116.0,25106.8,25108.8,212
1780456200000,2026-06-03T03:10:00+00:00,25107.8,25108.8,25101.8,25106.8,80
1780456500000,2026-06-03T03:15:00+00:00,25107.8,25112.0,25104.8,25112.0,120
1780456800000,2026-06-03T03:20:00+00:00,25110.0,25111.8,25103.8,25104.8,76
1780457100000,2026-06-03T03:25:00+00:00,25103.8,25103.8,25085.8,25090.8,96
1780457400000,2026-06-03T03:30:00+00:00,25089.8,25103.8,25089.8,25102.8,210
1780457700000,2026-06-03T03:35:00+00:00,25103.8,25106.8,25100.8,25104.8,194
1780458000000,2026-06-03T03:40:00+00:00,25101.8,25107.0,25098.8,25098.8,132
1780458300000,2026-06-03T03:45:00+00:00,25097.8,25102.3,25089.8,25097.8,112
1780458600000,2026-06-03T03:50:00+00:00,25096.8,25096.8,25089.8,25092.8,130
1780458900000,2026-06-03T03:55:00+00:00,25094.0,25110.0,25088.8,25108.8,114
1780459200000,2026-06-03T04:00:00+00:00,25105.8,25118.8,25105.8,25116.8,68
1780459500000,2026-06-03T04:05:00+00:00,25117.8,25117.8,25114.3,25114.8,28
1780459800000,2026-06-03T04:10:00+00:00,25113.8,25115.0,25086.8,25098.8,138
1780460100000,2026-06-03T04:15:00+00:00,25099.8,25099.8,25095.8,25095.8,88
1780460400000,2026-06-03T04:20:00+00:00,25096.0,25098.0,25095.8,25098.0,52
1780460700000,2026-06-03T04:25:00+00:00,25096.8,25109.0,25096.8,25100.8,178
1780461000000,2026-06-03T04:30:00+00:00,25101.8,25102.8,25095.3,25098.8,80
1780461300000,2026-06-03T04:35:00+00:00,25096.8,25101.8,25092.8,25094.8,120
1780461600000,2026-06-03T04:40:00+00:00,25092.8,25094.8,25091.3,25092.8,80
1780461900000,2026-06-03T04:45:00+00:00,25093.8,25093.8,25085.8,25090.8,136
1780462200000,2026-06-03T04:50:00+00:00,25088.8,25093.8,25087.8,25089.8,146
1780462500000,2026-06-03T04:55:00+00:00,25088.8,25091.3,25086.8,25087.8,162
1780462800000,2026-06-03T05:00:00+00:00,25087.3,25087.3,25076.8,25085.8,184
1780463100000,2026-06-03T05:05:00+00:00,25086.3,25093.8,25083.8,25091.8,244
1780463400000,2026-06-03T05:10:00+00:00,25093.8,25100.8,25090.8,25094.8,244
1780463700000,2026-06-03T05:15:00+00:00,25096.8,25097.8,25093.8,25094.8,122
1780464000000,2026-06-03T05:20:00+00:00,25092.3,25095.8,25084.8,25087.8,132
1780464300000,2026-06-03T05:25:00+00:00,25086.8,25088.8,25071.8,25072.3,150
1780464600000,2026-06-03T05:30:00+00:00,25072.8,25073.8,25048.8,25056.8,180
1780464900000,2026-06-03T05:35:00+00:00,25057.0,25073.8,25056.8,25073.8,114
1780465200000,2026-06-03T05:40:00+00:00,25072.8,25079.5,25066.8,25066.8,152
1780465500000,2026-06-03T05:45:00+00:00,25064.8,25067.8,25052.8,25052.8,112
1780465800000,2026-06-03T05:50:00+00:00,25053.0,25053.0,25029.8,25036.8,344
1780466100000,2026-06-03T05:55:00+00:00,25035.8,25044.8,25033.8,25036.8,184
1780466400000,2026-06-03T06:00:00+00:00,25039.8,25062.6,25039.8,25053.6,370
1780466700000,2026-06-03T06:05:00+00:00,25054.6,25054.6,25020.6,25030.6,350
1780467000000,2026-06-03T06:10:00+00:00,25029.6,25033.1,25008.6,25023.6,370
1780467300000,2026-06-03T06:15:00+00:00,25022.6,25030.6,25014.6,25021.6,314
1780467600000,2026-06-03T06:20:00+00:00,25020.6,25029.6,25017.6,25026.6,280
1780467900000,2026-06-03T06:25:00+00:00,25025.6,25029.6,25012.6,25021.6,264
1780468200000,2026-06-03T06:30:00+00:00,25018.6,25026.6,25004.6,25008.6,364
1780468500000,2026-06-03T06:35:00+00:00,25009.6,25047.6,25007.6,25042.6,352
1780468800000,2026-06-03T06:40:00+00:00,25043.6,25043.6,24999.6,25025.6,330
1780469100000,2026-06-03T06:45:00+00:00,25027.6,25027.6,24996.6,25000.6,322
1780469400000,2026-06-03T06:50:00+00:00,24999.6,25012.6,24989.6,24989.6,306
1780469700000,2026-06-03T06:55:00+00:00,24990.6,25007.6,24981.6,24994.6,333
1780470000000,2026-06-03T07:00:00+00:00,24988.6,24988.6,24912.6,24945.6,744
1780470300000,2026-06-03T07:05:00+00:00,24944.6,24962.6,24931.6,24942.6,610
1780470600000,2026-06-03T07:10:00+00:00,24941.6,24943.6,24919.6,24943.6,550
1780470900000,2026-06-03T07:15:00+00:00,24945.6,24967.6,24934.6,24939.6,490
1780471200000,2026-06-03T07:20:00+00:00,24940.6,24946.6,24921.6,24928.6,430
1780471500000,2026-06-03T07:25:00+00:00,24929.6,24939.6,24915.6,24935.6,410
1780471800000,2026-06-03T07:30:00+00:00,24934.6,24941.6,24891.6,24912.6,558
1780472100000,2026-06-03T07:35:00+00:00,24913.6,24931.6,24903.6,24904.6,544
1780472400000,2026-06-03T07:40:00+00:00,24905.6,24907.6,24876.6,24878.6,494
1780472700000,2026-06-03T07:45:00+00:00,24877.6,24896.6,24875.6,24882.6,390
1780473000000,2026-06-03T07:50:00+00:00,24881.6,24930.6,24881.6,24918.6,435
1780473300000,2026-06-03T07:55:00+00:00,24917.6,24946.6,24916.6,24944.6,409
1780473600000,2026-06-03T08:00:00+00:00,24948.6,24948.6,24926.6,24931.6,552
1780473900000,2026-06-03T08:05:00+00:00,24929.6,24945.6,24922.6,24931.6,509
1780474200000,2026-06-03T08:10:00+00:00,24932.6,24955.6,24930.6,24940.6,424
1780474500000,2026-06-03T08:15:00+00:00,24941.6,24948.6,24915.6,24923.6,508
1780474800000,2026-06-03T08:20:00+00:00,24924.6,24924.6,24903.6,24911.6,478
1780475100000,2026-06-03T08:25:00+00:00,24907.6,24925.6,24904.6,24923.6,440
1780475400000,2026-06-03T08:30:00+00:00,24926.6,24944.6,24904.6,24942.6,440
1780475700000,2026-06-03T08:35:00+00:00,24943.6,24955.6,24939.6,24943.6,422
1780476000000,2026-06-03T08:40:00+00:00,24942.6,24960.6,24935.6,24939.6,401
1780476300000,2026-06-03T08:45:00+00:00,24938.6,24951.6,24931.6,24941.6,403
1780476600000,2026-06-03T08:50:00+00:00,24940.6,24950.6,24925.6,24928.6,364
1780476900000,2026-06-03T08:55:00+00:00,24927.6,24936.6,24922.6,24928.6,388
1780477200000,2026-06-03T09:00:00+00:00,24927.6,24928.6,24907.6,24912.6,430
1780477500000,2026-06-03T09:05:00+00:00,24913.6,24936.6,24907.6,24927.6,397
1780477800000,2026-06-03T09:10:00+00:00,24925.6,24945.6,24910.6,24910.6,423
1780478100000,2026-06-03T09:15:00+00:00,24909.6,24909.6,24889.6,24891.6,366
1780478400000,2026-06-03T09:20:00+00:00,24893.6,24903.6,24871.6,24877.6,433
1780478700000,2026-06-03T09:25:00+00:00,24876.6,24885.6,24868.6,24869.6,416
1780479000000,2026-06-03T09:30:00+00:00,24868.6,24883.6,24857.6,24873.6,374
1780479300000,2026-06-03T09:35:00+00:00,24872.6,24890.6,24868.6,24876.6,384
1780479600000,2026-06-03T09:40:00+00:00,24875.6,24882.6,24866.6,24869.6,380
1780479900000,2026-06-03T09:45:00+00:00,24868.6,24874.6,24850.6,24859.6,394
1780480200000,2026-06-03T09:50:00+00:00,24858.6,24866.6,24850.6,24851.6,378
1780480500000,2026-06-03T09:55:00+00:00,24850.6,24855.6,24840.6,24845.6,310
1780480800000,2026-06-03T10:00:00+00:00,24843.6,24844.6,24826.6,24836.6,412
1780481100000,2026-06-03T10:05:00+00:00,24837.6,24928.6,24836.6,24891.6,797
1780481400000,2026-06-03T10:10:00+00:00,24890.6,24902.6,24883.6,24898.6,520
1780481700000,2026-06-03T10:15:00+00:00,24897.6,24899.6,24873.6,24875.6,397
1780482000000,2026-06-03T10:20:00+00:00,24876.6,24878.6,24863.6,24872.6,423
1780482300000,2026-06-03T10:25:00+00:00,24873.6,24903.6,24871.6,24899.6,404
1780482600000,2026-06-03T10:30:00+00:00,24901.6,24904.6,24891.6,24896.6,402
1780482900000,2026-06-03T10:35:00+00:00,24894.6,24895.6,24875.6,24875.6,329
1780483200000,2026-06-03T10:40:00+00:00,24876.6,24876.6,24852.6,24858.6,320
1780483500000,2026-06-03T10:45:00+00:00,24857.6,24862.6,24839.6,24842.6,338
1780483800000,2026-06-03T10:50:00+00:00,24843.6,24870.6,24841.6,24869.6,329
1780484100000,2026-06-03T10:55:00+00:00,24870.6,24886.6,24868.6,24871.6,349
1780484400000,2026-06-03T11:00:00+00:00,24869.6,24883.6,24865.6,24866.6,399
1780484700000,2026-06-03T11:05:00+00:00,24867.6,24869.6,24858.6,24865.6,319
1780485000000,2026-06-03T11:10:00+00:00,24866.6,24874.6,24857.6,24872.6,428
1780485300000,2026-06-03T11:15:00+00:00,24873.6,24876.6,24863.6,24875.6,286
1780485600000,2026-06-03T11:20:00+00:00,24874.6,24892.6,24874.6,24892.6,326
1780485900000,2026-06-03T11:25:00+00:00,24893.6,24925.6,24893.6,24915.6,376
1780486200000,2026-06-03T11:30:00+00:00,24914.6,24922.6,24906.6,24912.6,407
1780486500000,2026-06-03T11:35:00+00:00,24911.6,24912.6,24899.6,24906.6,330
1780486800000,2026-06-03T11:40:00+00:00,24905.6,24920.6,24903.6,24920.6,282
1780487100000,2026-06-03T11:45:00+00:00,24921.6,24926.6,24913.6,24918.6,398
1780487400000,2026-06-03T11:50:00+00:00,24919.6,24935.6,24914.6,24914.6,356
1780487700000,2026-06-03T11:55:00+00:00,24915.6,24917.6,24900.6,24909.6,334
1780488000000,2026-06-03T12:00:00+00:00,24910.6,24920.6,24897.6,24914.6,400
1780488300000,2026-06-03T12:05:00+00:00,24915.6,24923.6,24899.6,24900.6,397
1780488600000,2026-06-03T12:10:00+00:00,24899.6,24915.6,24897.6,24914.6,326
1780488900000,2026-06-03T12:15:00+00:00,24913.6,24913.6,24889.6,24898.6,374
1780489200000,2026-06-03T12:20:00+00:00,24899.6,24906.6,24886.6,24894.6,362
1780489500000,2026-06-03T12:25:00+00:00,24895.6,24898.6,24875.6,24875.6,264
1780489800000,2026-06-03T12:30:00+00:00,24872.6,24879.6,24861.6,24869.6,399
1780490100000,2026-06-03T12:35:00+00:00,24868.6,24876.6,24853.6,24876.6,368
1780490400000,2026-06-03T12:40:00+00:00,24875.6,24886.6,24869.6,24881.6,378
1780490700000,2026-06-03T12:45:00+00:00,24883.6,24907.6,24878.6,24906.6,324
1780491000000,2026-06-03T12:50:00+00:00,24905.6,24908.6,24896.6,24897.6,376
1780491300000,2026-06-03T12:55:00+00:00,24896.6,24896.6,24880.6,24892.6,356
1780491600000,2026-06-03T13:00:00+00:00,24893.6,24904.6,24881.6,24902.6,362
1780491900000,2026-06-03T13:05:00+00:00,24901.6,24914.6,24897.6,24899.6,400
1780492200000,2026-06-03T13:10:00+00:00,24898.6,24902.6,24890.6,24895.6,340
1780492500000,2026-06-03T13:15:00+00:00,24894.6,24896.6,24871.6,24882.6,391
1780492800000,2026-06-03T13:20:00+00:00,24881.6,24886.6,24874.6,24882.6,384
1780493100000,2026-06-03T13:25:00+00:00,24884.6,24885.6,24861.6,24869.6,416
1780493400000,2026-06-03T13:30:00+00:00,24870.6,24870.6,24840.6,24853.6,589
1780493700000,2026-06-03T13:35:00+00:00,24850.6,24867.6,24847.6,24864.6,498
1780494000000,2026-06-03T13:40:00+00:00,24863.6,24868.6,24820.6,24821.6,506
1780494300000,2026-06-03T13:45:00+00:00,24822.6,24831.6,24802.6,24811.6,533
1780494600000,2026-06-03T13:50:00+00:00,24810.6,24862.6,24810.6,24862.6,530
1780494900000,2026-06-03T13:55:00+00:00,24863.6,24874.6,24846.6,24860.3,456
1780495200000,2026-06-03T14:00:00+00:00,24859.8,24875.6,24843.6,24844.6,562
1780495500000,2026-06-03T14:05:00+00:00,24843.6,24844.6,24825.6,24826.6,448
1780495800000,2026-06-03T14:10:00+00:00,24827.6,24827.6,24807.6,24813.6,465
1780496100000,2026-06-03T14:15:00+00:00,24812.6,24831.6,24755.6,24775.6,568
1780496400000,2026-06-03T14:20:00+00:00,24774.6,24803.6,24766.6,24800.6,557
1780496700000,2026-06-03T14:25:00+00:00,24798.6,24812.6,24797.6,24805.6,468
1780497000000,2026-06-03T14:30:00+00:00,24803.6,24807.6,24780.6,24782.6,468
1780497300000,2026-06-03T14:35:00+00:00,24783.6,24798.6,24778.6,24787.6,374
1780497600000,2026-06-03T14:40:00+00:00,24786.6,24786.6,24753.6,24765.6,411
1780497900000,2026-06-03T14:45:00+00:00,24764.6,24780.6,24759.6,24777.6,404
1780498200000,2026-06-03T14:50:00+00:00,24778.6,24811.6,24774.6,24807.6,348
1780498500000,2026-06-03T14:55:00+00:00,24806.6,24813.6,24788.6,24791.6,398
1780498800000,2026-06-03T15:00:00+00:00,24792.6,24813.6,24784.6,24800.6,444
1780499100000,2026-06-03T15:05:00+00:00,24801.6,24802.6,24786.6,24790.6,295
1780499400000,2026-06-03T15:10:00+00:00,24788.6,24797.6,24772.6,24773.6,358
1780499700000,2026-06-03T15:15:00+00:00,24774.6,24805.6,24768.6,24803.6,422
1780500000000,2026-06-03T15:20:00+00:00,24802.6,24808.6,24791.6,24794.6,328
1780500300000,2026-06-03T15:25:00+00:00,24793.6,24813.6,24788.6,24809.6,406
1780500600000,2026-06-03T15:30:00+00:00,24811.6,24820.6,24780.6,24790.6,485
1780500900000,2026-06-03T15:35:00+00:00,24788.6,24810.6,24773.6,24797.6,516
1780501200000,2026-06-03T15:40:00+00:00,24798.6,24812.6,24795.6,24805.6,454
1780501500000,2026-06-03T15:45:00+00:00,24804.6,24811.6,24792.6,24804.6,456
1780501800000,2026-06-03T15:50:00+00:00,24802.6,24808.6,24792.6,24804.6,370
1780502100000,2026-06-03T15:55:00+00:00,24803.6,24806.6,24792.6,24795.6,268
1780502400000,2026-06-03T16:00:00+00:00,24796.6,24801.6,24788.6,24795.6,408
1780502700000,2026-06-03T16:05:00+00:00,24794.6,24797.6,24772.6,24780.6,368
1780503000000,2026-06-03T16:10:00+00:00,24779.6,24784.6,24776.6,24781.6,392
1780503300000,2026-06-03T16:15:00+00:00,24782.6,24784.6,24766.6,24774.6,445
1780503600000,2026-06-03T16:20:00+00:00,24775.6,24777.6,24760.6,24765.6,431
1780503900000,2026-06-03T16:25:00+00:00,24764.6,24766.6,24748.6,24764.6,432
1780504200000,2026-06-03T16:30:00+00:00,24763.6,24778.6,24763.6,24769.6,492
1780504500000,2026-06-03T16:35:00+00:00,24770.6,24771.6,24761.6,24763.6,248
1780504800000,2026-06-03T16:40:00+00:00,24762.6,24773.6,24761.6,24773.6,392
1780505100000,2026-06-03T16:45:00+00:00,24771.6,24778.6,24765.6,24765.6,306
1780505400000,2026-06-03T16:50:00+00:00,24764.6,24766.6,24754.6,24762.6,330
1780505700000,2026-06-03T16:55:00+00:00,24763.6,24784.6,24760.6,24777.6,420
1780506000000,2026-06-03T17:00:00+00:00,24778.6,24778.6,24769.6,24772.6,256
1780506300000,2026-06-03T17:05:00+00:00,24773.6,24792.6,24773.6,24785.6,204
1780506600000,2026-06-03T17:10:00+00:00,24784.6,24786.6,24754.6,24759.6,287
1780506900000,2026-06-03T17:15:00+00:00,24760.6,24761.6,24755.6,24759.6,378
1780507200000,2026-06-03T17:20:00+00:00,24760.6,24773.6,24759.6,24772.6,205
1780507500000,2026-06-03T17:25:00+00:00,24773.6,24774.6,24758.6,24765.6,202
1780507800000,2026-06-03T17:30:00+00:00,24764.6,24770.6,24755.6,24770.6,196
1780508100000,2026-06-03T17:35:00+00:00,24771.6,24777.6,24770.6,24775.6,122
1780508400000,2026-06-03T17:40:00+00:00,24776.6,24779.6,24772.6,24773.6,130
1780508700000,2026-06-03T17:45:00+00:00,24774.6,24776.6,24768.6,24771.6,142
1780509000000,2026-06-03T17:50:00+00:00,24772.6,24776.6,24770.6,24775.6,286
1780509300000,2026-06-03T17:55:00+00:00,24774.6,24779.6,24774.6,24778.6,158
1780509600000,2026-06-03T18:00:00+00:00,24779.6,24787.6,24777.6,24786.6,272
1780509900000,2026-06-03T18:05:00+00:00,24785.6,24787.6,24775.6,24776.6,248
1780510200000,2026-06-03T18:10:00+00:00,24775.6,24779.6,24773.6,24777.6,220
1780510500000,2026-06-03T18:15:00+00:00,24776.6,24782.6,24773.6,24781.6,258
1780510800000,2026-06-03T18:20:00+00:00,24770.6,24781.6,24770.6,24779.6,248
1780511100000,2026-06-03T18:25:00+00:00,24780.6,24785.6,24779.6,24784.6,138
1780511400000,2026-06-03T18:30:00+00:00,24785.6,24787.6,24775.6,24777.6,146
1780511700000,2026-06-03T18:35:00+00:00,24774.6,24781.6,24769.6,24778.6,228
1780512000000,2026-06-03T18:40:00+00:00,24779.6,24783.6,24772.6,24783.6,92
1780512300000,2026-06-03T18:45:00+00:00,24782.6,24784.6,24779.6,24779.6,174
1780512600000,2026-06-03T18:50:00+00:00,24780.6,24781.6,24777.6,24777.6,102
1780512900000,2026-06-03T18:55:00+00:00,24776.6,24780.6,24776.6,24776.6,94
1780513200000,2026-06-03T19:00:00+00:00,24774.6,24775.6,24758.6,24762.6,166
1780513500000,2026-06-03T19:05:00+00:00,24763.6,24767.6,24761.6,24763.6,180
1780513800000,2026-06-03T19:10:00+00:00,24764.6,24764.6,24757.6,24759.6,118
1780514100000,2026-06-03T19:15:00+00:00,24760.6,24774.6,24757.6,24765.6,168
1780514400000,2026-06-03T19:20:00+00:00,24766.6,24768.6,24756.6,24758.6,172
1780514700000,2026-06-03T19:25:00+00:00,24759.6,24765.6,24758.6,24758.6,126
1780515000000,2026-06-03T19:30:00+00:00,24760.6,24764.6,24748.6,24754.6,224
1780515300000,2026-06-03T19:35:00+00:00,24755.6,24764.6,24753.6,24762.6,106
1780515600000,2026-06-03T19:40:00+00:00,24761.6,24766.6,24761.6,24762.6,142
1780515900000,2026-06-03T19:45:00+00:00,24761.6,24767.6,24756.6,24765.6,154
1780516200000,2026-06-03T19:50:00+00:00,24763.6,24763.6,24754.6,24758.6,328
1780516500000,2026-06-03T19:55:00+00:00,24759.6,24759.6,24738.6,24739.6,234
1780532100000,2026-06-04T00:15:00+00:00,24679.3,24710.3,24670.8,24703.8,530
1780532400000,2026-06-04T00:20:00+00:00,24702.8,24707.8,24682.8,24688.3,410
1780532700000,2026-06-04T00:25:00+00:00,24687.8,24692.0,24682.3,24689.8,284
1780533000000,2026-06-04T00:30:00+00:00,24687.8,24751.8,24687.8,24747.8,430
1780533300000,2026-06-04T00:35:00+00:00,24749.8,24756.3,24733.8,24738.8,506
1780533600000,2026-06-04T00:40:00+00:00,24741.8,24747.8,24735.8,24747.3,278
1780533900000,2026-06-04T00:45:00+00:00,24748.3,24751.8,24735.3,24742.8,334
1780534200000,2026-06-04T00:50:00+00:00,24741.8,24745.8,24730.8,24745.3,316
1780534500000,2026-06-04T00:55:00+00:00,24743.3,24751.8,24735.8,24747.3,258
1780534800000,2026-06-04T01:00:00+00:00,24749.8,24761.8,24744.3,24753.3,444
1780535100000,2026-06-04T01:05:00+00:00,24753.8,24767.8,24748.8,24764.8,332
1780535400000,2026-06-04T01:10:00+00:00,24765.8,24781.0,24765.8,24773.3,390
1780535700000,2026-06-04T01:15:00+00:00,24770.3,24771.8,24746.8,24749.3,306
1780536000000,2026-06-04T01:20:00+00:00,24751.8,24764.8,24749.8,24756.8,392
1780536300000,2026-06-04T01:25:00+00:00,24754.8,24761.8,24746.8,24751.8,372
1780536600000,2026-06-04T01:30:00+00:00,24753.8,24772.8,24753.8,24760.8,410
1780536900000,2026-06-04T01:35:00+00:00,24757.8,24766.8,24754.8,24755.8,314
1780537200000,2026-06-04T01:40:00+00:00,24757.3,24759.8,24738.8,24746.8,322
1780537500000,2026-06-04T01:45:00+00:00,24744.8,24754.8,24737.8,24751.8,428
1780537800000,2026-06-04T01:50:00+00:00,24750.8,24753.8,24720.8,24726.3,376
1780538100000,2026-06-04T01:55:00+00:00,24724.8,24736.8,24722.8,24736.8,352
1780538400000,2026-06-04T02:00:00+00:00,24735.8,24738.3,24721.8,24724.8,366
1780538700000,2026-06-04T02:05:00+00:00,24723.8,24732.8,24719.8,24721.8,322
1780539000000,2026-06-04T02:10:00+00:00,24722.8,24722.8,24704.8,24710.3,334
1780539300000,2026-06-04T02:15:00+00:00,24711.3,24711.8,24686.8,24699.3,408
1780539600000,2026-06-04T02:20:00+00:00,24698.3,24727.8,24698.3,24720.3,320
1780539900000,2026-06-04T02:25:00+00:00,24718.8,24733.8,24717.8,24722.8,448
1780540200000,2026-06-04T02:30:00+00:00,24722.3,24728.8,24703.3,24710.8,276
1780540500000,2026-06-04T02:35:00+00:00,24706.8,24719.3,24702.8,24711.3,370
1780540800000,2026-06-04T02:40:00+00:00,24712.8,24724.8,24712.8,24721.8,328
1780541100000,2026-06-04T02:45:00+00:00,24720.8,24739.3,24720.8,24737.3,338
1780541400000,2026-06-04T02:50:00+00:00,24736.8,24738.8,24723.3,24728.8,406
1780541700000,2026-06-04T02:55:00+00:00,24730.8,24736.8,24725.3,24730.8,304
1780542000000,2026-06-04T03:00:00+00:00,24731.3,24746.8,24729.8,24743.3,430
1780542300000,2026-06-04T03:05:00+00:00,24744.8,24750.8,24741.8,24745.3,274
1780542600000,2026-06-04T03:10:00+00:00,24747.8,24751.3,24742.8,24745.8,286
1780542900000,2026-06-04T03:15:00+00:00,24744.8,24748.3,24740.8,24743.8,238
1780543200000,2026-06-04T03:20:00+00:00,24744.3,24747.8,24740.8,24744.8,164
1780543500000,2026-06-04T03:25:00+00:00,24743.8,24753.8,24742.8,24753.8,164
1780543800000,2026-06-04T03:30:00+00:00,24752.8,24762.8,24751.8,24758.3,236
1780544100000,2026-06-04T03:35:00+00:00,24758.8,24758.8,24747.8,24752.8,312
1780544400000,2026-06-04T03:40:00+00:00,24750.3,24752.8,24725.8,24726.8,314
1780544700000,2026-06-04T03:45:00+00:00,24722.8,24729.8,24720.8,24726.8,358
1780545000000,2026-06-04T03:50:00+00:00,24729.3,24736.3,24725.8,24732.8,332
1780545300000,2026-06-04T03:55:00+00:00,24733.8,24748.8,24732.8,24746.8,218
1780545600000,2026-06-04T04:00:00+00:00,24748.8,24748.8,24733.8,24739.8,212
1780545900000,2026-06-04T04:05:00+00:00,24737.8,24743.8,24737.8,24741.8,162
1780546200000,2026-06-04T04:10:00+00:00,24740.8,24754.8,24740.8,24754.8,154
1780546500000,2026-06-04T04:15:00+00:00,24755.8,24757.8,24745.3,24751.3,150
1780546800000,2026-06-04T04:20:00+00:00,24752.8,24752.8,24748.8,24749.8,174
1780547100000,2026-06-04T04:25:00+00:00,24750.8,24757.8,24747.3,24749.8,174
1780547400000,2026-06-04T04:30:00+00:00,24750.8,24759.3,24742.8,24748.8,326
1780547700000,2026-06-04T04:35:00+00:00,24748.3,24752.8,24735.8,24747.8,352
1780548000000,2026-06-04T04:40:00+00:00,24749.8,24755.8,24743.8,24755.8,240
1780548300000,2026-06-04T04:45:00+00:00,24754.8,24757.8,24747.8,24752.8,216
1780548600000,2026-06-04T04:50:00+00:00,24751.8,24754.8,24749.8,24752.8,192
1780548900000,2026-06-04T04:55:00+00:00,24751.8,24754.8,24747.8,24751.8,184
1780549200000,2026-06-04T05:00:00+00:00,24751.3,24753.3,24732.8,24734.8,260
1780549500000,2026-06-04T05:05:00+00:00,24735.8,24743.8,24717.8,24717.8,340
1780549800000,2026-06-04T05:10:00+00:00,24718.8,24732.8,24712.8,24729.3,368
1780550100000,2026-06-04T05:15:00+00:00,24730.3,24742.8,24721.3,24735.8,328
1780550400000,2026-06-04T05:20:00+00:00,24736.8,24737.0,24719.3,24720.8,284
1780550700000,2026-06-04T05:25:00+00:00,24722.8,24737.8,24717.8,24732.8,336
1780551000000,2026-06-04T05:30:00+00:00,24733.3,24748.8,24731.8,24745.8,334
1780551300000,2026-06-04T05:35:00+00:00,24748.0,24764.0,24743.8,24750.8,328
1780551600000,2026-06-04T05:40:00+00:00,24752.8,24759.8,24742.8,24754.8,314
1780551900000,2026-06-04T05:45:00+00:00,24753.8,24753.8,24740.8,24748.8,258
1780552200000,2026-06-04T05:50:00+00:00,24750.8,24757.8,24733.8,24734.8,232
1780552500000,2026-06-04T05:55:00+00:00,24733.8,24757.8,24732.5,24754.8,296
1780552800000,2026-06-04T06:00:00+00:00,24753.8,24784.6,24749.8,24780.6,389
1780553100000,2026-06-04T06:05:00+00:00,24778.6,24793.6,24776.6,24788.6,328
1780553400000,2026-06-04T06:10:00+00:00,24787.6,24793.6,24774.6,24779.6,310
1780553700000,2026-06-04T06:15:00+00:00,24778.6,24781.6,24772.6,24779.6,298
1780554000000,2026-06-04T06:20:00+00:00,24778.6,24783.6,24767.6,24767.6,278
1780554300000,2026-06-04T06:25:00+00:00,24766.6,24787.6,24766.6,24786.6,272
1780554600000,2026-06-04T06:30:00+00:00,24789.6,24812.6,24781.6,24800.6,397
1780554900000,2026-06-04T06:35:00+00:00,24801.6,24820.6,24794.6,24802.6,334
1780555200000,2026-06-04T06:40:00+00:00,24803.6,24809.6,24797.6,24802.6,280
1780555500000,2026-06-04T06:45:00+00:00,24800.6,24802.6,24785.6,24797.6,232
1780555800000,2026-06-04T06:50:00+00:00,24806.6,24808.6,24797.6,24804.6,333
1780556100000,2026-06-04T06:55:00+00:00,24806.6,24821.6,24794.6,24820.6,348
1780556400000,2026-06-04T07:00:00+00:00,24821.6,24867.6,24821.6,24859.6,706
1780556700000,2026-06-04T07:05:00+00:00,24860.6,24870.6,24838.6,24859.6,544
1780557000000,2026-06-04T07:10:00+00:00,24857.6,24874.6,24854.6,24873.6,457
1780557300000,2026-06-04T07:15:00+00:00,24874.6,24906.6,24874.6,24906.6,518
1780557600000,2026-06-04T07:20:00+00:00,24903.6,24904.6,24875.6,24882.6,456
1780557900000,2026-06-04T07:25:00+00:00,24883.6,24908.6,24877.6,24907.6,458
1780558200000,2026-06-04T07:30:00+00:00,24906.6,24932.6,24900.6,24929.6,465
1780558500000,2026-06-04T07:35:00+00:00,24930.6,24946.1,24926.6,24934.1,456
1780558800000,2026-06-04T07:40:00+00:00,24936.1,24941.1,24907.1,24920.1,430
1780559100000,2026-06-04T07:45:00+00:00,24918.1,24941.1,24918.1,24928.1,372
1780559400000,2026-06-04T07:50:00+00:00,24929.1,24949.1,24919.1,24936.1,460
1780559700000,2026-06-04T07:55:00+00:00,24935.1,24943.1,24934.1,24939.1,360
1780560000000,2026-06-04T08:00:00+00:00,24938.1,24943.1,24925.1,24932.1,446
1780560300000,2026-06-04T08:05:00+00:00,24934.1,24956.1,24921.1,24955.1,470
1780560600000,2026-06-04T08:10:00+00:00,24954.1,24969.1,24943.1,24943.1,484
1780560900000,2026-06-04T08:15:00+00:00,24942.1,24961.1,24939.1,24945.1,508
1780561200000,2026-06-04T08:20:00+00:00,24946.1,24947.1,24918.1,24944.1,461
1780561500000,2026-06-04T08:25:00+00:00,24945.1,24959.1,24929.1,24957.1,524
1780561800000,2026-06-04T08:30:00+00:00,24960.1,24998.1,24950.1,24960.1,610
1780562100000,2026-06-04T08:35:00+00:00,24961.1,24964.1,24939.1,24943.1,380
1780562400000,2026-06-04T08:40:00+00:00,24944.1,24945.1,24926.1,24933.1,418
1780562700000,2026-06-04T08:45:00+00:00,24932.1,24934.1,24908.1,24910.1,374
1780563000000,2026-06-04T08:50:00+00:00,24912.1,24915.1,24889.1,24890.1,444
1780563300000,2026-06-04T08:55:00+00:00,24889.1,24899.1,24881.1,24883.1,425
1780563600000,2026-06-04T09:00:00+00:00,24883.1,24883.1,24858.1,24871.1,502
1780563900000,2026-06-04T09:05:00+00:00,24870.1,24872.1,24852.1,24858.1,465
1780564200000,2026-06-04T09:10:00+00:00,24860.1,24862.1,24838.1,24856.1,470
1780564500000,2026-06-04T09:15:00+00:00,24855.1,24872.1,24851.1,24864.1,429
1780564800000,2026-06-04T09:20:00+00:00,24866.1,24879.1,24859.1,24862.1,411
1780565100000,2026-06-04T09:25:00+00:00,24861.1,24885.1,24860.1,24876.1,377
1780565400000,2026-06-04T09:30:00+00:00,24874.1,24882.1,24868.1,24873.1,318
1780565700000,2026-06-04T09:35:00+00:00,24874.1,24911.1,24873.1,24907.1,398
1780566000000,2026-06-04T09:40:00+00:00,24906.1,24929.1,24905.1,24928.1,378
1780566300000,2026-06-04T09:45:00+00:00,24929.1,24957.1,24925.1,24949.1,448
1780566600000,2026-06-04T09:50:00+00:00,24948.1,24957.1,24941.1,24952.1,412
1780566900000,2026-06-04T09:55:00+00:00,24951.1,24970.1,24950.1,24961.1,420
1780567200000,2026-06-04T10:00:00+00:00,24959.1,24962.1,24919.1,24924.1,408
1780567500000,2026-06-04T10:05:00+00:00,24925.1,24933.1,24911.1,24919.1,342
1780567800000,2026-06-04T10:10:00+00:00,24918.1,24928.1,24909.1,24920.1,348
1780568100000,2026-06-04T10:15:00+00:00,24921.1,24922.1,24898.1,24916.1,366
1780568400000,2026-06-04T10:20:00+00:00,24915.1,24927.1,24907.1,24916.1,330
1780568700000,2026-06-04T10:25:00+00:00,24915.1,24922.1,24897.1,24900.1,292
1780569000000,2026-06-04T10:30:00+00:00,24899.1,24901.1,24877.1,24879.1,405
1780569300000,2026-06-04T10:35:00+00:00,24879.1,24880.1,24858.1,24858.1,273
1780569600000,2026-06-04T10:40:00+00:00,24857.1,24892.1,24854.1,24888.1,327
1780569900000,2026-06-04T10:45:00+00:00,24887.1,24893.1,24878.1,24889.1,340
1780570200000,2026-06-04T10:50:00+00:00,24888.1,24890.1,24857.1,24888.1,470
1780570500000,2026-06-04T10:55:00+00:00,24889.1,24907.1,24879.1,24904.1,400
1780570800000,2026-06-04T11:00:00+00:00,24906.1,24941.1,24904.1,24936.1,454
1780571100000,2026-06-04T11:05:00+00:00,24935.1,24935.1,24911.1,24912.1,378
1780571400000,2026-06-04T11:10:00+00:00,24911.1,24918.1,24901.1,24910.1,345
1780571700000,2026-06-04T11:15:00+00:00,24908.1,24941.1,24905.1,24936.1,468
1780572000000,2026-06-04T11:20:00+00:00,24938.1,24943.1,24918.1,24940.1,488
1780572300000,2026-06-04T11:25:00+00:00,24941.1,24956.1,24934.1,24938.1,356
1780572600000,2026-06-04T11:30:00+00:00,24939.1,24947.1,24924.1,24925.1,465
1780572900000,2026-06-04T11:35:00+00:00,24924.1,24925.1,24893.1,24918.1,448
1780573200000,2026-06-04T11:40:00+00:00,24917.1,24921.1,24897.1,24906.1,468
1780573500000,2026-06-04T11:45:00+00:00,24907.1,24935.1,24894.1,24934.1,470
1780573800000,2026-06-04T11:50:00+00:00,24935.1,24957.1,24932.1,24934.1,555
1780574100000,2026-06-04T11:55:00+00:00,24933.1,24949.1,24928.1,24949.1,502
1780574400000,2026-06-04T12:00:00+00:00,24948.1,24956.1,24933.1,24934.1,422
1780574700000,2026-06-04T12:05:00+00:00,24934.1,24957.1,24929.1,24932.1,478
1780575000000,2026-06-04T12:10:00+00:00,24935.1,24943.1,24914.1,24940.1,516
1780575300000,2026-06-04T12:15:00+00:00,24941.1,24951.1,24933.1,24945.1,444
1780575600000,2026-06-04T12:20:00+00:00,24944.1,24954.1,24940.1,24948.1,306
1780575900000,2026-06-04T12:25:00+00:00,24949.1,24964.1,24947.1,24961.3,354
1780576200000,2026-06-04T12:30:00+00:00,24958.8,24981.1,24945.1,24955.1,399
1780576500000,2026-06-04T12:35:00+00:00,24956.1,24985.1,24952.1,24982.1,256
1780576800000,2026-06-04T12:40:00+00:00,24985.1,24992.1,24978.1,24989.1,306
1780577100000,2026-06-04T12:45:00+00:00,24990.1,24990.1,24973.1,24981.1,324
1780577400000,2026-06-04T12:50:00+00:00,24980.1,24998.1,24976.1,24983.1,290
1780577700000,2026-06-04T12:55:00+00:00,24981.1,24984.1,24961.1,24973.1,303
1780578000000,2026-06-04T13:00:00+00:00,24967.1,24984.1,24966.1,24984.1,372
1780578300000,2026-06-04T13:05:00+00:00,24983.1,24999.1,24979.1,24996.1,298
1780578600000,2026-06-04T13:10:00+00:00,24995.1,24998.1,24973.1,24978.1,412
1780578900000,2026-06-04T13:15:00+00:00,24979.1,25001.1,24979.1,24996.1,300
1780579200000,2026-06-04T13:20:00+00:00,24995.1,25006.1,24985.1,24991.1,338
1780579500000,2026-06-04T13:25:00+00:00,24990.1,24997.1,24976.1,24986.1,376
1780579800000,2026-06-04T13:30:00+00:00,24987.1,24992.1,24940.1,24942.1,634
1780580100000,2026-06-04T13:35:00+00:00,24944.1,24957.1,24934.1,24936.1,490
1780580400000,2026-06-04T13:40:00+00:00,24935.1,24950.1,24922.1,24941.1,488
1780580700000,2026-06-04T13:45:00+00:00,24944.1,24974.1,24939.1,24973.1,512
1780581000000,2026-06-04T13:50:00+00:00,24972.1,24972.1,24950.1,24962.1,440
1780581300000,2026-06-04T13:55:00+00:00,24963.1,24966.1,24943.1,24961.1,492
1780581600000,2026-06-04T14:00:00+00:00,24960.1,24971.1,24944.1,24944.1,460
1780581900000,2026-06-04T14:05:00+00:00,24943.1,24961.1,24925.1,24934.1,444
1780582200000,2026-06-04T14:10:00+00:00,24935.1,24970.1,24934.1,24968.1,440
1780582500000,2026-06-04T14:15:00+00:00,24967.1,24986.1,24963.1,24963.1,456
1780582800000,2026-06-04T14:20:00+00:00,24964.1,24966.1,24952.1,24954.1,386
1780583100000,2026-06-04T14:25:00+00:00,24955.1,24956.1,24931.1,24932.1,395
1780583400000,2026-06-04T14:30:00+00:00,24931.1,24937.1,24906.1,24934.1,417
1780583700000,2026-06-04T14:35:00+00:00,24933.1,24940.1,24917.1,24932.1,410
1780584000000,2026-06-04T14:40:00+00:00,24933.1,24936.1,24906.1,24918.1,342
1780584300000,2026-06-04T14:45:00+00:00,24919.1,24928.1,24902.1,24903.1,450
1780584600000,2026-06-04T14:50:00+00:00,24904.1,24915.1,24897.1,24909.1,370
1780584900000,2026-06-04T14:55:00+00:00,24908.1,24926.1,24892.1,24892.1,371
1780585200000,2026-06-04T15:00:00+00:00,24894.1,24895.1,24870.1,24875.1,402
1780585500000,2026-06-04T15:05:00+00:00,24874.1,24903.1,24866.1,24897.1,368
1780585800000,2026-06-04T15:10:00+00:00,24900.1,24924.1,24894.1,24922.1,392
1780586100000,2026-06-04T15:15:00+00:00,24923.1,24929.1,24915.1,24919.1,334
1780586400000,2026-06-04T15:20:00+00:00,24920.1,24927.1,24908.1,24910.1,322
1780586700000,2026-06-04T15:25:00+00:00,24909.1,24926.1,24906.1,24911.1,418
1780587000000,2026-06-04T15:30:00+00:00,24914.1,24952.1,24914.1,24940.1,496
1780587300000,2026-06-04T15:35:00+00:00,24939.1,24952.1,24932.1,24936.1,368
1780587600000,2026-06-04T15:40:00+00:00,24935.1,24943.1,24925.1,24927.1,318
1780587900000,2026-06-04T15:45:00+00:00,24926.1,24927.1,24905.1,24907.1,286
1780588200000,2026-06-04T15:50:00+00:00,24906.1,24927.1,24902.1,24915.1,312
1780588500000,2026-06-04T15:55:00+00:00,24914.1,24919.1,24911.1,24918.1,242
1780588800000,2026-06-04T16:00:00+00:00,24919.1,24929.1,24917.1,24925.1,288
1780589100000,2026-06-04T16:05:00+00:00,24926.1,24949.1,24923.1,24943.1,308
1780589400000,2026-06-04T16:10:00+00:00,24944.1,24948.1,24937.1,24940.1,328
1780589700000,2026-06-04T16:15:00+00:00,24939.1,24943.1,24935.1,24935.1,278
1780590000000,2026-06-04T16:20:00+00:00,24933.1,24937.1,24931.1,24936.1,222
1780590300000,2026-06-04T16:25:00+00:00,24935.1,24936.1,24930.1,24933.1,196
1780590600000,2026-06-04T16:30:00+00:00,24934.1,24940.1,24926.1,24928.1,294
1780590900000,2026-06-04T16:35:00+00:00,24930.1,24934.1,24928.1,24931.1,278
1780591200000,2026-06-04T16:40:00+00:00,24930.1,24939.1,24927.1,24935.1,178
1780591500000,2026-06-04T16:45:00+00:00,24934.1,24935.1,24927.1,24930.1,222
1780591800000,2026-06-04T16:50:00+00:00,24931.1,24943.1,24930.1,24940.1,212
1780592100000,2026-06-04T16:55:00+00:00,24941.1,24941.1,24934.1,24938.1,174
1780592400000,2026-06-04T17:00:00+00:00,24934.1,24939.1,24933.1,24937.1,192
1780592700000,2026-06-04T17:05:00+00:00,24936.1,24939.1,24932.1,24933.1,188
1780593000000,2026-06-04T17:10:00+00:00,24932.1,24934.1,24924.1,24924.1,90
1780593300000,2026-06-04T17:15:00+00:00,24925.1,24932.1,24923.1,24929.1,184
1780593600000,2026-06-04T17:20:00+00:00,24928.1,24933.1,24925.1,24930.1,118
1780593900000,2026-06-04T17:25:00+00:00,24931.1,24945.1,24930.1,24942.1,176
1780594200000,2026-06-04T17:30:00+00:00,24943.1,24951.1,24940.1,24940.1,226
1780594500000,2026-06-04T17:35:00+00:00,24941.1,24949.1,24938.1,24939.1,208
1780594800000,2026-06-04T17:40:00+00:00,24940.1,24943.1,24937.1,24940.1,222
1780595100000,2026-06-04T17:45:00+00:00,24939.1,24943.1,24938.1,24943.1,154
1780595400000,2026-06-04T17:50:00+00:00,24942.1,24943.1,24937.1,24941.1,128
1780595700000,2026-06-04T17:55:00+00:00,24942.1,24949.1,24942.1,24943.1,66
1780596000000,2026-06-04T18:00:00+00:00,24942.1,24945.1,24936.1,24939.1,182
1780596300000,2026-06-04T18:05:00+00:00,24940.1,24943.1,24931.1,24933.1,210
1780596600000,2026-06-04T18:10:00+00:00,24932.1,24938.1,24930.1,24938.1,128
1780596900000,2026-06-04T18:15:00+00:00,24939.1,24942.1,24936.1,24941.1,118
1780597200000,2026-06-04T18:20:00+00:00,24942.1,24947.1,24940.1,24946.1,112
1780597500000,2026-06-04T18:25:00+00:00,24945.1,24949.1,24933.1,24936.1,162
1780597800000,2026-06-04T18:30:00+00:00,24935.1,24942.1,24935.1,24942.1,234
1780598100000,2026-06-04T18:35:00+00:00,24941.1,24944.1,24936.1,24937.1,180
1780598400000,2026-06-04T18:40:00+00:00,24936.1,24939.1,24934.1,24935.1,138
1780598700000,2026-06-04T18:45:00+00:00,24934.1,24944.1,24934.1,24943.1,78
1780599000000,2026-06-04T18:50:00+00:00,24944.1,24949.1,24941.1,24948.1,114
1780599300000,2026-06-04T18:55:00+00:00,24947.1,24949.1,24939.1,24943.1,202
1780599600000,2026-06-04T19:00:00+00:00,24942.1,24945.1,24938.1,24939.1,172
1780599900000,2026-06-04T19:05:00+00:00,24940.1,24941.1,24934.1,24939.1,126
1780600200000,2026-06-04T19:10:00+00:00,24940.1,24945.1,24939.1,24941.1,144
1780600500000,2026-06-04T19:15:00+00:00,24942.1,24948.1,24939.1,24947.1,116
1780600800000,2026-06-04T19:20:00+00:00,24948.1,24953.1,24947.1,24953.1,108
1780601100000,2026-06-04T19:25:00+00:00,24954.1,24956.1,24950.1,24954.1,96
1780601400000,2026-06-04T19:30:00+00:00,24953.1,24964.1,24952.1,24963.1,124
1780601700000,2026-06-04T19:35:00+00:00,24964.1,24967.1,24950.1,24951.1,138
1780602000000,2026-06-04T19:40:00+00:00,24950.1,24958.1,24949.1,24957.1,152
1780602300000,2026-06-04T19:45:00+00:00,24956.1,24958.1,24946.1,24953.1,196
1780602600000,2026-06-04T19:50:00+00:00,24952.1,24953.1,24941.1,24947.1,348
1780602900000,2026-06-04T19:55:00+00:00,24945.1,24946.1,24933.1,24942.1,226
1780618500000,2026-06-05T00:15:00+00:00,24783.8,24835.3,24771.8,24778.8,428
1780618800000,2026-06-05T00:20:00+00:00,24773.8,24791.8,24761.8,24776.8,386
1780619100000,2026-06-05T00:25:00+00:00,24777.8,24794.8,24777.8,24789.8,414
1780619400000,2026-06-05T00:30:00+00:00,24791.8,24801.8,24783.8,24795.3,572
1780619700000,2026-06-05T00:35:00+00:00,24796.8,24801.3,24772.3,24779.3,380
1780620000000,2026-06-05T00:40:00+00:00,24783.8,24814.3,24778.0,24800.8,444
1780620300000,2026-06-05T00:45:00+00:00,24799.8,24809.3,24790.3,24793.3,444
1780620600000,2026-06-05T00:50:00+00:00,24795.8,24805.3,24782.8,24803.8,366
1780620900000,2026-06-05T00:55:00+00:00,24803.3,24810.8,24796.8,24804.8,288
1780621200000,2026-06-05T01:00:00+00:00,24807.8,24813.8,24792.8,24810.3,478
1780621500000,2026-06-05T01:05:00+00:00,24809.8,24817.8,24804.3,24807.8,334
1780621800000,2026-06-05T01:10:00+00:00,24808.3,24815.8,24802.8,24805.3,226
1780622100000,2026-06-05T01:15:00+00:00,24804.3,24812.8,24791.8,24808.3,282
1780622400000,2026-06-05T01:20:00+00:00,24808.8,24814.8,24796.3,24799.8,308
1780622700000,2026-06-05T01:25:00+00:00,24797.8,24814.3,24779.3,24807.3,502
1780623000000,2026-06-05T01:30:00+00:00,24807.8,24825.3,24807.3,24825.3,226
1780623300000,2026-06-05T01:35:00+00:00,24826.8,24835.3,24814.3,24815.3,294
1780623600000,2026-06-05T01:40:00+00:00,24815.8,24825.3,24812.8,24816.8,400
1780623900000,2026-06-05T01:45:00+00:00,24817.8,24819.8,24808.8,24811.8,332
1780624200000,2026-06-05T01:50:00+00:00,24810.8,24826.8,24805.3,24825.8,178
1780624500000,2026-06-05T01:55:00+00:00,24826.8,24844.3,24823.8,24838.3,186
1780624800000,2026-06-05T02:00:00+00:00,24837.3,24844.8,24833.3,24844.8,198
1780625100000,2026-06-05T02:05:00+00:00,24838.8,24847.8,24834.8,24837.8,212
1780625400000,2026-06-05T02:10:00+00:00,24841.3,24848.8,24839.8,24847.8,94
1780625700000,2026-06-05T02:15:00+00:00,24848.3,24859.8,24838.8,24844.3,238
1780626000000,2026-06-05T02:20:00+00:00,24845.3,24848.8,24843.3,24848.8,78
1780626300000,2026-06-05T02:25:00+00:00,24848.3,24859.3,24845.8,24852.8,174
1780626600000,2026-06-05T02:30:00+00:00,24851.8,24854.8,24838.8,24842.8,262
1780626900000,2026-06-05T02:35:00+00:00,24837.8,24844.8,24834.8,24839.8,166
1780627200000,2026-06-05T02:40:00+00:00,24838.8,24839.3,24832.3,24832.3,196
1780627500000,2026-06-05T02:45:00+00:00,24835.8,24837.3,24819.8,24828.3,356
1780627800000,2026-06-05T02:50:00+00:00,24828.8,24840.8,24827.3,24833.8,176
1780628100000,2026-06-05T02:55:00+00:00,24831.8,24832.3,24818.3,24820.3,112
1780628400000,2026-06-05T03:00:00+00:00,24819.3,24823.8,24813.8,24819.8,258
1780628700000,2026-06-05T03:05:00+00:00,24818.8,24820.8,24809.3,24813.3,232
1780629000000,2026-06-05T03:10:00+00:00,24816.3,24828.8,24813.3,24819.8,188
1780629300000,2026-06-05T03:15:00+00:00,24823.8,24834.8,24818.8,24823.8,204
1780629600000,2026-06-05T03:20:00+00:00,24821.8,24825.3,24813.8,24822.8,216
1780629900000,2026-06-05T03:25:00+00:00,24825.8,24828.8,24806.3,24809.8,242
1780630200000,2026-06-05T03:30:00+00:00,24812.3,24817.8,24797.8,24806.8,514
1780630500000,2026-06-05T03:35:00+00:00,24805.8,24814.3,24803.8,24812.8,374
1780630800000,2026-06-05T03:40:00+00:00,24811.8,24821.3,24808.8,24816.8,390
1780631100000,2026-06-05T03:45:00+00:00,24815.3,24816.8,24799.8,24804.3,140
1780631400000,2026-06-05T03:50:00+00:00,24802.8,24805.8,24782.8,24783.8,238
1780631700000,2026-06-05T03:55:00+00:00,24784.8,24788.8,24775.8,24781.3,348
1780632000000,2026-06-05T04:00:00+00:00,24784.8,24791.3,24780.8,24787.8,350
1780632300000,2026-06-05T04:05:00+00:00,24788.8,24799.3,24788.3,24797.3,236
1780632600000,2026-06-05T04:10:00+00:00,24795.8,24803.3,24788.8,24797.3,192
1780632900000,2026-06-05T04:15:00+00:00,24799.8,24809.3,24793.8,24802.8,224
1780633200000,2026-06-05T04:20:00+00:00,24796.3,24804.8,24793.8,24804.8,140
1780633500000,2026-06-05T04:25:00+00:00,24803.3,24812.3,24798.8,24799.8,424
1780633800000,2026-06-05T04:30:00+00:00,24802.8,24802.8,24784.8,24793.8,370
1780634100000,2026-06-05T04:35:00+00:00,24794.8,24807.3,24790.8,24807.3,352
1780634400000,2026-06-05T04:40:00+00:00,24806.3,24814.8,24795.3,24800.8,508
1780634700000,2026-06-05T04:45:00+00:00,24802.8,24812.8,24799.8,24811.8,400
1780635000000,2026-06-05T04:50:00+00:00,24810.8,24817.8,24809.8,24816.8,280
1780635300000,2026-06-05T04:55:00+00:00,24818.0,24828.8,24815.3,24819.8,316
1780635600000,2026-06-05T05:00:00+00:00,24819.3,24823.8,24807.8,24813.8,470
1780635900000,2026-06-05T05:05:00+00:00,24812.3,24815.8,24805.3,24811.8,334
1780636200000,2026-06-05T05:10:00+00:00,24811.3,24815.8,24800.8,24808.8,344
1780636500000,2026-06-05T05:15:00+00:00,24811.3,24812.0,24800.8,24807.8,316
1780636800000,2026-06-05T05:20:00+00:00,24809.8,24822.3,24809.8,24820.3,394
1780637100000,2026-06-05T05:25:00+00:00,24820.8,24821.8,24807.8,24811.8,318
1780637400000,2026-06-05T05:30:00+00:00,24811.3,24836.8,24811.3,24831.8,310
1780637700000,2026-06-05T05:35:00+00:00,24832.8,24852.8,24832.8,24847.8,296
1780638000000,2026-06-05T05:40:00+00:00,24846.8,24852.8,24836.8,24841.8,330
1780638300000,2026-06-05T05:45:00+00:00,24840.8,24843.8,24829.8,24833.8,234
1780638600000,2026-06-05T05:50:00+00:00,24832.8,24835.8,24805.8,24814.8,264
1780638900000,2026-06-05T05:55:00+00:00,24813.8,24821.0,24807.8,24820.8,270
1780639200000,2026-06-05T06:00:00+00:00,24824.8,24871.6,24824.8,24870.6,381
1780639500000,2026-06-05T06:05:00+00:00,24868.6,24888.6,24867.6,24880.6,420
1780639800000,2026-06-05T06:10:00+00:00,24881.6,24897.6,24874.6,24888.6,386
1780640100000,2026-06-05T06:15:00+00:00,24885.6,24888.6,24874.6,24877.6,340
1780640400000,2026-06-05T06:20:00+00:00,24876.6,24877.6,24848.6,24854.6,331
1780640700000,2026-06-05T06:25:00+00:00,24853.6,24859.6,24846.6,24851.6,358
1780641000000,2026-06-05T06:30:00+00:00,24852.6,24875.6,24852.6,24874.6,382
1780641300000,2026-06-05T06:35:00+00:00,24875.6,24878.6,24860.6,24862.6,365
1780641600000,2026-06-05T06:40:00+00:00,24864.6,24866.6,24856.6,24858.6,306
1780641900000,2026-06-05T06:45:00+00:00,24857.6,24866.6,24849.6,24863.6,318
1780642200000,2026-06-05T06:50:00+00:00,24862.6,24871.6,24855.6,24870.6,264
1780642500000,2026-06-05T06:55:00+00:00,24871.6,24886.6,24866.6,24882.6,353
1780642800000,2026-06-05T07:00:00+00:00,24881.6,24905.6,24865.6,24897.6,704
1780643100000,2026-06-05T07:05:00+00:00,24893.6,24904.6,24859.6,24875.6,549
1780643400000,2026-06-05T07:10:00+00:00,24876.6,24882.6,24844.6,24851.6,556
1780643700000,2026-06-05T07:15:00+00:00,24852.6,24860.6,24814.6,24823.6,524
1780644000000,2026-06-05T07:20:00+00:00,24824.6,24877.6,24812.6,24866.6,532
1780644300000,2026-06-05T07:25:00+00:00,24865.6,24872.6,24845.6,24866.6,488
1780644600000,2026-06-05T07:30:00+00:00,24863.6,24894.6,24858.6,24894.6,506
1780644900000,2026-06-05T07:35:00+00:00,24892.6,24893.6,24877.6,24878.6,462
1780645200000,2026-06-05T07:40:00+00:00,24877.6,24906.6,24873.6,24906.6,430
1780645500000,2026-06-05T07:45:00+00:00,24907.6,24927.6,24900.6,24922.6,430
1780645800000,2026-06-05T07:50:00+00:00,24920.6,24941.6,24909.6,24925.6,464
1780646100000,2026-06-05T07:55:00+00:00,24927.6,24942.6,24907.6,24909.6,469
1780646400000,2026-06-05T08:00:00+00:00,24910.6,24910.6,24871.6,24874.6,526
1780646700000,2026-06-05T08:05:00+00:00,24872.6,24886.6,24863.6,24883.6,492
1780647000000,2026-06-05T08:10:00+00:00,24884.6,24901.6,24884.6,24895.6,464
1780647300000,2026-06-05T08:15:00+00:00,24897.6,24897.6,24875.6,24885.6,446
1780647600000,2026-06-05T08:20:00+00:00,24884.6,24912.6,24867.6,24909.6,466
1780647900000,2026-06-05T08:25:00+00:00,24910.6,24937.6,24909.6,24937.6,516
1780648200000,2026-06-05T08:30:00+00:00,24933.6,24936.6,24918.6,24919.6,464
1780648500000,2026-06-05T08:35:00+00:00,24918.6,24936.6,24917.6,24935.6,352
1780648800000,2026-06-05T08:40:00+00:00,24936.6,24952.6,24923.6,24923.6,390
1780649100000,2026-06-05T08:45:00+00:00,24922.6,24929.6,24910.6,24926.6,404
1780649400000,2026-06-05T08:50:00+00:00,24925.6,24929.6,24908.6,24928.6,366
1780649700000,2026-06-05T08:55:00+00:00,24927.6,24938.6,24922.6,24937.6,294
1780650000000,2026-06-05T09:00:00+00:00,24938.6,24943.6,24929.6,24931.6,420
1780650300000,2026-06-05T09:05:00+00:00,24930.6,24955.6,24930.6,24948.6,390
1780650600000,2026-06-05T09:10:00+00:00,24950.6,25025.6,24943.6,24994.6,594
1780650900000,2026-06-05T09:15:00+00:00,24989.6,24993.6,24963.6,24983.6,576
1780651200000,2026-06-05T09:20:00+00:00,24982.6,24987.6,24968.6,24973.6,486
1780651500000,2026-06-05T09:25:00+00:00,24972.6,24979.6,24957.6,24964.6,448
1780651800000,2026-06-05T09:30:00+00:00,24965.6,24985.6,24950.6,24967.6,406
1780652100000,2026-06-05T09:35:00+00:00,24966.6,24967.6,24949.6,24959.6,434
1780652400000,2026-06-05T09:40:00+00:00,24960.6,24966.6,24949.6,24952.6,350
1780652700000,2026-06-05T09:45:00+00:00,24953.6,24972.6,24953.6,24960.6,404
1780653000000,2026-06-05T09:50:00+00:00,24959.6,24989.6,24947.6,24988.6,415
1780653300000,2026-06-05T09:55:00+00:00,24989.6,24995.6,24979.6,24992.6,364
1780653600000,2026-06-05T10:00:00+00:00,24993.6,24993.6,24966.6,24973.6,357
1780653900000,2026-06-05T10:05:00+00:00,24972.6,24978.6,24964.6,24976.6,326
1780654200000,2026-06-05T10:10:00+00:00,24975.6,24981.6,24971.6,24979.6,318
1780654500000,2026-06-05T10:15:00+00:00,24980.6,24994.6,24978.6,24992.6,268
1780654800000,2026-06-05T10:20:00+00:00,24993.6,24997.6,24982.6,24983.6,306
1780655100000,2026-06-05T10:25:00+00:00,24984.6,24987.6,24979.6,24983.6,272
1780655400000,2026-06-05T10:30:00+00:00,24984.6,24990.6,24975.6,24989.6,320
1780655700000,2026-06-05T10:35:00+00:00,24988.6,24995.6,24987.6,24993.6,244
1780656000000,2026-06-05T10:40:00+00:00,24994.6,25004.6,24987.6,25004.6,270
1780656300000,2026-06-05T10:45:00+00:00,25005.6,25012.6,24998.6,25008.6,264
1780656600000,2026-06-05T10:50:00+00:00,25009.6,25014.6,24994.6,25000.6,266
1780656900000,2026-06-05T10:55:00+00:00,24999.6,25000.6,24989.6,24990.6,298
1780657200000,2026-06-05T11:00:00+00:00,24988.6,24997.6,24976.6,24996.6,392
1780657500000,2026-06-05T11:05:00+00:00,24995.6,25014.6,24995.6,25014.6,287
1780657800000,2026-06-05T11:10:00+00:00,25013.6,25017.6,25008.6,25008.6,284
1780658100000,2026-06-05T11:15:00+00:00,25007.6,25009.6,24978.6,24986.6,270
1780658400000,2026-06-05T11:20:00+00:00,24987.6,24990.6,24948.6,24969.6,344
1780658700000,2026-06-05T11:25:00+00:00,24970.6,24997.6,24970.6,24996.6,304
1780659000000,2026-06-05T11:30:00+00:00,24995.6,25006.6,24991.6,25006.6,318
1780659300000,2026-06-05T11:35:00+00:00,25004.6,25008.6,24984.6,24985.6,330
1780659600000,2026-06-05T11:40:00+00:00,24986.6,24994.6,24986.6,24991.6,336
1780659900000,2026-06-05T11:45:00+00:00,24990.6,24999.6,24984.6,24990.6,348
1780660200000,2026-06-05T11:50:00+00:00,24991.6,25003.6,24987.6,24999.6,254
1780660500000,2026-06-05T11:55:00+00:00,25000.6,25003.6,24990.6,24992.6,274
1780660800000,2026-06-05T12:00:00+00:00,24991.6,24997.6,24987.6,24993.6,310
1780661100000,2026-06-05T12:05:00+00:00,24992.6,25005.6,24991.6,24992.6,250
1780661400000,2026-06-05T12:10:00+00:00,24991.6,24993.6,24978.6,24987.6,292
1780661700000,2026-06-05T12:15:00+00:00,24986.6,24989.6,24966.6,24967.6,348
1780662000000,2026-06-05T12:20:00+00:00,24966.6,24971.6,24949.6,24952.6,318
1780662300000,2026-06-05T12:25:00+00:00,24953.6,24960.6,24940.6,24944.8,264
1780662600000,2026-06-05T12:30:00+00:00,24948.8,24985.8,24925.6,24928.6,648
1780662900000,2026-06-05T12:35:00+00:00,24927.6,24934.6,24908.6,24934.6,544
1780663200000,2026-06-05T12:40:00+00:00,24933.6,24945.6,24925.6,24942.6,488
1780663500000,2026-06-05T12:45:00+00:00,24941.6,24949.6,24935.6,24936.6,468
1780663800000,2026-06-05T12:50:00+00:00,24937.6,24937.6,24904.6,24909.6,436
1780664100000,2026-06-05T12:55:00+00:00,24910.6,24913.6,24893.6,24905.6,420
1780664400000,2026-06-05T13:00:00+00:00,24904.6,24924.6,24898.6,24924.6,526
1780664700000,2026-06-05T13:05:00+00:00,24923.6,24949.6,24906.6,24944.6,460
1780665000000,2026-06-05T13:10:00+00:00,24943.6,24957.6,24933.6,24943.6,428
1780665300000,2026-06-05T13:15:00+00:00,24942.6,24949.6,24920.6,24920.6,422
1780665600000,2026-06-05T13:20:00+00:00,24922.6,24937.6,24903.6,24907.6,402
1780665900000,2026-06-05T13:25:00+00:00,24905.6,24918.6,24903.6,24904.6,390
1780666200000,2026-06-05T13:30:00+00:00,24902.6,24911.6,24873.6,24880.6,686
1780666500000,2026-06-05T13:35:00+00:00,24877.6,24879.6,24838.6,24863.6,572
1780666800000,2026-06-05T13:40:00+00:00,24862.6,24867.6,24825.6,24831.6,496
1780667100000,2026-06-05T13:45:00+00:00,24832.6,24837.6,24802.6,24805.6,546
1780667400000,2026-06-05T13:50:00+00:00,24807.6,24830.6,24797.6,24828.6,634
1780667700000,2026-06-05T13:55:00+00:00,24829.6,24829.6,24789.6,24808.6,529
1780668000000,2026-06-05T14:00:00+00:00,24810.6,24865.6,24796.6,24827.6,780
1780668300000,2026-06-05T14:05:00+00:00,24826.6,24850.6,24785.6,24818.6,637
1780668600000,2026-06-05T14:10:00+00:00,24819.6,24833.6,24793.6,24803.6,587
1780668900000,2026-06-05T14:15:00+00:00,24801.6,24822.6,24791.6,24805.6,540
1780669200000,2026-06-05T14:20:00+00:00,24803.6,24807.6,24762.6,24777.6,587
1780669500000,2026-06-05T14:25:00+00:00,24778.6,24801.6,24771.6,24797.6,512
1780669800000,2026-06-05T14:30:00+00:00,24798.6,24833.6,24797.6,24831.6,528
1780670100000,2026-06-05T14:35:00+00:00,24830.6,24831.6,24791.6,24803.6,466
1780670400000,2026-06-05T14:40:00+00:00,24804.6,24829.6,24797.6,24825.6,476
1780670700000,2026-06-05T14:45:00+00:00,24827.6,24836.6,24815.6,24829.6,420
1780671000000,2026-06-05T14:50:00+00:00,24828.6,24839.6,24820.6,24830.6,410
1780671300000,2026-06-05T14:55:00+00:00,24829.6,24833.6,24811.6,24815.6,446
1780671600000,2026-06-05T15:00:00+00:00,24814.6,24823.6,24802.6,24817.6,440
1780671900000,2026-06-05T15:05:00+00:00,24818.6,24821.6,24783.6,24784.6,424
1780672200000,2026-06-05T15:10:00+00:00,24782.6,24797.6,24774.6,24785.6,377
1780672500000,2026-06-05T15:15:00+00:00,24786.6,24797.6,24778.6,24794.6,442
1780672800000,2026-06-05T15:20:00+00:00,24795.6,24805.6,24766.6,24774.6,422
1780673100000,2026-06-05T15:25:00+00:00,24773.6,24788.6,24764.6,24770.6,493
1780673400000,2026-06-05T15:30:00+00:00,24769.6,24791.6,24750.6,24750.6,563
1780673700000,2026-06-05T15:35:00+00:00,24752.6,24766.6,24740.6,24748.6,393
1780674000000,2026-06-05T15:40:00+00:00,24749.6,24762.6,24746.6,24750.6,420
1780674300000,2026-06-05T15:45:00+00:00,24751.6,24767.6,24747.6,24759.6,387
1780674600000,2026-06-05T15:50:00+00:00,24760.6,24768.6,24756.6,24767.6,380
1780674900000,2026-06-05T15:55:00+00:00,24766.6,24776.6,24750.6,24757.6,311
1780675200000,2026-06-05T16:00:00+00:00,24756.6,24756.6,24740.6,24744.6,412
1780675500000,2026-06-05T16:05:00+00:00,24742.6,24744.6,24718.6,24723.6,534
1780675800000,2026-06-05T16:10:00+00:00,24721.6,24736.6,24720.6,24734.6,480
1780676100000,2026-06-05T16:15:00+00:00,24733.6,24737.6,24724.6,24727.6,430
1780676400000,2026-06-05T16:20:00+00:00,24726.6,24735.6,24724.6,24727.6,384
1780676700000,2026-06-05T16:25:00+00:00,24726.6,24735.6,24725.6,24725.6,284
1780677000000,2026-06-05T16:30:00+00:00,24724.6,24729.6,24710.6,24716.6,464
1780677300000,2026-06-05T16:35:00+00:00,24715.6,24718.6,24705.6,24716.6,418
1780677600000,2026-06-05T16:40:00+00:00,24717.6,24718.6,24688.6,24695.6,430
1780677900000,2026-06-05T16:45:00+00:00,24694.6,24707.6,24677.6,24700.6,512
1780678200000,2026-06-05T16:50:00+00:00,24699.6,24717.6,24696.6,24716.6,510
1780678500000,2026-06-05T16:55:00+00:00,24717.6,24719.6,24701.6,24711.6,467
1780678800000,2026-06-05T17:00:00+00:00,24709.6,24710.6,24687.6,24699.6,468
1780679100000,2026-06-05T17:05:00+00:00,24698.6,24699.6,24685.6,24688.6,458
1780679400000,2026-06-05T17:10:00+00:00,24689.6,24692.6,24673.6,24682.6,486
1780679700000,2026-06-05T17:15:00+00:00,24681.6,24682.6,24665.6,24676.6,472
1780680000000,2026-06-05T17:20:00+00:00,24678.6,24698.6,24669.6,24697.6,556
1780680300000,2026-06-05T17:25:00+00:00,24696.6,24698.6,24684.6,24696.6,404
1780680600000,2026-06-05T17:30:00+00:00,24697.6,24704.6,24692.6,24704.6,560
1780680900000,2026-06-05T17:35:00+00:00,24705.6,24715.6,24700.6,24714.6,454
1780681200000,2026-06-05T17:40:00+00:00,24715.6,24719.6,24690.6,24694.6,472
1780681500000,2026-06-05T17:45:00+00:00,24695.6,24704.6,24688.6,24694.6,492
1780681800000,2026-06-05T17:50:00+00:00,24695.6,24707.6,24690.6,24702.6,528
1780682100000,2026-06-05T17:55:00+00:00,24703.6,24708.6,24699.6,24702.6,472
1780682400000,2026-06-05T18:00:00+00:00,24703.6,24711.6,24684.6,24689.6,380
1780682700000,2026-06-05T18:05:00+00:00,24690.6,24693.6,24680.6,24681.6,489
1780683000000,2026-06-05T18:10:00+00:00,24682.6,24686.6,24665.6,24665.6,451
1780683300000,2026-06-05T18:15:00+00:00,24664.6,24664.6,24638.6,24650.6,514
1780683600000,2026-06-05T18:20:00+00:00,24653.6,24669.6,24645.6,24649.6,557
1780683900000,2026-06-05T18:25:00+00:00,24648.6,24651.6,24623.6,24625.6,564
1780684200000,2026-06-05T18:30:00+00:00,24624.6,24640.6,24621.6,24629.6,426
1780684500000,2026-06-05T18:35:00+00:00,24628.6,24634.6,24612.6,24622.6,476
1780684800000,2026-06-05T18:40:00+00:00,24624.6,24626.6,24605.6,24614.6,494
1780685100000,2026-06-05T18:45:00+00:00,24612.6,24614.6,24586.6,24607.6,506
1780685400000,2026-06-05T18:50:00+00:00,24605.6,24613.6,24569.6,24579.6,574
1780685700000,2026-06-05T18:55:00+00:00,24578.6,24619.6,24574.6,24591.6,602
1780686000000,2026-06-05T19:00:00+00:00,24590.6,24591.6,24566.6,24578.6,510
1780686300000,2026-06-05T19:05:00+00:00,24576.6,24580.6,24543.6,24557.6,514
1780686600000,2026-06-05T19:10:00+00:00,24558.6,24558.6,24528.6,24538.6,562
1780686900000,2026-06-05T19:15:00+00:00,24535.6,24536.6,24500.6,24513.6,544
1780687200000,2026-06-05T19:20:00+00:00,24514.6,24542.6,24509.6,24527.6,590
1780687500000,2026-06-05T19:25:00+00:00,24529.6,24558.6,24525.6,24558.6,650
1780687800000,2026-06-05T19:30:00+00:00,24559.6,24561.6,24536.6,24548.6,640
1780688100000,2026-06-05T19:35:00+00:00,24549.6,24576.6,24545.6,24575.6,530
1780688400000,2026-06-05T19:40:00+00:00,24574.6,24575.6,24537.6,24553.6,686
1780688700000,2026-06-05T19:45:00+00:00,24554.6,24590.6,24551.6,24586.6,568
1780689000000,2026-06-05T19:50:00+00:00,24583.6,24603.6,24583.6,24596.6,632
1780877700000,2026-06-08T00:15:00+00:00,24563.8,24576.8,24546.8,24556.8,358
1780878000000,2026-06-08T00:20:00+00:00,24556.3,24571.8,24553.8,24568.8,278
1780878300000,2026-06-08T00:25:00+00:00,24566.8,24579.8,24560.8,24571.3,220
1780878600000,2026-06-08T00:30:00+00:00,24572.3,24594.8,24572.3,24579.8,204
1780878900000,2026-06-08T00:35:00+00:00,24577.8,24607.0,24575.8,24605.8,190
1780879200000,2026-06-08T00:40:00+00:00,24606.8,24610.0,24568.3,24578.8,366
1780879500000,2026-06-08T00:45:00+00:00,24577.8,24577.8,24552.8,24567.8,440
1780879800000,2026-06-08T00:50:00+00:00,24568.8,24569.0,24546.8,24551.8,426
1780880100000,2026-06-08T00:55:00+00:00,24550.8,24556.8,24526.8,24555.8,434
1780880400000,2026-06-08T01:00:00+00:00,24557.8,24570.8,24547.8,24561.8,606
1780880700000,2026-06-08T01:05:00+00:00,24562.8,24572.8,24543.8,24564.8,604
1780881000000,2026-06-08T01:10:00+00:00,24558.8,24560.8,24515.3,24515.3,592
1780881300000,2026-06-08T01:15:00+00:00,24521.8,24521.8,24467.8,24478.3,670
1780881600000,2026-06-08T01:20:00+00:00,24476.3,24506.8,24469.8,24479.8,782
1780881900000,2026-06-08T01:25:00+00:00,24478.8,24482.8,24435.3,24438.8,622
1780882200000,2026-06-08T01:30:00+00:00,24442.8,24476.8,24360.3,24462.8,740
1780882500000,2026-06-08T01:35:00+00:00,24464.8,24472.8,24446.8,24460.3,660
1780882800000,2026-06-08T01:40:00+00:00,24458.8,24501.8,24458.8,24500.8,548
1780883100000,2026-06-08T01:45:00+00:00,24498.3,24528.8,24498.3,24511.8,624
1780883400000,2026-06-08T01:50:00+00:00,24512.8,24528.8,24496.8,24504.3,628
1780883700000,2026-06-08T01:55:00+00:00,24510.8,24534.8,24506.3,24533.8,536
1780884000000,2026-06-08T02:00:00+00:00,24534.8,24550.8,24525.3,24530.3,666
1780884300000,2026-06-08T02:05:00+00:00,24531.3,24539.8,24520.8,24524.8,560
1780884600000,2026-06-08T02:10:00+00:00,24525.8,24556.8,24517.8,24554.8,568
1780884900000,2026-06-08T02:15:00+00:00,24551.3,24554.8,24523.8,24531.8,560
1780885200000,2026-06-08T02:20:00+00:00,24533.0,24554.8,24531.3,24551.8,524
1780885500000,2026-06-08T02:25:00+00:00,24552.8,24570.8,24541.8,24560.8,550
1780885800000,2026-06-08T02:30:00+00:00,24561.8,24566.8,24524.8,24539.8,644
1780886100000,2026-06-08T02:35:00+00:00,24540.3,24558.8,24523.8,24557.8,494
1780886400000,2026-06-08T02:40:00+00:00,24560.0,24578.8,24560.0,24577.8,330
1780886700000,2026-06-08T02:45:00+00:00,24576.8,24615.8,24576.8,24594.5,328
1780887000000,2026-06-08T02:50:00+00:00,24596.8,24601.8,24577.3,24590.8,436
1780887300000,2026-06-08T02:55:00+00:00,24592.8,24598.8,24582.8,24586.3,442
1780887600000,2026-06-08T03:00:00+00:00,24587.8,24595.8,24539.8,24554.8,434
1780887900000,2026-06-08T03:05:00+00:00,24559.0,24569.0,24549.8,24562.8,284
1780888200000,2026-06-08T03:10:00+00:00,24564.3,24567.8,24549.8,24559.8,296
1780888500000,2026-06-08T03:15:00+00:00,24560.8,24564.8,24523.8,24543.8,348
1780888800000,2026-06-08T03:20:00+00:00,24544.8,24565.8,24539.8,24564.8,380
1780889100000,2026-06-08T03:25:00+00:00,24565.8,24570.8,24535.8,24545.8,378
1780889400000,2026-06-08T03:30:00+00:00,24546.8,24561.8,24543.8,24550.8,562
1780889700000,2026-06-08T03:35:00+00:00,24551.8,24561.8,24548.8,24552.8,406
1780890000000,2026-06-08T03:40:00+00:00,24550.8,24556.8,24540.3,24547.8,386
1780890300000,2026-06-08T03:45:00+00:00,24548.8,24567.3,24547.8,24560.8,360
1780890600000,2026-06-08T03:50:00+00:00,24559.8,24569.3,24550.3,24563.8,280
1780890900000,2026-06-08T03:55:00+00:00,24565.8,24565.8,24537.3,24547.8,238
1780891200000,2026-06-08T04:00:00+00:00,24546.8,24558.3,24527.8,24536.3,384
1780891500000,2026-06-08T04:05:00+00:00,24534.8,24540.8,24523.8,24535.8,442
1780891800000,2026-06-08T04:10:00+00:00,24534.8,24540.8,24524.8,24537.8,364
1780892100000,2026-06-08T04:15:00+00:00,24538.8,24549.3,24524.8,24524.8,372
1780892400000,2026-06-08T04:20:00+00:00,24523.8,24524.3,24511.8,24515.8,418
1780892700000,2026-06-08T04:25:00+00:00,24517.8,24534.8,24514.8,24534.8,430
1780893000000,2026-06-08T04:30:00+00:00,24532.8,24547.0,24475.8,24488.8,456
1780893300000,2026-06-08T04:35:00+00:00,24490.3,24504.3,24485.3,24490.8,488
1780893600000,2026-06-08T04:40:00+00:00,24493.8,24497.3,24451.5,24455.8,400
1780893900000,2026-06-08T04:45:00+00:00,24459.3,24474.8,24450.0,24454.8,384
1780894200000,2026-06-08T04:50:00+00:00,24453.8,24478.8,24453.3,24464.3,374
1780894500000,2026-06-08T04:55:00+00:00,24463.3,24464.3,24413.3,24424.8,346
1780894800000,2026-06-08T05:00:00+00:00,24426.8,24470.8,24426.8,24470.8,406
1780895100000,2026-06-08T05:05:00+00:00,24468.8,24471.8,24444.8,24454.8,426
1780895400000,2026-06-08T05:10:00+00:00,24456.8,24458.8,24426.3,24430.8,446
1780895700000,2026-06-08T05:15:00+00:00,24428.8,24470.8,24424.8,24460.3,496
1780896000000,2026-06-08T05:20:00+00:00,24459.8,24465.8,24446.8,24447.8,392
1780896300000,2026-06-08T05:25:00+00:00,24446.8,24464.3,24428.3,24438.8,580
1780896600000,2026-06-08T05:30:00+00:00,24440.8,24445.8,24407.3,24410.8,606
1780896900000,2026-06-08T05:35:00+00:00,24409.8,24421.8,24385.8,24401.8,526
1780897200000,2026-06-08T05:40:00+00:00,24402.3,24406.8,24370.8,24383.8,486
1780897500000,2026-06-08T05:45:00+00:00,24381.8,24393.8,24372.8,24377.8,482
1780897800000,2026-06-08T05:50:00+00:00,24378.8,24401.8,24371.3,24377.0,518
1780898100000,2026-06-08T05:55:00+00:00,24381.8,24390.8,24361.5,24384.3,438
1780898400000,2026-06-08T06:00:00+00:00,24388.3,24409.6,24376.6,24398.6,600
1780898700000,2026-06-08T06:05:00+00:00,24401.6,24414.6,24365.6,24385.6,618
1780899000000,2026-06-08T06:10:00+00:00,24386.6,24390.6,24353.6,24366.6,570
1780899300000,2026-06-08T06:15:00+00:00,24365.6,24369.6,24334.6,24341.6,554
1780899600000,2026-06-08T06:20:00+00:00,24342.6,24374.6,24335.6,24373.6,534
1780899900000,2026-06-08T06:25:00+00:00,24374.6,24424.6,24366.6,24415.6,550
1780900200000,2026-06-08T06:30:00+00:00,24416.6,24436.6,24402.6,24402.6,588
1780900500000,2026-06-08T06:35:00+00:00,24403.6,24403.6,24374.6,24382.6,552
1780900800000,2026-06-08T06:40:00+00:00,24379.6,24395.6,24363.6,24384.6,456
1780901100000,2026-06-08T06:45:00+00:00,24385.6,24385.6,24368.6,24376.6,440
1780901400000,2026-06-08T06:50:00+00:00,24374.6,24432.6,24370.6,24415.6,438
1780901700000,2026-06-08T06:55:00+00:00,24414.6,24420.6,24393.6,24418.6,464
1780902000000,2026-06-08T07:00:00+00:00,24408.6,24474.6,24400.6,24463.6,788
1780902300000,2026-06-08T07:05:00+00:00,24460.6,24461.6,24436.6,24445.6,714
1780902600000,2026-06-08T07:10:00+00:00,24443.6,24473.6,24428.6,24449.6,674
1780902900000,2026-06-08T07:15:00+00:00,24446.6,24494.6,24428.6,24488.6,620
1780903200000,2026-06-08T07:20:00+00:00,24489.6,24523.6,24484.6,24521.6,614
1780903500000,2026-06-08T07:25:00+00:00,24520.6,24566.6,24517.6,24543.6,588
1780903800000,2026-06-08T07:30:00+00:00,24546.6,24561.6,24528.6,24537.6,576
1780904100000,2026-06-08T07:35:00+00:00,24538.6,24551.6,24517.6,24533.6,626
1780904400000,2026-06-08T07:40:00+00:00,24534.6,24561.6,24525.6,24561.6,454
1780904700000,2026-06-08T07:45:00+00:00,24564.6,24594.6,24557.6,24576.6,520
1780905000000,2026-06-08T07:50:00+00:00,24574.6,24586.6,24548.6,24548.6,478
1780905300000,2026-06-08T07:55:00+00:00,24549.6,24562.6,24529.6,24529.6,488
1780905600000,2026-06-08T08:00:00+00:00,24530.6,24542.6,24512.6,24542.6,534
1780905900000,2026-06-08T08:05:00+00:00,24541.6,24558.6,24525.6,24543.6,534
1780906200000,2026-06-08T08:10:00+00:00,24541.6,24541.6,24507.6,24525.6,528
1780906500000,2026-06-08T08:15:00+00:00,24524.6,24541.6,24512.6,24538.6,572
1780906800000,2026-06-08T08:20:00+00:00,24537.6,24538.6,24485.6,24506.6,522
1780907100000,2026-06-08T08:25:00+00:00,24505.6,24524.6,24496.6,24512.6,528
1780907400000,2026-06-08T08:30:00+00:00,24505.6,24535.6,24502.6,24526.6,580
1780907700000,2026-06-08T08:35:00+00:00,24527.6,24530.6,24504.6,24514.6,412
1780908000000,2026-06-08T08:40:00+00:00,24515.6,24519.6,24493.6,24507.6,508
1780908300000,2026-06-08T08:45:00+00:00,24508.6,24533.6,24505.6,24531.6,458
1780908600000,2026-06-08T08:50:00+00:00,24532.6,24542.6,24515.6,24523.6,460
1780908900000,2026-06-08T08:55:00+00:00,24519.6,24545.6,24506.6,24530.6,476
1780909200000,2026-06-08T09:00:00+00:00,24532.6,24566.6,24531.6,24560.6,470
1780909500000,2026-06-08T09:05:00+00:00,24563.6,24563.6,24531.6,24535.6,426
1780909800000,2026-06-08T09:10:00+00:00,24534.6,24561.6,24529.6,24560.6,402
1780910100000,2026-06-08T09:15:00+00:00,24559.6,24571.6,24554.6,24570.6,386
1780910400000,2026-06-08T09:20:00+00:00,24572.6,24590.6,24571.6,24575.6,384
1780910700000,2026-06-08T09:25:00+00:00,24576.6,24577.6,24557.6,24566.6,344
1780911000000,2026-06-08T09:30:00+00:00,24567.6,24571.6,24553.6,24554.6,364
1780911300000,2026-06-08T09:35:00+00:00,24555.6,24658.6,24550.6,24588.6,608
1780911600000,2026-06-08T09:40:00+00:00,24589.6,24624.6,24587.6,24619.6,498
1780911900000,2026-06-08T09:45:00+00:00,24614.6,24641.6,24614.6,24627.6,462
1780912200000,2026-06-08T09:50:00+00:00,24628.6,24637.6,24614.6,24619.6,458
1780912500000,2026-06-08T09:55:00+00:00,24621.6,24626.6,24608.6,24624.6,394
1780912800000,2026-06-08T10:00:00+00:00,24626.6,24627.6,24582.6,24604.6,498
1780913100000,2026-06-08T10:05:00+00:00,24603.6,24644.6,24603.6,24626.6,442
1780913400000,2026-06-08T10:10:00+00:00,24625.6,24635.6,24620.6,24627.6,366
1780913700000,2026-06-08T10:15:00+00:00,24628.6,24632.6,24594.6,24594.6,398
1780914000000,2026-06-08T10:20:00+00:00,24596.6,24602.6,24584.6,24592.6,336
1780914300000,2026-06-08T10:25:00+00:00,24591.6,24603.6,24586.6,24599.6,306
1780914600000,2026-06-08T10:30:00+00:00,24598.6,24709.6,24596.6,24658.6,452
1780914900000,2026-06-08T10:35:00+00:00,24654.6,24665.6,24632.6,24655.6,576
1780915200000,2026-06-08T10:40:00+00:00,24656.6,24673.6,24647.6,24654.6,420
1780915500000,2026-06-08T10:45:00+00:00,24655.6,24658.6,24625.6,24629.6,350
1780915800000,2026-06-08T10:50:00+00:00,24627.6,24641.6,24619.6,24625.6,374
1780916100000,2026-06-08T10:55:00+00:00,24624.6,24626.6,24605.6,24609.6,382
1780916400000,2026-06-08T11:00:00+00:00,24610.6,24610.6,24576.6,24594.6,418
1780916700000,2026-06-08T11:05:00+00:00,24593.6,24608.6,24589.6,24608.6,332
1780917000000,2026-06-08T11:10:00+00:00,24609.6,24698.6,24602.6,24698.6,688
1780917300000,2026-06-08T11:15:00+00:00,24710.6,24743.6,24668.6,24688.6,816
1780917600000,2026-06-08T11:20:00+00:00,24689.6,24702.6,24675.6,24695.6,608
1780917900000,2026-06-08T11:25:00+00:00,24698.6,24715.6,24694.6,24703.6,578
1780918200000,2026-06-08T11:30:00+00:00,24705.6,24721.6,24697.6,24712.6,524
1780918500000,2026-06-08T11:35:00+00:00,24711.6,24718.6,24700.6,24710.6,410
1780918800000,2026-06-08T11:40:00+00:00,24709.6,24711.6,24683.6,24687.6,420
1780919100000,2026-06-08T11:45:00+00:00,24686.6,24691.6,24657.6,24665.6,458
1780919400000,2026-06-08T11:50:00+00:00,24667.6,24681.6,24659.6,24666.6,470
1780919700000,2026-06-08T11:55:00+00:00,24665.6,24672.6,24656.6,24660.6,466
1780920000000,2026-06-08T12:00:00+00:00,24661.6,24698.6,24659.6,24688.6,464
1780920300000,2026-06-08T12:05:00+00:00,24687.6,24704.6,24676.6,24699.6,426
1780920600000,2026-06-08T12:10:00+00:00,24698.6,24705.6,24665.6,24668.6,436
1780920900000,2026-06-08T12:15:00+00:00,24667.6,24685.6,24659.6,24683.6,410
1780921200000,2026-06-08T12:20:00+00:00,24682.6,24695.6,24676.6,24685.6,470
1780921500000,2026-06-08T12:25:00+00:00,24686.6,24687.6,24660.6,24676.6,358
1780921800000,2026-06-08T12:30:00+00:00,24675.6,24684.6,24669.6,24674.6,380
1780922100000,2026-06-08T12:35:00+00:00,24673.6,24679.6,24654.6,24654.6,374
1780922400000,2026-06-08T12:40:00+00:00,24656.6,24690.6,24648.6,24660.6,440
1780922700000,2026-06-08T12:45:00+00:00,24661.6,24663.6,24640.6,24648.6,378
1780923000000,2026-06-08T12:50:00+00:00,24649.6,24653.6,24632.6,24650.6,356
1780923300000,2026-06-08T12:55:00+00:00,24651.6,24663.6,24643.6,24651.6,368
1780923600000,2026-06-08T13:00:00+00:00,24652.6,24672.6,24652.6,24655.6,496
1780923900000,2026-06-08T13:05:00+00:00,24656.6,24661.6,24639.6,24651.6,410
1780924200000,2026-06-08T13:10:00+00:00,24649.6,24655.6,24641.6,24646.6,374
1780924500000,2026-06-08T13:15:00+00:00,24645.6,24651.6,24638.6,24645.6,414
1780924800000,2026-06-08T13:20:00+00:00,24646.6,24682.6,24646.6,24663.6,428
1780925100000,2026-06-08T13:25:00+00:00,24664.6,24668.6,24652.6,24663.6,438
1780925400000,2026-06-08T13:30:00+00:00,24662.6,24694.6,24645.6,24645.6,606
1780925700000,2026-06-08T13:35:00+00:00,24646.6,24675.6,24640.6,24661.6,670
1780926000000,2026-06-08T13:40:00+00:00,24662.6,24671.6,24645.6,24653.6,670
1780926300000,2026-06-08T13:45:00+00:00,24654.6,24684.6,24649.6,24680.6,636
1780926600000,2026-06-08T13:50:00+00:00,24681.6,24705.6,24667.6,24689.6,588
1780926900000,2026-06-08T13:55:00+00:00,24690.6,24700.6,24674.6,24678.6,570
1780927200000,2026-06-08T14:00:00+00:00,24680.6,24684.6,24655.6,24663.6,584
1780927500000,2026-06-08T14:05:00+00:00,24664.6,24674.6,24653.6,24654.6,560
1780927800000,2026-06-08T14:10:00+00:00,24653.6,24658.6,24639.6,24654.6,618
1780928100000,2026-06-08T14:15:00+00:00,24653.6,24656.6,24616.6,24616.6,532
1780928400000,2026-06-08T14:20:00+00:00,24617.6,24624.6,24606.6,24617.6,532
1780928700000,2026-06-08T14:25:00+00:00,24616.6,24635.6,24611.6,24622.6,476
1780929000000,2026-06-08T14:30:00+00:00,24621.6,24628.6,24609.6,24618.6,464
1780929300000,2026-06-08T14:35:00+00:00,24619.6,24660.6,24616.6,24645.6,482
1780929600000,2026-06-08T14:40:00+00:00,24644.6,24657.6,24627.6,24655.6,558
1780929900000,2026-06-08T14:45:00+00:00,24656.6,24675.6,24629.6,24630.6,524
1780930200000,2026-06-08T14:50:00+00:00,24632.6,24653.6,24629.6,24653.6,398
1780930500000,2026-06-08T14:55:00+00:00,24654.6,24676.6,24649.6,24676.6,428
1780930800000,2026-06-08T15:00:00+00:00,24675.6,24679.6,24664.6,24667.6,410
1780931100000,2026-06-08T15:05:00+00:00,24666.6,24682.6,24661.6,24670.6,308
1780931400000,2026-06-08T15:10:00+00:00,24671.6,24672.6,24653.6,24665.6,390
1780931700000,2026-06-08T15:15:00+00:00,24664.6,24680.6,24649.6,24670.6,416
1780932000000,2026-06-08T15:20:00+00:00,24671.6,24684.6,24666.6,24680.6,382
1780932300000,2026-06-08T15:25:00+00:00,24679.6,24680.6,24639.6,24642.6,406
1780932600000,2026-06-08T15:30:00+00:00,24640.6,24655.6,24619.6,24619.6,568
1780932900000,2026-06-08T15:35:00+00:00,24622.6,24643.6,24613.6,24642.6,462
1780933200000,2026-06-08T15:40:00+00:00,24645.6,24654.6,24643.6,24648.6,402
1780933500000,2026-06-08T15:45:00+00:00,24650.6,24651.6,24628.6,24629.6,368
1780933800000,2026-06-08T15:50:00+00:00,24631.6,24641.6,24627.6,24628.6,364
1780934100000,2026-06-08T15:55:00+00:00,24627.6,24627.6,24609.6,24614.6,370
1780934400000,2026-06-08T16:00:00+00:00,24613.6,24626.6,24607.6,24616.6,430
1780934700000,2026-06-08T16:05:00+00:00,24617.6,24630.6,24611.6,24614.6,376
1780935000000,2026-06-08T16:10:00+00:00,24613.6,24625.6,24608.6,24620.6,366
1780935300000,2026-06-08T16:15:00+00:00,24619.6,24627.6,24617.6,24626.6,352
1780935600000,2026-06-08T16:20:00+00:00,24625.6,24631.6,24606.6,24611.6,456
1780935900000,2026-06-08T16:25:00+00:00,24612.6,24623.6,24598.6,24598.6,434
1780936200000,2026-06-08T16:30:00+00:00,24600.6,24605.6,24594.6,24594.6,504
1780936500000,2026-06-08T16:35:00+00:00,24595.6,24607.6,24590.6,24594.6,402
1780936800000,2026-06-08T16:40:00+00:00,24593.6,24600.6,24590.6,24597.6,434
1780937100000,2026-06-08T16:45:00+00:00,24598.6,24609.6,24593.6,24603.6,388
1780937400000,2026-06-08T16:50:00+00:00,24604.6,24605.6,24594.6,24600.6,390
1780937700000,2026-06-08T16:55:00+00:00,24601.6,24602.6,24589.6,24590.6,366
1780938000000,2026-06-08T17:00:00+00:00,24589.6,24590.6,24556.6,24565.6,532
1780938300000,2026-06-08T17:05:00+00:00,24566.6,24574.6,24559.6,24562.6,552
1780938600000,2026-06-08T17:10:00+00:00,24563.6,24566.6,24546.6,24565.6,476
1780938900000,2026-06-08T17:15:00+00:00,24564.6,24568.6,24546.6,24547.6,540
1780939200000,2026-06-08T17:20:00+00:00,24548.6,24557.6,24539.6,24544.6,490
1780939500000,2026-06-08T17:25:00+00:00,24545.6,24576.6,24543.6,24575.6,494
1780939800000,2026-06-08T17:30:00+00:00,24574.6,24582.6,24557.6,24566.6,496
1780940100000,2026-06-08T17:35:00+00:00,24567.6,24568.6,24544.6,24562.6,574
1780940400000,2026-06-08T17:40:00+00:00,24561.6,24564.6,24548.6,24549.6,466
1780940700000,2026-06-08T17:45:00+00:00,24550.6,24568.6,24549.6,24568.6,494
1780941000000,2026-06-08T17:50:00+00:00,24569.6,24577.6,24566.6,24574.6,412
1780941300000,2026-06-08T17:55:00+00:00,24573.6,24576.6,24565.6,24567.6,458
1780941600000,2026-06-08T18:00:00+00:00,24570.6,24594.6,24568.6,24588.6,398
1780941900000,2026-06-08T18:05:00+00:00,24589.6,24604.6,24588.6,24597.6,456
1780942200000,2026-06-08T18:10:00+00:00,24598.6,24600.6,24581.6,24586.6,478
1780942500000,2026-06-08T18:15:00+00:00,24587.6,24607.6,24586.6,24605.6,348
1780942800000,2026-06-08T18:20:00+00:00,24606.6,24613.6,24597.6,24604.6,344
1780943100000,2026-06-08T18:25:00+00:00,24603.6,24612.6,24603.6,24609.6,380
1780943400000,2026-06-08T18:30:00+00:00,24608.6,24627.6,24608.6,24618.6,376
1780943700000,2026-06-08T18:35:00+00:00,24620.6,24622.6,24606.6,24608.6,380
1780944000000,2026-06-08T18:40:00+00:00,24607.6,24612.6,24604.6,24606.6,362
1780944300000,2026-06-08T18:45:00+00:00,24607.6,24619.6,24607.6,24610.6,318
1780944600000,2026-06-08T18:50:00+00:00,24609.6,24621.6,24609.6,24618.6,294
1780944900000,2026-06-08T18:55:00+00:00,24617.6,24621.6,24607.6,24610.6,296
1780945200000,2026-06-08T19:00:00+00:00,24611.6,24611.6,24598.6,24607.6,408
1780945500000,2026-06-08T19:05:00+00:00,24608.6,24612.6,24596.6,24596.6,360
1780945800000,2026-06-08T19:10:00+00:00,24595.6,24595.6,24576.6,24577.6,472
1780946100000,2026-06-08T19:15:00+00:00,24578.6,24586.6,24574.6,24580.6,460
1780946400000,2026-06-08T19:20:00+00:00,24579.6,24586.6,24562.6,24565.6,410
1780946700000,2026-06-08T19:25:00+00:00,24567.6,24568.6,24545.6,24568.6,414
1780947000000,2026-06-08T19:30:00+00:00,24567.6,24583.6,24565.6,24572.6,432
1780947300000,2026-06-08T19:35:00+00:00,24573.6,24575.6,24558.6,24561.6,470
1780947600000,2026-06-08T19:40:00+00:00,24559.6,24562.6,24551.6,24559.6,490
1780947900000,2026-06-08T19:45:00+00:00,24558.6,24577.6,24556.6,24575.6,446
1780948200000,2026-06-08T19:50:00+00:00,24574.6,24588.6,24564.6,24581.6,526
1780948500000,2026-06-08T19:55:00+00:00,24580.6,24593.6,24575.6,24593.6,404
1780964100000,2026-06-09T00:15:00+00:00,24523.3,24545.8,24521.3,24534.8,444
1780964400000,2026-06-09T00:20:00+00:00,24532.3,24544.5,24530.3,24533.3,424
1780964700000,2026-06-09T00:25:00+00:00,24532.8,24535.8,24522.3,24531.3,318
1780965000000,2026-06-09T00:30:00+00:00,24533.3,24534.3,24486.3,24508.3,366
1780965300000,2026-06-09T00:35:00+00:00,24508.8,24513.3,24492.8,24503.3,574
1780965600000,2026-06-09T00:40:00+00:00,24502.3,24517.8,24499.3,24515.8,552
1780965900000,2026-06-09T00:45:00+00:00,24517.3,24518.3,24502.8,24513.3,504
1780966200000,2026-06-09T00:50:00+00:00,24514.3,24521.8,24491.8,24499.3,604
1780966500000,2026-06-09T00:55:00+00:00,24496.3,24516.3,24491.3,24512.3,558
1780966800000,2026-06-09T01:00:00+00:00,24512.8,24524.3,24500.3,24505.3,600
1780967100000,2026-06-09T01:05:00+00:00,24502.8,24522.3,24493.3,24502.3,548
1780967400000,2026-06-09T01:10:00+00:00,24503.3,24526.3,24494.3,24514.3,540
1780967700000,2026-06-09T01:15:00+00:00,24515.3,24526.3,24508.3,24520.3,596
1780968000000,2026-06-09T01:20:00+00:00,24522.3,24582.3,24517.3,24561.3,620
1780968300000,2026-06-09T01:25:00+00:00,24561.8,24570.3,24550.8,24557.3,622
1780968600000,2026-06-09T01:30:00+00:00,24555.3,24566.3,24547.3,24561.3,660
1780968900000,2026-06-09T01:35:00+00:00,24560.3,24572.8,24553.3,24569.8,476
1780969200000,2026-06-09T01:40:00+00:00,24570.3,24584.8,24555.8,24568.3,676
1780969500000,2026-06-09T01:45:00+00:00,24570.3,24594.8,24568.8,24579.8,582
1780969800000,2026-06-09T01:50:00+00:00,24580.3,24584.3,24566.3,24566.3,424
1780970100000,2026-06-09T01:55:00+00:00,24568.8,24575.3,24560.3,24566.3,440
1780970400000,2026-06-09T02:00:00+00:00,24567.3,24578.3,24562.3,24571.3,416
1780970700000,2026-06-09T02:05:00+00:00,24568.3,24582.3,24562.3,24579.3,512
1780971000000,2026-06-09T02:10:00+00:00,24580.3,24583.3,24567.3,24567.3,396
1780971300000,2026-06-09T02:15:00+00:00,24565.3,24583.3,24556.3,24567.3,386
1780971600000,2026-06-09T02:20:00+00:00,24568.3,24573.3,24558.8,24567.3,312
1780971900000,2026-06-09T02:25:00+00:00,24566.8,24577.3,24560.3,24573.3,364
1780972200000,2026-06-09T02:30:00+00:00,24574.3,24584.3,24567.3,24569.3,554
1780972500000,2026-06-09T02:35:00+00:00,24570.3,24570.3,24558.3,24562.3,310
1780972800000,2026-06-09T02:40:00+00:00,24559.3,24570.3,24558.3,24570.3,368
1780973100000,2026-06-09T02:45:00+00:00,24569.3,24576.3,24560.3,24562.3,362
1780973400000,2026-06-09T02:50:00+00:00,24560.3,24563.8,24544.3,24555.3,412
1780973700000,2026-06-09T02:55:00+00:00,24553.8,24565.3,24551.3,24562.3,374
1780974000000,2026-06-09T03:00:00+00:00,24563.3,24565.8,24558.3,24562.3,354
1780974300000,2026-06-09T03:05:00+00:00,24563.3,24580.3,24556.8,24572.3,458
1780974600000,2026-06-09T03:10:00+00:00,24571.3,24577.3,24569.3,24576.3,342
1780974900000,2026-06-09T03:15:00+00:00,24575.3,24604.3,24575.3,24590.3,298
1780975200000,2026-06-09T03:20:00+00:00,24589.8,24597.3,24573.3,24578.3,332
1780975500000,2026-06-09T03:25:00+00:00,24576.3,24584.5,24557.3,24566.3,380
1780975800000,2026-06-09T03:30:00+00:00,24567.3,24582.3,24567.3,24582.3,586
1780976100000,2026-06-09T03:35:00+00:00,24581.3,24588.3,24578.8,24588.3,428
1780976400000,2026-06-09T03:40:00+00:00,24586.3,24619.3,24585.3,24615.3,364
1780976700000,2026-06-09T03:45:00+00:00,24614.3,24621.3,24605.8,24607.3,390
1780977000000,2026-06-09T03:50:00+00:00,24607.8,24611.3,24588.3,24595.3,430
1780977300000,2026-06-09T03:55:00+00:00,24593.3,24597.3,24590.3,24593.8,268
1780977600000,2026-06-09T04:00:00+00:00,24594.3,24597.3,24584.3,24585.3,300
1780977900000,2026-06-09T04:05:00+00:00,24584.3,24594.3,24582.3,24593.3,220
1780978200000,2026-06-09T04:10:00+00:00,24592.3,24614.0,24591.3,24604.3,296
1780978500000,2026-06-09T04:15:00+00:00,24605.3,24621.3,24601.3,24619.3,332
1780978800000,2026-06-09T04:20:00+00:00,24620.3,24620.3,24606.8,24617.3,316
1780979100000,2026-06-09T04:25:00+00:00,24615.3,24621.3,24615.3,24620.3,220
1780979400000,2026-06-09T04:30:00+00:00,24621.3,24622.5,24601.3,24619.3,266
1780979700000,2026-06-09T04:35:00+00:00,24618.3,24624.3,24617.3,24623.3,202
1780980000000,2026-06-09T04:40:00+00:00,24622.3,24624.5,24618.3,24623.3,122
1780980300000,2026-06-09T04:45:00+00:00,24622.5,24642.3,24619.3,24640.3,218
1780980600000,2026-06-09T04:50:00+00:00,24640.5,24640.5,24617.8,24622.3,272
1780980900000,2026-06-09T04:55:00+00:00,24621.3,24624.3,24620.3,24621.3,160
1780981200000,2026-06-09T05:00:00+00:00,24620.3,24635.3,24614.3,24635.3,206
1780981500000,2026-06-09T05:05:00+00:00,24634.3,24635.3,24611.3,24611.3,348
1780981800000,2026-06-09T05:10:00+00:00,24610.5,24618.3,24610.5,24613.3,276
1780982100000,2026-06-09T05:15:00+00:00,24612.3,24622.3,24609.3,24612.3,248
1780982400000,2026-06-09T05:20:00+00:00,24613.3,24616.5,24605.3,24614.3,248
1780982700000,2026-06-09T05:25:00+00:00,24615.3,24618.3,24601.3,24602.3,346
1780983000000,2026-06-09T05:30:00+00:00,24604.3,24634.3,24596.3,24632.3,462
1780983300000,2026-06-09T05:35:00+00:00,24633.3,24633.3,24619.3,24620.8,342
1780983600000,2026-06-09T05:40:00+00:00,24621.3,24635.3,24617.3,24622.3,366
1780983900000,2026-06-09T05:45:00+00:00,24621.8,24631.3,24616.3,24627.3,274
1780984200000,2026-06-09T05:50:00+00:00,24626.3,24626.3,24597.3,24597.3,254
1780984500000,2026-06-09T05:55:00+00:00,24596.3,24600.3,24590.5,24597.8,232
1780984800000,2026-06-09T06:00:00+00:00,24595.8,24625.1,24594.8,24618.1,366
1780985100000,2026-06-09T06:05:00+00:00,24619.1,24623.1,24607.1,24613.1,452
1780985400000,2026-06-09T06:10:00+00:00,24614.1,24615.1,24600.1,24610.1,298
1780985700000,2026-06-09T06:15:00+00:00,24612.1,24621.1,24606.1,24606.1,300
1780986000000,2026-06-09T06:20:00+00:00,24607.1,24627.1,24607.1,24619.1,292
1780986300000,2026-06-09T06:25:00+00:00,24620.1,24627.1,24606.1,24607.1,364
1780986600000,2026-06-09T06:30:00+00:00,24608.1,24608.1,24582.1,24594.1,372
1780986900000,2026-06-09T06:35:00+00:00,24596.1,24608.1,24593.1,24606.1,334
1780987200000,2026-06-09T06:40:00+00:00,24605.1,24622.1,24605.1,24618.1,338
1780987500000,2026-06-09T06:45:00+00:00,24619.1,24630.1,24609.1,24609.1,274
1780987800000,2026-06-09T06:50:00+00:00,24608.1,24610.1,24585.1,24586.1,292
1780988100000,2026-06-09T06:55:00+00:00,24587.1,24595.1,24576.1,24584.1,359
1780988400000,2026-06-09T07:00:00+00:00,24580.1,24626.1,24569.1,24623.1,702
1780988700000,2026-06-09T07:05:00+00:00,24624.1,24660.1,24602.1,24655.1,640
1780989000000,2026-06-09T07:10:00+00:00,24656.1,24658.1,24608.1,24609.1,544
1780989300000,2026-06-09T07:15:00+00:00,24610.1,24610.1,24585.1,24594.1,542
1780989600000,2026-06-09T07:20:00+00:00,24595.1,24619.1,24582.1,24584.1,500
1780989900000,2026-06-09T07:25:00+00:00,24583.1,24584.1,24535.1,24569.1,578
1780990200000,2026-06-09T07:30:00+00:00,24568.1,24607.1,24568.1,24591.1,526
1780990500000,2026-06-09T07:35:00+00:00,24588.1,24627.1,24586.1,24626.1,490
1780990800000,2026-06-09T07:40:00+00:00,24627.1,24646.1,24620.1,24641.1,436
1780991100000,2026-06-09T07:45:00+00:00,24643.1,24668.1,24641.1,24662.1,456
1780991400000,2026-06-09T07:50:00+00:00,24661.1,24695.1,24640.1,24662.1,430
1780991700000,2026-06-09T07:55:00+00:00,24663.1,24675.1,24643.1,24670.1,468
1780992000000,2026-06-09T08:00:00+00:00,24671.1,24692.1,24653.1,24677.1,590
1780992300000,2026-06-09T08:05:00+00:00,24678.1,24708.1,24673.1,24693.1,486
1780992600000,2026-06-09T08:10:00+00:00,24694.1,24717.1,24690.1,24705.1,586
1780992900000,2026-06-09T08:15:00+00:00,24706.1,24727.1,24704.1,24719.1,496
1780993200000,2026-06-09T08:20:00+00:00,24722.1,24730.1,24712.1,24713.1,472
1780993500000,2026-06-09T08:25:00+00:00,24712.1,24716.1,24696.1,24713.1,460
1780993800000,2026-06-09T08:30:00+00:00,24715.1,24723.1,24701.1,24704.1,394
1780994100000,2026-06-09T08:35:00+00:00,24703.1,24719.1,24685.1,24717.1,394
1780994400000,2026-06-09T08:40:00+00:00,24716.1,24733.1,24715.1,24732.1,370
1780994700000,2026-06-09T08:45:00+00:00,24731.1,24746.1,24726.1,24737.1,402
1780995000000,2026-06-09T08:50:00+00:00,24738.1,24750.1,24730.1,24749.1,338
1780995300000,2026-06-09T08:55:00+00:00,24748.1,24753.1,24744.1,24747.1,340
1780995600000,2026-06-09T09:00:00+00:00,24746.1,24769.1,24739.1,24765.1,330
1780995900000,2026-06-09T09:05:00+00:00,24764.1,24778.1,24760.1,24777.1,340
1780996200000,2026-06-09T09:10:00+00:00,24776.1,24790.1,24776.1,24787.1,326
1780996500000,2026-06-09T09:15:00+00:00,24789.1,24793.1,24773.1,24787.1,324
1780996800000,2026-06-09T09:20:00+00:00,24786.1,24790.1,24777.1,24784.1,306
1780997100000,2026-06-09T09:25:00+00:00,24785.1,24786.1,24761.1,24764.1,294
1780997400000,2026-06-09T09:30:00+00:00,24763.1,24765.1,24736.1,24746.1,368
1780997700000,2026-06-09T09:35:00+00:00,24747.1,24786.1,24747.1,24784.1,350
1780998000000,2026-06-09T09:40:00+00:00,24783.1,24807.1,24782.1,24805.1,268
1780998300000,2026-06-09T09:45:00+00:00,24806.1,24809.1,24791.1,24796.1,280
1780998600000,2026-06-09T09:50:00+00:00,24795.1,24799.1,24785.1,24792.1,278
1780998900000,2026-06-09T09:55:00+00:00,24791.1,24795.1,24782.1,24793.1,268
1780999200000,2026-06-09T10:00:00+00:00,24794.1,24807.1,24782.1,24796.1,316
1780999500000,2026-06-09T10:05:00+00:00,24793.1,24807.1,24750.1,24784.1,450
1780999800000,2026-06-09T10:10:00+00:00,24785.1,24818.1,24784.1,24818.1,394
1781000100000,2026-06-09T10:15:00+00:00,24817.1,24818.1,24798.1,24801.1,346
1781000400000,2026-06-09T10:20:00+00:00,24800.1,24807.1,24794.1,24802.1,274
1781000700000,2026-06-09T10:25:00+00:00,24803.1,24823.1,24802.1,24821.1,266
1781001000000,2026-06-09T10:30:00+00:00,24822.1,24822.1,24795.1,24795.1,320
1781001300000,2026-06-09T10:35:00+00:00,24794.1,24794.1,24781.1,24781.1,312
1781001600000,2026-06-09T10:40:00+00:00,24779.1,24789.1,24777.1,24783.1,266
1781001900000,2026-06-09T10:45:00+00:00,24782.1,24791.1,24778.1,24779.1,320
1781002200000,2026-06-09T10:50:00+00:00,24780.1,24807.1,24777.1,24781.1,378
1781002500000,2026-06-09T10:55:00+00:00,24782.1,24787.1,24776.1,24786.1,296
1781002800000,2026-06-09T11:00:00+00:00,24785.1,24792.1,24773.1,24774.1,306
1781003100000,2026-06-09T11:05:00+00:00,24775.1,24793.1,24773.1,24781.1,384
1781003400000,2026-06-09T11:10:00+00:00,24780.1,24780.1,24761.1,24766.1,258
1781003700000,2026-06-09T11:15:00+00:00,24764.1,24776.1,24760.1,24775.1,284
1781004000000,2026-06-09T11:20:00+00:00,24776.1,24788.1,24768.1,24774.1,320
1781004300000,2026-06-09T11:25:00+00:00,24773.1,24783.1,24765.1,24769.1,334
1781004600000,2026-06-09T11:30:00+00:00,24770.1,24779.1,24760.1,24764.1,314
1781004900000,2026-06-09T11:35:00+00:00,24765.1,24768.1,24751.1,24758.1,292
1781005200000,2026-06-09T11:40:00+00:00,24759.1,24765.1,24753.1,24753.1,302
1781005500000,2026-06-09T11:45:00+00:00,24754.1,24763.1,24732.1,24732.1,338
1781005800000,2026-06-09T11:50:00+00:00,24733.1,24737.1,24717.1,24721.1,306
1781006100000,2026-06-09T11:55:00+00:00,24722.1,24731.1,24718.1,24731.1,282
1781006400000,2026-06-09T12:00:00+00:00,24730.1,24734.1,24708.1,24710.1,360
1781006700000,2026-06-09T12:05:00+00:00,24709.1,24726.1,24709.1,24719.1,318
1781007000000,2026-06-09T12:10:00+00:00,24720.1,24728.1,24714.1,24714.1,294
1781007300000,2026-06-09T12:15:00+00:00,24713.1,24713.1,24701.1,24712.1,318
1781007600000,2026-06-09T12:20:00+00:00,24713.1,24714.1,24701.1,24704.1,350
1781007900000,2026-06-09T12:25:00+00:00,24705.1,24721.1,24704.1,24718.1,320
1781008200000,2026-06-09T12:30:00+00:00,24717.1,24740.1,24715.1,24736.1,366
1781008500000,2026-06-09T12:35:00+00:00,24734.1,24752.1,24732.1,24737.1,346
1781008800000,2026-06-09T12:40:00+00:00,24738.1,24744.1,24731.1,24741.1,322
1781009100000,2026-06-09T12:45:00+00:00,24740.1,24743.1,24718.1,24718.1,348
1781009400000,2026-06-09T12:50:00+00:00,24717.1,24732.1,24716.1,24727.1,296
1781009700000,2026-06-09T12:55:00+00:00,24728.1,24755.1,24723.1,24755.1,318
1781010000000,2026-06-09T13:00:00+00:00,24753.1,24764.1,24736.1,24751.1,458
1781010300000,2026-06-09T13:05:00+00:00,24752.1,24793.1,24752.1,24777.1,424
1781010600000,2026-06-09T13:10:00+00:00,24778.1,24792.1,24766.1,24768.1,338
1781010900000,2026-06-09T13:15:00+00:00,24767.1,24774.1,24759.1,24766.1,322
1781011200000,2026-06-09T13:20:00+00:00,24764.1,24777.1,24756.1,24759.1,348
1781011500000,2026-06-09T13:25:00+00:00,24760.1,24765.1,24753.1,24759.1,410
1781011800000,2026-06-09T13:30:00+00:00,24755.1,24779.1,24754.1,24764.1,564
1781012100000,2026-06-09T13:35:00+00:00,24765.1,24767.1,24737.1,24747.1,524
1781012400000,2026-06-09T13:40:00+00:00,24746.1,24763.1,24744.1,24758.1,506
1781012700000,2026-06-09T13:45:00+00:00,24760.1,24815.1,24757.1,24806.1,548
1781013000000,2026-06-09T13:50:00+00:00,24805.1,24809.1,24778.1,24783.1,582
1781013300000,2026-06-09T13:55:00+00:00,24785.1,24790.1,24766.1,24773.1,518
1781013600000,2026-06-09T14:00:00+00:00,24777.1,24792.1,24768.1,24776.1,540
1781013900000,2026-06-09T14:05:00+00:00,24775.1,24783.1,24758.1,24773.1,506
1781014200000,2026-06-09T14:10:00+00:00,24772.1,24773.1,24720.1,24720.1,606
1781014500000,2026-06-09T14:15:00+00:00,24721.1,24736.1,24646.1,24665.1,672
1781014800000,2026-06-09T14:20:00+00:00,24661.1,24722.1,24656.1,24717.1,688
1781015100000,2026-06-09T14:25:00+00:00,24716.1,24721.1,24695.1,24703.1,566
1781015400000,2026-06-09T14:30:00+00:00,24702.1,24735.1,24687.1,24715.1,682
1781015700000,2026-06-09T14:35:00+00:00,24714.1,24715.1,24682.1,24694.1,584
1781016000000,2026-06-09T14:40:00+00:00,24693.1,24707.1,24658.1,24658.1,552
1781016300000,2026-06-09T14:45:00+00:00,24660.1,24660.1,24557.1,24565.1,776
1781016600000,2026-06-09T14:50:00+00:00,24564.1,24601.1,24555.1,24597.1,770
1781016900000,2026-06-09T14:55:00+00:00,24595.1,24617.1,24566.1,24617.1,654
1781017200000,2026-06-09T15:00:00+00:00,24619.1,24633.1,24580.1,24580.1,680
1781017500000,2026-06-09T15:05:00+00:00,24579.1,24599.1,24563.1,24596.1,636
1781017800000,2026-06-09T15:10:00+00:00,24597.1,24604.1,24561.1,24567.1,590
1781018100000,2026-06-09T15:15:00+00:00,24564.1,24573.1,24542.1,24547.1,568
1781018400000,2026-06-09T15:20:00+00:00,24548.1,24556.1,24480.1,24482.1,616
1781018700000,2026-06-09T15:25:00+00:00,24481.1,24502.1,24412.1,24412.1,732
1781019000000,2026-06-09T15:30:00+00:00,24401.1,24443.1,24394.1,24425.1,880
1781019300000,2026-06-09T15:35:00+00:00,24426.1,24439.1,24401.1,24425.1,844
1781019600000,2026-06-09T15:40:00+00:00,24424.1,24458.1,24420.1,24447.1,732
1781019900000,2026-06-09T15:45:00+00:00,24450.1,24472.1,24440.1,24470.1,670
1781020200000,2026-06-09T15:50:00+00:00,24471.1,24494.1,24449.1,24463.1,718
1781020500000,2026-06-09T15:55:00+00:00,24462.1,24466.1,24409.1,24422.1,724
1781020800000,2026-06-09T16:00:00+00:00,24424.1,24457.1,24420.1,24433.1,762
1781021100000,2026-06-09T16:05:00+00:00,24432.1,24436.1,24406.1,24426.1,694
1781021400000,2026-06-09T16:10:00+00:00,24422.1,24436.1,24412.1,24420.1,636
1781021700000,2026-06-09T16:15:00+00:00,24421.1,24424.1,24372.1,24377.1,710
1781022000000,2026-06-09T16:20:00+00:00,24375.1,24399.1,24355.1,24394.1,746
1781022300000,2026-06-09T16:25:00+00:00,24393.1,24411.1,24390.1,24406.1,666
1781022600000,2026-06-09T16:30:00+00:00,24405.1,24426.1,24389.1,24412.1,724
1781022900000,2026-06-09T16:35:00+00:00,24411.1,24437.1,24248.8,24266.3,862
1781023200000,2026-06-09T16:40:00+00:00,24264.8,24279.1,24232.1,24278.8,1020
1781023500000,2026-06-09T16:45:00+00:00,24277.1,24309.1,24263.1,24281.1,874
1781023800000,2026-06-09T16:50:00+00:00,24286.1,24298.1,24248.1,24252.1,806
1781024100000,2026-06-09T16:55:00+00:00,24253.1,24295.1,24243.1,24295.1,740
1781024400000,2026-06-09T17:00:00+00:00,24298.1,24344.1,24295.1,24340.1,732
1781024700000,2026-06-09T17:05:00+00:00,24337.1,24359.1,24332.1,24355.1,734
1781025000000,2026-06-09T17:10:00+00:00,24353.1,24363.1,24320.1,24357.1,738
1781025300000,2026-06-09T17:15:00+00:00,24356.1,24389.1,24342.1,24389.1,638
1781025600000,2026-06-09T17:20:00+00:00,24387.1,24437.1,24387.1,24423.1,788
1781025900000,2026-06-09T17:25:00+00:00,24421.1,24429.1,24410.1,24419.1,688
1781026200000,2026-06-09T17:30:00+00:00,24420.1,24434.1,24403.1,24430.1,624
1781026500000,2026-06-09T17:35:00+00:00,24431.1,24442.1,24418.1,24435.1,566
1781026800000,2026-06-09T17:40:00+00:00,24433.1,24474.1,24433.1,24449.1,566
1781027100000,2026-06-09T17:45:00+00:00,24450.1,24453.1,24427.1,24432.1,622
1781027400000,2026-06-09T17:50:00+00:00,24431.1,24466.1,24431.1,24452.1,626
1781027700000,2026-06-09T17:55:00+00:00,24451.1,24462.1,24448.1,24450.1,554
1781028000000,2026-06-09T18:00:00+00:00,24451.1,24468.1,24440.1,24450.1,626
1781028300000,2026-06-09T18:05:00+00:00,24449.1,24462.1,24445.1,24461.1,596
1781028600000,2026-06-09T18:10:00+00:00,24462.1,24462.1,24439.1,24450.1,624
1781028900000,2026-06-09T18:15:00+00:00,24449.1,24492.1,24437.1,24487.1,644
1781029200000,2026-06-09T18:20:00+00:00,24488.1,24507.1,24474.1,24504.1,700
1781029500000,2026-06-09T18:25:00+00:00,24505.1,24505.1,24485.1,24499.1,596
1781029800000,2026-06-09T18:30:00+00:00,24498.1,24522.1,24496.1,24516.1,614
1781030100000,2026-06-09T18:35:00+00:00,24518.1,24530.1,24512.1,24524.1,518
1781030400000,2026-06-09T18:40:00+00:00,24518.1,24525.1,24498.1,24500.1,520
1781030700000,2026-06-09T18:45:00+00:00,24499.1,24508.1,24495.1,24504.1,534
1781031000000,2026-06-09T18:50:00+00:00,24503.1,24520.1,24502.1,24512.1,510
1781031300000,2026-06-09T18:55:00+00:00,24511.1,24548.1,24511.1,24541.1,502
1781031600000,2026-06-09T19:00:00+00:00,24543.1,24544.1,24525.1,24541.1,540
1781031900000,2026-06-09T19:05:00+00:00,24540.1,24552.1,24534.1,24537.1,554
1781032200000,2026-06-09T19:10:00+00:00,24536.1,24540.1,24520.1,24522.1,574
1781032500000,2026-06-09T19:15:00+00:00,24523.1,24523.1,24483.1,24483.1,654
1781032800000,2026-06-09T19:20:00+00:00,24482.1,24497.1,24472.1,24484.1,676
1781033100000,2026-06-09T19:25:00+00:00,24483.1,24508.1,24479.1,24503.1,534
1781033400000,2026-06-09T19:30:00+00:00,24502.1,24510.1,24484.1,24492.1,600
1781033700000,2026-06-09T19:35:00+00:00,24490.1,24497.1,24481.1,24481.1,598
1781034000000,2026-06-09T19:40:00+00:00,24482.1,24498.1,24470.1,24483.1,666
1781034300000,2026-06-09T19:45:00+00:00,24486.1,24489.1,24470.1,24480.1,548
1781034600000,2026-06-09T19:50:00+00:00,24488.1,24525.1,24487.1,24522.1,642
1781034900000,2026-06-09T19:55:00+00:00,24524.1,24547.1,24523.1,24533.1,430
1781050500000,2026-06-10T00:15:00+00:00,24499.0,24523.5,24480.0,24506.0,384
1781050800000,2026-06-10T00:20:00+00:00,24505.5,24509.0,24487.5,24496.5,588
1781051100000,2026-06-10T00:25:00+00:00,24497.5,24521.0,24488.5,24514.0,510
1781051400000,2026-06-10T00:30:00+00:00,24515.5,24521.5,24469.0,24473.0,620
1781051700000,2026-06-10T00:35:00+00:00,24476.0,24483.0,24448.0,24471.0,632
1781052000000,2026-06-10T00:40:00+00:00,24469.0,24472.0,24436.0,24444.0,474
1781052300000,2026-06-10T00:45:00+00:00,24443.0,24474.0,24440.0,24474.0,566
1781052600000,2026-06-10T00:50:00+00:00,24471.0,24491.0,24452.0,24488.0,558
1781052900000,2026-06-10T00:55:00+00:00,24488.5,24516.0,24473.5,24505.5,664
1781053200000,2026-06-10T01:00:00+00:00,24503.0,24522.0,24489.5,24520.0,714
1781053500000,2026-06-10T01:05:00+00:00,24519.0,24522.0,24502.5,24506.5,624
1781053800000,2026-06-10T01:10:00+00:00,24511.0,24538.2,24502.5,24523.0,552
1781054100000,2026-06-10T01:15:00+00:00,24525.0,24543.0,24516.0,24535.0,624
1781054400000,2026-06-10T01:20:00+00:00,24533.0,24534.0,24506.0,24509.0,604
1781054700000,2026-06-10T01:25:00+00:00,24510.0,24516.0,24495.0,24503.0,532
1781055000000,2026-06-10T01:30:00+00:00,24502.0,24512.0,24484.0,24511.0,676
1781055300000,2026-06-10T01:35:00+00:00,24510.0,24516.0,24490.0,24503.0,574
1781055600000,2026-06-10T01:40:00+00:00,24504.0,24508.0,24483.0,24484.0,476
1781055900000,2026-06-10T01:45:00+00:00,24485.0,24504.0,24484.0,24500.0,566
1781056200000,2026-06-10T01:50:00+00:00,24497.0,24503.0,24466.0,24478.0,596
1781056500000,2026-06-10T01:55:00+00:00,24477.0,24495.0,24473.0,24477.0,548
1781056800000,2026-06-10T02:00:00+00:00,24476.0,24484.0,24458.0,24461.0,598
1781057100000,2026-06-10T02:05:00+00:00,24459.0,24463.0,24451.5,24456.0,504
1781057400000,2026-06-10T02:10:00+00:00,24455.0,24486.0,24453.0,24479.0,450
1781057700000,2026-06-10T02:15:00+00:00,24480.0,24482.2,24463.0,24477.0,478
1781058000000,2026-06-10T02:20:00+00:00,24476.0,24488.0,24471.0,24479.0,554
1781058300000,2026-06-10T02:25:00+00:00,24478.0,24479.0,24454.7,24474.0,590
1781058600000,2026-06-10T02:30:00+00:00,24475.0,24490.0,24468.0,24478.2,468
1781058900000,2026-06-10T02:35:00+00:00,24476.2,24496.2,24462.0,24462.0,426
1781059200000,2026-06-10T02:40:00+00:00,24461.0,24479.0,24459.0,24479.0,448
1781059500000,2026-06-10T02:45:00+00:00,24477.0,24492.0,24469.0,24481.5,452
1781059800000,2026-06-10T02:50:00+00:00,24483.0,24483.0,24444.0,24444.0,416
1781060100000,2026-06-10T02:55:00+00:00,24443.0,24458.0,24439.0,24442.5,354
1781060400000,2026-06-10T03:00:00+00:00,24445.0,24463.5,24442.0,24461.5,496
1781060700000,2026-06-10T03:05:00+00:00,24461.0,24482.0,24460.0,24470.0,420
1781061000000,2026-06-10T03:10:00+00:00,24471.0,24481.0,24468.0,24472.0,352
1781061300000,2026-06-10T03:15:00+00:00,24473.0,24486.0,24469.0,24473.0,446
1781061600000,2026-06-10T03:20:00+00:00,24472.0,24473.5,24460.0,24472.0,332
1781061900000,2026-06-10T03:25:00+00:00,24473.0,24474.0,24462.0,24464.0,328
1781062200000,2026-06-10T03:30:00+00:00,24465.5,24473.0,24458.0,24464.0,486
1781062500000,2026-06-10T03:35:00+00:00,24463.0,24463.0,24443.0,24446.0,490
1781062800000,2026-06-10T03:40:00+00:00,24444.5,24445.5,24435.0,24437.5,376
1781063100000,2026-06-10T03:45:00+00:00,24437.0,24453.0,24436.0,24447.0,388
1781063400000,2026-06-10T03:50:00+00:00,24447.5,24455.0,24437.0,24452.0,412
1781063700000,2026-06-10T03:55:00+00:00,24452.5,24457.0,24445.0,24453.0,326
1781064000000,2026-06-10T04:00:00+00:00,24454.0,24458.0,24439.5,24444.0,430
1781064300000,2026-06-10T04:05:00+00:00,24445.0,24445.5,24426.0,24429.0,350
1781064600000,2026-06-10T04:10:00+00:00,24428.0,24434.0,24425.0,24427.0,272
1781064900000,2026-06-10T04:15:00+00:00,24426.0,24434.5,24421.0,24432.0,340
1781065200000,2026-06-10T04:20:00+00:00,24434.0,24437.5,24423.0,24424.5,360
1781065500000,2026-06-10T04:25:00+00:00,24425.0,24429.0,24415.0,24416.0,280
1781065800000,2026-06-10T04:30:00+00:00,24415.0,24417.0,24404.0,24409.0,400
1781066100000,2026-06-10T04:35:00+00:00,24408.0,24416.0,24403.0,24410.0,382
1781066400000,2026-06-10T04:40:00+00:00,24411.0,24418.0,24396.2,24397.0,310
1781066700000,2026-06-10T04:45:00+00:00,24397.2,24407.0,24391.5,24405.0,360
1781067000000,2026-06-10T04:50:00+00:00,24406.0,24425.0,24400.0,24422.0,408
1781067300000,2026-06-10T04:55:00+00:00,24423.0,24423.0,24397.0,24400.0,404
1781067600000,2026-06-10T05:00:00+00:00,24399.0,24417.0,24392.0,24414.0,424
1781067900000,2026-06-10T05:05:00+00:00,24413.0,24433.0,24407.0,24417.0,528
1781068200000,2026-06-10T05:10:00+00:00,24418.0,24423.0,24407.0,24419.0,452
1781068500000,2026-06-10T05:15:00+00:00,24419.5,24420.0,24405.0,24405.0,344
1781068800000,2026-06-10T05:20:00+00:00,24406.2,24422.0,24405.0,24419.0,412
1781069100000,2026-06-10T05:25:00+00:00,24420.0,24457.0,24412.0,24457.0,470
1781069400000,2026-06-10T05:30:00+00:00,24460.0,24464.5,24431.0,24458.0,674
1781069700000,2026-06-10T05:35:00+00:00,24457.0,24461.0,24449.0,24458.0,540
1781070000000,2026-06-10T05:40:00+00:00,24457.0,24470.0,24433.0,24440.0,504
1781070300000,2026-06-10T05:45:00+00:00,24439.0,24444.0,24428.0,24434.0,340
1781070600000,2026-06-10T05:50:00+00:00,24435.0,24461.0,24434.0,24459.0,406
1781070900000,2026-06-10T05:55:00+00:00,24460.0,24482.0,24459.0,24481.0,450
1781071200000,2026-06-10T06:00:00+00:00,24482.0,24504.8,24473.0,24503.8,408
1781071500000,2026-06-10T06:05:00+00:00,24501.8,24509.8,24489.8,24490.8,416
1781071800000,2026-06-10T06:10:00+00:00,24489.8,24504.8,24482.8,24500.8,402
1781072100000,2026-06-10T06:15:00+00:00,24499.8,24510.8,24490.8,24509.8,292
1781072400000,2026-06-10T06:20:00+00:00,24510.8,24513.8,24469.8,24471.8,346
1781072700000,2026-06-10T06:25:00+00:00,24472.8,24489.8,24469.8,24476.8,294
1781073000000,2026-06-10T06:30:00+00:00,24477.8,24488.8,24471.8,24472.8,348
1781073300000,2026-06-10T06:35:00+00:00,24471.8,24508.8,24466.8,24501.8,334
1781073600000,2026-06-10T06:40:00+00:00,24502.8,24503.8,24491.8,24495.8,268
1781073900000,2026-06-10T06:45:00+00:00,24497.8,24497.8,24487.8,24492.8,302
1781074200000,2026-06-10T06:50:00+00:00,24491.8,24493.8,24477.8,24477.8,272
1781074500000,2026-06-10T06:55:00+00:00,24476.8,24486.8,24464.8,24475.8,370
1781074800000,2026-06-10T07:00:00+00:00,24480.8,24521.8,24478.8,24482.8,702
1781075100000,2026-06-10T07:05:00+00:00,24483.8,24485.8,24448.8,24483.8,619
1781075400000,2026-06-10T07:10:00+00:00,24484.8,24499.8,24464.8,24481.8,648
1781075700000,2026-06-10T07:15:00+00:00,24480.8,24497.8,24448.8,24453.8,574
1781076000000,2026-06-10T07:20:00+00:00,24452.8,24457.8,24426.8,24433.8,560
1781076300000,2026-06-10T07:25:00+00:00,24432.8,24442.8,24417.8,24432.8,556
1781076600000,2026-06-10T07:30:00+00:00,24431.8,24461.8,24430.8,24441.8,522
1781076900000,2026-06-10T07:35:00+00:00,24442.8,24451.8,24417.8,24425.8,556
1781077200000,2026-06-10T07:40:00+00:00,24427.8,24439.8,24421.8,24438.8,506
1781077500000,2026-06-10T07:45:00+00:00,24439.8,24452.8,24420.8,24447.8,478
1781077800000,2026-06-10T07:50:00+00:00,24448.8,24455.8,24428.8,24440.8,538
1781078100000,2026-06-10T07:55:00+00:00,24439.8,24462.8,24439.8,24452.8,494
1781078400000,2026-06-10T08:00:00+00:00,24451.8,24460.8,24408.8,24418.8,650
1781078700000,2026-06-10T08:05:00+00:00,24422.8,24449.8,24415.8,24449.8,652
1781079000000,2026-06-10T08:10:00+00:00,24448.8,24453.8,24401.8,24403.8,558
1781079300000,2026-06-10T08:15:00+00:00,24404.8,24412.8,24383.8,24389.8,500
1781079600000,2026-06-10T08:20:00+00:00,24388.8,24391.8,24359.8,24370.8,536
1781079900000,2026-06-10T08:25:00+00:00,24371.8,24386.8,24359.8,24380.8,548
1781080200000,2026-06-10T08:30:00+00:00,24378.8,24382.8,24359.8,24362.8,486
1781080500000,2026-06-10T08:35:00+00:00,24363.8,24380.8,24359.8,24367.8,524
1781080800000,2026-06-10T08:40:00+00:00,24368.8,24372.8,24333.8,24337.8,518
1781081100000,2026-06-10T08:45:00+00:00,24336.8,24343.8,24304.8,24317.8,560
1781081400000,2026-06-10T08:50:00+00:00,24316.8,24341.8,24315.8,24328.8,580
1781081700000,2026-06-10T08:55:00+00:00,24327.8,24330.8,24309.8,24316.8,526
1781082000000,2026-06-10T09:00:00+00:00,24318.8,24319.8,24289.8,24295.8,528
1781082300000,2026-06-10T09:05:00+00:00,24296.8,24309.8,24284.8,24292.8,496
1781082600000,2026-06-10T09:10:00+00:00,24291.8,24319.8,24252.8,24256.8,518
1781082900000,2026-06-10T09:15:00+00:00,24255.8,24271.8,24236.8,24248.8,586
1781083200000,2026-06-10T09:20:00+00:00,24249.8,24267.8,24240.8,24267.8,514
1781083500000,2026-06-10T09:25:00+00:00,24264.8,24306.8,24263.8,24305.8,470
1781083800000,2026-06-10T09:30:00+00:00,24306.8,24325.8,24302.8,24320.8,510
1781084100000,2026-06-10T09:35:00+00:00,24319.8,24342.8,24317.8,24323.8,554
1781084400000,2026-06-10T09:40:00+00:00,24324.8,24326.8,24274.8,24285.8,554
1781084700000,2026-06-10T09:45:00+00:00,24284.8,24289.8,24265.8,24283.8,502
1781085000000,2026-06-10T09:50:00+00:00,24281.8,24299.8,24272.8,24291.8,458
1781085300000,2026-06-10T09:55:00+00:00,24292.8,24310.8,24290.8,24310.8,446
1781085600000,2026-06-10T10:00:00+00:00,24311.8,24312.8,24265.8,24265.8,486
1781085900000,2026-06-10T10:05:00+00:00,24267.8,24269.8,24250.8,24253.8,514
1781086200000,2026-06-10T10:10:00+00:00,24252.8,24256.8,24235.8,24235.8,440
1781086500000,2026-06-10T10:15:00+00:00,24236.8,24242.8,24219.8,24228.8,504
1781086800000,2026-06-10T10:20:00+00:00,24227.8,24262.8,24217.8,24255.8,468
1781087100000,2026-06-10T10:25:00+00:00,24256.8,24267.8,24247.8,24260.8,462
1781087400000,2026-06-10T10:30:00+00:00,24259.8,24282.8,24246.8,24248.8,538
1781087700000,2026-06-10T10:35:00+00:00,24247.8,24259.8,24240.8,24259.8,478
1781088000000,2026-06-10T10:40:00+00:00,24258.8,24261.8,24246.8,24261.8,412
1781088300000,2026-06-10T10:45:00+00:00,24262.8,24272.8,24252.8,24263.8,442
1781088600000,2026-06-10T10:50:00+00:00,24262.8,24264.8,24231.8,24237.8,416
1781088900000,2026-06-10T10:55:00+00:00,24236.8,24261.8,24230.8,24247.8,524
1781089200000,2026-06-10T11:00:00+00:00,24245.8,24252.8,24094.8,24097.8,676
1781089500000,2026-06-10T11:05:00+00:00,24095.8,24124.8,24040.8,24119.8,922
1781089800000,2026-06-10T11:10:00+00:00,24122.8,24151.8,24120.8,24139.8,730
1781090100000,2026-06-10T11:15:00+00:00,24138.8,24177.8,24137.8,24149.8,628
1781090400000,2026-06-10T11:20:00+00:00,24152.8,24212.8,24152.8,24174.8,608
1781090700000,2026-06-10T11:25:00+00:00,24173.8,24181.8,24068.8,24158.8,848
1781091000000,2026-06-10T11:30:00+00:00,24156.8,24186.8,24144.8,24177.8,722
1781091300000,2026-06-10T11:35:00+00:00,24176.8,24185.8,24163.8,24167.8,648
1781091600000,2026-06-10T11:40:00+00:00,24169.8,24209.8,24166.8,24197.8,578
1781091900000,2026-06-10T11:45:00+00:00,24199.8,24219.8,24189.8,24207.8,524
1781092200000,2026-06-10T11:50:00+00:00,24206.8,24236.8,24206.8,24218.8,542
1781092500000,2026-06-10T11:55:00+00:00,24219.8,24227.8,24207.8,24224.8,508
1781092800000,2026-06-10T12:00:00+00:00,24226.8,24238.8,24219.8,24226.8,542
1781093100000,2026-06-10T12:05:00+00:00,24230.8,24251.8,24212.8,24212.8,540
1781093400000,2026-06-10T12:10:00+00:00,24211.8,24246.8,24198.8,24218.8,560
1781093700000,2026-06-10T12:15:00+00:00,24216.8,24247.8,24204.8,24218.8,630
1781094000000,2026-06-10T12:20:00+00:00,24217.8,24244.8,24217.8,24233.8,504
1781094300000,2026-06-10T12:25:00+00:00,24235.8,24261.8,24235.8,24255.0,502
1781094600000,2026-06-10T12:30:00+00:00,24256.0,24319.8,24245.0,24302.8,882
1781094900000,2026-06-10T12:35:00+00:00,24304.8,24320.8,24288.8,24303.8,688
1781095200000,2026-06-10T12:40:00+00:00,24302.8,24324.8,24300.8,24314.8,620
1781095500000,2026-06-10T12:45:00+00:00,24313.8,24328.8,24303.8,24314.8,582
1781095800000,2026-06-10T12:50:00+00:00,24313.8,24328.8,24302.8,24326.8,538
1781096100000,2026-06-10T12:55:00+00:00,24325.8,24326.8,24289.8,24289.8,498
1781096400000,2026-06-10T13:00:00+00:00,24288.8,24298.8,24269.8,24269.8,596
1781096700000,2026-06-10T13:05:00+00:00,24268.8,24286.8,24247.8,24286.8,546
1781097000000,2026-06-10T13:10:00+00:00,24287.8,24287.8,24258.8,24261.8,510
1781097300000,2026-06-10T13:15:00+00:00,24262.8,24276.8,24256.8,24267.8,436
1781097600000,2026-06-10T13:20:00+00:00,24268.8,24280.8,24263.8,24278.8,400
1781097900000,2026-06-10T13:25:00+00:00,24276.8,24282.8,24262.8,24277.8,458
1781098200000,2026-06-10T13:30:00+00:00,24274.8,24289.8,24242.8,24251.8,728
1781098500000,2026-06-10T13:35:00+00:00,24252.8,24313.8,24245.8,24310.8,692
1781098800000,2026-06-10T13:40:00+00:00,24309.8,24358.8,24307.8,24358.8,604
1781099100000,2026-06-10T13:45:00+00:00,24360.8,24363.8,24341.8,24350.8,620
1781099400000,2026-06-10T13:50:00+00:00,24349.8,24352.8,24314.8,24333.8,706
1781099700000,2026-06-10T13:55:00+00:00,24332.8,24350.8,24324.8,24343.8,580
1781100000000,2026-06-10T14:00:00+00:00,24342.8,24344.8,24317.8,24320.8,612
1781100300000,2026-06-10T14:05:00+00:00,24319.8,24331.8,24306.8,24323.8,548
1781100600000,2026-06-10T14:10:00+00:00,24322.8,24349.8,24311.8,24312.8,598
1781100900000,2026-06-10T14:15:00+00:00,24313.8,24314.8,24288.8,24300.8,628
1781101200000,2026-06-10T14:20:00+00:00,24301.8,24322.8,24293.8,24321.8,560
1781101500000,2026-06-10T14:25:00+00:00,24323.8,24323.8,24297.8,24308.8,586
1781101800000,2026-06-10T14:30:00+00:00,24307.8,24320.8,24289.8,24319.8,558
1781102100000,2026-06-10T14:35:00+00:00,24317.8,24320.8,24287.8,24298.8,574
1781102400000,2026-06-10T14:40:00+00:00,24297.8,24314.8,24273.8,24273.8,544
1781102700000,2026-06-10T14:45:00+00:00,24275.8,24292.8,24267.8,24276.8,646
1781103000000,2026-06-10T14:50:00+00:00,24275.8,24284.8,24257.8,24260.8,660
1781103300000,2026-06-10T14:55:00+00:00,24263.8,24271.8,24231.8,24245.8,666
1781103600000,2026-06-10T15:00:00+00:00,24244.8,24281.8,24237.8,24257.8,700
1781103900000,2026-06-10T15:05:00+00:00,24258.8,24259.8,24239.8,24240.8,626
1781104200000,2026-06-10T15:10:00+00:00,24239.8,24253.8,24224.8,24228.8,594
1781104500000,2026-06-10T15:15:00+00:00,24230.8,24230.8,24197.8,24216.8,620
1781104800000,2026-06-10T15:20:00+00:00,24217.8,24247.8,24214.8,24238.8,660
1781105100000,2026-06-10T15:25:00+00:00,24237.8,24246.8,24215.8,24220.8,638
1781105400000,2026-06-10T15:30:00+00:00,24222.8,24241.8,24189.8,24189.8,718
1781105700000,2026-06-10T15:35:00+00:00,24187.8,24212.8,24183.8,24192.8,646
1781106000000,2026-06-10T15:40:00+00:00,24191.8,24232.8,24188.8,24225.8,594
1781106300000,2026-06-10T15:45:00+00:00,24223.8,24233.8,24120.5,24155.5,814
1781106600000,2026-06-10T15:50:00+00:00,24152.8,24198.8,24119.8,24182.8,826
1781106900000,2026-06-10T15:55:00+00:00,24183.8,24209.8,24173.8,24203.8,632
1781107200000,2026-06-10T16:00:00+00:00,24204.8,24219.8,24190.8,24196.8,630
1781107500000,2026-06-10T16:05:00+00:00,24195.8,24203.8,24172.8,24182.8,650
1781107800000,2026-06-10T16:10:00+00:00,24179.8,24183.8,24159.8,24169.8,654
1781108100000,2026-06-10T16:15:00+00:00,24170.8,24185.8,24169.8,24177.8,582
1781108400000,2026-06-10T16:20:00+00:00,24178.8,24185.8,24165.8,24172.8,598
1781108700000,2026-06-10T16:25:00+00:00,24173.8,24191.8,24170.8,24184.8,582
1781109000000,2026-06-10T16:30:00+00:00,24183.8,24183.8,24146.8,24182.8,548
1781109300000,2026-06-10T16:35:00+00:00,24184.8,24202.8,24172.8,24191.8,588
1781109600000,2026-06-10T16:40:00+00:00,24190.8,24199.8,24160.8,24172.8,522
1781109900000,2026-06-10T16:45:00+00:00,24171.8,24173.8,24148.8,24160.8,612
1781110200000,2026-06-10T16:50:00+00:00,24159.8,24174.8,24154.8,24157.8,570
1781110500000,2026-06-10T16:55:00+00:00,24156.8,24165.8,24142.8,24162.8,544
1781110800000,2026-06-10T17:00:00+00:00,24164.8,24178.8,24155.8,24175.8,554
1781111100000,2026-06-10T17:05:00+00:00,24176.8,24176.8,24143.8,24148.8,576
1781111400000,2026-06-10T17:10:00+00:00,24147.8,24149.8,24130.8,24138.8,560
1781111700000,2026-06-10T17:15:00+00:00,24137.8,24145.8,24131.8,24138.8,460
1781112000000,2026-06-10T17:20:00+00:00,24136.8,24156.8,24135.8,24154.8,472
1781112300000,2026-06-10T17:25:00+00:00,24153.8,24159.8,24146.8,24150.8,496
1781112600000,2026-06-10T17:30:00+00:00,24149.8,24150.8,24120.8,24128.8,536
1781112900000,2026-06-10T17:35:00+00:00,24127.8,24130.8,24108.8,24109.8,482
1781113200000,2026-06-10T17:40:00+00:00,24110.8,24120.8,24109.8,24114.8,422
1781113500000,2026-06-10T17:45:00+00:00,24113.8,24170.8,24110.8,24163.8,680
1781113800000,2026-06-10T17:50:00+00:00,24162.8,24173.8,24128.8,24167.8,710
1781114100000,2026-06-10T17:55:00+00:00,24166.8,24185.8,24163.8,24174.8,554
1781114400000,2026-06-10T18:00:00+00:00,24178.8,24204.8,24177.8,24201.8,620
1781114700000,2026-06-10T18:05:00+00:00,24199.8,24200.8,24170.8,24170.8,532
1781115000000,2026-06-10T18:10:00+00:00,24171.8,24187.8,24170.8,24178.8,544
1781115300000,2026-06-10T18:15:00+00:00,24177.8,24185.8,24149.8,24159.8,542
1781115600000,2026-06-10T18:20:00+00:00,24158.8,24174.8,24155.8,24167.8,532
1781115900000,2026-06-10T18:25:00+00:00,24168.8,24183.8,24157.8,24175.8,584
1781116200000,2026-06-10T18:30:00+00:00,24174.8,24175.8,24154.8,24163.8,530
1781116500000,2026-06-10T18:35:00+00:00,24164.8,24165.8,24143.8,24152.8,536
1781116800000,2026-06-10T18:40:00+00:00,24153.8,24157.8,24143.8,24144.8,454
1781117100000,2026-06-10T18:45:00+00:00,24143.8,24146.8,24132.8,24132.8,428
1781117400000,2026-06-10T18:50:00+00:00,24131.8,24136.8,24109.8,24127.8,574
1781117700000,2026-06-10T18:55:00+00:00,24126.8,24130.8,24114.8,24127.8,578
1781118000000,2026-06-10T19:00:00+00:00,24126.8,24138.8,24115.8,24118.8,532
1781118300000,2026-06-10T19:05:00+00:00,24119.8,24132.8,24111.8,24129.8,562
1781118600000,2026-06-10T19:10:00+00:00,24130.8,24134.8,24108.8,24113.8,464
1781118900000,2026-06-10T19:15:00+00:00,24114.8,24116.8,24098.8,24101.8,498
1781119200000,2026-06-10T19:20:00+00:00,24100.8,24101.8,24083.8,24094.8,496
1781119500000,2026-06-10T19:25:00+00:00,24093.8,24099.8,24087.8,24094.8,502
1781119800000,2026-06-10T19:30:00+00:00,24095.8,24115.8,24088.8,24114.8,512
1781120100000,2026-06-10T19:35:00+00:00,24115.8,24124.8,24107.8,24121.8,548
1781120400000,2026-06-10T19:40:00+00:00,24120.8,24125.8,24105.8,24122.8,614
1781120700000,2026-06-10T19:45:00+00:00,24123.8,24125.8,24103.8,24114.8,456
1781121000000,2026-06-10T19:50:00+00:00,24110.8,24124.8,24092.8,24096.8,572
1781121300000,2026-06-10T19:55:00+00:00,24094.8,24099.8,24082.8,24090.8,422
1781136900000,2026-06-11T00:15:00+00:00,23997.8,24056.0,23981.5,24021.0,684
1781137200000,2026-06-11T00:20:00+00:00,24024.0,24034.0,24007.0,24015.0,716
1781137500000,2026-06-11T00:25:00+00:00,24013.5,24016.5,23997.0,24005.0,536
1781137800000,2026-06-11T00:30:00+00:00,24003.0,24013.5,23995.0,23999.0,602
1781138100000,2026-06-11T00:35:00+00:00,23996.5,23999.0,23965.0,23975.0,568
1781138400000,2026-06-11T00:40:00+00:00,23976.0,24001.0,23972.0,23981.0,502
1781138700000,2026-06-11T00:45:00+00:00,23982.0,24047.0,23982.0,24033.0,600
1781139000000,2026-06-11T00:50:00+00:00,24030.5,24050.0,24024.0,24045.5,586
1781139300000,2026-06-11T00:55:00+00:00,24046.0,24061.0,24043.0,24051.0,646
1781139600000,2026-06-11T01:00:00+00:00,24052.0,24087.0,24048.0,24076.0,704
1781139900000,2026-06-11T01:05:00+00:00,24075.0,24090.0,24056.0,24080.5,642
1781140200000,2026-06-11T01:10:00+00:00,24081.0,24140.5,24081.0,24137.5,536
1781140500000,2026-06-11T01:15:00+00:00,24139.0,24145.5,24113.0,24131.5,544
1781140800000,2026-06-11T01:20:00+00:00,24132.0,24140.0,24110.0,24137.0,490
1781141100000,2026-06-11T01:25:00+00:00,24138.0,24159.0,24133.0,24153.5,440
1781141400000,2026-06-11T01:30:00+00:00,24155.0,24155.0,24130.0,24136.0,422
1781141700000,2026-06-11T01:35:00+00:00,24135.0,24143.0,24125.0,24133.0,552
1781142000000,2026-06-11T01:40:00+00:00,24132.0,24140.0,24117.0,24119.0,366
1781142300000,2026-06-11T01:45:00+00:00,24121.0,24121.0,24105.0,24107.0,348
1781142600000,2026-06-11T01:50:00+00:00,24106.0,24112.5,24086.0,24090.0,252
1781142900000,2026-06-11T01:55:00+00:00,24089.0,24089.0,24063.0,24075.0,378
1781143200000,2026-06-11T02:00:00+00:00,24077.0,24097.5,24072.0,24095.0,624
1781143500000,2026-06-11T02:05:00+00:00,24094.5,24095.0,24077.0,24089.0,520
1781143800000,2026-06-11T02:10:00+00:00,24086.0,24090.0,24072.0,24077.0,532
1781144100000,2026-06-11T02:15:00+00:00,24076.0,24079.5,24062.5,24063.0,462
1781144400000,2026-06-11T02:20:00+00:00,24062.5,24070.0,24030.0,24035.5,568
1781144700000,2026-06-11T02:25:00+00:00,24033.5,24039.0,24016.0,24024.5,530
1781145000000,2026-06-11T02:30:00+00:00,24025.0,24031.5,23999.0,24006.0,598
1781145300000,2026-06-11T02:35:00+00:00,24008.0,24028.0,24004.5,24021.5,548
1781145600000,2026-06-11T02:40:00+00:00,24021.0,24037.0,24019.0,24023.0,402
1781145900000,2026-06-11T02:45:00+00:00,24022.0,24038.0,24016.0,24033.5,462
1781146200000,2026-06-11T02:50:00+00:00,24033.0,24044.0,24024.0,24035.5,576
1781146500000,2026-06-11T02:55:00+00:00,24034.5,24073.0,24033.0,24062.0,440
1781146800000,2026-06-11T03:00:00+00:00,24064.5,24084.0,24064.5,24082.0,502
1781147100000,2026-06-11T03:05:00+00:00,24084.0,24084.5,24064.0,24069.5,504
1781147400000,2026-06-11T03:10:00+00:00,24068.0,24070.0,24035.0,24048.0,468
1781147700000,2026-06-11T03:15:00+00:00,24047.0,24070.0,24043.0,24045.5,540
1781148000000,2026-06-11T03:20:00+00:00,24045.0,24062.0,24035.5,24062.0,502
1781148300000,2026-06-11T03:25:00+00:00,24061.0,24066.0,24052.0,24066.0,296
1781148600000,2026-06-11T03:30:00+00:00,24065.5,24096.0,24063.0,24090.0,524
1781148900000,2026-06-11T03:35:00+00:00,24090.5,24100.5,24075.0,24099.0,460
1781149200000,2026-06-11T03:40:00+00:00,24100.0,24112.5,24095.0,24110.0,468
1781149500000,2026-06-11T03:45:00+00:00,24111.0,24116.0,24099.5,24107.0,408
1781149800000,2026-06-11T03:50:00+00:00,24109.0,24135.0,24105.0,24132.0,384
1781150100000,2026-06-11T03:55:00+00:00,24131.5,24141.0,24128.0,24137.0,168
1781150400000,2026-06-11T04:00:00+00:00,24139.0,24141.0,24123.0,24124.0,324
1781150700000,2026-06-11T04:05:00+00:00,24123.0,24135.0,24121.0,24132.0,240
1781151000000,2026-06-11T04:10:00+00:00,24131.0,24137.0,24128.0,24131.0,328
1781151300000,2026-06-11T04:15:00+00:00,24131.5,24134.5,24116.0,24127.0,384
1781151600000,2026-06-11T04:20:00+00:00,24127.5,24150.0,24123.0,24138.0,338
1781151900000,2026-06-11T04:25:00+00:00,24139.0,24152.0,24138.0,24148.0,312
1781152200000,2026-06-11T04:30:00+00:00,24149.0,24161.2,24142.0,24142.0,236
1781152500000,2026-06-11T04:35:00+00:00,24143.0,24166.0,24141.0,24163.0,298
1781152800000,2026-06-11T04:40:00+00:00,24165.0,24189.2,24158.0,24177.5,368
1781153100000,2026-06-11T04:45:00+00:00,24178.0,24192.0,24176.0,24177.0,340
1781153400000,2026-06-11T04:50:00+00:00,24176.5,24180.0,24161.0,24173.5,218
1781153700000,2026-06-11T04:55:00+00:00,24174.0,24174.5,24163.0,24170.0,182
1781154000000,2026-06-11T05:00:00+00:00,24174.0,24176.0,24151.0,24158.0,354
1781154300000,2026-06-11T05:05:00+00:00,24157.0,24158.0,24135.0,24150.0,288
1781154600000,2026-06-11T05:10:00+00:00,24151.0,24153.5,24138.0,24145.5,282
1781154900000,2026-06-11T05:15:00+00:00,24145.0,24154.0,24138.0,24147.0,380
1781155200000,2026-06-11T05:20:00+00:00,24146.0,24155.0,24142.0,24142.0,246
1781155500000,2026-06-11T05:25:00+00:00,24144.0,24146.0,24127.0,24137.0,356
1781155800000,2026-06-11T05:30:00+00:00,24136.5,24152.0,24130.0,24152.0,412
1781156100000,2026-06-11T05:35:00+00:00,24150.0,24158.0,24136.0,24139.0,316
1781156400000,2026-06-11T05:40:00+00:00,24140.2,24153.0,24139.0,24152.0,268
1781156700000,2026-06-11T05:45:00+00:00,24151.0,24161.0,24141.0,24152.0,286
1781157000000,2026-06-11T05:50:00+00:00,24151.0,24157.0,24144.0,24151.0,312
1781157300000,2026-06-11T05:55:00+00:00,24150.0,24160.0,24146.2,24150.0,270
1781157600000,2026-06-11T06:00:00+00:00,24147.0,24158.8,24120.8,24120.8,502
1781157900000,2026-06-11T06:05:00+00:00,24121.8,24131.8,24104.8,24128.8,570
1781158200000,2026-06-11T06:10:00+00:00,24127.8,24162.8,24124.8,24159.8,422
1781158500000,2026-06-11T06:15:00+00:00,24158.8,24170.8,24153.8,24156.8,380
1781158800000,2026-06-11T06:20:00+00:00,24160.8,24177.8,24160.8,24173.8,404
1781159100000,2026-06-11T06:25:00+00:00,24172.8,24182.8,24159.8,24172.8,438
1781159400000,2026-06-11T06:30:00+00:00,24171.8,24174.8,24152.8,24157.8,396
1781159700000,2026-06-11T06:35:00+00:00,24159.8,24209.8,24157.8,24204.8,436
1781160000000,2026-06-11T06:40:00+00:00,24205.8,24217.8,24190.8,24198.8,412
1781160300000,2026-06-11T06:45:00+00:00,24197.8,24207.8,24187.8,24196.8,374
1781160600000,2026-06-11T06:50:00+00:00,24195.8,24204.8,24193.8,24201.8,294
1781160900000,2026-06-11T06:55:00+00:00,24200.8,24217.8,24188.8,24205.8,404
1781161200000,2026-06-11T07:00:00+00:00,24214.8,24238.8,24191.8,24211.8,790
1781161500000,2026-06-11T07:05:00+00:00,24208.8,24208.8,24174.8,24192.8,618
1781161800000,2026-06-11T07:10:00+00:00,24190.8,24196.8,24160.8,24194.8,614
1781162100000,2026-06-11T07:15:00+00:00,24193.8,24215.8,24172.8,24197.8,642
1781162400000,2026-06-11T07:20:00+00:00,24198.8,24217.8,24196.8,24201.8,572
1781162700000,2026-06-11T07:25:00+00:00,24199.8,24212.8,24179.8,24207.8,592
1781163000000,2026-06-11T07:30:00+00:00,24208.8,24246.8,24207.8,24230.8,586
1781163300000,2026-06-11T07:35:00+00:00,24235.8,24242.8,24222.8,24228.8,494
1781163600000,2026-06-11T07:40:00+00:00,24227.8,24228.8,24208.8,24224.8,528
1781163900000,2026-06-11T07:45:00+00:00,24226.8,24232.8,24175.8,24177.8,552
1781164200000,2026-06-11T07:50:00+00:00,24176.8,24204.8,24169.8,24190.8,474
1781164500000,2026-06-11T07:55:00+00:00,24191.8,24193.8,24160.8,24166.8,482
1781164800000,2026-06-11T08:00:00+00:00,24164.8,24218.8,24164.8,24199.8,554
1781165100000,2026-06-11T08:05:00+00:00,24200.8,24229.8,24199.8,24228.8,508
1781165400000,2026-06-11T08:10:00+00:00,24229.8,24263.8,24222.8,24255.8,466
1781165700000,2026-06-11T08:15:00+00:00,24254.8,24255.8,24219.8,24220.8,450
1781166000000,2026-06-11T08:20:00+00:00,24219.8,24219.8,24190.8,24210.8,488
1781166300000,2026-06-11T08:25:00+00:00,24211.8,24224.8,24193.8,24200.8,430
1781166600000,2026-06-11T08:30:00+00:00,24199.8,24208.8,24185.8,24195.8,484
1781166900000,2026-06-11T08:35:00+00:00,24194.8,24213.8,24185.8,24208.8,430
1781167200000,2026-06-11T08:40:00+00:00,24209.8,24211.8,24188.8,24205.8,414
1781167500000,2026-06-11T08:45:00+00:00,24204.8,24209.8,24190.8,24199.8,380
1781167800000,2026-06-11T08:50:00+00:00,24193.8,24198.8,24179.8,24189.8,412
1781168100000,2026-06-11T08:55:00+00:00,24188.8,24222.8,24184.8,24210.8,362
1781168400000,2026-06-11T09:00:00+00:00,24209.8,24219.8,24199.8,24217.8,366
1781168700000,2026-06-11T09:05:00+00:00,24216.8,24221.8,24196.8,24201.8,370
1781169000000,2026-06-11T09:10:00+00:00,24202.8,24207.8,24174.8,24196.8,382
1781169300000,2026-06-11T09:15:00+00:00,24197.8,24228.8,24191.8,24221.8,330
1781169600000,2026-06-11T09:20:00+00:00,24220.8,24223.8,24205.8,24215.8,316
1781169900000,2026-06-11T09:25:00+00:00,24213.8,24219.8,24209.8,24210.8,290
1781170200000,2026-06-11T09:30:00+00:00,24211.8,24215.8,24199.8,24204.8,300
1781170500000,2026-06-11T09:35:00+00:00,24205.8,24210.8,24192.8,24200.8,298
1781170800000,2026-06-11T09:40:00+00:00,24201.8,24232.8,24198.8,24228.8,322
1781171100000,2026-06-11T09:45:00+00:00,24229.8,24247.8,24227.8,24241.8,334
1781171400000,2026-06-11T09:50:00+00:00,24246.8,24258.8,24239.8,24255.8,408
1781171700000,2026-06-11T09:55:00+00:00,24256.8,24274.8,24247.8,24253.8,393
1781172000000,2026-06-11T10:00:00+00:00,24252.8,24271.8,24244.8,24250.8,396
1781172300000,2026-06-11T10:05:00+00:00,24251.8,24265.8,24248.8,24260.8,348
1781172600000,2026-06-11T10:10:00+00:00,24262.8,24281.8,24259.8,24278.8,340
1781172900000,2026-06-11T10:15:00+00:00,24277.8,24280.8,24260.8,24262.8,334
1781173200000,2026-06-11T10:20:00+00:00,24263.8,24274.8,24257.8,24273.8,322
1781173500000,2026-06-11T10:25:00+00:00,24274.8,24278.8,24239.8,24241.8,444
1781173800000,2026-06-11T10:30:00+00:00,24243.8,24262.8,24243.8,24261.8,394
1781174100000,2026-06-11T10:35:00+00:00,24260.8,24267.8,24255.8,24267.8,276
1781174400000,2026-06-11T10:40:00+00:00,24266.8,24277.8,24260.8,24261.8,278
1781174700000,2026-06-11T10:45:00+00:00,24262.8,24267.8,24258.8,24265.8,276
1781175000000,2026-06-11T10:50:00+00:00,24266.8,24286.8,24266.8,24279.8,292
1781175300000,2026-06-11T10:55:00+00:00,24280.8,24280.8,24253.8,24255.8,300
1781175600000,2026-06-11T11:00:00+00:00,24256.8,24268.8,24254.8,24258.8,408
1781175900000,2026-06-11T11:05:00+00:00,24259.8,24261.8,24227.8,24228.8,436
1781176200000,2026-06-11T11:10:00+00:00,24229.8,24247.8,24225.8,24243.8,424
1781176500000,2026-06-11T11:15:00+00:00,24241.8,24248.8,24237.8,24245.8,360
1781176800000,2026-06-11T11:20:00+00:00,24244.8,24249.8,24234.8,24246.8,352
1781177100000,2026-06-11T11:25:00+00:00,24248.8,24262.8,24238.8,24254.8,382
1781177400000,2026-06-11T11:30:00+00:00,24252.8,24294.8,24247.8,24260.8,590
1781177700000,2026-06-11T11:35:00+00:00,24259.8,24278.8,24257.8,24274.8,364
1781178000000,2026-06-11T11:40:00+00:00,24273.8,24280.8,24264.8,24271.8,332
1781178300000,2026-06-11T11:45:00+00:00,24270.8,24276.8,24266.8,24267.8,312
1781178600000,2026-06-11T11:50:00+00:00,24266.8,24276.8,24263.8,24270.8,336
1781178900000,2026-06-11T11:55:00+00:00,24269.8,24274.8,24264.8,24265.8,264
1781179200000,2026-06-11T12:00:00+00:00,24266.8,24267.8,24247.8,24247.8,330
1781179500000,2026-06-11T12:05:00+00:00,24246.8,24261.8,24238.8,24254.8,300
1781179800000,2026-06-11T12:10:00+00:00,24253.8,24258.8,24243.8,24257.8,250
1781180100000,2026-06-11T12:15:00+00:00,24266.0,24267.0,24234.8,24236.8,448
1781180400000,2026-06-11T12:20:00+00:00,24237.8,24241.8,24074.5,24133.8,770
1781180700000,2026-06-11T12:25:00+00:00,24134.8,24163.8,24124.8,24140.8,746
1781181000000,2026-06-11T12:30:00+00:00,24141.8,24166.0,24086.8,24120.8,762
1781181300000,2026-06-11T12:35:00+00:00,24119.8,24148.8,24104.8,24137.8,660
1781181600000,2026-06-11T12:40:00+00:00,24138.8,24199.8,24119.8,24167.8,698
1781181900000,2026-06-11T12:45:00+00:00,24164.8,24203.8,24151.8,24199.8,718
1781182200000,2026-06-11T12:50:00+00:00,24200.8,24216.8,24187.8,24213.8,590
1781182500000,2026-06-11T12:55:00+00:00,24212.8,24227.8,24198.8,24207.8,586
1781182800000,2026-06-11T13:00:00+00:00,24206.8,24206.8,24164.8,24185.8,578
1781183100000,2026-06-11T13:05:00+00:00,24184.8,24190.8,24162.8,24169.8,528
1781183400000,2026-06-11T13:10:00+00:00,24167.8,24178.8,24155.8,24175.8,514
1781183700000,2026-06-11T13:15:00+00:00,24176.8,24196.8,24173.8,24187.8,458
1781184000000,2026-06-11T13:20:00+00:00,24188.8,24201.8,24185.8,24188.8,412
1781184300000,2026-06-11T13:25:00+00:00,24184.8,24203.8,24180.8,24193.8,476
1781184600000,2026-06-11T13:30:00+00:00,24190.8,24229.8,24186.8,24204.8,764
1781184900000,2026-06-11T13:35:00+00:00,24202.8,24236.8,24194.8,24227.8,702
1781185200000,2026-06-11T13:40:00+00:00,24228.8,24239.8,24205.8,24225.8,660
1781185500000,2026-06-11T13:45:00+00:00,24224.8,24290.8,24222.8,24270.8,796
1781185800000,2026-06-11T13:50:00+00:00,24269.8,24323.8,24269.8,24305.8,708
1781186100000,2026-06-11T13:55:00+00:00,24304.8,24322.8,24295.8,24300.8,660
1781186400000,2026-06-11T14:00:00+00:00,24301.8,24329.8,24290.8,24306.8,682
1781186700000,2026-06-11T14:05:00+00:00,24303.8,24303.8,24270.8,24271.8,562
1781187000000,2026-06-11T14:10:00+00:00,24272.8,24273.8,24223.8,24229.8,672
1781187300000,2026-06-11T14:15:00+00:00,24227.8,24242.8,24216.8,24222.8,614
1781187600000,2026-06-11T14:20:00+00:00,24221.8,24260.8,24214.8,24239.8,646
1781187900000,2026-06-11T14:25:00+00:00,24240.8,24240.8,24210.8,24231.8,590
1781188200000,2026-06-11T14:30:00+00:00,24230.8,24248.8,24219.8,24242.8,616
1781188500000,2026-06-11T14:35:00+00:00,24240.8,24267.8,24234.8,24256.8,586
1781188800000,2026-06-11T14:40:00+00:00,24257.8,24274.8,24256.8,24266.8,528
1781189100000,2026-06-11T14:45:00+00:00,24268.8,24276.8,24250.8,24254.8,544
1781189400000,2026-06-11T14:50:00+00:00,24253.8,24256.8,24235.8,24237.8,549
1781189700000,2026-06-11T14:55:00+00:00,24236.8,24241.8,24189.8,24199.8,614
1781190000000,2026-06-11T15:00:00+00:00,24200.8,24236.8,24190.8,24233.8,656
1781190300000,2026-06-11T15:05:00+00:00,24232.8,24254.8,24202.8,24238.8,640
1781190600000,2026-06-11T15:10:00+00:00,24236.8,24279.8,24236.8,24265.8,666
1781190900000,2026-06-11T15:15:00+00:00,24263.8,24271.8,24227.8,24235.8,572
1781191200000,2026-06-11T15:20:00+00:00,24234.8,24257.8,24229.8,24243.8,580
1781191500000,2026-06-11T15:25:00+00:00,24242.8,24254.8,24203.8,24203.8,494
1781191800000,2026-06-11T15:30:00+00:00,24201.8,24237.8,24201.8,24219.8,650
1781192100000,2026-06-11T15:35:00+00:00,24215.8,24248.8,24207.8,24240.8,660
1781192400000,2026-06-11T15:40:00+00:00,24242.8,24261.8,24224.8,24234.8,548
1781192700000,2026-06-11T15:45:00+00:00,24235.8,24242.8,24219.8,24230.8,546
1781193000000,2026-06-11T15:50:00+00:00,24229.8,24233.8,24211.8,24219.8,510
1781193300000,2026-06-11T15:55:00+00:00,24220.8,24236.8,24213.8,24234.8,542
1781193600000,2026-06-11T16:00:00+00:00,24233.8,24250.8,24227.8,24231.8,562
1781193900000,2026-06-11T16:05:00+00:00,24232.8,24252.8,24229.8,24247.8,570
1781194200000,2026-06-11T16:10:00+00:00,24246.8,24254.8,24238.8,24248.8,504
1781194500000,2026-06-11T16:15:00+00:00,24247.8,24253.8,24237.8,24243.8,566
1781194800000,2026-06-11T16:20:00+00:00,24244.8,24250.8,24217.8,24229.8,560
1781195100000,2026-06-11T16:25:00+00:00,24230.8,24231.8,24207.8,24207.8,566
1781195400000,2026-06-11T16:30:00+00:00,24208.8,24240.8,24199.8,24231.8,594
1781195700000,2026-06-11T16:35:00+00:00,24230.8,24238.8,24216.8,24219.8,588
1781196000000,2026-06-11T16:40:00+00:00,24220.8,24225.8,24214.8,24222.8,472
1781196300000,2026-06-11T16:45:00+00:00,24223.8,24227.8,24212.8,24219.8,500
1781196600000,2026-06-11T16:50:00+00:00,24220.8,24221.8,24198.8,24202.8,498
1781196900000,2026-06-11T16:55:00+00:00,24203.8,24211.8,24196.8,24197.8,422
1781197200000,2026-06-11T17:00:00+00:00,24198.8,24219.8,24166.8,24180.8,636
1781197500000,2026-06-11T17:05:00+00:00,24178.8,24209.8,24178.8,24208.8,588
1781197800000,2026-06-11T17:10:00+00:00,24207.8,24219.8,24191.8,24195.8,550
1781198100000,2026-06-11T17:15:00+00:00,24194.8,24199.8,24174.8,24179.8,548
1781198400000,2026-06-11T17:20:00+00:00,24180.8,24193.8,24168.8,24191.8,560
1781198700000,2026-06-11T17:25:00+00:00,24190.8,24424.8,24189.8,24420.8,714
1781199000000,2026-06-11T17:30:00+00:00,24418.8,24511.8,24418.8,24492.8,1080
1781199300000,2026-06-11T17:35:00+00:00,24486.8,24508.8,24466.8,24502.8,916
1781199600000,2026-06-11T17:40:00+00:00,24500.8,24573.8,24496.8,24557.8,914
1781199900000,2026-06-11T17:45:00+00:00,24559.8,24567.8,24511.8,24515.8,820
1781200200000,2026-06-11T17:50:00+00:00,24517.8,24536.8,24481.8,24513.8,752
1781200500000,2026-06-11T17:55:00+00:00,24511.8,24530.8,24488.8,24519.8,706
1781200800000,2026-06-11T18:00:00+00:00,24518.8,24541.8,24470.8,24486.8,784
1781201100000,2026-06-11T18:05:00+00:00,24484.8,24503.8,24459.8,24476.8,752
1781201400000,2026-06-11T18:10:00+00:00,24475.8,24498.8,24470.8,24485.8,692
1781201700000,2026-06-11T18:15:00+00:00,24482.8,24513.8,24478.8,24508.8,662
1781202000000,2026-06-11T18:20:00+00:00,24507.8,24507.8,24455.8,24490.8,766
1781202300000,2026-06-11T18:25:00+00:00,24489.8,24495.8,24474.8,24488.8,652
1781202600000,2026-06-11T18:30:00+00:00,24487.8,24508.8,24478.8,24494.8,598
1781202900000,2026-06-11T18:35:00+00:00,24493.8,24506.8,24485.8,24490.8,518
1781203200000,2026-06-11T18:40:00+00:00,24489.8,24499.8,24482.8,24497.8,546
1781203500000,2026-06-11T18:45:00+00:00,24495.8,24522.8,24493.8,24521.8,492
1781203800000,2026-06-11T18:50:00+00:00,24520.8,24532.8,24511.8,24513.8,496
1781204100000,2026-06-11T18:55:00+00:00,24512.8,24517.8,24502.8,24512.8,502
1781204400000,2026-06-11T19:00:00+00:00,24513.8,24535.8,24513.8,24534.8,504
1781204700000,2026-06-11T19:05:00+00:00,24533.8,24535.8,24508.8,24524.8,562
1781205000000,2026-06-11T19:10:00+00:00,24523.8,24561.8,24522.8,24539.8,610
1781205300000,2026-06-11T19:15:00+00:00,24537.8,24553.8,24531.8,24551.8,548
1781205600000,2026-06-11T19:20:00+00:00,24550.8,24555.8,24539.8,24545.8,498
1781205900000,2026-06-11T19:25:00+00:00,24544.8,24560.8,24543.8,24553.8,474
1781206200000,2026-06-11T19:30:00+00:00,24552.8,24634.8,24552.8,24621.8,858
1781206500000,2026-06-11T19:35:00+00:00,24622.8,24633.8,24604.8,24604.8,644
1781206800000,2026-06-11T19:40:00+00:00,24607.8,24649.8,24602.8,24648.8,622
1781207100000,2026-06-11T19:45:00+00:00,24649.8,24649.8,24611.8,24615.8,606
1781207400000,2026-06-11T19:50:00+00:00,24619.8,24633.8,24604.8,24620.8,592
1781207700000,2026-06-11T19:55:00+00:00,24619.8,24626.8,24605.8,24621.8,374
1781223300000,2026-06-12T00:15:00+00:00,24659.6,24659.6,24601.9,24617.4,536
1781223600000,2026-06-12T00:20:00+00:00,24616.4,24630.4,24616.4,24629.4,264
1781223900000,2026-06-12T00:25:00+00:00,24628.9,24638.4,24624.4,24631.9,210
1781224200000,2026-06-12T00:30:00+00:00,24631.4,24643.4,24631.4,24636.9,182
1781224500000,2026-06-12T00:35:00+00:00,24636.4,24642.4,24620.9,24624.4,202
1781224800000,2026-06-12T00:40:00+00:00,24623.9,24623.9,24602.4,24603.9,258
1781225100000,2026-06-12T00:45:00+00:00,24603.4,24625.4,24603.4,24613.4,270
1781225400000,2026-06-12T00:50:00+00:00,24612.4,24624.4,24612.4,24614.4,276
1781225700000,2026-06-12T00:55:00+00:00,24613.4,24617.9,24592.4,24607.4,328
1781226000000,2026-06-12T01:00:00+00:00,24609.9,24609.9,24573.4,24583.4,534
1781226300000,2026-06-12T01:05:00+00:00,24581.4,24597.4,24574.4,24597.4,414
1781226600000,2026-06-12T01:10:00+00:00,24596.4,24596.4,24575.4,24587.4,418
1781226900000,2026-06-12T01:15:00+00:00,24586.4,24593.9,24570.4,24575.4,314
1781227200000,2026-06-12T01:20:00+00:00,24574.4,24584.9,24563.9,24564.9,428
1781227500000,2026-06-12T01:25:00+00:00,24564.4,24565.4,24540.4,24544.4,386
1781227800000,2026-06-12T01:30:00+00:00,24545.4,24572.4,24538.4,24565.4,400
1781228100000,2026-06-12T01:35:00+00:00,24566.9,24569.4,24545.9,24556.4,482
1781228400000,2026-06-12T01:40:00+00:00,24555.4,24575.4,24546.4,24562.9,380
1781228700000,2026-06-12T01:45:00+00:00,24562.4,24595.4,24560.9,24595.4,292
1781229000000,2026-06-12T01:50:00+00:00,24593.4,24601.4,24590.9,24594.4,296
1781229300000,2026-06-12T01:55:00+00:00,24594.9,24622.4,24591.4,24620.4,268
1781229600000,2026-06-12T02:00:00+00:00,24621.4,24629.9,24617.4,24624.4,362
1781229900000,2026-06-12T02:05:00+00:00,24619.9,24631.4,24610.4,24631.4,348
1781230200000,2026-06-12T02:10:00+00:00,24630.4,24631.9,24616.9,24619.9,314
1781230500000,2026-06-12T02:15:00+00:00,24620.9,24624.9,24603.4,24612.4,346
1781230800000,2026-06-12T02:20:00+00:00,24611.9,24617.4,24599.4,24599.4,392
1781231100000,2026-06-12T02:25:00+00:00,24601.4,24601.4,24580.4,24581.4,318
1781231400000,2026-06-12T02:30:00+00:00,24582.4,24589.4,24576.4,24580.9,266
1781231700000,2026-06-12T02:35:00+00:00,24582.4,24600.4,24577.4,24593.4,284
1781232000000,2026-06-12T02:40:00+00:00,24593.9,24603.9,24592.9,24598.4,270
1781232300000,2026-06-12T02:45:00+00:00,24598.9,24602.4,24587.4,24597.4,248
1781232600000,2026-06-12T02:50:00+00:00,24595.4,24598.4,24588.9,24596.4,140
1781232900000,2026-06-12T02:55:00+00:00,24594.9,24599.4,24591.4,24597.4,160
1781233200000,2026-06-12T03:00:00+00:00,24596.9,24598.4,24580.4,24586.4,322
1781233500000,2026-06-12T03:05:00+00:00,24585.4,24589.9,24581.9,24587.9,260
1781233800000,2026-06-12T03:10:00+00:00,24587.4,24589.9,24572.4,24580.4,296
1781234100000,2026-06-12T03:15:00+00:00,24577.9,24588.9,24575.4,24576.4,314
1781234400000,2026-06-12T03:20:00+00:00,24575.4,24578.4,24565.4,24569.4,288
1781234700000,2026-06-12T03:25:00+00:00,24568.4,24584.4,24565.4,24581.4,290
1781235000000,2026-06-12T03:30:00+00:00,24582.4,24595.4,24577.4,24581.4,442
1781235300000,2026-06-12T03:35:00+00:00,24582.4,24587.4,24576.4,24584.4,228
1781235600000,2026-06-12T03:40:00+00:00,24583.4,24595.4,24583.4,24592.4,196
1781235900000,2026-06-12T03:45:00+00:00,24591.9,24592.4,24569.4,24581.4,288
1781236200000,2026-06-12T03:50:00+00:00,24580.4,24592.4,24580.4,24588.4,266
1781236500000,2026-06-12T03:55:00+00:00,24587.4,24599.9,24585.4,24596.4,206
1781236800000,2026-06-12T04:00:00+00:00,24597.4,24598.4,24575.4,24582.4,316
1781237100000,2026-06-12T04:05:00+00:00,24579.4,24579.9,24568.4,24574.4,270
1781237400000,2026-06-12T04:10:00+00:00,24573.4,24587.4,24571.4,24585.4,278
1781237700000,2026-06-12T04:15:00+00:00,24586.4,24588.9,24574.4,24577.4,212
1781238000000,2026-06-12T04:20:00+00:00,24578.4,24594.4,24573.4,24592.9,226
1781238300000,2026-06-12T04:25:00+00:00,24593.4,24611.4,24591.4,24607.9,96
1781238600000,2026-06-12T04:30:00+00:00,24607.4,24623.6,24604.4,24614.4,218
1781238900000,2026-06-12T04:35:00+00:00,24612.4,24616.4,24608.4,24610.9,184
1781239200000,2026-06-12T04:40:00+00:00,24612.4,24618.6,24607.4,24616.4,162
1781239500000,2026-06-12T04:45:00+00:00,24617.4,24621.4,24603.4,24607.4,220
1781239800000,2026-06-12T04:50:00+00:00,24606.4,24617.4,24605.4,24613.4,210
1781240100000,2026-06-12T04:55:00+00:00,24611.4,24620.4,24603.4,24609.4,186
1781240400000,2026-06-12T05:00:00+00:00,24610.6,24627.4,24597.4,24603.6,194
1781240700000,2026-06-12T05:05:00+00:00,24601.4,24603.4,24582.4,24599.4,278
1781241000000,2026-06-12T05:10:00+00:00,24597.4,24600.4,24584.4,24598.4,306
1781241300000,2026-06-12T05:15:00+00:00,24597.4,24604.4,24588.4,24600.4,318
1781241600000,2026-06-12T05:20:00+00:00,24604.4,24606.4,24593.4,24594.4,288
1781241900000,2026-06-12T05:25:00+00:00,24594.9,24602.4,24589.4,24598.4,254
1781242200000,2026-06-12T05:30:00+00:00,24597.4,24598.4,24562.4,24573.4,342
1781242500000,2026-06-12T05:35:00+00:00,24572.4,24585.4,24539.6,24554.4,536
1781242800000,2026-06-12T05:40:00+00:00,24555.4,24593.4,24548.4,24574.4,532
1781243100000,2026-06-12T05:45:00+00:00,24576.4,24577.4,24550.4,24554.4,426
1781243400000,2026-06-12T05:50:00+00:00,24553.4,24565.4,24523.4,24557.9,480
1781243700000,2026-06-12T05:55:00+00:00,24558.9,24560.4,24540.4,24540.9,226
1781244000000,2026-06-12T06:00:00+00:00,24540.4,24591.2,24537.1,24583.2,408
1781244300000,2026-06-12T06:05:00+00:00,24585.2,24598.2,24562.2,24567.2,590
1781244600000,2026-06-12T06:10:00+00:00,24566.2,24580.2,24558.2,24573.2,452
1781244900000,2026-06-12T06:15:00+00:00,24572.2,24577.2,24559.2,24559.2,386
1781245200000,2026-06-12T06:20:00+00:00,24558.2,24574.2,24557.2,24565.2,394
1781245500000,2026-06-12T06:25:00+00:00,24564.2,24586.2,24560.2,24583.2,392
1781245800000,2026-06-12T06:30:00+00:00,24582.2,24582.2,24557.2,24559.2,470
1781246100000,2026-06-12T06:35:00+00:00,24560.2,24563.2,24546.2,24550.2,332
1781246400000,2026-06-12T06:40:00+00:00,24551.2,24556.2,24521.2,24537.2,432
1781246700000,2026-06-12T06:45:00+00:00,24535.2,24542.2,24528.2,24538.2,356
1781247000000,2026-06-12T06:50:00+00:00,24540.2,24551.2,24525.2,24525.2,366
1781247300000,2026-06-12T06:55:00+00:00,24526.2,24566.2,24526.2,24562.2,388
1781247600000,2026-06-12T07:00:00+00:00,24570.2,24590.2,24517.2,24539.2,802
1781247900000,2026-06-12T07:05:00+00:00,24536.2,24556.2,24518.2,24549.2,734
1781248200000,2026-06-12T07:10:00+00:00,24550.2,24557.2,24515.2,24517.2,636
1781248500000,2026-06-12T07:15:00+00:00,24518.2,24523.2,24493.2,24522.2,664
1781248800000,2026-06-12T07:20:00+00:00,24520.2,24561.2,24518.2,24553.2,560
1781249100000,2026-06-12T07:25:00+00:00,24554.2,24556.2,24504.2,24504.2,520
1781249400000,2026-06-12T07:30:00+00:00,24505.2,24543.2,24501.2,24522.2,560
1781249700000,2026-06-12T07:35:00+00:00,24521.2,24559.2,24521.2,24543.2,588
1781250000000,2026-06-12T07:40:00+00:00,24547.2,24558.2,24537.2,24558.2,510
1781250300000,2026-06-12T07:45:00+00:00,24557.2,24576.2,24556.2,24571.2,510
1781250600000,2026-06-12T07:50:00+00:00,24572.2,24597.2,24570.2,24595.2,468
1781250900000,2026-06-12T07:55:00+00:00,24596.2,24756.2,24595.2,24650.2,668
1781251200000,2026-06-12T08:00:00+00:00,24654.2,24691.2,24634.2,24665.2,696
1781251500000,2026-06-12T08:05:00+00:00,24666.2,24711.2,24660.2,24708.2,596
1781251800000,2026-06-12T08:10:00+00:00,24706.2,24718.2,24695.2,24696.2,556
1781252100000,2026-06-12T08:15:00+00:00,24698.2,24756.2,24683.2,24714.2,696
1781252400000,2026-06-12T08:20:00+00:00,24715.2,24752.2,24690.2,24736.2,708
1781252700000,2026-06-12T08:25:00+00:00,24735.2,24740.2,24707.2,24713.2,660
1781253000000,2026-06-12T08:30:00+00:00,24714.2,24726.2,24687.2,24690.2,618
1781253300000,2026-06-12T08:35:00+00:00,24689.2,24689.2,24651.2,24652.2,588
1781253600000,2026-06-12T08:40:00+00:00,24653.2,24656.2,24621.2,24624.2,558
1781253900000,2026-06-12T08:45:00+00:00,24623.2,24626.2,24590.2,24623.2,560
1781254200000,2026-06-12T08:50:00+00:00,24624.2,24634.2,24609.2,24629.2,500
1781254500000,2026-06-12T08:55:00+00:00,24630.2,24634.2,24619.2,24622.2,416
1781254800000,2026-06-12T09:00:00+00:00,24623.2,24661.2,24620.2,24653.2,468
1781255100000,2026-06-12T09:05:00+00:00,24654.2,24663.2,24634.2,24641.2,490
1781255400000,2026-06-12T09:10:00+00:00,24637.2,24672.2,24629.2,24669.2,416
1781255700000,2026-06-12T09:15:00+00:00,24672.2,24695.2,24664.2,24675.2,542
1781256000000,2026-06-12T09:20:00+00:00,24674.2,24684.2,24664.2,24667.2,506
1781256300000,2026-06-12T09:25:00+00:00,24668.2,24686.2,24658.2,24677.2,448
1781256600000,2026-06-12T09:30:00+00:00,24678.2,24700.2,24675.2,24700.2,420
1781256900000,2026-06-12T09:35:00+00:00,24701.2,24705.2,24681.2,24684.2,432
1781257200000,2026-06-12T09:40:00+00:00,24683.2,24692.2,24666.2,24672.2,414
1781257500000,2026-06-12T09:45:00+00:00,24671.2,24674.2,24652.2,24653.2,406
1781257800000,2026-06-12T09:50:00+00:00,24657.2,24674.2,24656.2,24674.2,412
1781258100000,2026-06-12T09:55:00+00:00,24673.2,24687.2,24660.2,24661.2,376
1781258400000,2026-06-12T10:00:00+00:00,24660.2,24674.2,24651.2,24655.2,414
1781258700000,2026-06-12T10:05:00+00:00,24654.2,24672.2,24650.2,24668.2,324
1781259000000,2026-06-12T10:10:00+00:00,24669.2,24669.2,24613.2,24630.2,532
1781259300000,2026-06-12T10:15:00+00:00,24631.2,24636.2,24609.2,24613.2,444
1781259600000,2026-06-12T10:20:00+00:00,24614.2,24614.2,24586.2,24602.2,426
1781259900000,2026-06-12T10:25:00+00:00,24601.2,24602.2,24554.2,24566.2,622
1781260200000,2026-06-12T10:30:00+00:00,24569.2,24599.2,24552.2,24576.2,546
1781260500000,2026-06-12T10:35:00+00:00,24577.2,24589.2,24576.2,24584.2,378
1781260800000,2026-06-12T10:40:00+00:00,24585.2,24601.2,24584.2,24592.2,330
1781261100000,2026-06-12T10:45:00+00:00,24594.2,24597.2,24584.2,24584.2,336
1781261400000,2026-06-12T10:50:00+00:00,24585.2,24589.2,24577.2,24589.2,306
1781261700000,2026-06-12T10:55:00+00:00,24587.2,24601.2,24576.2,24587.2,352
1781262000000,2026-06-12T11:00:00+00:00,24593.2,24607.2,24588.2,24599.2,420
1781262300000,2026-06-12T11:05:00+00:00,24598.2,24598.2,24580.2,24588.2,408
1781262600000,2026-06-12T11:10:00+00:00,24587.2,24603.2,24586.2,24597.2,390
1781262900000,2026-06-12T11:15:00+00:00,24598.2,24611.2,24596.2,24608.2,364
1781263200000,2026-06-12T11:20:00+00:00,24610.2,24630.2,24606.2,24624.2,388
1781263500000,2026-06-12T11:25:00+00:00,24623.2,24634.2,24621.2,24628.2,364
1781263800000,2026-06-12T11:30:00+00:00,24629.2,24638.2,24606.2,24606.2,390
1781264100000,2026-06-12T11:35:00+00:00,24607.2,24612.2,24585.2,24586.2,416
1781264400000,2026-06-12T11:40:00+00:00,24585.2,24611.2,24585.2,24603.2,310
1781264700000,2026-06-12T11:45:00+00:00,24604.2,24613.2,24583.2,24584.2,334
1781265000000,2026-06-12T11:50:00+00:00,24583.2,24593.2,24582.2,24589.2,372
1781265300000,2026-06-12T11:55:00+00:00,24588.2,24596.2,24570.2,24578.2,390
1781265600000,2026-06-12T12:00:00+00:00,24577.2,24582.2,24535.2,24537.2,512
1781265900000,2026-06-12T12:05:00+00:00,24539.2,24554.2,24538.2,24546.2,462
1781266200000,2026-06-12T12:10:00+00:00,24547.2,24554.2,24526.2,24532.2,380
1781266500000,2026-06-12T12:15:00+00:00,24531.2,24532.2,24512.2,24522.2,412
1781266800000,2026-06-12T12:20:00+00:00,24523.2,24524.2,24498.2,24506.7,394
1781267100000,2026-06-12T12:25:00+00:00,24507.2,24516.7,24495.7,24496.7,396
1781267400000,2026-06-12T12:30:00+00:00,24497.7,24512.7,24494.7,24503.7,412
1781267700000,2026-06-12T12:35:00+00:00,24504.7,24510.7,24489.7,24492.7,458
1781268000000,2026-06-12T12:40:00+00:00,24493.7,24497.7,24476.7,24484.7,480
1781268300000,2026-06-12T12:45:00+00:00,24482.7,24497.7,24476.7,24495.7,446
1781268600000,2026-06-12T12:50:00+00:00,24494.7,24504.7,24476.7,24479.7,364
1781268900000,2026-06-12T12:55:00+00:00,24480.7,24486.7,24461.7,24470.7,468
1781269200000,2026-06-12T13:00:00+00:00,24471.7,24489.7,24468.7,24487.7,458
1781269500000,2026-06-12T13:05:00+00:00,24486.7,24517.7,24486.7,24515.7,408
1781269800000,2026-06-12T13:10:00+00:00,24516.7,24532.7,24511.7,24528.7,422
1781270100000,2026-06-12T13:15:00+00:00,24527.7,24539.7,24523.7,24539.7,348
1781270400000,2026-06-12T13:20:00+00:00,24538.7,24555.7,24538.7,24551.7,378
1781270700000,2026-06-12T13:25:00+00:00,24552.7,24558.7,24534.7,24552.7,434
1781271000000,2026-06-12T13:30:00+00:00,24553.7,24554.7,24503.7,24508.7,684
1781271300000,2026-06-12T13:35:00+00:00,24507.7,24536.7,24501.7,24525.7,700
1781271600000,2026-06-12T13:40:00+00:00,24524.7,24525.7,24421.7,24451.7,896
1781271900000,2026-06-12T13:45:00+00:00,24453.7,24473.7,24439.7,24471.7,768
1781272200000,2026-06-12T13:50:00+00:00,24469.7,24490.7,24461.7,24487.7,620
1781272500000,2026-06-12T13:55:00+00:00,24485.7,24519.7,24482.7,24502.7,608
1781272800000,2026-06-12T14:00:00+00:00,24506.7,24536.7,24503.7,24518.7,680
1781273100000,2026-06-12T14:05:00+00:00,24519.7,24542.7,24507.7,24534.7,566
1781273400000,2026-06-12T14:10:00+00:00,24532.7,24541.7,24514.7,24515.7,482
1781273700000,2026-06-12T14:15:00+00:00,24516.7,24548.7,24512.7,24517.7,492
1781274000000,2026-06-12T14:20:00+00:00,24518.7,24533.7,24483.7,24502.7,584
1781274300000,2026-06-12T14:25:00+00:00,24501.7,24514.7,24492.7,24505.7,538
1781274600000,2026-06-12T14:30:00+00:00,24504.7,24528.7,24503.7,24519.7,532
1781274900000,2026-06-12T14:35:00+00:00,24520.7,24552.7,24517.7,24543.7,580
1781275200000,2026-06-12T14:40:00+00:00,24544.7,24548.7,24507.7,24514.7,528
1781275500000,2026-06-12T14:45:00+00:00,24515.7,24527.7,24497.7,24504.7,592
1781275800000,2026-06-12T14:50:00+00:00,24505.7,24626.7,24490.7,24611.7,726
1781276100000,2026-06-12T14:55:00+00:00,24607.7,24639.7,24602.7,24628.7,786
1781276400000,2026-06-12T15:00:00+00:00,24631.7,24636.7,24589.7,24601.7,664
1781276700000,2026-06-12T15:05:00+00:00,24600.7,24622.7,24596.7,24615.7,566
1781277000000,2026-06-12T15:10:00+00:00,24614.7,24633.7,24613.7,24621.7,538
1781277300000,2026-06-12T15:15:00+00:00,24620.7,24641.7,24620.7,24629.7,474
1781277600000,2026-06-12T15:20:00+00:00,24630.7,24639.7,24611.7,24635.7,450
1781277900000,2026-06-12T15:25:00+00:00,24636.7,24640.7,24614.7,24621.7,534
1781278200000,2026-06-12T15:30:00+00:00,24620.7,24651.7,24610.7,24641.7,650
1781278500000,2026-06-12T15:35:00+00:00,24638.7,24668.7,24621.7,24634.7,662
1781278800000,2026-06-12T15:40:00+00:00,24633.7,24635.7,24615.7,24617.7,516
1781279100000,2026-06-12T15:45:00+00:00,24616.7,24634.7,24577.7,24584.7,540
1781279400000,2026-06-12T15:50:00+00:00,24586.7,24603.7,24579.7,24597.7,590
1781279700000,2026-06-12T15:55:00+00:00,24596.7,24598.7,24559.7,24567.7,520
1781280000000,2026-06-12T16:00:00+00:00,24566.7,24575.7,24541.7,24560.7,626
1781280300000,2026-06-12T16:05:00+00:00,24559.7,24579.7,24547.7,24577.7,516
1781280600000,2026-06-12T16:10:00+00:00,24576.7,24635.7,24568.7,24613.7,612
1781280900000,2026-06-12T16:15:00+00:00,24615.7,24641.7,24611.7,24615.7,668
1781281200000,2026-06-12T16:20:00+00:00,24614.7,24621.7,24603.7,24611.7,590
1781281500000,2026-06-12T16:25:00+00:00,24612.7,24620.7,24604.7,24608.7,460
1781281800000,2026-06-12T16:30:00+00:00,24609.7,24616.7,24604.7,24616.7,454
1781282100000,2026-06-12T16:35:00+00:00,24615.7,24619.7,24604.7,24618.7,440
1781282400000,2026-06-12T16:40:00+00:00,24621.7,24632.7,24614.7,24624.7,452
1781282700000,2026-06-12T16:45:00+00:00,24623.7,24642.7,24623.7,24641.7,424
1781283000000,2026-06-12T16:50:00+00:00,24640.7,24642.7,24628.7,24628.7,392
1781283300000,2026-06-12T16:55:00+00:00,24629.7,24637.7,24618.7,24631.7,394
1781283600000,2026-06-12T17:00:00+00:00,24632.7,24650.7,24632.7,24645.7,408
1781283900000,2026-06-12T17:05:00+00:00,24646.7,24680.7,24641.7,24656.7,512
1781284200000,2026-06-12T17:10:00+00:00,24657.7,24664.7,24645.7,24659.7,452
1781284500000,2026-06-12T17:15:00+00:00,24660.7,24670.7,24650.7,24666.7,466
1781284800000,2026-06-12T17:20:00+00:00,24667.7,24669.7,24657.7,24660.7,356
1781285100000,2026-06-12T17:25:00+00:00,24659.7,24659.7,24645.7,24653.7,374
1781285400000,2026-06-12T17:30:00+00:00,24652.7,24655.7,24633.7,24633.7,420
1781285700000,2026-06-12T17:35:00+00:00,24632.7,24646.7,24632.7,24642.7,434
1781286000000,2026-06-12T17:40:00+00:00,24643.7,24652.7,24638.7,24647.7,344
1781286300000,2026-06-12T17:45:00+00:00,24648.7,24656.7,24646.7,24653.7,374
1781286600000,2026-06-12T17:50:00+00:00,24654.7,24664.7,24652.7,24660.7,342
1781286900000,2026-06-12T17:55:00+00:00,24662.7,24662.7,24643.7,24651.7,408
1781287200000,2026-06-12T18:00:00+00:00,24652.7,24653.7,24642.7,24645.7,476
1781287500000,2026-06-12T18:05:00+00:00,24646.7,24652.7,24640.7,24646.7,388
1781287800000,2026-06-12T18:10:00+00:00,24647.7,24662.7,24645.7,24648.7,370
1781288100000,2026-06-12T18:15:00+00:00,24647.7,24655.7,24641.7,24649.7,452
1781288400000,2026-06-12T18:20:00+00:00,24650.7,24653.7,24642.7,24648.7,360
1781288700000,2026-06-12T18:25:00+00:00,24647.7,24663.7,24642.7,24661.7,324
1781289000000,2026-06-12T18:30:00+00:00,24662.7,24677.7,24662.7,24672.7,346
1781289300000,2026-06-12T18:35:00+00:00,24673.7,24673.7,24667.7,24672.7,276
1781289600000,2026-06-12T18:40:00+00:00,24673.7,24681.7,24672.7,24674.7,240
1781289900000,2026-06-12T18:45:00+00:00,24675.7,24678.7,24666.7,24667.7,306
1781290200000,2026-06-12T18:50:00+00:00,24666.7,24669.7,24660.7,24668.7,290
1781290500000,2026-06-12T18:55:00+00:00,24667.7,24672.7,24652.7,24655.7,350
1781290800000,2026-06-12T19:00:00+00:00,24654.7,24672.7,24653.7,24669.7,362
1781291100000,2026-06-12T19:05:00+00:00,24670.7,24674.7,24663.7,24669.7,380
1781291400000,2026-06-12T19:10:00+00:00,24670.7,24676.7,24665.7,24674.7,354
1781291700000,2026-06-12T19:15:00+00:00,24675.7,24692.7,24668.7,24692.7,390
1781292000000,2026-06-12T19:20:00+00:00,24691.7,24693.7,24684.7,24690.7,320
1781292300000,2026-06-12T19:25:00+00:00,24689.7,24694.7,24683.7,24683.7,328
1781292600000,2026-06-12T19:30:00+00:00,24682.7,24684.7,24661.7,24664.7,456
1781292900000,2026-06-12T19:35:00+00:00,24663.7,24685.7,24655.7,24667.7,478
1781293200000,2026-06-12T19:40:00+00:00,24668.7,24679.7,24663.7,24670.7,382
1781293500000,2026-06-12T19:45:00+00:00,24668.7,24677.7,24661.7,24673.7,376
1781293800000,2026-06-12T19:50:00+00:00,24674.7,24682.7,24663.7,24675.7,478
1781482500000,2026-06-15T00:15:00+00:00,24993.0,25018.6,24922.1,25017.6,540
1781482800000,2026-06-15T00:20:00+00:00,25017.1,25074.1,25017.1,25074.1,372
1781483100000,2026-06-15T00:25:00+00:00,25076.1,25088.6,25068.1,25072.1,302
1781483400000,2026-06-15T00:30:00+00:00,25073.1,25088.1,25055.1,25056.6,294
1781483700000,2026-06-15T00:35:00+00:00,25056.1,25068.1,25052.1,25055.1,230
1781484000000,2026-06-15T00:40:00+00:00,25056.1,25063.6,25049.3,25056.1,150
1781484300000,2026-06-15T00:45:00+00:00,25057.1,25063.1,25046.6,25047.6,196
1781484600000,2026-06-15T00:50:00+00:00,25047.1,25052.1,25039.1,25045.6,354
1781484900000,2026-06-15T00:55:00+00:00,25046.6,25052.1,25043.1,25050.6,258
1781485200000,2026-06-15T01:00:00+00:00,25049.1,25064.6,25028.1,25056.1,280
1781485500000,2026-06-15T01:05:00+00:00,25055.1,25064.6,25042.1,25058.1,386
1781485800000,2026-06-15T01:10:00+00:00,25059.1,25075.1,25053.1,25059.1,234
1781486100000,2026-06-15T01:15:00+00:00,25057.1,25061.1,25041.3,25043.1,326
1781486400000,2026-06-15T01:20:00+00:00,25041.1,25051.1,25037.1,25045.1,334
1781486700000,2026-06-15T01:25:00+00:00,25046.1,25054.1,25036.1,25046.1,298
1781487000000,2026-06-15T01:30:00+00:00,25047.1,25050.1,25035.1,25047.1,310
1781487300000,2026-06-15T01:35:00+00:00,25046.1,25059.1,25044.1,25054.1,242
1781487600000,2026-06-15T01:40:00+00:00,25055.1,25060.1,25050.6,25051.1,132
1781487900000,2026-06-15T01:45:00+00:00,25050.6,25055.1,25045.6,25052.6,112
1781488200000,2026-06-15T01:50:00+00:00,25053.1,25053.1,25023.1,25029.1,200
1781488500000,2026-06-15T01:55:00+00:00,25029.3,25032.1,25020.1,25026.1,340
1781488800000,2026-06-15T02:00:00+00:00,25024.6,25027.1,25007.1,25014.1,180
1781489100000,2026-06-15T02:05:00+00:00,25014.6,25025.6,25007.1,25024.1,170
1781489400000,2026-06-15T02:10:00+00:00,25023.1,25028.3,25013.6,25014.6,236
1781489700000,2026-06-15T02:15:00+00:00,25016.1,25024.1,25016.1,25024.1,170
1781490000000,2026-06-15T02:20:00+00:00,25024.6,25030.1,25022.1,25029.1,156
1781490300000,2026-06-15T02:25:00+00:00,25027.1,25034.1,25027.1,25028.1,128
1781490600000,2026-06-15T02:30:00+00:00,25030.1,25035.8,25029.1,25029.1,144
1781490900000,2026-06-15T02:35:00+00:00,25031.1,25038.1,25027.1,25036.1,182
1781491200000,2026-06-15T02:40:00+00:00,25037.1,25039.1,25035.1,25038.1,124
1781491500000,2026-06-15T02:45:00+00:00,25037.1,25047.1,25036.1,25044.1,136
1781491800000,2026-06-15T02:50:00+00:00,25043.1,25045.1,25039.1,25044.1,158
1781492100000,2026-06-15T02:55:00+00:00,25041.6,25046.1,25041.1,25045.1,112
1781492400000,2026-06-15T03:00:00+00:00,25044.1,25045.6,25038.1,25045.6,240
1781492700000,2026-06-15T03:05:00+00:00,25045.1,25047.1,25034.1,25037.1,178
1781493000000,2026-06-15T03:10:00+00:00,25036.1,25050.1,25036.1,25049.1,216
1781493300000,2026-06-15T03:15:00+00:00,25050.1,25060.1,25049.1,25053.1,200
1781493600000,2026-06-15T03:20:00+00:00,25054.1,25058.1,25047.1,25053.1,188
1781493900000,2026-06-15T03:25:00+00:00,25052.1,25053.1,25046.1,25049.3,90
1781494200000,2026-06-15T03:30:00+00:00,25048.3,25050.1,25036.1,25043.1,176
1781494500000,2026-06-15T03:35:00+00:00,25043.6,25044.1,25030.3,25032.1,190
1781494800000,2026-06-15T03:40:00+00:00,25031.1,25036.1,25024.1,25029.1,160
1781495100000,2026-06-15T03:45:00+00:00,25030.1,25030.6,25025.3,25028.1,104
1781495400000,2026-06-15T03:50:00+00:00,25027.1,25031.3,25026.1,25029.1,106
1781495700000,2026-06-15T03:55:00+00:00,25028.1,25029.1,25017.1,25019.1,54
1781496000000,2026-06-15T04:00:00+00:00,25020.1,25025.1,25006.1,25010.1,174
1781496300000,2026-06-15T04:05:00+00:00,25009.1,25013.1,25008.1,25012.3,94
1781496600000,2026-06-15T04:10:00+00:00,25011.3,25016.1,25008.3,25015.1,64
1781496900000,2026-06-15T04:15:00+00:00,25016.1,25025.6,25016.1,25025.1,146
1781497200000,2026-06-15T04:20:00+00:00,25026.1,25028.6,25022.6,25025.1,186
1781497500000,2026-06-15T04:25:00+00:00,25024.1,25026.1,25017.1,25025.1,144
1781497800000,2026-06-15T04:30:00+00:00,25026.3,25026.3,25017.1,25023.1,194
1781498100000,2026-06-15T04:35:00+00:00,25022.1,25024.1,25015.1,25018.1,166
1781498400000,2026-06-15T04:40:00+00:00,25017.6,25023.6,25015.3,25022.6,152
1781498700000,2026-06-15T04:45:00+00:00,25024.1,25028.1,25020.1,25025.1,222
1781499000000,2026-06-15T04:50:00+00:00,25026.1,25029.1,25020.1,25027.1,168
1781499300000,2026-06-15T04:55:00+00:00,25026.1,25038.6,25025.1,25038.6,154
1781499600000,2026-06-15T05:00:00+00:00,25038.1,25048.3,25034.6,25040.1,236
1781499900000,2026-06-15T05:05:00+00:00,25038.6,25047.1,25032.1,25046.1,156
1781500200000,2026-06-15T05:10:00+00:00,25047.3,25050.1,25042.1,25045.1,170
1781500500000,2026-06-15T05:15:00+00:00,25043.6,25049.3,25042.1,25048.1,166
1781500800000,2026-06-15T05:20:00+00:00,25045.1,25067.3,25045.1,25055.1,172
1781501100000,2026-06-15T05:25:00+00:00,25054.1,25065.1,25050.1,25063.1,256
1781501400000,2026-06-15T05:30:00+00:00,25062.1,25067.1,25050.1,25050.3,132
1781501700000,2026-06-15T05:35:00+00:00,25051.1,25056.3,25031.1,25042.3,284
1781502000000,2026-06-15T05:40:00+00:00,25041.3,25044.1,25033.1,25033.1,234
1781502300000,2026-06-15T05:45:00+00:00,25030.1,25035.3,25026.1,25029.1,100
1781502600000,2026-06-15T05:50:00+00:00,25028.1,25040.3,25018.3,25026.3,188
1781502900000,2026-06-15T05:55:00+00:00,25026.1,25036.3,25022.1,25034.1,222
1781503200000,2026-06-15T06:00:00+00:00,25037.1,25044.1,25013.9,25022.9,398
1781503500000,2026-06-15T06:05:00+00:00,25020.9,25021.9,24998.9,25005.9,370
1781503800000,2026-06-15T06:10:00+00:00,25006.9,25027.9,25001.9,25026.9,328
1781504100000,2026-06-15T06:15:00+00:00,25027.9,25063.9,25021.9,25058.9,422
1781504400000,2026-06-15T06:20:00+00:00,25057.9,25075.9,25047.9,25072.9,342
1781504700000,2026-06-15T06:25:00+00:00,25071.9,25091.9,25066.9,25078.9,372
1781505000000,2026-06-15T06:30:00+00:00,25076.9,25084.9,25056.9,25064.9,354
1781505300000,2026-06-15T06:35:00+00:00,25065.9,25068.9,25054.9,25055.9,350
1781505600000,2026-06-15T06:40:00+00:00,25054.9,25078.9,25054.9,25072.9,316
1781505900000,2026-06-15T06:45:00+00:00,25071.9,25072.9,25058.9,25063.9,292
1781506200000,2026-06-15T06:50:00+00:00,25062.9,25070.9,25051.9,25058.9,290
1781506500000,2026-06-15T06:55:00+00:00,25059.9,25068.9,25051.9,25057.9,346
1781506800000,2026-06-15T07:00:00+00:00,25059.9,25097.9,25029.9,25086.9,798
1781507100000,2026-06-15T07:05:00+00:00,25085.9,25097.9,25065.9,25077.9,656
1781507400000,2026-06-15T07:10:00+00:00,25076.9,25081.9,25058.9,25067.9,586
1781507700000,2026-06-15T07:15:00+00:00,25068.9,25098.9,25062.9,25087.9,596
1781508000000,2026-06-15T07:20:00+00:00,25088.9,25095.9,25065.9,25082.9,630
1781508300000,2026-06-15T07:25:00+00:00,25083.9,25095.9,25062.9,25086.9,500
1781508600000,2026-06-15T07:30:00+00:00,25085.9,25097.9,25049.9,25065.9,580
1781508900000,2026-06-15T07:35:00+00:00,25066.9,25081.9,25056.9,25073.9,534
1781509200000,2026-06-15T07:40:00+00:00,25074.9,25086.9,25057.9,25057.9,468
1781509500000,2026-06-15T07:45:00+00:00,25058.9,25087.9,25057.9,25070.9,462
1781509800000,2026-06-15T07:50:00+00:00,25071.9,25088.9,25066.9,25077.9,444
1781510100000,2026-06-15T07:55:00+00:00,25076.9,25077.9,25032.9,25033.9,480
1781510400000,2026-06-15T08:00:00+00:00,25031.9,25058.9,25020.9,25033.9,552
1781510700000,2026-06-15T08:05:00+00:00,25032.9,25032.9,24995.9,25009.9,542
1781511000000,2026-06-15T08:10:00+00:00,25008.9,25017.9,24989.9,24998.9,510
1781511300000,2026-06-15T08:15:00+00:00,24997.9,25011.9,24983.9,24985.9,482
1781511600000,2026-06-15T08:20:00+00:00,24987.9,25010.9,24983.9,24998.9,444
1781511900000,2026-06-15T08:25:00+00:00,25000.9,25040.9,25000.9,25030.9,498
1781512200000,2026-06-15T08:30:00+00:00,25027.9,25027.9,24999.9,25000.9,432
1781512500000,2026-06-15T08:35:00+00:00,25001.9,25001.9,24973.9,24992.9,456
1781512800000,2026-06-15T08:40:00+00:00,24991.9,25005.9,24984.9,24986.9,424
1781513100000,2026-06-15T08:45:00+00:00,24988.9,24995.9,24965.9,24969.9,434
1781513400000,2026-06-15T08:50:00+00:00,24968.9,24972.9,24950.9,24959.9,418
1781513700000,2026-06-15T08:55:00+00:00,24960.9,24968.9,24948.9,24955.9,356
1781514000000,2026-06-15T09:00:00+00:00,24956.9,24961.9,24944.9,24959.9,426
1781514300000,2026-06-15T09:05:00+00:00,24960.9,24962.9,24944.9,24947.9,406
1781514600000,2026-06-15T09:10:00+00:00,24949.9,24959.9,24942.9,24943.9,402
1781514900000,2026-06-15T09:15:00+00:00,24942.9,24944.9,24932.9,24938.9,364
1781515200000,2026-06-15T09:20:00+00:00,24939.9,24939.9,24908.9,24912.9,444
1781515500000,2026-06-15T09:25:00+00:00,24911.9,24930.9,24909.9,24923.9,386
1781515800000,2026-06-15T09:30:00+00:00,24922.9,24938.9,24918.9,24931.9,408
1781516100000,2026-06-15T09:35:00+00:00,24933.9,24936.9,24924.9,24925.9,404
1781516400000,2026-06-15T09:40:00+00:00,24926.9,24933.9,24906.9,24907.9,348
1781516700000,2026-06-15T09:45:00+00:00,24909.9,24927.9,24909.9,24915.9,358
1781517000000,2026-06-15T09:50:00+00:00,24917.9,24933.9,24917.9,24921.9,350
1781517300000,2026-06-15T09:55:00+00:00,24922.9,24938.9,24920.9,24929.9,334
1781517600000,2026-06-15T10:00:00+00:00,24928.9,24952.9,24919.9,24952.9,366
1781517900000,2026-06-15T10:05:00+00:00,24953.9,24963.9,24948.9,24962.9,372
1781518200000,2026-06-15T10:10:00+00:00,24961.9,24963.9,24942.9,24948.9,370
1781518500000,2026-06-15T10:15:00+00:00,24951.9,24956.9,24940.9,24947.9,346
1781518800000,2026-06-15T10:20:00+00:00,24948.9,24955.9,24935.9,24953.9,324
1781519100000,2026-06-15T10:25:00+00:00,24954.9,24967.9,24952.9,24960.9,324
1781519400000,2026-06-15T10:30:00+00:00,24959.9,24964.9,24946.9,24948.9,320
1781519700000,2026-06-15T10:35:00+00:00,24947.9,24948.9,24928.9,24935.9,314
1781520000000,2026-06-15T10:40:00+00:00,24936.9,24947.9,24935.9,24943.9,280
1781520300000,2026-06-15T10:45:00+00:00,24944.9,24947.9,24929.9,24936.9,318
1781520600000,2026-06-15T10:50:00+00:00,24935.9,24943.9,24934.9,24942.9,228
1781520900000,2026-06-15T10:55:00+00:00,24941.9,24957.9,24940.9,24953.9,306
1781521200000,2026-06-15T11:00:00+00:00,24954.9,24973.9,24948.9,24949.9,378
1781521500000,2026-06-15T11:05:00+00:00,24948.9,24960.9,24946.9,24949.9,300
1781521800000,2026-06-15T11:10:00+00:00,24948.9,24968.9,24946.9,24966.9,322
1781522100000,2026-06-15T11:15:00+00:00,24967.9,24974.9,24955.9,24959.9,296
1781522400000,2026-06-15T11:20:00+00:00,24958.9,24971.9,24956.9,24970.9,256
1781522700000,2026-06-15T11:25:00+00:00,24973.9,24981.9,24966.9,24975.9,288
1781523000000,2026-06-15T11:30:00+00:00,24976.9,24983.9,24967.9,24967.9,252
1781523300000,2026-06-15T11:35:00+00:00,24968.9,24968.9,24951.9,24955.9,298
1781523600000,2026-06-15T11:40:00+00:00,24954.9,24972.9,24953.9,24963.9,360
1781523900000,2026-06-15T11:45:00+00:00,24964.9,24966.9,24949.9,24954.9,350
1781524200000,2026-06-15T11:50:00+00:00,24955.9,24981.9,24954.9,24978.9,280
1781524500000,2026-06-15T11:55:00+00:00,24977.9,24978.9,24968.9,24971.9,268
1781524800000,2026-06-15T12:00:00+00:00,24972.9,24983.9,24964.9,24978.9,318
1781525100000,2026-06-15T12:05:00+00:00,24979.9,24994.9,24974.9,24984.9,344
1781525400000,2026-06-15T12:10:00+00:00,24985.9,25000.9,24985.9,24987.9,358
1781525700000,2026-06-15T12:15:00+00:00,24988.9,24991.9,24982.9,24986.9,288
1781526000000,2026-06-15T12:20:00+00:00,24987.9,24993.9,24969.9,24990.9,364
1781526300000,2026-06-15T12:25:00+00:00,24991.9,24994.9,24977.9,24979.9,246
1781526600000,2026-06-15T12:30:00+00:00,24978.9,24988.9,24972.9,24972.9,314
1781526900000,2026-06-15T12:35:00+00:00,24971.9,24981.9,24970.9,24973.9,290
1781527200000,2026-06-15T12:40:00+00:00,24972.9,24985.9,24970.9,24976.9,272
1781527500000,2026-06-15T12:45:00+00:00,24977.9,24995.9,24974.9,24992.9,272
1781527800000,2026-06-15T12:50:00+00:00,24991.9,25000.9,24982.9,24996.9,298
1781528100000,2026-06-15T12:55:00+00:00,24997.9,25004.9,24993.9,25000.9,340
1781528400000,2026-06-15T13:00:00+00:00,24999.9,25007.9,24989.9,24992.9,326
1781528700000,2026-06-15T13:05:00+00:00,24991.9,25001.9,24988.9,24993.9,330
1781529000000,2026-06-15T13:10:00+00:00,24991.9,24993.9,24985.9,24989.9,314
1781529300000,2026-06-15T13:15:00+00:00,24990.9,24997.9,24980.9,24993.9,332
1781529600000,2026-06-15T13:20:00+00:00,24994.9,25013.9,24991.9,25004.9,306
1781529900000,2026-06-15T13:25:00+00:00,25003.9,25004.9,24991.9,24999.9,396
1781530200000,2026-06-15T13:30:00+00:00,24998.9,25002.9,24979.9,24995.9,544
1781530500000,2026-06-15T13:35:00+00:00,24996.9,25020.9,24995.9,24998.9,572
1781530800000,2026-06-15T13:40:00+00:00,24997.9,25000.9,24969.9,24983.9,572
1781531100000,2026-06-15T13:45:00+00:00,24982.9,24982.9,24956.9,24959.9,500
1781531400000,2026-06-15T13:50:00+00:00,24960.9,24966.9,24953.9,24957.9,452
1781531700000,2026-06-15T13:55:00+00:00,24958.9,24960.9,24925.9,24931.9,426
1781532000000,2026-06-15T14:00:00+00:00,24930.9,24934.9,24906.9,24928.9,500
1781532300000,2026-06-15T14:05:00+00:00,24927.9,24946.9,24922.9,24944.9,462
1781532600000,2026-06-15T14:10:00+00:00,24945.9,24945.9,24909.9,24915.9,438
1781532900000,2026-06-15T14:15:00+00:00,24914.9,24923.9,24902.9,24908.9,474
1781533200000,2026-06-15T14:20:00+00:00,24907.9,24930.9,24901.9,24924.9,448
1781533500000,2026-06-15T14:25:00+00:00,24925.9,24946.9,24924.9,24932.9,486
1781533800000,2026-06-15T14:30:00+00:00,24933.9,24951.9,24932.9,24940.9,414
1781534100000,2026-06-15T14:35:00+00:00,24939.9,24963.9,24939.9,24962.9,370
1781534400000,2026-06-15T14:40:00+00:00,24963.9,24980.9,24961.9,24967.9,406
1781534700000,2026-06-15T14:45:00+00:00,24966.9,24974.9,24947.9,24948.9,390
1781535000000,2026-06-15T14:50:00+00:00,24950.9,24952.9,24931.9,24932.9,408
1781535300000,2026-06-15T14:55:00+00:00,24933.9,24949.9,24925.9,24944.9,442
1781535600000,2026-06-15T15:00:00+00:00,24941.9,24949.9,24929.9,24942.9,410
1781535900000,2026-06-15T15:05:00+00:00,24941.9,24952.9,24920.9,24921.9,344
1781536200000,2026-06-15T15:10:00+00:00,24922.9,24926.9,24895.9,24897.9,396
1781536500000,2026-06-15T15:15:00+00:00,24895.9,24909.9,24889.9,24897.9,396
1781536800000,2026-06-15T15:20:00+00:00,24898.9,24919.9,24898.9,24904.9,378
1781537100000,2026-06-15T15:25:00+00:00,24906.9,24918.9,24903.9,24913.9,386
1781537400000,2026-06-15T15:30:00+00:00,24914.9,24929.9,24891.9,24895.9,544
1781537700000,2026-06-15T15:35:00+00:00,24898.9,24927.9,24896.9,24924.9,396
1781538000000,2026-06-15T15:40:00+00:00,24923.9,24936.9,24916.9,24928.9,348
1781538300000,2026-06-15T15:45:00+00:00,24927.9,24947.9,24927.9,24946.9,304
1781538600000,2026-06-15T15:50:00+00:00,24945.9,24950.9,24933.9,24935.9,248
1781538900000,2026-06-15T15:55:00+00:00,24936.9,24936.9,24925.9,24931.9,224
1781539200000,2026-06-15T16:00:00+00:00,24930.9,24931.9,24921.9,24921.9,254
1781539500000,2026-06-15T16:05:00+00:00,24922.9,24929.9,24917.9,24920.9,192
1781539800000,2026-06-15T16:10:00+00:00,24923.9,24933.9,24923.9,24927.9,242
1781540100000,2026-06-15T16:15:00+00:00,24924.9,24929.9,24918.9,24921.9,242
1781540400000,2026-06-15T16:20:00+00:00,24922.9,24925.9,24918.9,24918.9,240
1781540700000,2026-06-15T16:25:00+00:00,24919.9,24924.9,24916.9,24924.9,234
1781541000000,2026-06-15T16:30:00+00:00,24927.9,24929.9,24922.9,24922.9,174
1781541300000,2026-06-15T16:35:00+00:00,24923.9,24928.9,24917.9,24918.9,208
1781541600000,2026-06-15T16:40:00+00:00,24917.9,24918.9,24910.9,24913.9,162
1781541900000,2026-06-15T16:45:00+00:00,24914.9,24914.9,24906.9,24911.9,218
1781542200000,2026-06-15T16:50:00+00:00,24912.9,24921.9,24911.9,24917.9,228
1781542500000,2026-06-15T16:55:00+00:00,24918.9,24920.9,24913.9,24917.9,168
1781542800000,2026-06-15T17:00:00+00:00,24916.9,24918.9,24901.9,24903.9,294
1781543100000,2026-06-15T17:05:00+00:00,24904.9,24906.9,24888.9,24888.9,238
1781543400000,2026-06-15T17:10:00+00:00,24887.9,24900.9,24887.9,24892.9,192
1781543700000,2026-06-15T17:15:00+00:00,24891.9,24898.9,24890.9,24897.9,162
1781544000000,2026-06-15T17:20:00+00:00,24896.9,24905.9,24896.9,24905.9,176
1781544300000,2026-06-15T17:25:00+00:00,24906.9,24911.9,24900.9,24908.9,204
1781544600000,2026-06-15T17:30:00+00:00,24907.9,24911.9,24895.9,24896.9,164
1781544900000,2026-06-15T17:35:00+00:00,24897.9,24900.9,24892.9,24900.9,204
1781545200000,2026-06-15T17:40:00+00:00,24899.9,24900.9,24887.9,24888.9,166
1781545500000,2026-06-15T17:45:00+00:00,24889.9,24895.9,24887.9,24893.9,172
1781545800000,2026-06-15T17:50:00+00:00,24892.9,24897.9,24885.9,24885.9,158
1781546100000,2026-06-15T17:55:00+00:00,24886.9,24886.9,24878.9,24885.9,204
1781546400000,2026-06-15T18:00:00+00:00,24886.9,24889.9,24871.9,24878.9,296
1781546700000,2026-06-15T18:05:00+00:00,24879.9,24886.9,24877.9,24878.9,170
1781547000000,2026-06-15T18:10:00+00:00,24879.9,24881.9,24867.9,24876.9,250
1781547300000,2026-06-15T18:15:00+00:00,24875.9,24880.9,24870.9,24874.9,232
1781547600000,2026-06-15T18:20:00+00:00,24873.9,24874.9,24865.9,24865.9,166
1781547900000,2026-06-15T18:25:00+00:00,24866.9,24871.9,24859.9,24860.9,174
1781548200000,2026-06-15T18:30:00+00:00,24861.9,24865.9,24853.9,24862.9,212
1781548500000,2026-06-15T18:35:00+00:00,24863.9,24869.9,24860.9,24868.9,228
1781548800000,2026-06-15T18:40:00+00:00,24867.9,24873.9,24865.9,24865.9,158
1781549100000,2026-06-15T18:45:00+00:00,24864.9,24871.9,24864.9,24867.9,182
1781549400000,2026-06-15T18:50:00+00:00,24868.9,24869.9,24864.9,24866.9,136
1781549700000,2026-06-15T18:55:00+00:00,24865.9,24869.9,24859.9,24861.9,190
1781550000000,2026-06-15T19:00:00+00:00,24862.9,24862.9,24856.9,24857.9,214
1781550300000,2026-06-15T19:05:00+00:00,24856.9,24864.9,24855.9,24862.9,182
1781550600000,2026-06-15T19:10:00+00:00,24863.9,24868.9,24859.9,24867.9,222
1781550900000,2026-06-15T19:15:00+00:00,24866.9,24870.9,24859.9,24861.9,192
1781551200000,2026-06-15T19:20:00+00:00,24860.9,24861.9,24850.9,24850.9,222
1781551500000,2026-06-15T19:25:00+00:00,24851.9,24854.9,24842.9,24843.9,212
1781551800000,2026-06-15T19:30:00+00:00,24844.9,24853.9,24843.9,24847.9,246
1781552100000,2026-06-15T19:35:00+00:00,24848.9,24856.9,24847.9,24855.9,202
1781552400000,2026-06-15T19:40:00+00:00,24854.9,24860.9,24854.9,24860.9,150
1781552700000,2026-06-15T19:45:00+00:00,24862.9,24865.9,24854.9,24863.9,200
1781553000000,2026-06-15T19:50:00+00:00,24860.9,24870.9,24858.9,24865.9,252
1781553300000,2026-06-15T19:55:00+00:00,24861.9,24864.9,24848.9,24850.9,242
1781568900000,2026-06-16T00:15:00+00:00,24844.1,24867.5,24844.1,24860.0,172
1781569200000,2026-06-16T00:20:00+00:00,24859.5,24860.5,24843.5,24858.5,204
1781569500000,2026-06-16T00:25:00+00:00,24856.5,24864.0,24854.5,24864.0,156
1781569800000,2026-06-16T00:30:00+00:00,24863.5,24879.5,24863.5,24873.0,204
1781570100000,2026-06-16T00:35:00+00:00,24872.0,24872.0,24860.5,24866.5,228
1781570400000,2026-06-16T00:40:00+00:00,24868.5,24879.5,24867.0,24869.5,186
1781570700000,2026-06-16T00:45:00+00:00,24868.5,24871.5,24865.5,24866.5,258
1781571000000,2026-06-16T00:50:00+00:00,24867.5,24869.5,24857.5,24859.5,216
1781571300000,2026-06-16T00:55:00+00:00,24860.5,24869.5,24860.5,24866.5,234
1781571600000,2026-06-16T01:00:00+00:00,24867.5,24876.0,24864.0,24875.0,206
1781571900000,2026-06-16T01:05:00+00:00,24873.5,24874.5,24859.5,24860.5,310
1781572200000,2026-06-16T01:10:00+00:00,24861.0,24870.0,24858.5,24865.5,380
1781572500000,2026-06-16T01:15:00+00:00,24864.0,24869.5,24859.5,24862.0,290
1781572800000,2026-06-16T01:20:00+00:00,24861.5,24871.0,24861.5,24864.5,242
1781573100000,2026-06-16T01:25:00+00:00,24865.5,24877.5,24865.5,24869.5,274
1781573400000,2026-06-16T01:30:00+00:00,24870.5,24873.5,24859.5,24861.5,364
1781573700000,2026-06-16T01:35:00+00:00,24862.5,24865.5,24855.5,24862.0,250
1781574000000,2026-06-16T01:40:00+00:00,24862.5,24862.5,24846.5,24848.5,208
1781574300000,2026-06-16T01:45:00+00:00,24849.5,24864.5,24846.5,24864.5,168
1781574600000,2026-06-16T01:50:00+00:00,24863.0,24864.0,24853.5,24859.0,74
1781574900000,2026-06-16T01:55:00+00:00,24858.5,24860.5,24853.5,24859.0,174
1781575200000,2026-06-16T02:00:00+00:00,24859.5,24859.5,24847.5,24847.5,156
1781575500000,2026-06-16T02:05:00+00:00,24848.5,24862.5,24847.5,24858.5,138
1781575800000,2026-06-16T02:10:00+00:00,24857.5,24858.5,24839.5,24843.5,120
1781576100000,2026-06-16T02:15:00+00:00,24842.5,24854.7,24842.5,24851.5,92
1781576400000,2026-06-16T02:20:00+00:00,24852.5,24859.5,24850.5,24852.5,74
1781576700000,2026-06-16T02:25:00+00:00,24851.5,24856.0,24844.5,24844.5,130
1781577000000,2026-06-16T02:30:00+00:00,24843.5,24856.5,24842.5,24852.0,120
1781577300000,2026-06-16T02:35:00+00:00,24851.5,24855.5,24849.5,24850.5,76
1781577600000,2026-06-16T02:40:00+00:00,24850.0,24851.0,24844.5,24849.5,116
1781577900000,2026-06-16T02:45:00+00:00,24849.0,24853.5,24848.0,24850.5,76
1781578200000,2026-06-16T02:50:00+00:00,24851.0,24852.5,24847.5,24850.0,64
1781578500000,2026-06-16T02:55:00+00:00,24849.5,24851.0,24847.5,24847.5,76
1781578800000,2026-06-16T03:00:00+00:00,24849.5,24854.5,24846.5,24854.5,104
1781579100000,2026-06-16T03:05:00+00:00,24853.5,24858.5,24852.5,24854.5,78
1781579400000,2026-06-16T03:10:00+00:00,24855.5,24856.0,24852.0,24852.5,12
1781579700000,2026-06-16T03:15:00+00:00,24853.5,24853.5,24846.0,24851.5,52
1781580000000,2026-06-16T03:20:00+00:00,24850.5,24861.5,24850.0,24861.5,112
1781580300000,2026-06-16T03:25:00+00:00,24861.0,24865.0,24861.0,24865.0,24
1781580600000,2026-06-16T03:30:00+00:00,24865.5,24872.5,24865.5,24871.5,110
1781580900000,2026-06-16T03:35:00+00:00,24872.0,24890.0,24871.5,24886.5,144
1781581200000,2026-06-16T03:40:00+00:00,24887.5,24892.5,24883.5,24891.5,78
1781581500000,2026-06-16T03:45:00+00:00,24892.0,24893.0,24879.5,24882.5,158
1781581800000,2026-06-16T03:50:00+00:00,24881.5,24882.5,24867.0,24868.5,40
1781582100000,2026-06-16T03:55:00+00:00,24867.5,24871.5,24866.5,24870.5,86
1781582400000,2026-06-16T04:00:00+00:00,24871.5,24874.5,24869.0,24869.0,152
1781582700000,2026-06-16T04:05:00+00:00,24868.0,24869.5,24863.0,24863.0,12
1781583000000,2026-06-16T04:10:00+00:00,24863.5,24873.5,24862.5,24868.5,114
1781583300000,2026-06-16T04:15:00+00:00,24866.5,24870.5,24861.0,24861.0,68
1781583600000,2026-06-16T04:20:00+00:00,24861.5,24869.0,24861.5,24869.0,14
1781583900000,2026-06-16T04:25:00+00:00,24867.5,24870.5,24866.5,24867.5,78
1781584200000,2026-06-16T04:30:00+00:00,24868.0,24877.5,24865.5,24871.5,150
1781584500000,2026-06-16T04:35:00+00:00,24872.5,24874.5,24868.5,24873.5,140
1781584800000,2026-06-16T04:40:00+00:00,24874.5,24878.5,24874.5,24876.5,70
1781585100000,2026-06-16T04:45:00+00:00,24875.5,24879.7,24870.5,24873.0,114
1781585400000,2026-06-16T04:50:00+00:00,24871.5,24874.5,24862.5,24867.5,218
1781585700000,2026-06-16T04:55:00+00:00,24866.5,24872.5,24862.5,24868.5,92
1781586000000,2026-06-16T05:00:00+00:00,24869.0,24891.5,24869.0,24888.5,178
1781586300000,2026-06-16T05:05:00+00:00,24887.5,24889.5,24883.0,24889.5,106
1781586600000,2026-06-16T05:10:00+00:00,24892.0,24906.7,24890.5,24901.5,150
1781586900000,2026-06-16T05:15:00+00:00,24902.7,24910.7,24902.5,24906.5,116
1781587200000,2026-06-16T05:20:00+00:00,24907.5,24908.7,24895.5,24902.5,150
1781587500000,2026-06-16T05:25:00+00:00,24901.5,24908.5,24897.5,24897.5,92
1781587800000,2026-06-16T05:30:00+00:00,24898.5,24900.5,24875.5,24875.5,142
1781588100000,2026-06-16T05:35:00+00:00,24876.5,24886.5,24876.5,24882.5,266
1781588400000,2026-06-16T05:40:00+00:00,24881.5,24884.7,24877.5,24882.5,190
1781588700000,2026-06-16T05:45:00+00:00,24883.0,24888.5,24879.5,24880.7,188
1781589000000,2026-06-16T05:50:00+00:00,24881.5,24887.5,24880.7,24886.7,174
1781589300000,2026-06-16T05:55:00+00:00,24886.5,24896.7,24885.5,24893.5,172
1781589600000,2026-06-16T06:00:00+00:00,24892.5,24915.3,24877.3,24913.3,314
1781589900000,2026-06-16T06:05:00+00:00,24914.3,24922.3,24909.3,24913.3,266
1781590200000,2026-06-16T06:10:00+00:00,24912.3,24931.3,24910.3,24929.3,274
1781590500000,2026-06-16T06:15:00+00:00,24928.3,24935.3,24923.3,24923.3,252
1781590800000,2026-06-16T06:20:00+00:00,24921.3,24929.3,24912.3,24927.3,184
1781591100000,2026-06-16T06:25:00+00:00,24926.3,24930.3,24922.3,24930.3,164
1781591400000,2026-06-16T06:30:00+00:00,24929.3,24935.3,24925.3,24930.3,304
1781591700000,2026-06-16T06:35:00+00:00,24929.3,24938.3,24926.3,24937.3,242
1781592000000,2026-06-16T06:40:00+00:00,24936.3,24937.3,24927.3,24929.3,210
1781592300000,2026-06-16T06:45:00+00:00,24930.3,24938.3,24927.3,24931.3,200
1781592600000,2026-06-16T06:50:00+00:00,24932.3,24940.3,24932.3,24939.3,180
1781592900000,2026-06-16T06:55:00+00:00,24940.3,24959.3,24937.3,24955.3,308
1781593200000,2026-06-16T07:00:00+00:00,24957.3,24969.3,24938.3,24951.3,586
1781593500000,2026-06-16T07:05:00+00:00,24950.3,24964.3,24946.3,24956.3,546
1781593800000,2026-06-16T07:10:00+00:00,24955.3,24968.3,24946.3,24959.3,478
1781594100000,2026-06-16T07:15:00+00:00,24960.3,24962.3,24924.3,24930.3,443
1781594400000,2026-06-16T07:20:00+00:00,24929.3,24932.3,24913.3,24925.3,444
1781594700000,2026-06-16T07:25:00+00:00,24926.3,24939.3,24920.3,24936.3,402
1781595000000,2026-06-16T07:30:00+00:00,24937.3,24945.3,24907.3,24909.3,488
1781595300000,2026-06-16T07:35:00+00:00,24908.3,24935.3,24907.3,24932.3,472
1781595600000,2026-06-16T07:40:00+00:00,24931.3,24933.3,24918.3,24931.3,374
1781595900000,2026-06-16T07:45:00+00:00,24932.3,24954.3,24932.3,24951.3,394
1781596200000,2026-06-16T07:50:00+00:00,24950.3,24984.3,24950.3,24982.3,428
1781596500000,2026-06-16T07:55:00+00:00,24983.3,25005.3,24982.3,24998.3,414
1781596800000,2026-06-16T08:00:00+00:00,24999.3,25021.3,24985.3,25017.3,506
1781597100000,2026-06-16T08:05:00+00:00,25018.3,25055.3,25017.3,25044.3,444
1781597400000,2026-06-16T08:10:00+00:00,25043.3,25063.3,25040.3,25063.3,398
1781597700000,2026-06-16T08:15:00+00:00,25064.3,25079.3,25060.3,25076.3,456
1781598000000,2026-06-16T08:20:00+00:00,25075.3,25090.3,25070.3,25083.3,404
1781598300000,2026-06-16T08:25:00+00:00,25084.3,25118.3,25084.3,25113.3,394
1781598600000,2026-06-16T08:30:00+00:00,25115.3,25118.3,25087.3,25093.3,426
1781598900000,2026-06-16T08:35:00+00:00,25092.3,25092.3,25070.3,25075.3,418
1781599200000,2026-06-16T08:40:00+00:00,25074.3,25087.3,25067.3,25079.3,394
1781599500000,2026-06-16T08:45:00+00:00,25080.3,25088.3,25072.3,25079.3,360
1781599800000,2026-06-16T08:50:00+00:00,25080.3,25097.3,25069.3,25097.3,330
1781600100000,2026-06-16T08:55:00+00:00,25096.3,25106.3,25090.3,25103.3,346
1781600400000,2026-06-16T09:00:00+00:00,25101.3,25105.3,25081.3,25087.3,330
1781600700000,2026-06-16T09:05:00+00:00,25088.3,25102.3,25085.3,25100.3,288
1781601000000,2026-06-16T09:10:00+00:00,25099.3,25099.3,25081.3,25085.3,308
1781601300000,2026-06-16T09:15:00+00:00,25086.3,25087.3,25069.3,25071.3,344
1781601600000,2026-06-16T09:20:00+00:00,25070.3,25092.3,25069.3,25088.3,308
1781601900000,2026-06-16T09:25:00+00:00,25087.3,25092.3,25084.3,25091.3,330
1781602200000,2026-06-16T09:30:00+00:00,25090.3,25104.3,25086.3,25088.3,362
1781602500000,2026-06-16T09:35:00+00:00,25089.3,25093.3,25079.3,25086.3,284
1781602800000,2026-06-16T09:40:00+00:00,25085.3,25086.3,25058.3,25062.3,326
1781603100000,2026-06-16T09:45:00+00:00,25063.3,25063.3,25050.3,25054.3,338
1781603400000,2026-06-16T09:50:00+00:00,25055.3,25076.3,25054.3,25076.3,350
1781603700000,2026-06-16T09:55:00+00:00,25075.3,25089.3,25066.3,25088.3,356
1781604000000,2026-06-16T10:00:00+00:00,25089.3,25092.3,25083.3,25086.3,288
1781604300000,2026-06-16T10:05:00+00:00,25084.3,25096.3,25084.3,25094.3,308
1781604600000,2026-06-16T10:10:00+00:00,25093.3,25095.3,25070.3,25075.3,272
1781604900000,2026-06-16T10:15:00+00:00,25074.3,25083.3,25070.3,25074.3,230
1781605200000,2026-06-16T10:20:00+00:00,25075.3,25076.3,25060.3,25060.3,290
1781605500000,2026-06-16T10:25:00+00:00,25061.3,25061.3,25046.3,25054.3,298
1781605800000,2026-06-16T10:30:00+00:00,25055.3,25074.3,25053.3,25070.3,262
1781606100000,2026-06-16T10:35:00+00:00,25071.3,25075.3,25064.3,25067.3,296
1781606400000,2026-06-16T10:40:00+00:00,25066.3,25076.3,25062.3,25070.3,264
1781606700000,2026-06-16T10:45:00+00:00,25071.3,25071.3,25054.3,25060.3,266
1781607000000,2026-06-16T10:50:00+00:00,25059.3,25062.3,25053.3,25057.3,280
1781607300000,2026-06-16T10:55:00+00:00,25056.3,25065.3,25055.3,25059.3,218
1781607600000,2026-06-16T11:00:00+00:00,25058.3,25063.3,25031.3,25033.3,366
1781607900000,2026-06-16T11:05:00+00:00,25032.3,25043.3,25024.3,25025.3,290
1781608200000,2026-06-16T11:10:00+00:00,25024.3,25026.3,25015.3,25019.3,350
1781608500000,2026-06-16T11:15:00+00:00,25018.3,25024.3,25010.3,25011.3,318
1781608800000,2026-06-16T11:20:00+00:00,25014.3,25026.3,25006.3,25016.3,306
1781609100000,2026-06-16T11:25:00+00:00,25017.3,25022.3,25009.3,25022.3,302
1781609400000,2026-06-16T11:30:00+00:00,25023.3,25028.3,25006.3,25008.3,330
1781609700000,2026-06-16T11:35:00+00:00,25009.3,25013.3,25002.3,25011.3,336
1781610000000,2026-06-16T11:40:00+00:00,25009.3,25022.3,25005.3,25019.3,322
1781610300000,2026-06-16T11:45:00+00:00,25018.3,25026.3,25016.3,25022.3,340
1781610600000,2026-06-16T11:50:00+00:00,25021.3,25021.3,25005.3,25009.3,346
1781610900000,2026-06-16T11:55:00+00:00,25008.3,25024.3,25006.3,25018.3,288
1781611200000,2026-06-16T12:00:00+00:00,25017.3,25028.3,25016.3,25017.3,276
1781611500000,2026-06-16T12:05:00+00:00,25016.3,25044.3,25015.3,25041.3,430
1781611800000,2026-06-16T12:10:00+00:00,25040.3,25060.3,25039.3,25057.3,326
1781612100000,2026-06-16T12:15:00+00:00,25056.3,25063.3,25044.3,25048.3,464
1781612400000,2026-06-16T12:20:00+00:00,25049.3,25049.3,25014.3,25025.3,424
1781612700000,2026-06-16T12:25:00+00:00,25026.3,25028.3,25012.3,25021.3,358
1781613000000,2026-06-16T12:30:00+00:00,25022.3,25039.3,25016.3,25038.3,332
1781613300000,2026-06-16T12:35:00+00:00,25037.3,25047.3,25031.3,25045.3,356
1781613600000,2026-06-16T12:40:00+00:00,25046.3,25046.3,24997.3,25004.3,380
1781613900000,2026-06-16T12:45:00+00:00,25003.3,25018.3,24998.3,24999.3,356
1781614200000,2026-06-16T12:50:00+00:00,25000.3,25011.3,24990.3,24995.3,408
1781614500000,2026-06-16T12:55:00+00:00,24994.3,25001.3,24988.3,24992.3,362
1781614800000,2026-06-16T13:00:00+00:00,24994.3,24995.3,24978.3,24979.3,414
1781615100000,2026-06-16T13:05:00+00:00,24980.3,24989.3,24975.3,24986.3,392
1781615400000,2026-06-16T13:10:00+00:00,24987.3,24991.3,24975.3,24985.3,420
1781615700000,2026-06-16T13:15:00+00:00,24984.3,24988.3,24967.3,24978.3,370
1781616000000,2026-06-16T13:20:00+00:00,24979.3,24988.3,24976.3,24987.3,334
1781616300000,2026-06-16T13:25:00+00:00,24986.3,24991.3,24975.3,24990.3,406
1781616600000,2026-06-16T13:30:00+00:00,24989.3,24995.3,24947.3,24950.3,540
1781616900000,2026-06-16T13:35:00+00:00,24949.3,24963.3,24935.3,24948.3,524
1781617200000,2026-06-16T13:40:00+00:00,24947.3,24961.3,24942.3,24960.3,534
1781617500000,2026-06-16T13:45:00+00:00,24959.3,24962.3,24947.3,24948.3,472
1781617800000,2026-06-16T13:50:00+00:00,24949.3,24982.3,24948.3,24977.3,408
1781618100000,2026-06-16T13:55:00+00:00,24976.3,24994.3,24970.3,24991.3,470
1781618400000,2026-06-16T14:00:00+00:00,24990.3,24990.3,24957.3,24961.3,542
1781618700000,2026-06-16T14:05:00+00:00,24960.3,24968.3,24939.3,24942.3,478
1781619000000,2026-06-16T14:10:00+00:00,24944.3,24956.3,24940.3,24949.3,426
1781619300000,2026-06-16T14:15:00+00:00,24948.3,24948.3,24914.3,24920.3,444
1781619600000,2026-06-16T14:20:00+00:00,24921.3,24947.3,24921.3,24943.3,564
1781619900000,2026-06-16T14:25:00+00:00,24942.3,24958.3,24937.3,24938.3,460
1781620200000,2026-06-16T14:30:00+00:00,24940.3,24944.3,24923.3,24936.3,544
1781620500000,2026-06-16T14:35:00+00:00,24937.3,24968.3,24935.3,24961.3,504
1781620800000,2026-06-16T14:40:00+00:00,24962.3,24974.3,24955.3,24959.3,432
1781621100000,2026-06-16T14:45:00+00:00,24958.3,24959.3,24933.3,24942.3,426
1781621400000,2026-06-16T14:50:00+00:00,24943.3,24945.3,24925.3,24934.3,406
1781621700000,2026-06-16T14:55:00+00:00,24933.3,24949.3,24931.3,24934.3,440
1781622000000,2026-06-16T15:00:00+00:00,24935.3,24943.3,24909.3,24910.3,452
1781622300000,2026-06-16T15:05:00+00:00,24909.3,24930.3,24909.3,24925.3,466
1781622600000,2026-06-16T15:10:00+00:00,24926.3,24937.3,24917.3,24935.3,422
1781622900000,2026-06-16T15:15:00+00:00,24934.3,24939.3,24929.3,24935.3,354
1781623200000,2026-06-16T15:20:00+00:00,24936.3,24940.3,24926.3,24929.3,364
1781623500000,2026-06-16T15:25:00+00:00,24930.3,24938.3,24918.3,24921.3,468
1781623800000,2026-06-16T15:30:00+00:00,24923.3,24946.3,24916.3,24923.3,560
1781624100000,2026-06-16T15:35:00+00:00,24921.3,24925.3,24903.3,24912.3,398
1781624400000,2026-06-16T15:40:00+00:00,24911.3,24918.3,24900.3,24905.3,412
1781624700000,2026-06-16T15:45:00+00:00,24906.3,24908.3,24817.3,24824.3,602
1781625000000,2026-06-16T15:50:00+00:00,24825.3,24853.3,24811.3,24852.3,590
1781625300000,2026-06-16T15:55:00+00:00,24853.3,24865.3,24837.3,24838.3,504
1781625600000,2026-06-16T16:00:00+00:00,24839.3,24853.3,24833.3,24833.3,434
1781625900000,2026-06-16T16:05:00+00:00,24836.3,24844.3,24825.3,24844.3,358
1781626200000,2026-06-16T16:10:00+00:00,24845.3,24851.3,24832.3,24844.3,404
1781626500000,2026-06-16T16:15:00+00:00,24845.3,24850.3,24836.3,24839.3,330
1781626800000,2026-06-16T16:20:00+00:00,24838.3,24853.3,24836.3,24852.3,424
1781627100000,2026-06-16T16:25:00+00:00,24851.3,24855.3,24845.3,24852.3,342
1781627400000,2026-06-16T16:30:00+00:00,24853.3,24858.3,24848.3,24848.3,446
1781627700000,2026-06-16T16:35:00+00:00,24849.3,24856.3,24844.3,24855.3,404
1781628000000,2026-06-16T16:40:00+00:00,24854.3,24856.3,24841.3,24841.3,396
1781628300000,2026-06-16T16:45:00+00:00,24839.3,24847.3,24838.3,24846.3,344
1781628600000,2026-06-16T16:50:00+00:00,24847.3,24849.3,24834.3,24839.3,382
1781628900000,2026-06-16T16:55:00+00:00,24838.3,24847.3,24837.3,24841.3,308
1781629200000,2026-06-16T17:00:00+00:00,24840.3,24840.3,24829.3,24831.3,398
1781629500000,2026-06-16T17:05:00+00:00,24832.3,24839.3,24828.3,24837.3,310
1781629800000,2026-06-16T17:10:00+00:00,24836.3,24839.3,24825.3,24827.3,404
1781630100000,2026-06-16T17:15:00+00:00,24828.3,24829.3,24810.3,24811.3,344
1781630400000,2026-06-16T17:20:00+00:00,24812.3,24829.3,24811.3,24828.3,362
1781630700000,2026-06-16T17:25:00+00:00,24826.3,24828.3,24815.3,24816.3,358
1781631000000,2026-06-16T17:30:00+00:00,24815.3,24816.3,24806.3,24810.3,304
1781631300000,2026-06-16T17:35:00+00:00,24809.3,24818.3,24806.3,24816.3,360
1781631600000,2026-06-16T17:40:00+00:00,24815.3,24841.3,24814.3,24835.3,338
1781631900000,2026-06-16T17:45:00+00:00,24836.3,24843.3,24835.3,24839.3,350
1781632200000,2026-06-16T17:50:00+00:00,24838.3,24843.3,24833.3,24841.3,358
1781632500000,2026-06-16T17:55:00+00:00,24840.3,24845.3,24839.3,24842.3,252
1781632800000,2026-06-16T18:00:00+00:00,24841.3,24843.3,24835.3,24841.3,278
1781633100000,2026-06-16T18:05:00+00:00,24840.3,24842.3,24835.3,24837.3,312
1781633400000,2026-06-16T18:10:00+00:00,24836.3,24839.3,24829.3,24829.3,246
1781633700000,2026-06-16T18:15:00+00:00,24830.3,24841.3,24823.3,24838.3,334
1781634000000,2026-06-16T18:20:00+00:00,24839.3,24839.3,24829.3,24831.3,272
1781634300000,2026-06-16T18:25:00+00:00,24832.3,24839.3,24831.3,24832.3,270
1781634600000,2026-06-16T18:30:00+00:00,24833.3,24834.3,24821.3,24821.3,258
1781634900000,2026-06-16T18:35:00+00:00,24822.3,24824.3,24815.3,24819.3,326
1781635200000,2026-06-16T18:40:00+00:00,24818.3,24825.3,24817.3,24823.3,252
1781635500000,2026-06-16T18:45:00+00:00,24824.3,24824.3,24812.3,24812.3,260
1781635800000,2026-06-16T18:50:00+00:00,24813.3,24818.3,24812.3,24812.3,224
1781636100000,2026-06-16T18:55:00+00:00,24811.3,24816.3,24808.3,24811.3,288
1781636400000,2026-06-16T19:00:00+00:00,24810.3,24819.3,24804.3,24817.3,282
1781636700000,2026-06-16T19:05:00+00:00,24816.3,24816.3,24794.3,24794.3,284
1781637000000,2026-06-16T19:10:00+00:00,24795.3,24795.3,24778.3,24784.3,402
1781637300000,2026-06-16T19:15:00+00:00,24783.3,24786.3,24773.3,24786.3,392
1781637600000,2026-06-16T19:20:00+00:00,24785.3,24803.3,24785.3,24799.3,294
1781637900000,2026-06-16T19:25:00+00:00,24800.3,24803.3,24794.3,24795.3,378
1781638200000,2026-06-16T19:30:00+00:00,24796.3,24803.3,24788.3,24796.3,338
1781638500000,2026-06-16T19:35:00+00:00,24797.3,24799.3,24781.3,24783.3,406
1781638800000,2026-06-16T19:40:00+00:00,24784.3,24787.3,24778.3,24787.3,364
1781639100000,2026-06-16T19:45:00+00:00,24786.3,24796.3,24783.3,24793.3,348
1781639400000,2026-06-16T19:50:00+00:00,24797.3,24800.3,24776.3,24787.3,378
1781639700000,2026-06-16T19:55:00+00:00,24786.3,24786.3,24767.3,24777.3,410
1781655300000,2026-06-17T00:15:00+00:00,24801.4,24802.4,24775.0,24792.2,232
1781655600000,2026-06-17T00:20:00+00:00,24791.2,24799.2,24783.0,24790.0,192
1781655900000,2026-06-17T00:25:00+00:00,24791.0,24795.0,24787.5,24794.0,186
1781656200000,2026-06-17T00:30:00+00:00,24793.0,24805.0,24791.5,24802.0,174
1781656500000,2026-06-17T00:35:00+00:00,24803.2,24808.0,24800.0,24801.0,130
1781656800000,2026-06-17T00:40:00+00:00,24802.0,24808.0,24796.0,24799.5,160
1781657100000,2026-06-17T00:45:00+00:00,24800.0,24801.0,24787.0,24796.0,162
1781657400000,2026-06-17T00:50:00+00:00,24798.0,24801.5,24791.0,24801.0,126
1781657700000,2026-06-17T00:55:00+00:00,24801.5,24805.0,24801.0,24803.0,58
1781658000000,2026-06-17T01:00:00+00:00,24802.5,24809.5,24795.0,24808.0,220
1781658300000,2026-06-17T01:05:00+00:00,24807.0,24825.5,24806.0,24824.5,190
1781658600000,2026-06-17T01:10:00+00:00,24823.5,24825.0,24817.5,24819.0,208
1781658900000,2026-06-17T01:15:00+00:00,24818.0,24822.0,24810.5,24822.0,198
1781659200000,2026-06-17T01:20:00+00:00,24819.5,24824.0,24819.0,24823.0,114
1781659500000,2026-06-17T01:25:00+00:00,24824.0,24827.0,24820.0,24821.0,104
1781659800000,2026-06-17T01:30:00+00:00,24822.0,24829.0,24816.0,24819.0,134
1781660100000,2026-06-17T01:35:00+00:00,24818.5,24824.0,24816.0,24819.0,124
1781660400000,2026-06-17T01:40:00+00:00,24818.5,24821.0,24815.0,24816.0,126
1781660700000,2026-06-17T01:45:00+00:00,24817.0,24823.5,24816.5,24817.5,164
1781661000000,2026-06-17T01:50:00+00:00,24819.0,24828.0,24817.5,24827.0,112
1781661300000,2026-06-17T01:55:00+00:00,24828.0,24831.2,24828.0,24831.0,104
1781661600000,2026-06-17T02:00:00+00:00,24830.0,24835.0,24828.0,24830.0,138
1781661900000,2026-06-17T02:05:00+00:00,24831.0,24836.0,24827.0,24835.0,154
1781662200000,2026-06-17T02:10:00+00:00,24835.5,24837.0,24832.0,24835.5,96
1781662500000,2026-06-17T02:15:00+00:00,24834.5,24835.0,24831.0,24833.0,34
1781662800000,2026-06-17T02:20:00+00:00,24832.0,24834.0,24831.0,24833.5,38
1781663100000,2026-06-17T02:25:00+00:00,24833.0,24834.0,24833.0,24833.0,30
1781663400000,2026-06-17T02:30:00+00:00,24833.5,24834.0,24828.0,24829.0,50
1781663700000,2026-06-17T02:35:00+00:00,24830.0,24831.5,24823.0,24823.5,32
1781664000000,2026-06-17T02:40:00+00:00,24823.0,24823.5,24823.0,24823.5,8
1781664300000,2026-06-17T02:45:00+00:00,24823.0,24823.5,24810.0,24811.0,146
1781664600000,2026-06-17T02:50:00+00:00,24812.0,24813.0,24807.0,24809.0,40
1781664900000,2026-06-17T02:55:00+00:00,24810.0,24811.5,24809.5,24810.5,30
1781665200000,2026-06-17T03:00:00+00:00,24809.5,24813.0,24806.0,24808.0,94
1781665500000,2026-06-17T03:05:00+00:00,24807.0,24813.0,24800.0,24802.2,106
1781665800000,2026-06-17T03:10:00+00:00,24804.0,24806.0,24794.0,24795.0,142
1781666100000,2026-06-17T03:15:00+00:00,24795.2,24802.0,24794.0,24800.5,76
1781666400000,2026-06-17T03:20:00+00:00,24801.0,24801.5,24795.0,24797.0,148
1781666700000,2026-06-17T03:25:00+00:00,24799.0,24804.0,24796.5,24802.0,80
1781667000000,2026-06-17T03:30:00+00:00,24800.0,24806.0,24799.0,24805.0,156
1781667300000,2026-06-17T03:35:00+00:00,24804.5,24806.5,24803.5,24806.0,40
1781667600000,2026-06-17T03:40:00+00:00,24807.0,24818.5,24806.5,24817.0,72
1781667900000,2026-06-17T03:45:00+00:00,24816.0,24822.2,24814.0,24818.0,88
1781668200000,2026-06-17T03:50:00+00:00,24817.0,24823.0,24815.0,24821.0,72
1781668500000,2026-06-17T03:55:00+00:00,24821.5,24824.0,24820.0,24822.0,58
1781668800000,2026-06-17T04:00:00+00:00,24823.0,24824.0,24816.0,24818.0,118
1781669100000,2026-06-17T04:05:00+00:00,24817.0,24819.2,24811.0,24813.0,134
1781669400000,2026-06-17T04:10:00+00:00,24812.5,24819.0,24811.0,24812.0,78
1781669700000,2026-06-17T04:15:00+00:00,24812.5,24815.0,24812.5,24815.0,38
1781670000000,2026-06-17T04:20:00+00:00,24813.0,24815.0,24811.0,24813.0,64
1781670300000,2026-06-17T04:25:00+00:00,24814.0,24818.0,24809.0,24809.0,112
1781670600000,2026-06-17T04:30:00+00:00,24809.5,24811.0,24804.0,24804.0,116
1781670900000,2026-06-17T04:35:00+00:00,24803.0,24811.0,24803.0,24806.5,98
1781671200000,2026-06-17T04:40:00+00:00,24807.0,24815.0,24803.5,24805.5,80
1781671500000,2026-06-17T04:45:00+00:00,24809.0,24835.2,24809.0,24824.0,152
1781671800000,2026-06-17T04:50:00+00:00,24823.0,24832.0,24817.5,24831.5,104
1781672100000,2026-06-17T04:55:00+00:00,24831.0,24834.5,24830.0,24832.5,88
1781672400000,2026-06-17T05:00:00+00:00,24832.0,24835.0,24831.5,24834.0,84
1781672700000,2026-06-17T05:05:00+00:00,24835.0,24838.0,24828.0,24829.0,90
1781673000000,2026-06-17T05:10:00+00:00,24830.0,24836.0,24829.0,24833.0,100
1781673300000,2026-06-17T05:15:00+00:00,24832.0,24839.0,24831.2,24837.0,96
1781673600000,2026-06-17T05:20:00+00:00,24838.0,24842.5,24834.0,24835.0,120
1781673900000,2026-06-17T05:25:00+00:00,24836.2,24841.0,24835.0,24839.0,58
1781674200000,2026-06-17T05:30:00+00:00,24840.0,24854.0,24839.0,24853.0,138
1781674500000,2026-06-17T05:35:00+00:00,24852.0,24857.2,24852.0,24856.0,100
1781674800000,2026-06-17T05:40:00+00:00,24855.0,24857.0,24846.0,24847.0,120
1781675100000,2026-06-17T05:45:00+00:00,24846.0,24853.0,24844.0,24853.0,20
1781675400000,2026-06-17T05:50:00+00:00,24852.5,24855.0,24846.0,24849.0,56
1781675700000,2026-06-17T05:55:00+00:00,24850.0,24854.0,24841.7,24846.0,132
1781676000000,2026-06-17T06:00:00+00:00,24849.0,24868.8,24838.8,24868.8,244
1781676300000,2026-06-17T06:05:00+00:00,24866.8,24870.8,24857.8,24864.8,342
1781676600000,2026-06-17T06:10:00+00:00,24863.8,24863.8,24853.8,24860.8,286
1781676900000,2026-06-17T06:15:00+00:00,24859.8,24865.8,24854.8,24858.8,226
1781677200000,2026-06-17T06:20:00+00:00,24856.8,24861.8,24848.8,24852.8,306
1781677500000,2026-06-17T06:25:00+00:00,24851.8,24854.8,24844.8,24850.8,292
1781677800000,2026-06-17T06:30:00+00:00,24848.8,24851.8,24835.8,24849.8,330
1781678100000,2026-06-17T06:35:00+00:00,24848.8,24848.8,24833.8,24844.8,338
1781678400000,2026-06-17T06:40:00+00:00,24845.8,24847.8,24837.8,24837.8,324
1781678700000,2026-06-17T06:45:00+00:00,24838.8,24844.8,24829.8,24842.8,300
1781679000000,2026-06-17T06:50:00+00:00,24841.8,24842.8,24819.8,24823.8,292
1781679300000,2026-06-17T06:55:00+00:00,24824.8,24834.8,24814.8,24831.8,340
1781679600000,2026-06-17T07:00:00+00:00,24832.8,24841.8,24805.8,24826.8,627
1781679900000,2026-06-17T07:05:00+00:00,24828.8,24869.8,24827.8,24869.8,586
1781680200000,2026-06-17T07:10:00+00:00,24870.8,24876.8,24855.8,24857.8,558
1781680500000,2026-06-17T07:15:00+00:00,24856.8,24858.8,24822.8,24834.8,540
1781680800000,2026-06-17T07:20:00+00:00,24833.8,24845.8,24815.8,24823.8,458
1781681100000,2026-06-17T07:25:00+00:00,24822.8,24829.8,24814.8,24828.8,478
1781681400000,2026-06-17T07:30:00+00:00,24827.8,24837.8,24802.8,24805.8,470
1781681700000,2026-06-17T07:35:00+00:00,24806.8,24839.8,24806.8,24839.8,454
1781682000000,2026-06-17T07:40:00+00:00,24837.8,24846.8,24833.8,24835.8,448
1781682300000,2026-06-17T07:45:00+00:00,24834.8,24842.8,24828.8,24833.8,462
1781682600000,2026-06-17T07:50:00+00:00,24834.8,24852.8,24833.8,24850.8,426
1781682900000,2026-06-17T07:55:00+00:00,24851.8,24861.8,24832.8,24834.8,412
1781683200000,2026-06-17T08:00:00+00:00,24833.8,24838.8,24826.8,24833.8,486
1781683500000,2026-06-17T08:05:00+00:00,24834.8,24845.8,24829.8,24834.8,382
1781683800000,2026-06-17T08:10:00+00:00,24835.8,24842.8,24822.8,24822.8,414
1781684100000,2026-06-17T08:15:00+00:00,24823.8,24826.8,24800.8,24806.8,410
1781684400000,2026-06-17T08:20:00+00:00,24805.8,24824.8,24797.8,24823.8,428
1781684700000,2026-06-17T08:25:00+00:00,24824.8,24832.8,24818.8,24819.8,462
1781685000000,2026-06-17T08:30:00+00:00,24821.8,24822.8,24787.8,24798.8,452
1781685300000,2026-06-17T08:35:00+00:00,24797.8,24808.8,24779.8,24781.8,462
1781685600000,2026-06-17T08:40:00+00:00,24780.8,24801.8,24766.8,24791.8,418
1781685900000,2026-06-17T08:45:00+00:00,24792.8,24807.8,24791.8,24796.8,430
1781686200000,2026-06-17T08:50:00+00:00,24797.8,24830.8,24796.8,24827.8,424
1781686500000,2026-06-17T08:55:00+00:00,24826.8,24836.8,24823.8,24833.8,356
1781686800000,2026-06-17T09:00:00+00:00,24832.8,24851.8,24830.8,24839.8,392
1781687100000,2026-06-17T09:05:00+00:00,24840.8,24853.8,24837.8,24842.8,372
1781687400000,2026-06-17T09:10:00+00:00,24843.8,24862.8,24841.8,24862.8,378
1781687700000,2026-06-17T09:15:00+00:00,24864.8,24869.8,24856.8,24862.8,362
1781688000000,2026-06-17T09:20:00+00:00,24861.8,24875.8,24855.8,24874.8,408
1781688300000,2026-06-17T09:25:00+00:00,24875.8,24880.8,24868.8,24875.8,336
1781688600000,2026-06-17T09:30:00+00:00,24876.8,24885.8,24871.8,24872.8,402
1781688900000,2026-06-17T09:35:00+00:00,24871.8,24872.8,24864.8,24868.8,360
1781689200000,2026-06-17T09:40:00+00:00,24869.8,24891.8,24867.8,24891.8,362
1781689500000,2026-06-17T09:45:00+00:00,24890.8,24904.8,24886.8,24900.8,388
1781689800000,2026-06-17T09:50:00+00:00,24899.8,24902.8,24887.8,24901.8,360
1781690100000,2026-06-17T09:55:00+00:00,24902.8,24918.8,24895.8,24915.8,390
1781690400000,2026-06-17T10:00:00+00:00,24914.8,24917.8,24885.8,24892.8,398
1781690700000,2026-06-17T10:05:00+00:00,24893.8,24906.8,24884.8,24905.8,406
1781691000000,2026-06-17T10:10:00+00:00,24908.8,24918.8,24893.8,24917.8,362
1781691300000,2026-06-17T10:15:00+00:00,24918.8,24921.8,24908.8,24908.8,356
1781691600000,2026-06-17T10:20:00+00:00,24909.8,24927.8,24908.8,24919.8,348
1781691900000,2026-06-17T10:25:00+00:00,24920.8,24922.8,24907.8,24910.8,360
1781692200000,2026-06-17T10:30:00+00:00,24911.8,24922.8,24910.8,24916.8,346
1781692500000,2026-06-17T10:35:00+00:00,24917.8,24925.8,24913.8,24925.8,352
1781692800000,2026-06-17T10:40:00+00:00,24924.8,24937.8,24919.8,24936.8,308
1781693100000,2026-06-17T10:45:00+00:00,24935.8,24941.8,24931.8,24941.8,386
1781693400000,2026-06-17T10:50:00+00:00,24942.8,24957.8,24937.8,24944.8,414
1781693700000,2026-06-17T10:55:00+00:00,24945.8,24955.8,24940.8,24943.8,354
1781694000000,2026-06-17T11:00:00+00:00,24944.8,24953.8,24931.8,24932.8,384
1781694300000,2026-06-17T11:05:00+00:00,24931.8,24958.8,24930.8,24953.8,356
1781694600000,2026-06-17T11:10:00+00:00,24954.8,24958.8,24951.8,24953.8,332
1781694900000,2026-06-17T11:15:00+00:00,24954.8,24954.8,24933.8,24934.8,292
1781695200000,2026-06-17T11:20:00+00:00,24933.8,24943.8,24929.8,24939.8,300
1781695500000,2026-06-17T11:25:00+00:00,24938.8,24944.8,24927.8,24939.8,358
1781695800000,2026-06-17T11:30:00+00:00,24938.8,24939.8,24902.8,24903.8,356
1781696100000,2026-06-17T11:35:00+00:00,24904.8,24905.8,24891.8,24895.8,380
1781696400000,2026-06-17T11:40:00+00:00,24894.8,24905.8,24894.8,24900.8,398
1781696700000,2026-06-17T11:45:00+00:00,24899.8,24907.8,24882.8,24885.8,408
1781697000000,2026-06-17T11:50:00+00:00,24884.8,24886.8,24871.8,24874.8,352
1781697300000,2026-06-17T11:55:00+00:00,24873.8,24874.8,24854.8,24862.8,482
1781697600000,2026-06-17T12:00:00+00:00,24863.8,24882.8,24859.8,24881.8,370
1781697900000,2026-06-17T12:05:00+00:00,24880.8,24894.8,24875.8,24886.8,320
1781698200000,2026-06-17T12:10:00+00:00,24885.8,24892.8,24877.8,24883.8,372
1781698500000,2026-06-17T12:15:00+00:00,24882.8,24883.8,24872.8,24879.8,398
1781698800000,2026-06-17T12:20:00+00:00,24878.8,24879.8,24862.8,24863.8,416
1781699100000,2026-06-17T12:25:00+00:00,24864.8,24869.8,24861.8,24868.8,368
1781699400000,2026-06-17T12:30:00+00:00,24867.8,24886.8,24867.8,24885.8,340
1781699700000,2026-06-17T12:35:00+00:00,24886.8,24893.8,24877.8,24890.8,352
1781700000000,2026-06-17T12:40:00+00:00,24891.8,24896.8,24881.8,24894.8,382
1781700300000,2026-06-17T12:45:00+00:00,24893.8,24903.8,24883.8,24888.8,366
1781700600000,2026-06-17T12:50:00+00:00,24889.8,24896.8,24885.8,24886.8,322
1781700900000,2026-06-17T12:55:00+00:00,24885.8,24889.8,24875.8,24877.8,346
1781701200000,2026-06-17T13:00:00+00:00,24876.8,24899.8,24874.8,24879.8,442
1781701500000,2026-06-17T13:05:00+00:00,24880.8,24883.8,24859.8,24863.8,368
1781701800000,2026-06-17T13:10:00+00:00,24864.8,24868.8,24852.8,24859.8,350
1781702100000,2026-06-17T13:15:00+00:00,24858.8,24870.8,24857.8,24867.8,358
1781702400000,2026-06-17T13:20:00+00:00,24866.8,24870.8,24852.8,24861.8,400
1781702700000,2026-06-17T13:25:00+00:00,24860.8,24862.8,24851.8,24855.8,384
1781703000000,2026-06-17T13:30:00+00:00,24856.8,24859.8,24830.8,24836.8,590
1781703300000,2026-06-17T13:35:00+00:00,24837.8,24844.8,24826.8,24843.8,536
1781703600000,2026-06-17T13:40:00+00:00,24842.8,24868.8,24842.8,24863.8,538
1781703900000,2026-06-17T13:45:00+00:00,24864.8,24895.8,24861.8,24878.8,518
1781704200000,2026-06-17T13:50:00+00:00,24877.8,24895.8,24873.8,24878.8,490
1781704500000,2026-06-17T13:55:00+00:00,24877.8,24877.8,24860.8,24869.8,504
1781704800000,2026-06-17T14:00:00+00:00,24868.8,24868.8,24833.8,24843.8,616
1781705100000,2026-06-17T14:05:00+00:00,24840.8,24854.8,24832.8,24851.8,522
1781705400000,2026-06-17T14:10:00+00:00,24852.8,24858.8,24835.8,24857.8,552
1781705700000,2026-06-17T14:15:00+00:00,24858.8,24881.8,24856.8,24878.8,522
1781706000000,2026-06-17T14:20:00+00:00,24876.8,24905.8,24874.8,24900.8,412
1781706300000,2026-06-17T14:25:00+00:00,24899.8,24920.8,24897.8,24917.8,366
1781706600000,2026-06-17T14:30:00+00:00,24916.8,24931.8,24900.8,24906.8,476
1781706900000,2026-06-17T14:35:00+00:00,24905.8,24925.8,24901.8,24920.8,464
1781707200000,2026-06-17T14:40:00+00:00,24919.8,24943.8,24906.8,24942.8,464
1781707500000,2026-06-17T14:45:00+00:00,24944.8,24945.8,24825.8,24892.8,700
1781707800000,2026-06-17T14:50:00+00:00,24894.8,24908.8,24881.8,24901.8,612
1781708100000,2026-06-17T14:55:00+00:00,24899.8,24902.8,24875.8,24883.8,542
1781708400000,2026-06-17T15:00:00+00:00,24886.8,24898.8,24884.8,24892.8,566
1781708700000,2026-06-17T15:05:00+00:00,24891.8,24905.8,24882.8,24885.8,458
1781709000000,2026-06-17T15:10:00+00:00,24883.8,24904.8,24882.8,24903.8,422
1781709300000,2026-06-17T15:15:00+00:00,24902.8,24924.8,24899.8,24908.8,480
1781709600000,2026-06-17T15:20:00+00:00,24907.8,24927.8,24906.8,24919.8,468
1781709900000,2026-06-17T15:25:00+00:00,24918.8,24938.8,24910.8,24938.8,594
1781710200000,2026-06-17T15:30:00+00:00,24937.8,24951.8,24927.8,24941.8,598
1781710500000,2026-06-17T15:35:00+00:00,24939.8,24969.8,24935.8,24969.8,518
1781710800000,2026-06-17T15:40:00+00:00,24971.8,24973.8,24961.8,24966.8,420
1781711100000,2026-06-17T15:45:00+00:00,24967.8,24976.8,24964.8,24973.8,438
1781711400000,2026-06-17T15:50:00+00:00,24974.8,24978.8,24956.8,24965.8,372
1781711700000,2026-06-17T15:55:00+00:00,24963.8,24968.8,24957.8,24959.8,388
1781712000000,2026-06-17T16:00:00+00:00,24958.8,24968.8,24957.8,24961.8,376
1781712300000,2026-06-17T16:05:00+00:00,24960.8,24967.8,24960.8,24964.8,310
1781712600000,2026-06-17T16:10:00+00:00,24965.8,24965.8,24951.8,24957.8,338
1781712900000,2026-06-17T16:15:00+00:00,24956.8,24964.8,24950.8,24962.8,300
1781713200000,2026-06-17T16:20:00+00:00,24963.8,24968.8,24961.8,24963.8,284
1781713500000,2026-06-17T16:25:00+00:00,24964.8,24964.8,24953.8,24958.8,322
1781713800000,2026-06-17T16:30:00+00:00,24959.8,24962.8,24949.8,24950.8,284
1781714100000,2026-06-17T16:35:00+00:00,24949.8,24962.8,24949.8,24959.8,270
1781714400000,2026-06-17T16:40:00+00:00,24960.8,24960.8,24939.8,24943.8,386
1781714700000,2026-06-17T16:45:00+00:00,24942.8,24942.8,24929.8,24929.8,318
1781715000000,2026-06-17T16:50:00+00:00,24928.8,24934.8,24928.8,24933.8,346
1781715300000,2026-06-17T16:55:00+00:00,24934.8,24941.8,24932.8,24941.8,270
1781715600000,2026-06-17T17:00:00+00:00,24940.8,24948.8,24938.8,24944.8,382
1781715900000,2026-06-17T17:05:00+00:00,24943.8,24946.8,24912.8,24930.8,436
1781716200000,2026-06-17T17:10:00+00:00,24929.8,24935.8,24926.8,24930.8,350
1781716500000,2026-06-17T17:15:00+00:00,24929.8,24937.8,24925.8,24936.8,370
1781716800000,2026-06-17T17:20:00+00:00,24935.8,24938.8,24927.8,24930.8,328
1781717100000,2026-06-17T17:25:00+00:00,24931.8,24941.8,24929.8,24934.8,308
1781717400000,2026-06-17T17:30:00+00:00,24933.8,24935.8,24924.8,24928.8,360
1781717700000,2026-06-17T17:35:00+00:00,24929.8,24932.8,24924.8,24926.8,318
1781718000000,2026-06-17T17:40:00+00:00,24925.8,24936.8,24923.8,24935.8,300
1781718300000,2026-06-17T17:45:00+00:00,24934.8,24941.8,24934.8,24940.8,312
1781718600000,2026-06-17T17:50:00+00:00,24941.8,24948.8,24930.8,24946.8,330
1781718900000,2026-06-17T17:55:00+00:00,24945.8,24972.0,24940.8,24972.0,290
1781719200000,2026-06-17T18:00:00+00:00,24967.5,24967.5,24845.8,24846.8,768
1781719500000,2026-06-17T18:05:00+00:00,24847.8,24895.8,24827.8,24891.8,798
1781719800000,2026-06-17T18:10:00+00:00,24890.8,24901.8,24874.8,24887.8,652
1781720100000,2026-06-17T18:15:00+00:00,24888.8,24915.8,24888.8,24910.8,576
1781720400000,2026-06-17T18:20:00+00:00,24911.8,24912.8,24895.8,24903.8,514
1781720700000,2026-06-17T18:25:00+00:00,24904.8,24910.8,24887.8,24905.8,660
1781721000000,2026-06-17T18:30:00+00:00,24904.8,24928.0,24877.5,24884.5,860
1781721300000,2026-06-17T18:35:00+00:00,24886.0,24933.8,24884.5,24919.8,856
1781721600000,2026-06-17T18:40:00+00:00,24921.8,24958.8,24915.8,24954.8,714
1781721900000,2026-06-17T18:45:00+00:00,24953.8,24979.8,24934.5,24956.8,690
1781722200000,2026-06-17T18:50:00+00:00,24955.8,24967.8,24945.8,24949.8,630
1781722500000,2026-06-17T18:55:00+00:00,24948.8,24948.8,24880.8,24901.8,656
1781722800000,2026-06-17T19:00:00+00:00,24903.8,24925.8,24892.8,24899.8,770
1781723100000,2026-06-17T19:05:00+00:00,24900.8,24918.8,24890.8,24894.8,768
1781723400000,2026-06-17T19:10:00+00:00,24894.0,24919.8,24864.5,24906.8,828
1781723700000,2026-06-17T19:15:00+00:00,24910.8,24910.8,24852.5,24853.5,718
1781724000000,2026-06-17T19:20:00+00:00,24854.0,24854.0,24812.0,24813.5,778
1781724300000,2026-06-17T19:25:00+00:00,24814.8,24853.8,24814.8,24822.8,712
1781724600000,2026-06-17T19:30:00+00:00,24825.8,24834.8,24812.8,24822.8,728
1781724900000,2026-06-17T19:35:00+00:00,24824.8,24840.8,24800.5,24804.8,796
1781725200000,2026-06-17T19:40:00+00:00,24803.8,24811.8,24785.8,24795.5,928
1781725500000,2026-06-17T19:45:00+00:00,24797.8,24835.8,24790.5,24819.0,772
1781725800000,2026-06-17T19:50:00+00:00,24798.0,24826.0,24785.5,24794.5,806
1781726100000,2026-06-17T19:55:00+00:00,24803.0,24828.0,24798.0,24816.0,488
1781741700000,2026-06-18T00:15:00+00:00,25005.0,25046.0,24960.5,24960.5,414
1781742000000,2026-06-18T00:20:00+00:00,24957.0,24970.0,24924.0,24930.5,308
1781742300000,2026-06-18T00:25:00+00:00,24930.0,24937.5,24894.0,24918.0,144
1781742600000,2026-06-18T00:30:00+00:00,24919.0,24930.0,24912.0,24917.5,138
1781742900000,2026-06-18T00:35:00+00:00,24918.0,24922.2,24905.5,24914.0,194
1781743200000,2026-06-18T00:40:00+00:00,24913.5,24916.0,24902.5,24905.0,98
1781743500000,2026-06-18T00:45:00+00:00,24905.5,24910.0,24897.0,24901.5,192
1781743800000,2026-06-18T00:50:00+00:00,24899.0,24899.0,24859.5,24868.5,288
1781744100000,2026-06-18T00:55:00+00:00,24863.5,24866.0,24841.0,24850.5,124
1781744400000,2026-06-18T01:00:00+00:00,24849.5,24872.0,24842.0,24863.5,274
1781744700000,2026-06-18T01:05:00+00:00,24864.0,24872.5,24854.7,24861.7,386
1781745000000,2026-06-18T01:10:00+00:00,24862.7,24866.7,24854.5,24854.7,214
1781745300000,2026-06-18T01:15:00+00:00,24855.7,24855.7,24838.7,24850.7,156
1781745600000,2026-06-18T01:20:00+00:00,24851.7,24873.7,24849.7,24871.7,180
1781745900000,2026-06-18T01:25:00+00:00,24870.7,24886.7,24869.7,24870.7,196
1781746200000,2026-06-18T01:30:00+00:00,24871.7,24896.7,24871.7,24891.7,250
1781746500000,2026-06-18T01:35:00+00:00,24887.7,24890.7,24864.7,24878.7,262
1781746800000,2026-06-18T01:40:00+00:00,24876.7,24893.7,24871.7,24881.7,272
1781747100000,2026-06-18T01:45:00+00:00,24877.7,24883.7,24871.7,24875.7,300
1781747400000,2026-06-18T01:50:00+00:00,24876.7,24886.7,24866.7,24869.7,216
1781747700000,2026-06-18T01:55:00+00:00,24870.7,24879.7,24866.7,24876.7,234
1781748000000,2026-06-18T02:00:00+00:00,24873.7,24888.7,24872.7,24888.7,108
1781748300000,2026-06-18T02:05:00+00:00,24887.7,24899.7,24884.7,24898.7,120
1781748600000,2026-06-18T02:10:00+00:00,24895.7,24902.7,24886.7,24896.7,246
1781748900000,2026-06-18T02:15:00+00:00,24895.7,24896.7,24889.0,24889.0,104
1781749200000,2026-06-18T02:20:00+00:00,24889.7,24891.7,24888.5,24889.7,40
1781749500000,2026-06-18T02:25:00+00:00,24888.7,24888.7,24883.7,24883.7,80
1781749800000,2026-06-18T02:30:00+00:00,24884.7,24887.7,24866.7,24878.7,176
1781750100000,2026-06-18T02:35:00+00:00,24876.7,24881.7,24871.7,24876.7,108
1781750400000,2026-06-18T02:40:00+00:00,24874.7,24880.7,24869.7,24874.7,84
1781750700000,2026-06-18T02:45:00+00:00,24875.7,24877.7,24871.7,24875.7,60
1781751000000,2026-06-18T02:50:00+00:00,24872.7,24881.7,24871.7,24873.7,152
1781751300000,2026-06-18T02:55:00+00:00,24871.7,24873.7,24861.7,24865.7,82
1781751600000,2026-06-18T03:00:00+00:00,24868.0,24871.7,24864.7,24868.7,64
1781751900000,2026-06-18T03:05:00+00:00,24870.7,24871.7,24850.7,24853.7,134
1781752200000,2026-06-18T03:10:00+00:00,24852.7,24853.7,24846.7,24851.7,50
1781752500000,2026-06-18T03:15:00+00:00,24852.0,24852.0,24844.7,24847.7,84
1781752800000,2026-06-18T03:20:00+00:00,24848.7,24864.7,24845.7,24850.7,100
1781753100000,2026-06-18T03:25:00+00:00,24849.7,24866.7,24845.7,24857.7,134
1781753400000,2026-06-18T03:30:00+00:00,24858.7,24871.7,24858.7,24862.7,134
1781753700000,2026-06-18T03:35:00+00:00,24861.7,24862.7,24844.0,24851.7,132
1781754000000,2026-06-18T03:40:00+00:00,24850.7,24860.0,24846.7,24859.5,150
1781754300000,2026-06-18T03:45:00+00:00,24858.0,24866.7,24857.7,24866.7,68
1781754600000,2026-06-18T03:50:00+00:00,24869.7,24880.7,24868.7,24880.7,72
1781754900000,2026-06-18T03:55:00+00:00,24881.7,24892.7,24880.7,24890.7,80
1781755200000,2026-06-18T04:00:00+00:00,24893.7,24904.7,24889.7,24900.2,112
1781755500000,2026-06-18T04:05:00+00:00,24898.2,24901.2,24894.2,24899.2,86
1781755800000,2026-06-18T04:10:00+00:00,24898.2,24898.2,24889.2,24894.2,104
1781756100000,2026-06-18T04:15:00+00:00,24894.7,24899.2,24886.2,24888.2,166
1781756400000,2026-06-18T04:20:00+00:00,24887.2,24887.2,24867.2,24876.2,148
1781756700000,2026-06-18T04:25:00+00:00,24876.7,24878.2,24872.2,24875.2,132
1781757000000,2026-06-18T04:30:00+00:00,24873.2,24876.2,24865.2,24870.2,92
1781757300000,2026-06-18T04:35:00+00:00,24869.2,24874.7,24865.7,24867.7,54
1781757600000,2026-06-18T04:40:00+00:00,24866.7,24868.7,24853.7,24860.0,188
1781757900000,2026-06-18T04:45:00+00:00,24860.7,24862.7,24851.7,24858.7,170
1781758200000,2026-06-18T04:50:00+00:00,24859.7,24869.7,24858.7,24869.7,74
1781758500000,2026-06-18T04:55:00+00:00,24868.7,24871.7,24863.7,24866.7,106
1781758800000,2026-06-18T05:00:00+00:00,24867.7,24869.7,24857.7,24865.7,128
1781759100000,2026-06-18T05:05:00+00:00,24866.7,24874.7,24866.7,24871.7,88
1781759400000,2026-06-18T05:10:00+00:00,24872.7,24881.7,24868.7,24880.7,110
1781759700000,2026-06-18T05:15:00+00:00,24881.7,24912.7,24878.7,24904.7,230
1781760000000,2026-06-18T05:20:00+00:00,24903.7,24914.7,24896.7,24912.7,174
1781760300000,2026-06-18T05:25:00+00:00,24914.7,24919.7,24903.7,24909.7,174
1781760600000,2026-06-18T05:30:00+00:00,24910.7,24912.7,24902.7,24908.7,264
1781760900000,2026-06-18T05:35:00+00:00,24907.7,24913.7,24906.7,24909.7,178
1781761200000,2026-06-18T05:40:00+00:00,24908.7,24912.7,24907.7,24910.7,52
1781761500000,2026-06-18T05:45:00+00:00,24909.7,24910.7,24887.7,24888.7,208
1781761800000,2026-06-18T05:50:00+00:00,24890.7,24897.7,24880.7,24889.7,154
1781762100000,2026-06-18T05:55:00+00:00,24887.7,24902.7,24886.7,24902.7,172
1781762400000,2026-06-18T06:00:00+00:00,24903.7,24921.3,24883.7,24914.3,454
1781762700000,2026-06-18T06:05:00+00:00,24913.3,24920.3,24901.3,24918.3,548
1781763000000,2026-06-18T06:10:00+00:00,24917.3,24951.3,24915.3,24949.3,522
1781763300000,2026-06-18T06:15:00+00:00,24947.3,24965.3,24941.3,24952.3,518
1781763600000,2026-06-18T06:20:00+00:00,24951.3,24994.3,24949.3,24972.3,578
1781763900000,2026-06-18T06:25:00+00:00,24971.3,24975.3,24963.3,24972.3,468
1781764200000,2026-06-18T06:30:00+00:00,24970.3,24974.3,24957.3,24958.3,406
1781764500000,2026-06-18T06:35:00+00:00,24957.3,24962.3,24940.3,24945.3,410
1781764800000,2026-06-18T06:40:00+00:00,24942.3,24958.3,24934.3,24957.3,358
1781765100000,2026-06-18T06:45:00+00:00,24958.3,24984.3,24954.3,24982.3,400
1781765400000,2026-06-18T06:50:00+00:00,24983.3,24985.3,24972.3,24977.3,338
1781765700000,2026-06-18T06:55:00+00:00,24976.3,25004.3,24976.3,25003.3,390
1781766000000,2026-06-18T07:00:00+00:00,25001.3,25030.3,25000.3,25014.3,670
1781766300000,2026-06-18T07:05:00+00:00,25016.3,25038.3,25009.3,25038.3,576
1781766600000,2026-06-18T07:10:00+00:00,25039.3,25044.3,25010.3,25014.3,620
1781766900000,2026-06-18T07:15:00+00:00,25016.3,25020.3,25000.3,25020.3,510
1781767200000,2026-06-18T07:20:00+00:00,25019.3,25057.3,25019.3,25053.3,498
1781767500000,2026-06-18T07:25:00+00:00,25052.3,25079.3,25045.3,25071.3,516
1781767800000,2026-06-18T07:30:00+00:00,25070.3,25075.3,25044.3,25061.3,528
1781768100000,2026-06-18T07:35:00+00:00,25062.3,25065.3,25049.3,25056.3,476
1781768400000,2026-06-18T07:40:00+00:00,25057.3,25058.3,25016.3,25020.3,414
1781768700000,2026-06-18T07:45:00+00:00,25019.3,25031.3,25000.3,25031.3,494
1781769000000,2026-06-18T07:50:00+00:00,25030.3,25030.3,24975.3,24979.3,476
1781769300000,2026-06-18T07:55:00+00:00,24980.3,25007.3,24978.3,25003.3,430
1781769600000,2026-06-18T08:00:00+00:00,25004.3,25029.3,25002.3,25007.3,474
1781769900000,2026-06-18T08:05:00+00:00,25006.3,25015.3,24992.3,25006.3,482
1781770200000,2026-06-18T08:10:00+00:00,25007.3,25008.3,24988.3,24997.3,480
1781770500000,2026-06-18T08:15:00+00:00,24998.3,25003.3,24958.3,24960.3,424
1781770800000,2026-06-18T08:20:00+00:00,24959.3,24960.3,24935.3,24947.3,454
1781771100000,2026-06-18T08:25:00+00:00,24946.3,24954.3,24932.3,24933.3,450
1781771400000,2026-06-18T08:30:00+00:00,24932.3,24934.3,24911.3,24914.3,518
1781771700000,2026-06-18T08:35:00+00:00,24913.3,24919.8,24907.3,24912.8,478
1781772000000,2026-06-18T08:40:00+00:00,24916.8,24916.8,24890.8,24897.8,360
1781772300000,2026-06-18T08:45:00+00:00,24896.8,24898.8,24885.8,24897.8,414
1781772600000,2026-06-18T08:50:00+00:00,24896.8,24899.8,24871.8,24892.8,462
1781772900000,2026-06-18T08:55:00+00:00,24893.8,24905.8,24875.8,24876.8,430
1781773200000,2026-06-18T09:00:00+00:00,24877.8,24887.8,24854.8,24886.8,520
1781773500000,2026-06-18T09:05:00+00:00,24887.8,24926.8,24885.8,24914.8,450
1781773800000,2026-06-18T09:10:00+00:00,24913.8,24936.8,24903.8,24929.8,406
1781774100000,2026-06-18T09:15:00+00:00,24930.8,24948.8,24928.8,24945.8,370
1781774400000,2026-06-18T09:20:00+00:00,24944.8,24952.8,24941.8,24951.8,426
1781774700000,2026-06-18T09:25:00+00:00,24950.8,24965.8,24950.8,24960.8,406
1781775000000,2026-06-18T09:30:00+00:00,24958.8,24966.8,24951.8,24952.8,392
1781775300000,2026-06-18T09:35:00+00:00,24954.8,24967.8,24945.8,24956.8,382
1781775600000,2026-06-18T09:40:00+00:00,24957.8,24963.8,24946.8,24960.8,390
1781775900000,2026-06-18T09:45:00+00:00,24959.8,24987.8,24959.8,24985.8,388
1781776200000,2026-06-18T09:50:00+00:00,24984.8,25012.8,24984.8,25011.8,342
1781776500000,2026-06-18T09:55:00+00:00,25012.8,25015.8,24983.8,24984.8,418
1781776800000,2026-06-18T10:00:00+00:00,24983.8,24983.8,24947.8,24966.8,454
1781777100000,2026-06-18T10:05:00+00:00,24965.8,24979.8,24960.8,24967.8,462
1781777400000,2026-06-18T10:10:00+00:00,24968.8,24988.8,24959.8,24984.8,380
1781777700000,2026-06-18T10:15:00+00:00,24985.8,25001.8,24983.8,25000.8,396
1781778000000,2026-06-18T10:20:00+00:00,24999.8,25004.8,24987.8,24992.8,366
1781778300000,2026-06-18T10:25:00+00:00,24993.8,25000.8,24985.8,24988.8,408
1781778600000,2026-06-18T10:30:00+00:00,24989.8,24994.8,24968.8,24974.8,336
1781778900000,2026-06-18T10:35:00+00:00,24976.8,24978.8,24964.8,24972.8,388
1781779200000,2026-06-18T10:40:00+00:00,24973.8,24975.8,24938.8,24938.8,480
1781779500000,2026-06-18T10:45:00+00:00,24940.8,24961.8,24937.8,24958.8,442
1781779800000,2026-06-18T10:50:00+00:00,24957.8,24963.8,24943.8,24949.8,374
1781780100000,2026-06-18T10:55:00+00:00,24950.8,24954.8,24942.8,24943.8,300
1781780400000,2026-06-18T11:00:00+00:00,24940.8,24948.8,24934.8,24945.8,380
1781780700000,2026-06-18T11:05:00+00:00,24946.8,24946.8,24888.8,24897.8,554
1781781000000,2026-06-18T11:10:00+00:00,24896.8,24919.8,24883.8,24918.8,496
1781781300000,2026-06-18T11:15:00+00:00,24919.8,24920.8,24901.8,24913.8,428
1781781600000,2026-06-18T11:20:00+00:00,24914.8,24924.8,24899.8,24923.8,448
1781781900000,2026-06-18T11:25:00+00:00,24921.8,24943.8,24921.8,24943.8,448
1781782200000,2026-06-18T11:30:00+00:00,24942.8,24956.8,24935.8,24946.8,380
1781782500000,2026-06-18T11:35:00+00:00,24947.8,24947.8,24931.8,24937.8,358
1781782800000,2026-06-18T11:40:00+00:00,24936.8,24946.8,24912.8,24940.8,462
1781783100000,2026-06-18T11:45:00+00:00,24941.8,24948.8,24923.8,24930.8,390
1781783400000,2026-06-18T11:50:00+00:00,24929.8,24959.8,24929.8,24952.8,390
1781783700000,2026-06-18T11:55:00+00:00,24951.8,24952.8,24937.8,24948.8,348
1781784000000,2026-06-18T12:00:00+00:00,24949.8,24966.8,24946.8,24963.8,386
1781784300000,2026-06-18T12:05:00+00:00,24964.8,24972.8,24959.8,24963.8,404
1781784600000,2026-06-18T12:10:00+00:00,24962.8,24983.8,24961.8,24982.8,372
1781784900000,2026-06-18T12:15:00+00:00,24983.8,24999.8,24981.8,24994.8,338
1781785200000,2026-06-18T12:20:00+00:00,24993.8,25005.8,24978.8,24991.8,440
1781785500000,2026-06-18T12:25:00+00:00,24990.8,24994.8,24976.8,24985.0,460
1781785800000,2026-06-18T12:30:00+00:00,24985.5,24992.8,24981.8,24989.8,308
1781786100000,2026-06-18T12:35:00+00:00,24988.8,24999.8,24983.8,24994.8,424
1781786400000,2026-06-18T12:40:00+00:00,24995.8,25011.8,24994.8,25007.8,358
1781786700000,2026-06-18T12:45:00+00:00,25008.8,25034.8,25004.8,25032.8,348
1781787000000,2026-06-18T12:50:00+00:00,25031.8,25035.8,25026.8,25030.8,384
1781787300000,2026-06-18T12:55:00+00:00,25032.8,25047.8,25029.8,25036.8,334
1781787600000,2026-06-18T13:00:00+00:00,25035.8,25041.8,25006.8,25020.8,438
1781787900000,2026-06-18T13:05:00+00:00,25019.8,25055.8,25019.8,25043.8,464
1781788200000,2026-06-18T13:10:00+00:00,25044.8,25055.8,25041.8,25045.8,420
1781788500000,2026-06-18T13:15:00+00:00,25044.8,25050.8,25032.8,25045.8,428
1781788800000,2026-06-18T13:20:00+00:00,25043.8,25054.8,25034.8,25038.8,422
1781789100000,2026-06-18T13:25:00+00:00,25041.8,25046.8,25018.8,25022.8,500
1781789400000,2026-06-18T13:30:00+00:00,25021.8,25032.8,25003.8,25015.8,568
1781789700000,2026-06-18T13:35:00+00:00,25014.8,25026.8,24960.8,24963.8,600
1781790000000,2026-06-18T13:40:00+00:00,24961.8,24978.8,24934.8,24975.8,574
1781790300000,2026-06-18T13:45:00+00:00,24974.8,24986.8,24956.8,24976.8,604
1781790600000,2026-06-18T13:50:00+00:00,24977.8,24979.8,24959.8,24975.8,532
1781790900000,2026-06-18T13:55:00+00:00,24976.8,24991.8,24939.8,24963.8,570
1781791200000,2026-06-18T14:00:00+00:00,24962.8,24982.8,24950.8,24980.8,522
1781791500000,2026-06-18T14:05:00+00:00,24981.8,25001.8,24978.8,24995.8,528
1781791800000,2026-06-18T14:10:00+00:00,24994.8,25002.8,24985.8,24999.8,474
1781792100000,2026-06-18T14:15:00+00:00,24997.8,25032.8,24992.8,25028.8,484
1781792400000,2026-06-18T14:20:00+00:00,25030.8,25036.8,25014.8,25014.8,404
1781792700000,2026-06-18T14:25:00+00:00,25015.8,25018.8,24996.8,25006.8,412
1781793000000,2026-06-18T14:30:00+00:00,25005.8,25027.8,24991.8,25027.8,490
1781793300000,2026-06-18T14:35:00+00:00,25028.8,25045.8,25020.8,25037.8,478
1781793600000,2026-06-18T14:40:00+00:00,25038.8,25039.8,25017.8,25030.8,386
1781793900000,2026-06-18T14:45:00+00:00,25029.8,25057.8,25029.8,25050.8,404
1781794200000,2026-06-18T14:50:00+00:00,25051.8,25058.8,25033.8,25038.8,364
1781794500000,2026-06-18T14:55:00+00:00,25039.8,25062.8,25033.8,25061.8,376
1781794800000,2026-06-18T15:00:00+00:00,25064.8,25086.8,25055.8,25080.8,466
1781795100000,2026-06-18T15:05:00+00:00,25079.8,25079.8,25050.8,25052.8,412
1781795400000,2026-06-18T15:10:00+00:00,25051.8,25057.8,25042.8,25042.8,354
1781795700000,2026-06-18T15:15:00+00:00,25043.8,25054.8,25021.8,25033.8,446
1781796000000,2026-06-18T15:20:00+00:00,25034.8,25059.8,25033.8,25050.8,388
1781796300000,2026-06-18T15:25:00+00:00,25049.8,25067.8,25045.8,25054.8,540
1781796600000,2026-06-18T15:30:00+00:00,25051.8,25083.8,25036.8,25051.8,642
1781796900000,2026-06-18T15:35:00+00:00,25046.8,25050.8,25016.8,25038.8,598
1781797200000,2026-06-18T15:40:00+00:00,25037.8,25052.8,25030.8,25042.8,538
1781797500000,2026-06-18T15:45:00+00:00,25041.8,25056.8,25028.8,25049.8,494
1781797800000,2026-06-18T15:50:00+00:00,25048.8,25081.8,25048.8,25072.8,458
1781798100000,2026-06-18T15:55:00+00:00,25074.8,25079.8,25070.8,25073.8,318
1781798400000,2026-06-18T16:00:00+00:00,25074.8,25088.8,25074.8,25079.8,454
1781798700000,2026-06-18T16:05:00+00:00,25078.8,25085.8,25073.8,25079.8,384
1781799000000,2026-06-18T16:10:00+00:00,25078.8,25084.8,25077.8,25083.8,226
1781799300000,2026-06-18T16:15:00+00:00,25082.8,25095.8,25079.8,25084.8,304
1781799600000,2026-06-18T16:20:00+00:00,25085.8,25087.8,25078.8,25079.8,258
1781799900000,2026-06-18T16:25:00+00:00,25078.8,25084.8,25074.8,25079.8,316
1781800200000,2026-06-18T16:30:00+00:00,25078.8,25086.8,25078.8,25084.8,232
1781800500000,2026-06-18T16:35:00+00:00,25085.8,25085.8,25074.8,25082.8,284
1781800800000,2026-06-18T16:40:00+00:00,25079.8,25089.8,25077.8,25085.8,238
1781801100000,2026-06-18T16:45:00+00:00,25088.8,25088.8,25072.8,25076.8,322
1781801400000,2026-06-18T16:50:00+00:00,25075.8,25076.8,25054.8,25054.8,264
1781801700000,2026-06-18T16:55:00+00:00,25053.8,25068.8,25052.8,25068.8,320
1781802000000,2026-06-18T17:00:00+00:00,25070.8,25084.8,25060.8,25084.8,320
1781802300000,2026-06-18T17:05:00+00:00,25083.8,25086.8,25080.8,25084.8,276
1781802600000,2026-06-18T17:10:00+00:00,25083.8,25094.8,25081.8,25088.8,248
1781802900000,2026-06-18T17:15:00+00:00,25087.8,25092.8,25080.8,25081.8,182
1781803200000,2026-06-18T17:20:00+00:00,25082.8,25089.8,25074.8,25085.8,330
1781803500000,2026-06-18T17:25:00+00:00,25086.8,25091.8,25085.8,25090.8,268
1781803800000,2026-06-18T17:30:00+00:00,25092.8,25093.8,25085.8,25086.8,238
1781804100000,2026-06-18T17:35:00+00:00,25085.8,25092.8,25085.8,25087.8,94
1781804400000,2026-06-18T17:40:00+00:00,25086.8,25100.8,25086.8,25099.8,236
1781804700000,2026-06-18T17:45:00+00:00,25098.8,25101.8,25090.8,25094.8,216
1781805000000,2026-06-18T17:50:00+00:00,25095.8,25098.8,25091.8,25094.8,188
1781805300000,2026-06-18T17:55:00+00:00,25093.8,25095.8,25088.8,25090.8,206
1781805600000,2026-06-18T18:00:00+00:00,25091.8,25092.8,25082.8,25083.8,284
1781805900000,2026-06-18T18:05:00+00:00,25084.8,25095.8,25080.8,25093.8,264
1781806200000,2026-06-18T18:10:00+00:00,25094.8,25100.8,25084.8,25084.8,230
1781806500000,2026-06-18T18:15:00+00:00,25086.8,25091.8,25084.8,25088.8,272
1781806800000,2026-06-18T18:20:00+00:00,25089.8,25095.8,25084.8,25091.8,240
1781807100000,2026-06-18T18:25:00+00:00,25092.8,25094.8,25082.8,25084.8,236
1781807400000,2026-06-18T18:30:00+00:00,25085.8,25085.8,25074.8,25077.8,206
1781807700000,2026-06-18T18:35:00+00:00,25076.8,25077.8,25059.8,25066.8,250
1781808000000,2026-06-18T18:40:00+00:00,25065.8,25071.8,25063.8,25069.8,212
1781808300000,2026-06-18T18:45:00+00:00,25068.8,25078.8,25068.8,25077.8,232
1781808600000,2026-06-18T18:50:00+00:00,25075.8,25082.8,25074.8,25075.8,196
1781808900000,2026-06-18T18:55:00+00:00,25076.8,25079.8,25075.8,25075.8,202
1781809200000,2026-06-18T19:00:00+00:00,25074.8,25074.8,25058.8,25062.8,258
1781809500000,2026-06-18T19:05:00+00:00,25063.8,25071.8,25058.8,25066.8,322
1781809800000,2026-06-18T19:10:00+00:00,25065.8,25066.8,25045.8,25048.8,398
1781810100000,2026-06-18T19:15:00+00:00,25047.8,25063.8,25046.8,25063.8,428
1781810400000,2026-06-18T19:20:00+00:00,25064.8,25066.8,25047.8,25050.8,230
1781810700000,2026-06-18T19:25:00+00:00,25051.8,25059.8,25047.8,25057.8,170
1781811000000,2026-06-18T19:30:00+00:00,25055.8,25063.8,25039.8,25055.8,300
1781811300000,2026-06-18T19:35:00+00:00,25056.8,25065.8,25056.8,25061.8,292
1781811600000,2026-06-18T19:40:00+00:00,25062.8,25064.8,25052.8,25056.8,346
1781811900000,2026-06-18T19:45:00+00:00,25055.8,25059.8,25051.8,25056.8,242
1781812200000,2026-06-18T19:50:00+00:00,25057.8,25069.8,25053.8,25068.8,360
1781812500000,2026-06-18T19:55:00+00:00,25069.8,25077.8,25063.8,25074.8,246
1781828100000,2026-06-19T00:15:00+00:00,25035.1,25036.1,25001.3,25008.3,330
1781828400000,2026-06-19T00:20:00+00:00,25009.3,25010.3,24988.3,24990.3,296
1781828700000,2026-06-19T00:25:00+00:00,24991.3,25000.3,24986.3,24997.3,138
1781829000000,2026-06-19T00:30:00+00:00,24994.3,25010.3,24994.3,25007.3,274
1781829300000,2026-06-19T00:35:00+00:00,25006.3,25009.3,24951.3,24975.3,272
1781829600000,2026-06-19T00:40:00+00:00,24976.3,24992.3,24973.3,24992.3,108
1781829900000,2026-06-19T00:45:00+00:00,24989.3,24996.3,24980.3,24994.3,150
1781830200000,2026-06-19T00:50:00+00:00,24993.3,24995.3,24989.3,24990.3,62
1781830500000,2026-06-19T00:55:00+00:00,24988.3,24998.3,24987.3,24995.3,74
1781830800000,2026-06-19T01:00:00+00:00,24996.3,25011.3,24995.3,25007.3,136
1781831100000,2026-06-19T01:05:00+00:00,25008.3,25010.3,24987.3,24988.3,156
1781831400000,2026-06-19T01:10:00+00:00,24991.3,24994.3,24981.3,24982.3,102
1781831700000,2026-06-19T01:15:00+00:00,24983.3,24992.3,24981.3,24991.3,110
1781832000000,2026-06-19T01:20:00+00:00,24989.3,24991.3,24977.3,24980.3,128
1781832300000,2026-06-19T01:25:00+00:00,24979.3,24986.3,24979.3,24985.3,38
1781832600000,2026-06-19T01:30:00+00:00,24984.3,24985.3,24973.3,24984.3,150
1781832900000,2026-06-19T01:35:00+00:00,24985.3,24987.3,24980.3,24981.3,116
1781833200000,2026-06-19T01:40:00+00:00,24982.3,24982.3,24976.3,24981.3,62
1781833500000,2026-06-19T01:45:00+00:00,24980.3,24984.3,24974.3,24976.3,102
1781833800000,2026-06-19T01:50:00+00:00,24975.3,24976.3,24971.3,24971.3,62
1781834100000,2026-06-19T01:55:00+00:00,24972.3,24973.3,24967.3,24967.3,34
1781834400000,2026-06-19T02:00:00+00:00,24968.3,24968.3,24961.3,24962.3,106
1781834700000,2026-06-19T02:05:00+00:00,24963.3,24963.3,24955.3,24962.3,64
1781835000000,2026-06-19T02:10:00+00:00,24961.3,24962.3,24951.3,24958.3,108
1781835300000,2026-06-19T02:15:00+00:00,24959.3,24959.3,24950.3,24951.3,102
1781835600000,2026-06-19T02:20:00+00:00,24952.3,24961.3,24950.3,24959.3,86
1781835900000,2026-06-19T02:25:00+00:00,24956.3,24961.3,24956.3,24961.3,62
1781836200000,2026-06-19T02:30:00+00:00,24958.3,24962.3,24958.3,24962.3,38
1781836500000,2026-06-19T02:35:00+00:00,24961.3,24964.3,24960.3,24964.3,82
1781836800000,2026-06-19T02:40:00+00:00,24963.3,24976.3,24963.3,24976.3,66
1781837100000,2026-06-19T02:45:00+00:00,24975.3,24975.3,24967.3,24968.3,46
1781837400000,2026-06-19T02:50:00+00:00,24965.3,24967.3,24955.3,24965.3,144
1781838000000,2026-06-19T03:00:00+00:00,24966.3,24975.3,24966.3,24969.3,32
1781838300000,2026-06-19T03:05:00+00:00,24970.3,24970.3,24963.3,24964.3,74
1781838600000,2026-06-19T03:10:00+00:00,24965.3,24966.3,24962.3,24962.3,34
1781838900000,2026-06-19T03:15:00+00:00,24961.3,24961.3,24950.3,24955.3,170
1781839200000,2026-06-19T03:20:00+00:00,24957.3,24960.3,24947.3,24952.3,152
1781839500000,2026-06-19T03:25:00+00:00,24951.3,24957.3,24950.3,24955.3,164
1781839800000,2026-06-19T03:30:00+00:00,24956.3,24958.3,24948.3,24949.3,210
1781840100000,2026-06-19T03:35:00+00:00,24950.3,24964.3,24948.3,24964.3,226
1781840400000,2026-06-19T03:40:00+00:00,24963.3,24965.3,24955.3,24959.3,226
1781840700000,2026-06-19T03:45:00+00:00,24960.3,24964.3,24956.3,24961.3,256
1781841000000,2026-06-19T03:50:00+00:00,24959.3,24965.3,24958.3,24964.3,146
1781841300000,2026-06-19T03:55:00+00:00,24963.3,24964.3,24957.3,24963.3,142
1781841600000,2026-06-19T04:00:00+00:00,24966.3,24968.3,24953.3,24956.3,356
1781841900000,2026-06-19T04:05:00+00:00,24958.3,24969.3,24956.3,24963.3,158
1781842200000,2026-06-19T04:10:00+00:00,24964.3,24983.3,24963.3,24982.3,170
1781842500000,2026-06-19T04:15:00+00:00,24983.3,24983.3,24969.3,24974.3,266
1781842800000,2026-06-19T04:20:00+00:00,24973.3,24980.3,24963.3,24980.3,166
1781843100000,2026-06-19T04:25:00+00:00,24979.3,24979.3,24965.3,24967.3,110
1781843400000,2026-06-19T04:30:00+00:00,24966.3,24968.3,24937.3,24937.3,90
1781843700000,2026-06-19T04:35:00+00:00,24935.3,24947.3,24929.3,24945.3,160
1781844000000,2026-06-19T04:40:00+00:00,24944.3,24945.3,24923.3,24928.3,208
1781844300000,2026-06-19T04:45:00+00:00,24929.3,24932.3,24925.3,24928.3,150
1781844600000,2026-06-19T04:50:00+00:00,24929.3,24933.3,24910.3,24917.3,188
1781844900000,2026-06-19T04:55:00+00:00,24918.3,24925.3,24910.3,24925.3,202
1781845200000,2026-06-19T05:00:00+00:00,24926.3,24932.3,24920.3,24928.3,256
1781845500000,2026-06-19T05:05:00+00:00,24927.3,24939.3,24924.3,24933.3,226
1781845800000,2026-06-19T05:10:00+00:00,24932.3,24952.3,24931.3,24943.3,220
1781846100000,2026-06-19T05:15:00+00:00,24940.3,24954.3,24936.3,24942.3,226
1781846400000,2026-06-19T05:20:00+00:00,24943.3,24943.3,24932.3,24940.3,164
1781846700000,2026-06-19T05:25:00+00:00,24938.3,24952.3,24936.3,24951.3,216
1781847000000,2026-06-19T05:30:00+00:00,24948.3,24952.3,24934.8,24938.3,142
1781847300000,2026-06-19T05:35:00+00:00,24939.3,24947.3,24936.3,24943.3,202
1781847600000,2026-06-19T05:40:00+00:00,24947.3,24957.3,24942.3,24946.3,324
1781847900000,2026-06-19T05:45:00+00:00,24947.3,24962.3,24946.3,24960.3,216
1781848200000,2026-06-19T05:50:00+00:00,24961.3,24967.3,24958.3,24964.3,174
1781848500000,2026-06-19T05:55:00+00:00,24963.3,24975.3,24963.3,24971.3,134
1781848800000,2026-06-19T06:00:00+00:00,24972.3,25002.9,24967.3,25000.9,270
1781849100000,2026-06-19T06:05:00+00:00,25001.9,25004.9,24992.9,24996.9,322
1781849400000,2026-06-19T06:10:00+00:00,24995.9,25003.9,24991.9,25001.9,232
1781849700000,2026-06-19T06:15:00+00:00,25000.9,25002.9,24993.9,24995.9,276
1781850000000,2026-06-19T06:20:00+00:00,24996.9,25001.9,24993.9,24996.9,200
1781850300000,2026-06-19T06:25:00+00:00,24997.9,25027.9,24995.9,25023.9,248
1781850600000,2026-06-19T06:30:00+00:00,25024.9,25034.9,25021.9,25023.9,316
1781850900000,2026-06-19T06:35:00+00:00,25022.9,25034.9,25018.9,25028.9,264
1781851200000,2026-06-19T06:40:00+00:00,25029.9,25037.9,25028.9,25030.9,282
1781851500000,2026-06-19T06:45:00+00:00,25029.9,25032.9,25026.9,25032.9,200
1781851800000,2026-06-19T06:50:00+00:00,25031.9,25039.9,25030.9,25037.9,220
1781852100000,2026-06-19T06:55:00+00:00,25038.9,25056.9,25035.9,25052.9,324
1781852400000,2026-06-19T07:00:00+00:00,25056.9,25100.9,25047.9,25083.9,670
1781852700000,2026-06-19T07:05:00+00:00,25081.9,25108.9,25081.9,25098.9,530
1781853000000,2026-06-19T07:10:00+00:00,25097.9,25104.9,25085.9,25104.9,498
1781853300000,2026-06-19T07:15:00+00:00,25103.9,25112.9,25090.9,25098.9,488
1781853600000,2026-06-19T07:20:00+00:00,25095.9,25126.9,25083.9,25124.9,446
1781853900000,2026-06-19T07:25:00+00:00,25123.9,25135.9,25118.9,25120.9,430
1781854200000,2026-06-19T07:30:00+00:00,25121.9,25135.9,25103.9,25114.9,480
1781854500000,2026-06-19T07:35:00+00:00,25113.9,25142.9,25106.9,25141.9,400
1781854800000,2026-06-19T07:40:00+00:00,25142.9,25169.9,25136.9,25169.9,418
1781855100000,2026-06-19T07:45:00+00:00,25170.9,25172.9,25156.9,25167.9,368
1781855400000,2026-06-19T07:50:00+00:00,25168.9,25176.9,25157.9,25159.9,374
1781855700000,2026-06-19T07:55:00+00:00,25161.9,25187.9,25159.9,25180.9,374
1781856000000,2026-06-19T08:00:00+00:00,25179.9,25188.9,25159.9,25165.9,436
1781856300000,2026-06-19T08:05:00+00:00,25164.9,25176.9,25156.9,25165.9,382
1781856600000,2026-06-19T08:10:00+00:00,25166.9,25172.9,25152.9,25170.9,432
1781856900000,2026-06-19T08:15:00+00:00,25171.9,25196.9,25169.9,25184.9,344
1781857200000,2026-06-19T08:20:00+00:00,25183.9,25192.9,25177.9,25187.9,342
1781857500000,2026-06-19T08:25:00+00:00,25186.9,25189.9,25171.9,25176.9,348
1781857800000,2026-06-19T08:30:00+00:00,25177.9,25177.9,25137.9,25137.9,388
1781858100000,2026-06-19T08:35:00+00:00,25136.9,25149.9,25133.9,25147.9,312
1781858400000,2026-06-19T08:40:00+00:00,25146.9,25156.9,25133.9,25150.9,292
1781858700000,2026-06-19T08:45:00+00:00,25152.9,25158.9,25141.9,25155.9,326
1781859000000,2026-06-19T08:50:00+00:00,25156.9,25157.9,25124.9,25130.9,334
1781859300000,2026-06-19T08:55:00+00:00,25131.9,25149.9,25128.9,25142.9,303
1781859600000,2026-06-19T09:00:00+00:00,25143.9,25153.9,25128.9,25128.9,352
1781859900000,2026-06-19T09:05:00+00:00,25126.9,25143.9,25122.9,25125.9,376
1781860200000,2026-06-19T09:10:00+00:00,25126.9,25134.9,25106.9,25109.9,434
1781860500000,2026-06-19T09:15:00+00:00,25110.9,25114.9,25100.9,25111.9,320
1781860800000,2026-06-19T09:20:00+00:00,25112.9,25115.9,25094.9,25098.9,378
1781861100000,2026-06-19T09:25:00+00:00,25097.9,25101.9,25081.9,25093.9,312
1781861400000,2026-06-19T09:30:00+00:00,25095.9,25118.9,25091.9,25118.9,320
1781861700000,2026-06-19T09:35:00+00:00,25117.9,25138.9,25114.9,25138.9,338
1781862000000,2026-06-19T09:40:00+00:00,25139.9,25140.9,25119.9,25120.9,306
1781862300000,2026-06-19T09:45:00+00:00,25119.9,25136.9,25111.9,25123.9,382
1781862600000,2026-06-19T09:50:00+00:00,25128.9,25155.9,25128.9,25150.9,594
1781862900000,2026-06-19T09:55:00+00:00,25151.9,25159.9,25131.9,25131.9,464
1781863200000,2026-06-19T10:00:00+00:00,25133.9,25146.9,25127.9,25129.9,364
1781863500000,2026-06-19T10:05:00+00:00,25130.9,25146.9,25119.9,25146.9,362
1781863800000,2026-06-19T10:10:00+00:00,25145.9,25147.9,25121.9,25123.9,340
1781864100000,2026-06-19T10:15:00+00:00,25122.9,25135.9,25114.9,25120.9,282
1781864400000,2026-06-19T10:20:00+00:00,25121.9,25131.9,25094.9,25094.9,346
1781864700000,2026-06-19T10:25:00+00:00,25095.9,25102.9,25088.9,25089.9,300
1781865000000,2026-06-19T10:30:00+00:00,25090.9,25091.9,25066.9,25081.9,376
1781865300000,2026-06-19T10:35:00+00:00,25080.9,25085.9,25036.9,25039.9,372
1781865600000,2026-06-19T10:40:00+00:00,25040.9,25070.9,25040.9,25070.9,374
1781865900000,2026-06-19T10:45:00+00:00,25071.9,25087.9,25064.9,25066.9,422
1781866200000,2026-06-19T10:50:00+00:00,25065.9,25091.9,25059.9,25078.9,280
1781866500000,2026-06-19T10:55:00+00:00,25077.9,25078.9,25060.9,25063.9,304
1781866800000,2026-06-19T11:00:00+00:00,25061.9,25068.9,25036.9,25059.9,482
1781867100000,2026-06-19T11:05:00+00:00,25061.9,25081.9,25060.9,25072.9,500
1781867400000,2026-06-19T11:10:00+00:00,25073.9,25076.9,25061.9,25065.9,340
1781867700000,2026-06-19T11:15:00+00:00,25066.9,25072.9,25054.9,25057.9,318
1781868000000,2026-06-19T11:20:00+00:00,25056.9,25062.9,25047.9,25049.9,304
1781868300000,2026-06-19T11:25:00+00:00,25047.9,25053.9,25034.9,25038.9,256
1781868600000,2026-06-19T11:30:00+00:00,25037.9,25045.9,25031.9,25037.9,376
1781868900000,2026-06-19T11:35:00+00:00,25036.9,25052.9,25034.9,25051.9,296
1781869200000,2026-06-19T11:40:00+00:00,25052.9,25062.9,25052.9,25054.9,292
1781869500000,2026-06-19T11:45:00+00:00,25053.9,25067.9,25048.9,25057.9,262
1781869800000,2026-06-19T11:50:00+00:00,25056.9,25057.9,25030.9,25033.9,300
1781870100000,2026-06-19T11:55:00+00:00,25032.9,25063.9,25029.9,25062.9,302
1781870400000,2026-06-19T12:00:00+00:00,25061.9,25062.9,25034.9,25038.9,246
1781870700000,2026-06-19T12:05:00+00:00,25039.9,25042.9,25034.9,25041.9,300
1781871000000,2026-06-19T12:10:00+00:00,25040.9,25041.9,25011.9,25011.9,246
1781871300000,2026-06-19T12:15:00+00:00,25012.9,25012.9,24992.9,24999.9,292
1781871600000,2026-06-19T12:20:00+00:00,25002.9,25012.9,24998.9,25008.9,286
1781871900000,2026-06-19T12:25:00+00:00,25007.9,25026.9,25007.9,25010.9,316
1781872200000,2026-06-19T12:30:00+00:00,25009.9,25013.9,25004.9,25010.9,308
1781872500000,2026-06-19T12:35:00+00:00,25009.9,25010.9,24972.9,24980.9,402
1781872800000,2026-06-19T12:40:00+00:00,24979.9,24997.9,24968.9,24996.9,316
1781873100000,2026-06-19T12:45:00+00:00,24994.9,25001.9,24982.9,24985.9,268
1781873400000,2026-06-19T12:50:00+00:00,24986.9,25069.9,24986.9,25059.9,670
1781873700000,2026-06-19T12:55:00+00:00,25058.9,25084.9,25050.9,25079.9,528
1781874000000,2026-06-19T13:00:00+00:00,25080.9,25114.9,25075.9,25077.9,486
1781874300000,2026-06-19T13:05:00+00:00,25079.9,25087.9,25056.9,25085.9,446
1781874600000,2026-06-19T13:10:00+00:00,25083.9,25083.9,25061.9,25064.9,376
1781874900000,2026-06-19T13:15:00+00:00,25065.9,25070.9,25047.9,25056.9,344
1781875200000,2026-06-19T13:20:00+00:00,25057.9,25079.9,25054.9,25078.9,320
1781875500000,2026-06-19T13:25:00+00:00,25079.9,25087.9,25071.9,25086.9,260
1781875800000,2026-06-19T13:30:00+00:00,25088.9,25089.9,25053.9,25054.9,356
1781876100000,2026-06-19T13:35:00+00:00,25055.9,25072.9,25052.9,25053.9,306
1781876400000,2026-06-19T13:40:00+00:00,25054.9,25058.9,25041.9,25045.9,308
1781876700000,2026-06-19T13:45:00+00:00,25046.9,25065.9,25040.9,25063.9,326
1781877000000,2026-06-19T13:50:00+00:00,25064.9,25079.9,25059.9,25069.9,296
1781877300000,2026-06-19T13:55:00+00:00,25070.9,25084.9,25068.9,25071.9,270
1781877600000,2026-06-19T14:00:00+00:00,25072.9,25078.9,25055.9,25077.9,332
1781877900000,2026-06-19T14:05:00+00:00,25078.9,25079.9,25065.9,25078.9,262
1781878200000,2026-06-19T14:10:00+00:00,25079.9,25083.9,25074.9,25081.9,262
1781878500000,2026-06-19T14:15:00+00:00,25082.9,25093.9,25079.9,25089.9,270
1781878800000,2026-06-19T14:20:00+00:00,25088.9,25103.9,25085.9,25093.9,232
1781879100000,2026-06-19T14:25:00+00:00,25094.9,25100.9,25088.9,25095.9,286
1781879400000,2026-06-19T14:30:00+00:00,25097.9,25103.9,25087.9,25088.9,234
1781879700000,2026-06-19T14:35:00+00:00,25089.9,25096.9,25080.9,25085.9,310
1781880000000,2026-06-19T14:40:00+00:00,25086.9,25093.9,25071.9,25072.9,262
1781880300000,2026-06-19T14:45:00+00:00,25071.9,25072.9,25057.9,25062.9,304
1781880600000,2026-06-19T14:50:00+00:00,25061.9,25068.9,25047.9,25050.9,272
1781880900000,2026-06-19T14:55:00+00:00,25051.9,25069.9,25050.9,25057.9,242
1781881200000,2026-06-19T15:00:00+00:00,25059.9,25073.9,25052.9,25065.9,290
1781881500000,2026-06-19T15:05:00+00:00,25064.9,25071.9,25054.9,25070.9,250
1781881800000,2026-06-19T15:10:00+00:00,25069.9,25085.9,25068.9,25078.9,292
1781882100000,2026-06-19T15:15:00+00:00,25077.9,25077.9,25054.9,25054.9,284
1781882400000,2026-06-19T15:20:00+00:00,25053.9,25067.9,25043.9,25047.9,320
1781882700000,2026-06-19T15:25:00+00:00,25044.9,25052.9,25039.9,25044.9,360
1781883000000,2026-06-19T15:30:00+00:00,25048.9,25056.9,25015.9,25022.9,672
1781883300000,2026-06-19T15:35:00+00:00,25017.9,25025.9,24994.9,25003.9,476
1781883600000,2026-06-19T15:40:00+00:00,25004.9,25019.9,24998.9,25014.9,336
1781883900000,2026-06-19T15:45:00+00:00,25015.9,25025.9,25012.9,25022.9,312
1781884200000,2026-06-19T15:50:00+00:00,25023.9,25031.9,25016.9,25024.9,182
1781884500000,2026-06-19T15:55:00+00:00,25022.9,25035.9,25022.9,25034.9,164
1781884800000,2026-06-19T16:00:00+00:00,25033.9,25046.9,25031.9,25041.9,218
1781885100000,2026-06-19T16:05:00+00:00,25040.9,25043.9,25033.9,25036.9,198
1781885400000,2026-06-19T16:10:00+00:00,25035.9,25045.9,25032.9,25044.9,180
1781885700000,2026-06-19T16:15:00+00:00,25045.9,25048.9,25038.9,25044.9,192
1781886000000,2026-06-19T16:20:00+00:00,25043.9,25055.9,25042.9,25052.9,160
1781886300000,2026-06-19T16:25:00+00:00,25051.9,25059.9,25050.9,25059.9,108
1781886600000,2026-06-19T16:30:00+00:00,25058.9,25063.9,25054.9,25061.9,130
1781886900000,2026-06-19T16:35:00+00:00,25060.9,25061.9,25046.9,25048.9,158
1781887200000,2026-06-19T16:40:00+00:00,25049.9,25052.9,25047.9,25051.9,194
1781887500000,2026-06-19T16:45:00+00:00,25052.9,25052.9,25036.9,25036.9,84
1781887800000,2026-06-19T16:50:00+00:00,25037.9,25041.9,25016.9,25018.9,198
1781888100000,2026-06-19T16:55:00+00:00,25019.9,25029.9,25009.9,25016.9,394
1781888400000,2026-06-19T17:00:00+00:00,25015.9,25022.9,25014.9,25021.9,78
1781888700000,2026-06-19T17:05:00+00:00,25022.9,25022.9,25014.9,25017.9,102
1781889000000,2026-06-19T17:10:00+00:00,25018.9,25022.9,25017.9,25017.9,85
1781889300000,2026-06-19T17:15:00+00:00,25020.9,25020.9,25010.9,25014.9,156
1781889600000,2026-06-19T17:20:00+00:00,25015.9,25019.9,25013.9,25017.9,74
1781889900000,2026-06-19T17:25:00+00:00,25016.9,25025.9,25015.9,25023.9,64
1781890200000,2026-06-19T17:30:00+00:00,25022.9,25027.9,25018.9,25019.9,62
1781890500000,2026-06-19T17:35:00+00:00,25018.9,25019.9,25016.9,25017.9,86
1781890800000,2026-06-19T17:40:00+00:00,25018.9,25022.9,25016.9,25022.9,108
1781891100000,2026-06-19T17:45:00+00:00,25021.9,25023.9,25020.9,25020.9,50
1781891400000,2026-06-19T17:50:00+00:00,25021.9,25023.9,25018.9,25023.9,62
1781891700000,2026-06-19T17:55:00+00:00,25022.9,25024.9,25022.9,25024.9,30
1781892000000,2026-06-19T18:00:00+00:00,25023.9,25023.9,25022.9,25023.9,10
1781892300000,2026-06-19T18:05:00+00:00,25022.9,25024.9,25021.9,25024.9,26
1781892600000,2026-06-19T18:10:00+00:00,25026.9,25032.9,25026.9,25030.9,30
1781892900000,2026-06-19T18:15:00+00:00,25031.9,25031.9,25030.9,25030.9,8
1781893200000,2026-06-19T18:20:00+00:00,25029.9,25029.9,25021.9,25024.9,40
1781893500000,2026-06-19T18:25:00+00:00,25025.9,25026.9,25023.9,25024.9,60
1781893800000,2026-06-19T18:30:00+00:00,25026.9,25027.9,25024.9,25025.9,92
1781894100000,2026-06-19T18:35:00+00:00,25024.9,25027.9,25024.9,25027.9,92
1781894400000,2026-06-19T18:40:00+00:00,25026.9,25029.9,25026.9,25029.9,52
1781894700000,2026-06-19T18:45:00+00:00,25028.9,25028.9,25026.9,25027.9,26
1781895000000,2026-06-19T18:50:00+00:00,25026.9,25028.9,25024.9,25024.9,60
1781895300000,2026-06-19T18:55:00+00:00,25025.9,25025.9,25019.9,25023.9,82
1781895600000,2026-06-19T19:00:00+00:00,25022.9,25025.9,25022.9,25025.9,50
1781895900000,2026-06-19T19:05:00+00:00,25024.9,25030.9,25024.9,25027.9,76
1781896200000,2026-06-19T19:10:00+00:00,25026.9,25028.9,25026.9,25028.9,14
1781896500000,2026-06-19T19:15:00+00:00,25027.9,25029.9,25027.9,25028.9,24
1781896800000,2026-06-19T19:20:00+00:00,25029.9,25031.9,25029.9,25030.9,12
1781897100000,2026-06-19T19:25:00+00:00,25031.9,25031.9,25027.9,25027.9,34
1781897400000,2026-06-19T19:30:00+00:00,25029.9,25029.9,25028.9,25028.9,16
1781897700000,2026-06-19T19:35:00+00:00,25029.9,25029.9,25023.9,25023.9,18
1781898000000,2026-06-19T19:40:00+00:00,25024.9,25025.9,25019.9,25025.9,64
1781898300000,2026-06-19T19:45:00+00:00,25024.9,25024.9,25011.9,25019.9,80
1781898600000,2026-06-19T19:50:00+00:00,25021.9,25021.9,25012.9,25019.9,104
1782087300000,2026-06-22T00:15:00+00:00,24944.9,24984.1,24944.9,24973.1,442
1782087600000,2026-06-22T00:20:00+00:00,24974.1,24987.1,24972.1,24987.1,226
1782087900000,2026-06-22T00:25:00+00:00,24986.1,25006.1,24983.1,25001.1,232
1782088200000,2026-06-22T00:30:00+00:00,25002.1,25008.1,24996.1,25006.1,194
1782088500000,2026-06-22T00:35:00+00:00,25007.1,25013.1,25003.1,25007.1,206
1782088800000,2026-06-22T00:40:00+00:00,25006.1,25006.1,24999.1,25006.1,144
1782089100000,2026-06-22T00:45:00+00:00,25007.1,25016.1,25006.1,25009.1,114
1782089400000,2026-06-22T00:50:00+00:00,25008.1,25014.1,25005.1,25014.1,186
1782089700000,2026-06-22T00:55:00+00:00,25013.1,25028.1,25012.1,25024.1,96
1782090000000,2026-06-22T01:00:00+00:00,25025.1,25045.1,25025.1,25039.1,364
1782090300000,2026-06-22T01:05:00+00:00,25040.1,25048.1,25033.1,25035.1,290
1782090600000,2026-06-22T01:10:00+00:00,25034.1,25037.1,25026.1,25035.1,154
1782090900000,2026-06-22T01:15:00+00:00,25034.1,25036.1,25026.1,25030.1,186
1782091200000,2026-06-22T01:20:00+00:00,25028.1,25047.1,25028.1,25043.1,234
1782091500000,2026-06-22T01:25:00+00:00,25041.1,25050.1,25041.1,25049.1,160
1782091800000,2026-06-22T01:30:00+00:00,25048.1,25048.1,25033.1,25035.1,122
1782092100000,2026-06-22T01:35:00+00:00,25036.1,25036.1,25026.1,25036.1,102
1782092400000,2026-06-22T01:40:00+00:00,25035.1,25036.1,25021.1,25022.1,138
1782092700000,2026-06-22T01:45:00+00:00,25023.1,25023.1,25009.1,25011.1,190
1782093000000,2026-06-22T01:50:00+00:00,25012.1,25014.1,25000.1,25002.1,190
1782093300000,2026-06-22T01:55:00+00:00,25001.1,25008.1,24997.1,25002.1,140
1782093600000,2026-06-22T02:00:00+00:00,25001.1,25008.1,24995.1,25001.1,212
1782093900000,2026-06-22T02:05:00+00:00,25000.1,25017.1,25000.1,25014.1,214
1782094200000,2026-06-22T02:10:00+00:00,25016.1,25016.1,24995.1,24995.1,130
1782094500000,2026-06-22T02:15:00+00:00,24996.1,24999.1,24988.1,24996.1,166
1782094800000,2026-06-22T02:20:00+00:00,24995.1,25012.1,24994.1,25010.1,166
1782095100000,2026-06-22T02:25:00+00:00,25008.1,25010.1,24996.1,25000.1,122
1782095400000,2026-06-22T02:30:00+00:00,24997.1,24998.1,24988.1,24994.1,104
1782095700000,2026-06-22T02:35:00+00:00,24995.1,24996.1,24988.1,24995.1,112
1782096000000,2026-06-22T02:40:00+00:00,24994.1,25000.1,24992.1,24994.1,174
1782096300000,2026-06-22T02:45:00+00:00,24995.1,24995.1,24981.1,24982.1,144
1782096600000,2026-06-22T02:50:00+00:00,24983.1,24984.1,24981.1,24983.1,28
1782096900000,2026-06-22T02:55:00+00:00,24985.1,24986.1,24982.1,24984.1,76
1782097200000,2026-06-22T03:00:00+00:00,24983.1,24983.1,24965.1,24975.1,180
1782097500000,2026-06-22T03:05:00+00:00,24974.1,24975.1,24969.1,24973.1,130
1782097800000,2026-06-22T03:10:00+00:00,24971.1,24975.1,24970.1,24971.1,78
1782098100000,2026-06-22T03:15:00+00:00,24972.1,24985.1,24972.1,24983.1,140
1782098400000,2026-06-22T03:20:00+00:00,24984.1,24989.1,24981.1,24986.1,58
1782098700000,2026-06-22T03:25:00+00:00,24987.1,24988.1,24981.1,24987.1,80
1782099000000,2026-06-22T03:30:00+00:00,24990.1,24997.1,24990.1,24996.1,56
1782099300000,2026-06-22T03:35:00+00:00,24997.1,24998.1,24988.1,24995.1,86
1782099600000,2026-06-22T03:40:00+00:00,24994.1,24996.1,24991.1,24992.1,44
1782099900000,2026-06-22T03:45:00+00:00,24993.1,25003.1,24991.1,24999.1,144
1782100200000,2026-06-22T03:50:00+00:00,25001.1,25001.1,24989.1,24989.1,90
1782100500000,2026-06-22T03:55:00+00:00,24991.1,24991.1,24976.1,24981.1,218
1782100800000,2026-06-22T04:00:00+00:00,24982.1,24982.1,24975.1,24981.1,120
1782101100000,2026-06-22T04:05:00+00:00,24982.1,24990.1,24981.1,24988.1,130
1782101400000,2026-06-22T04:10:00+00:00,24989.1,24992.1,24973.1,24973.1,152
1782101700000,2026-06-22T04:15:00+00:00,24974.1,24981.1,24973.1,24978.1,158
1782102000000,2026-06-22T04:20:00+00:00,24979.1,24981.1,24976.1,24978.1,100
1782102300000,2026-06-22T04:25:00+00:00,24977.1,24977.1,24970.1,24974.1,100
1782102600000,2026-06-22T04:30:00+00:00,24973.1,24977.1,24967.1,24972.1,112
1782102900000,2026-06-22T04:35:00+00:00,24973.1,24973.1,24964.1,24969.1,162
1782103200000,2026-06-22T04:40:00+00:00,24968.1,24972.1,24962.1,24964.1,146
1782103500000,2026-06-22T04:45:00+00:00,24965.1,24987.1,24965.1,24979.1,240
1782103800000,2026-06-22T04:50:00+00:00,24980.1,24985.1,24978.1,24982.1,128
1782104100000,2026-06-22T04:55:00+00:00,24981.1,24996.1,24980.1,24995.1,156
1782104400000,2026-06-22T05:00:00+00:00,24996.1,25004.1,24995.1,24999.1,182
1782104700000,2026-06-22T05:05:00+00:00,24998.1,25030.1,24996.1,25030.1,244
1782105000000,2026-06-22T05:10:00+00:00,25029.1,25039.1,25022.1,25030.1,166
1782105300000,2026-06-22T05:15:00+00:00,25027.1,25036.1,25026.1,25032.1,176
1782105600000,2026-06-22T05:20:00+00:00,25033.1,25035.1,25029.1,25034.1,152
1782105900000,2026-06-22T05:25:00+00:00,25036.1,25040.1,25031.1,25036.1,178
1782106200000,2026-06-22T05:30:00+00:00,25035.1,25038.1,25025.1,25036.1,176
1782106500000,2026-06-22T05:35:00+00:00,25037.1,25043.1,25027.1,25027.1,192
1782106800000,2026-06-22T05:40:00+00:00,25028.1,25031.1,25022.1,25024.1,160
1782107100000,2026-06-22T05:45:00+00:00,25023.1,25026.1,25016.1,25026.1,104
1782107400000,2026-06-22T05:50:00+00:00,25025.1,25037.1,25023.1,25031.1,90
1782107700000,2026-06-22T05:55:00+00:00,25032.1,25041.1,25032.1,25039.1,96
1782108000000,2026-06-22T06:00:00+00:00,25044.1,25048.7,25027.7,25034.7,252
1782108300000,2026-06-22T06:05:00+00:00,25033.7,25065.7,25032.7,25063.7,316
1782108600000,2026-06-22T06:10:00+00:00,25062.7,25063.7,25047.7,25049.7,234
1782108900000,2026-06-22T06:15:00+00:00,25048.7,25054.7,25035.7,25039.7,210
1782109200000,2026-06-22T06:20:00+00:00,25038.7,25064.7,25037.7,25063.7,234
1782109500000,2026-06-22T06:25:00+00:00,25064.7,25078.7,25062.7,25077.7,314
1782109800000,2026-06-22T06:30:00+00:00,25076.7,25080.7,25064.7,25068.7,198
1782110100000,2026-06-22T06:35:00+00:00,25069.7,25082.7,25065.7,25075.7,246
1782110400000,2026-06-22T06:40:00+00:00,25077.7,25087.7,25074.7,25087.7,202
1782110700000,2026-06-22T06:45:00+00:00,25088.7,25092.7,25084.7,25086.7,232
1782111000000,2026-06-22T06:50:00+00:00,25087.7,25097.7,25084.7,25094.7,166
1782111300000,2026-06-22T06:55:00+00:00,25093.7,25102.7,25087.7,25094.7,198
1782111600000,2026-06-22T07:00:00+00:00,25097.7,25097.7,25041.7,25055.7,660
1782111900000,2026-06-22T07:05:00+00:00,25053.7,25093.7,25053.7,25091.7,538
1782112200000,2026-06-22T07:10:00+00:00,25092.7,25094.7,25060.7,25077.7,540
1782112500000,2026-06-22T07:15:00+00:00,25078.7,25093.7,25074.7,25076.7,506
1782112800000,2026-06-22T07:20:00+00:00,25077.7,25095.7,25063.7,25074.7,442
1782113100000,2026-06-22T07:25:00+00:00,25076.7,25092.7,25069.7,25091.7,404
1782113400000,2026-06-22T07:30:00+00:00,25093.7,25108.7,25066.7,25078.7,468
1782113700000,2026-06-22T07:35:00+00:00,25077.7,25094.7,25069.7,25069.7,438
1782114000000,2026-06-22T07:40:00+00:00,25070.7,25070.7,25024.7,25032.7,408
1782114300000,2026-06-22T07:45:00+00:00,25031.7,25039.7,25012.7,25036.7,460
1782114600000,2026-06-22T07:50:00+00:00,25037.7,25041.7,25010.7,25012.7,422
1782114900000,2026-06-22T07:55:00+00:00,25011.7,25036.7,25009.7,25036.7,394
1782115200000,2026-06-22T08:00:00+00:00,25037.7,25039.7,25004.7,25010.7,450
1782115500000,2026-06-22T08:05:00+00:00,25011.7,25015.7,24996.7,25013.7,450
1782115800000,2026-06-22T08:10:00+00:00,25014.7,25020.7,24994.7,25012.7,454
1782116100000,2026-06-22T08:15:00+00:00,25011.7,25017.7,24988.7,24990.7,450
1782116400000,2026-06-22T08:20:00+00:00,24991.7,25016.7,24989.7,25013.7,458
1782116700000,2026-06-22T08:25:00+00:00,25011.7,25023.7,25002.7,25008.7,494
1782117000000,2026-06-22T08:30:00+00:00,25010.7,25010.7,24975.7,24988.7,410
1782117300000,2026-06-22T08:35:00+00:00,24989.7,25009.7,24985.7,25008.7,450
1782117600000,2026-06-22T08:40:00+00:00,25009.7,25014.7,24994.7,25000.7,376
1782117900000,2026-06-22T08:45:00+00:00,25001.7,25001.7,24967.7,24977.7,340
1782118200000,2026-06-22T08:50:00+00:00,24975.7,24985.7,24972.7,24981.7,358
1782118500000,2026-06-22T08:55:00+00:00,24980.7,24986.7,24968.7,24972.7,362
1782118800000,2026-06-22T09:00:00+00:00,24973.7,24974.7,24954.7,24966.7,464
1782119100000,2026-06-22T09:05:00+00:00,24964.7,24984.7,24964.7,24981.7,382
1782119400000,2026-06-22T09:10:00+00:00,24980.7,24995.7,24965.7,24994.7,374
1782119700000,2026-06-22T09:15:00+00:00,24995.7,24999.7,24977.7,24981.7,322
1782120000000,2026-06-22T09:20:00+00:00,24980.7,24984.7,24961.7,24967.7,356
1782120300000,2026-06-22T09:25:00+00:00,24966.7,24971.7,24954.7,24970.7,347
1782120600000,2026-06-22T09:30:00+00:00,24969.7,24980.7,24964.7,24968.7,366
1782120900000,2026-06-22T09:35:00+00:00,24969.7,24971.7,24943.7,24944.7,340
1782121200000,2026-06-22T09:40:00+00:00,24943.7,24956.7,24941.7,24953.7,360
1782121500000,2026-06-22T09:45:00+00:00,24952.7,24966.7,24944.7,24945.7,346
1782121800000,2026-06-22T09:50:00+00:00,24944.7,24946.7,24930.7,24939.7,354
1782122100000,2026-06-22T09:55:00+00:00,24941.7,24946.7,24923.7,24923.7,306
1782122400000,2026-06-22T10:00:00+00:00,24924.7,24945.7,24918.7,24945.7,356
1782122700000,2026-06-22T10:05:00+00:00,24946.7,24960.7,24940.7,24946.7,410
1782123000000,2026-06-22T10:10:00+00:00,24944.7,24957.7,24939.7,24949.7,368
1782123300000,2026-06-22T10:15:00+00:00,24950.7,24960.7,24948.7,24953.7,330
1782123600000,2026-06-22T10:20:00+00:00,24955.7,24956.7,24945.7,24949.7,286
1782123900000,2026-06-22T10:25:00+00:00,24948.7,24956.7,24946.7,24948.7,258
1782124200000,2026-06-22T10:30:00+00:00,24949.7,24952.7,24936.7,24942.7,322
1782124500000,2026-06-22T10:35:00+00:00,24943.7,24962.7,24942.7,24950.7,272
1782124800000,2026-06-22T10:40:00+00:00,24952.7,24957.7,24947.7,24948.7,330
1782125100000,2026-06-22T10:45:00+00:00,24947.7,24956.7,24935.7,24941.7,258
1782125400000,2026-06-22T10:50:00+00:00,24942.7,24949.7,24934.7,24947.7,306
1782125700000,2026-06-22T10:55:00+00:00,24948.7,24949.7,24934.7,24934.7,294
1782126000000,2026-06-22T11:00:00+00:00,24935.7,24964.7,24920.7,24961.7,374
1782126300000,2026-06-22T11:05:00+00:00,24960.7,24991.7,24959.7,24975.7,610
1782126600000,2026-06-22T11:10:00+00:00,24973.7,24980.7,24955.7,24969.7,384
1782126900000,2026-06-22T11:15:00+00:00,24968.7,24972.7,24961.7,24962.7,362
1782127200000,2026-06-22T11:20:00+00:00,24964.7,24971.7,24960.7,24966.7,306
1782127500000,2026-06-22T11:25:00+00:00,24965.7,24988.7,24965.7,24982.7,298
1782127800000,2026-06-22T11:30:00+00:00,24981.7,25002.7,24978.7,24998.7,380
1782128100000,2026-06-22T11:35:00+00:00,24999.7,25008.7,24995.7,24996.7,334
1782128400000,2026-06-22T11:40:00+00:00,24997.7,25013.7,24994.7,25011.7,292
1782128700000,2026-06-22T11:45:00+00:00,25010.7,25012.7,24999.7,25009.7,340
1782129000000,2026-06-22T11:50:00+00:00,25008.7,25015.7,25000.7,25009.7,254
1782129300000,2026-06-22T11:55:00+00:00,25010.7,25023.7,25008.7,25022.7,234
1782129600000,2026-06-22T12:00:00+00:00,25023.7,25024.7,25011.7,25018.7,360
1782129900000,2026-06-22T12:05:00+00:00,25017.7,25022.7,24996.7,25004.7,360
1782130200000,2026-06-22T12:10:00+00:00,25003.7,25022.7,24999.7,25022.7,245
1782130500000,2026-06-22T12:15:00+00:00,25021.7,25023.7,25008.7,25023.7,382
1782130800000,2026-06-22T12:20:00+00:00,25022.7,25048.7,25022.7,25047.7,267
1782131100000,2026-06-22T12:25:00+00:00,25046.7,25047.7,25033.7,25047.7,324
1782131400000,2026-06-22T12:30:00+00:00,25046.7,25050.7,25035.7,25036.7,382
1782131700000,2026-06-22T12:35:00+00:00,25035.7,25054.7,25034.7,25047.7,330
1782132000000,2026-06-22T12:40:00+00:00,25048.7,25052.7,25031.7,25038.7,268
1782132300000,2026-06-22T12:45:00+00:00,25039.7,25044.7,25031.7,25034.7,324
1782132600000,2026-06-22T12:50:00+00:00,25036.7,25047.7,25035.7,25043.7,228
1782132900000,2026-06-22T12:55:00+00:00,25042.7,25056.7,25042.7,25047.7,224
1782133200000,2026-06-22T13:00:00+00:00,25048.7,25093.7,25047.7,25074.7,634
1782133500000,2026-06-22T13:05:00+00:00,25075.7,25080.7,25052.7,25056.7,432
1782133800000,2026-06-22T13:10:00+00:00,25055.7,25080.7,25053.7,25078.7,372
1782134100000,2026-06-22T13:15:00+00:00,25077.7,25083.7,25067.7,25074.7,346
1782134400000,2026-06-22T13:20:00+00:00,25075.7,25096.7,25073.7,25093.7,368
1782134700000,2026-06-22T13:25:00+00:00,25094.7,25117.7,25094.7,25107.7,344
1782135000000,2026-06-22T13:30:00+00:00,25104.7,25142.7,25104.7,25137.7,532
1782135300000,2026-06-22T13:35:00+00:00,25136.7,25137.7,25124.7,25132.7,486
1782135600000,2026-06-22T13:40:00+00:00,25134.7,25136.7,25104.7,25128.7,528
1782135900000,2026-06-22T13:45:00+00:00,25127.7,25153.7,25119.7,25147.7,514
1782136200000,2026-06-22T13:50:00+00:00,25148.7,25163.7,25143.7,25160.7,484
1782136500000,2026-06-22T13:55:00+00:00,25159.7,25176.7,25153.7,25174.7,432
1782136800000,2026-06-22T14:00:00+00:00,25173.7,25175.7,25146.7,25162.7,420
1782137100000,2026-06-22T14:05:00+00:00,25161.7,25195.7,25156.7,25195.7,448
1782137400000,2026-06-22T14:10:00+00:00,25196.7,25202.7,25178.7,25182.7,466
1782137700000,2026-06-22T14:15:00+00:00,25181.7,25181.7,25160.7,25164.7,372
1782138000000,2026-06-22T14:20:00+00:00,25165.7,25183.7,25163.7,25172.7,432
1782138300000,2026-06-22T14:25:00+00:00,25171.7,25175.7,25150.7,25151.7,466
1782138600000,2026-06-22T14:30:00+00:00,25152.7,25155.7,25135.7,25152.7,484
1782138900000,2026-06-22T14:35:00+00:00,25153.7,25160.7,25139.7,25156.7,470
1782139200000,2026-06-22T14:40:00+00:00,25155.7,25158.7,25134.7,25134.7,468
1782139500000,2026-06-22T14:45:00+00:00,25135.7,25154.7,25130.7,25133.7,494
1782139800000,2026-06-22T14:50:00+00:00,25131.7,25137.7,25112.7,25115.7,476
1782140100000,2026-06-22T14:55:00+00:00,25114.7,25149.7,25109.7,25138.7,476
1782140400000,2026-06-22T15:00:00+00:00,25139.7,25152.7,25139.7,25144.7,434
1782140700000,2026-06-22T15:05:00+00:00,25143.7,25144.7,25116.7,25130.7,418
1782141000000,2026-06-22T15:10:00+00:00,25131.7,25164.7,25130.7,25160.7,448
1782141300000,2026-06-22T15:15:00+00:00,25159.7,25159.7,25143.7,25147.7,422
1782141600000,2026-06-22T15:20:00+00:00,25148.7,25154.7,25142.7,25152.7,378
1782141900000,2026-06-22T15:25:00+00:00,25153.7,25182.7,25145.7,25182.7,506
1782142200000,2026-06-22T15:30:00+00:00,25179.7,25194.7,25165.7,25166.7,536
1782142500000,2026-06-22T15:35:00+00:00,25168.7,25173.7,25148.7,25166.7,384
1782142800000,2026-06-22T15:40:00+00:00,25168.7,25173.7,25158.7,25172.7,304
1782143100000,2026-06-22T15:45:00+00:00,25173.7,25181.7,25150.7,25152.7,400
1782143400000,2026-06-22T15:50:00+00:00,25150.7,25157.7,25147.7,25153.7,448
1782143700000,2026-06-22T15:55:00+00:00,25154.7,25162.7,25125.7,25132.7,348
1782144000000,2026-06-22T16:00:00+00:00,25136.7,25136.7,25104.7,25111.7,522
1782144300000,2026-06-22T16:05:00+00:00,25110.7,25121.7,25106.7,25118.7,414
1782144600000,2026-06-22T16:10:00+00:00,25117.7,25129.7,25115.7,25128.7,338
1782144900000,2026-06-22T16:15:00+00:00,25129.7,25131.7,25122.7,25126.7,286
1782145200000,2026-06-22T16:20:00+00:00,25127.7,25132.7,25111.7,25115.7,321
1782145500000,2026-06-22T16:25:00+00:00,25114.7,25122.7,25110.7,25122.7,270
1782145800000,2026-06-22T16:30:00+00:00,25120.7,25122.7,25109.7,25111.7,348
1782146100000,2026-06-22T16:35:00+00:00,25112.7,25118.7,25106.7,25115.7,282
1782146400000,2026-06-22T16:40:00+00:00,25114.7,25118.7,25107.7,25107.7,332
1782146700000,2026-06-22T16:45:00+00:00,25108.7,25118.7,25101.7,25118.7,330
1782147000000,2026-06-22T16:50:00+00:00,25117.7,25125.7,25114.7,25114.7,226
1782147300000,2026-06-22T16:55:00+00:00,25117.7,25131.7,25109.7,25118.7,350
1782147600000,2026-06-22T17:00:00+00:00,25119.7,25120.7,25111.7,25114.7,220
1782147900000,2026-06-22T17:05:00+00:00,25113.7,25114.7,25102.7,25105.7,292
1782148200000,2026-06-22T17:10:00+00:00,25104.7,25107.7,25098.7,25099.7,210
1782148500000,2026-06-22T17:15:00+00:00,25101.7,25110.7,25101.7,25109.7,224
1782148800000,2026-06-22T17:20:00+00:00,25110.7,25112.7,25099.7,25102.7,224
1782149100000,2026-06-22T17:25:00+00:00,25101.7,25107.7,25096.7,25104.7,254
1782149400000,2026-06-22T17:30:00+00:00,25103.7,25106.7,25091.7,25096.7,300
1782149700000,2026-06-22T17:35:00+00:00,25095.7,25112.7,25088.7,25110.7,254
1782150000000,2026-06-22T17:40:00+00:00,25111.7,25113.7,25108.7,25110.7,242
1782150300000,2026-06-22T17:45:00+00:00,25111.7,25117.7,25105.7,25115.7,226
1782150600000,2026-06-22T17:50:00+00:00,25116.7,25122.7,25111.7,25119.7,242
1782150900000,2026-06-22T17:55:00+00:00,25120.7,25120.7,25112.7,25115.7,134
1782151200000,2026-06-22T18:00:00+00:00,25114.7,25120.7,25109.7,25113.7,278
1782151500000,2026-06-22T18:05:00+00:00,25112.7,25127.7,25110.7,25126.7,246
1782151800000,2026-06-22T18:10:00+00:00,25127.7,25131.7,25121.7,25127.7,194
1782152100000,2026-06-22T18:15:00+00:00,25128.7,25131.7,25121.7,25123.7,156
1782152400000,2026-06-22T18:20:00+00:00,25124.7,25134.7,25123.7,25132.7,264
1782152700000,2026-06-22T18:25:00+00:00,25133.7,25133.7,25123.7,25124.7,276
1782153000000,2026-06-22T18:30:00+00:00,25125.7,25135.7,25114.7,25117.7,204
1782153300000,2026-06-22T18:35:00+00:00,25118.7,25124.7,25117.7,25118.7,186
1782153600000,2026-06-22T18:40:00+00:00,25117.7,25119.7,25109.7,25111.7,226
1782153900000,2026-06-22T18:45:00+00:00,25112.7,25116.7,25106.7,25114.7,282
1782154200000,2026-06-22T18:50:00+00:00,25115.7,25115.7,25101.7,25106.7,286
1782154500000,2026-06-22T18:55:00+00:00,25104.7,25106.7,25099.7,25100.7,324
1782154800000,2026-06-22T19:00:00+00:00,25102.7,25106.7,25098.7,25104.7,288
1782155100000,2026-06-22T19:05:00+00:00,25103.7,25105.7,25091.7,25098.7,304
1782155400000,2026-06-22T19:10:00+00:00,25099.7,25109.7,25096.7,25105.7,282
1782155700000,2026-06-22T19:15:00+00:00,25106.7,25111.7,25103.7,25108.7,296
1782156000000,2026-06-22T19:20:00+00:00,25107.7,25109.7,25102.7,25107.7,234
1782156300000,2026-06-22T19:25:00+00:00,25108.7,25109.7,25101.7,25102.7,284
1782156600000,2026-06-22T19:30:00+00:00,25104.7,25107.7,25102.7,25104.7,280
1782156900000,2026-06-22T19:35:00+00:00,25103.7,25112.7,25102.7,25111.7,296
1782157200000,2026-06-22T19:40:00+00:00,25112.7,25118.7,25100.7,25101.7,258
1782157500000,2026-06-22T19:45:00+00:00,25105.7,25116.7,25102.7,25111.7,256
1782157800000,2026-06-22T19:50:00+00:00,25112.7,25121.7,25108.7,25115.7,344
1782158100000,2026-06-22T19:55:00+00:00,25114.7,25124.7,25112.7,25119.7,230
1782173700000,2026-06-23T00:15:00+00:00,25055.4,25072.9,25054.4,25063.6,264
1782174000000,2026-06-23T00:20:00+00:00,25064.6,25072.6,25057.6,25068.6,236
1782174300000,2026-06-23T00:25:00+00:00,25066.6,25077.6,25066.6,25072.6,226
1782174600000,2026-06-23T00:30:00+00:00,25071.6,25091.6,25064.6,25086.6,302
1782174900000,2026-06-23T00:35:00+00:00,25085.6,25091.6,25077.6,25091.6,204
1782175200000,2026-06-23T00:40:00+00:00,25092.6,25112.6,25090.6,25111.6,182
1782175500000,2026-06-23T00:45:00+00:00,25112.6,25125.6,25107.6,25115.6,392
1782175800000,2026-06-23T00:50:00+00:00,25114.6,25118.6,25103.6,25108.6,248
1782176100000,2026-06-23T00:55:00+00:00,25107.6,25113.6,25103.6,25111.6,224
1782176400000,2026-06-23T01:00:00+00:00,25112.6,25120.6,25112.6,25119.6,304
1782176700000,2026-06-23T01:05:00+00:00,25118.6,25121.6,25105.6,25114.6,334
1782177000000,2026-06-23T01:10:00+00:00,25115.6,25116.6,25104.6,25106.6,222
1782177300000,2026-06-23T01:15:00+00:00,25105.6,25112.6,25095.6,25101.6,278
1782177600000,2026-06-23T01:20:00+00:00,25102.6,25104.6,25095.6,25096.6,298
1782177900000,2026-06-23T01:25:00+00:00,25097.6,25108.6,25095.6,25103.6,236
1782178200000,2026-06-23T01:30:00+00:00,25104.6,25106.6,25087.6,25088.6,270
1782178500000,2026-06-23T01:35:00+00:00,25087.6,25090.6,25068.6,25077.6,362
1782178800000,2026-06-23T01:40:00+00:00,25076.6,25088.6,25063.6,25067.6,394
1782179100000,2026-06-23T01:45:00+00:00,25066.6,25078.6,25058.6,25069.6,318
1782179400000,2026-06-23T01:50:00+00:00,25068.6,25081.6,25060.6,25076.6,392
1782179700000,2026-06-23T01:55:00+00:00,25077.6,25084.6,25071.6,25078.6,308
1782180000000,2026-06-23T02:00:00+00:00,25079.6,25087.6,25068.6,25076.6,342
1782180300000,2026-06-23T02:05:00+00:00,25075.6,25076.6,25053.6,25056.6,306
1782180600000,2026-06-23T02:10:00+00:00,25055.6,25061.6,25040.6,25051.6,382
1782180900000,2026-06-23T02:15:00+00:00,25052.6,25060.6,25047.6,25054.6,270
1782181200000,2026-06-23T02:20:00+00:00,25053.6,25061.6,25051.6,25055.6,194
1782181500000,2026-06-23T02:25:00+00:00,25056.6,25066.6,25056.6,25062.6,224
1782181800000,2026-06-23T02:30:00+00:00,25060.6,25062.6,25048.6,25048.6,178
1782182100000,2026-06-23T02:35:00+00:00,25050.6,25056.6,25043.6,25044.6,140
1782182400000,2026-06-23T02:40:00+00:00,25043.6,25050.6,25040.6,25049.6,230
1782182700000,2026-06-23T02:45:00+00:00,25050.6,25054.6,25031.6,25036.6,236
1782183000000,2026-06-23T02:50:00+00:00,25035.6,25045.6,25032.6,25037.6,248
1782183300000,2026-06-23T02:55:00+00:00,25036.6,25042.6,25022.6,25026.6,150
1782183600000,2026-06-23T03:00:00+00:00,25028.6,25031.6,25005.6,25006.6,240
1782183900000,2026-06-23T03:05:00+00:00,25005.6,25006.6,24985.6,24989.6,252
1782184200000,2026-06-23T03:10:00+00:00,24988.6,24999.6,24985.6,24990.6,210
1782184500000,2026-06-23T03:15:00+00:00,24991.6,25001.6,24990.6,24998.6,240
1782184800000,2026-06-23T03:20:00+00:00,25000.6,25001.6,24990.6,24992.6,198
1782185100000,2026-06-23T03:25:00+00:00,24993.6,25001.6,24989.6,24998.6,178
1782185400000,2026-06-23T03:30:00+00:00,24997.6,24997.6,24975.6,24975.6,200
1782185700000,2026-06-23T03:35:00+00:00,24976.6,24979.6,24947.6,24953.6,273
1782186000000,2026-06-23T03:40:00+00:00,24951.6,24974.6,24946.6,24974.6,302
1782186300000,2026-06-23T03:45:00+00:00,24973.6,24975.6,24963.6,24971.6,248
1782186600000,2026-06-23T03:50:00+00:00,24970.6,24996.6,24968.6,24995.6,214
1782186900000,2026-06-23T03:55:00+00:00,24996.6,25009.6,24993.6,25008.6,254
1782187200000,2026-06-23T04:00:00+00:00,25007.6,25015.6,25005.6,25011.6,188
1782187500000,2026-06-23T04:05:00+00:00,25010.6,25010.6,24993.6,24996.6,190
1782187800000,2026-06-23T04:10:00+00:00,24995.6,24999.6,24991.6,24996.6,214
1782188100000,2026-06-23T04:15:00+00:00,24995.6,24996.6,24979.6,24982.6,186
1782188400000,2026-06-23T04:20:00+00:00,24983.6,24983.6,24965.6,24976.6,160
1782188700000,2026-06-23T04:25:00+00:00,24977.6,24991.6,24976.6,24991.6,188
1782189000000,2026-06-23T04:30:00+00:00,24988.6,24994.6,24977.6,24985.6,190
1782189300000,2026-06-23T04:35:00+00:00,24986.6,24987.6,24973.6,24976.6,146
1782189600000,2026-06-23T04:40:00+00:00,24974.6,24979.6,24971.6,24976.6,138
1782189900000,2026-06-23T04:45:00+00:00,24977.6,24979.6,24971.6,24972.6,212
1782190200000,2026-06-23T04:50:00+00:00,24971.6,24971.6,24941.6,24942.6,172
1782190500000,2026-06-23T04:55:00+00:00,24943.6,24949.6,24938.6,24945.6,254
1782190800000,2026-06-23T05:00:00+00:00,24947.6,24955.6,24937.6,24954.6,342
1782191100000,2026-06-23T05:05:00+00:00,24955.6,24960.6,24942.6,24948.6,302
1782191400000,2026-06-23T05:10:00+00:00,24947.6,24966.6,24947.6,24952.6,336
1782191700000,2026-06-23T05:15:00+00:00,24951.6,24955.6,24941.6,24943.6,230
1782192000000,2026-06-23T05:20:00+00:00,24942.6,24953.6,24939.6,24942.6,210
1782192300000,2026-06-23T05:25:00+00:00,24944.6,24944.6,24897.6,24913.6,272
1782192600000,2026-06-23T05:30:00+00:00,24910.6,24929.1,24906.6,24926.6,374
1782192900000,2026-06-23T05:35:00+00:00,24928.6,24929.6,24906.6,24912.6,324
1782193200000,2026-06-23T05:40:00+00:00,24914.6,24922.6,24909.6,24920.6,320
1782193500000,2026-06-23T05:45:00+00:00,24921.6,24931.1,24910.6,24928.6,258
1782193800000,2026-06-23T05:50:00+00:00,24929.6,24934.6,24917.6,24921.6,260
1782194100000,2026-06-23T05:55:00+00:00,24920.6,24920.6,24905.6,24911.6,256
1782194400000,2026-06-23T06:00:00+00:00,24912.6,24936.2,24901.6,24932.2,436
1782194700000,2026-06-23T06:05:00+00:00,24935.2,24939.2,24899.2,24909.2,468
1782195000000,2026-06-23T06:10:00+00:00,24908.2,24919.2,24902.2,24915.2,370
1782195300000,2026-06-23T06:15:00+00:00,24916.2,24927.2,24906.2,24916.2,452
1782195600000,2026-06-23T06:20:00+00:00,24915.2,24916.2,24883.2,24893.2,318
1782195900000,2026-06-23T06:25:00+00:00,24892.2,24898.2,24880.2,24883.2,456
1782196200000,2026-06-23T06:30:00+00:00,24884.2,24908.2,24868.2,24904.2,462
1782196500000,2026-06-23T06:35:00+00:00,24903.2,24911.2,24892.2,24906.2,358
1782196800000,2026-06-23T06:40:00+00:00,24909.2,24920.2,24885.2,24889.2,312
1782197100000,2026-06-23T06:45:00+00:00,24888.2,24899.2,24884.2,24889.2,278
1782197400000,2026-06-23T06:50:00+00:00,24888.2,24891.2,24874.2,24878.2,324
1782197700000,2026-06-23T06:55:00+00:00,24879.2,24884.2,24856.2,24860.2,304
1782198000000,2026-06-23T07:00:00+00:00,24863.2,24906.2,24848.2,24873.2,770
1782198300000,2026-06-23T07:05:00+00:00,24876.2,24893.2,24864.2,24881.2,696
1782198600000,2026-06-23T07:10:00+00:00,24880.2,24897.2,24865.2,24865.2,614
1782198900000,2026-06-23T07:15:00+00:00,24866.2,24866.2,24828.2,24836.2,620
1782199200000,2026-06-23T07:20:00+00:00,24835.2,24847.2,24807.2,24814.2,590
1782199500000,2026-06-23T07:25:00+00:00,24815.2,24836.2,24794.2,24832.2,552
1782199800000,2026-06-23T07:30:00+00:00,24817.2,24879.2,24817.2,24878.2,588
1782200100000,2026-06-23T07:35:00+00:00,24875.2,24879.2,24851.2,24878.2,542
1782200400000,2026-06-23T07:40:00+00:00,24877.2,24880.2,24848.2,24855.2,474
1782200700000,2026-06-23T07:45:00+00:00,24852.2,24864.2,24833.2,24856.2,450
1782201000000,2026-06-23T07:50:00+00:00,24857.2,24857.2,24836.2,24837.2,492
1782201300000,2026-06-23T07:55:00+00:00,24838.2,24838.2,24792.2,24812.2,544
1782201600000,2026-06-23T08:00:00+00:00,24811.2,24821.2,24776.2,24776.2,656
1782201900000,2026-06-23T08:05:00+00:00,24777.2,24798.2,24777.2,24797.2,578
1782202200000,2026-06-23T08:10:00+00:00,24799.2,24804.2,24773.2,24790.2,614
1782202500000,2026-06-23T08:15:00+00:00,24789.2,24804.2,24767.2,24769.2,584
1782202800000,2026-06-23T08:20:00+00:00,24768.2,24773.2,24753.2,24755.2,570
1782203100000,2026-06-23T08:25:00+00:00,24753.2,24769.2,24748.2,24768.2,510
1782203400000,2026-06-23T08:30:00+00:00,24769.2,24804.2,24760.2,24793.2,592
1782203700000,2026-06-23T08:35:00+00:00,24794.2,24811.2,24793.2,24801.2,496
1782204000000,2026-06-23T08:40:00+00:00,24803.2,24822.2,24780.2,24792.2,478
1782204300000,2026-06-23T08:45:00+00:00,24793.2,24793.2,24758.2,24772.2,484
1782204600000,2026-06-23T08:50:00+00:00,24771.2,24791.2,24769.2,24783.2,430
1782204900000,2026-06-23T08:55:00+00:00,24782.2,24795.2,24775.2,24795.2,370
1782205200000,2026-06-23T09:00:00+00:00,24796.2,24809.2,24783.2,24785.2,464
1782205500000,2026-06-23T09:05:00+00:00,24787.2,24806.2,24780.2,24789.2,474
1782205800000,2026-06-23T09:10:00+00:00,24787.2,24825.2,24782.2,24820.2,444
1782206100000,2026-06-23T09:15:00+00:00,24819.2,24828.2,24799.2,24806.2,390
1782206400000,2026-06-23T09:20:00+00:00,24808.2,24840.2,24804.2,24839.2,378
1782206700000,2026-06-23T09:25:00+00:00,24838.2,24841.2,24830.2,24837.2,372
1782207000000,2026-06-23T09:30:00+00:00,24838.2,24841.2,24823.2,24839.2,390
1782207300000,2026-06-23T09:35:00+00:00,24840.2,24849.2,24824.2,24825.2,362
1782207600000,2026-06-23T09:40:00+00:00,24824.2,24851.2,24816.2,24851.2,330
1782207900000,2026-06-23T09:45:00+00:00,24849.2,24861.2,24843.2,24856.2,404
1782208200000,2026-06-23T09:50:00+00:00,24855.2,24868.2,24853.2,24857.2,384
1782208500000,2026-06-23T09:55:00+00:00,24858.2,24884.2,24856.2,24875.2,306
1782208800000,2026-06-23T10:00:00+00:00,24877.2,24912.2,24873.2,24903.2,376
1782209100000,2026-06-23T10:05:00+00:00,24904.2,24910.2,24897.2,24899.2,332
1782209400000,2026-06-23T10:10:00+00:00,24900.2,24906.2,24892.2,24900.2,362
1782209700000,2026-06-23T10:15:00+00:00,24898.2,24910.2,24892.2,24906.2,362
1782210000000,2026-06-23T10:20:00+00:00,24904.2,24936.2,24903.2,24918.2,338
1782210300000,2026-06-23T10:25:00+00:00,24915.2,24919.2,24903.2,24912.2,324
1782210600000,2026-06-23T10:30:00+00:00,24911.2,24916.2,24893.2,24896.2,384
1782210900000,2026-06-23T10:35:00+00:00,24897.2,24902.2,24875.2,24887.2,378
1782211200000,2026-06-23T10:40:00+00:00,24886.2,24886.2,24859.2,24874.2,356
1782211500000,2026-06-23T10:45:00+00:00,24875.2,24893.2,24875.2,24887.2,336
1782211800000,2026-06-23T10:50:00+00:00,24888.2,24892.2,24868.2,24870.2,334
1782212100000,2026-06-23T10:55:00+00:00,24869.2,24883.2,24865.2,24881.2,288
1782212400000,2026-06-23T11:00:00+00:00,24882.2,24903.2,24880.2,24889.2,406
1782212700000,2026-06-23T11:05:00+00:00,24888.2,24888.2,24861.2,24871.2,384
1782213000000,2026-06-23T11:10:00+00:00,24870.2,24894.2,24870.2,24893.2,274
1782213300000,2026-06-23T11:15:00+00:00,24894.2,24894.2,24871.2,24889.2,336
1782213600000,2026-06-23T11:20:00+00:00,24888.2,24956.2,24885.2,24895.2,510
1782213900000,2026-06-23T11:25:00+00:00,24894.2,24904.2,24887.2,24895.2,428
1782214200000,2026-06-23T11:30:00+00:00,24894.2,24904.2,24883.2,24893.2,406
1782214500000,2026-06-23T11:35:00+00:00,24894.2,24896.2,24883.2,24896.2,316
1782214800000,2026-06-23T11:40:00+00:00,24897.2,24927.2,24896.2,24925.2,326
1782215100000,2026-06-23T11:45:00+00:00,24926.2,24926.2,24909.2,24923.2,336
1782215400000,2026-06-23T11:50:00+00:00,24924.2,24934.2,24912.2,24933.2,332
1782215700000,2026-06-23T11:55:00+00:00,24932.2,24940.2,24926.2,24929.2,342
1782216000000,2026-06-23T12:00:00+00:00,24930.2,24933.2,24917.2,24923.2,396
1782216300000,2026-06-23T12:05:00+00:00,24924.2,24943.2,24921.2,24943.2,298
1782216600000,2026-06-23T12:10:00+00:00,24942.2,24951.2,24925.2,24931.2,362
1782216900000,2026-06-23T12:15:00+00:00,24932.2,24940.2,24916.2,24931.2,354
1782217200000,2026-06-23T12:20:00+00:00,24927.2,24928.2,24905.2,24908.2,386
1782217500000,2026-06-23T12:25:00+00:00,24907.2,24915.2,24898.2,24913.2,380
1782217800000,2026-06-23T12:30:00+00:00,24912.2,24921.2,24885.2,24888.2,420
1782218100000,2026-06-23T12:35:00+00:00,24887.2,24913.2,24885.2,24912.2,378
1782218400000,2026-06-23T12:40:00+00:00,24911.2,24939.2,24908.2,24937.2,372
1782218700000,2026-06-23T12:45:00+00:00,24938.2,24941.2,24922.2,24930.2,346
1782219000000,2026-06-23T12:50:00+00:00,24929.2,24933.2,24917.2,24920.2,312
1782219300000,2026-06-23T12:55:00+00:00,24919.2,24940.2,24916.2,24933.2,344
1782219600000,2026-06-23T13:00:00+00:00,24932.2,24935.2,24908.2,24915.2,406
1782219900000,2026-06-23T13:05:00+00:00,24914.2,24917.2,24894.2,24904.2,350
1782220200000,2026-06-23T13:10:00+00:00,24905.2,24915.2,24896.2,24905.2,384
1782220500000,2026-06-23T13:15:00+00:00,24908.2,24918.2,24901.2,24911.2,372
1782220800000,2026-06-23T13:20:00+00:00,24910.2,24916.2,24901.2,24906.2,368
1782221100000,2026-06-23T13:25:00+00:00,24904.2,24909.2,24879.2,24890.2,448
1782221400000,2026-06-23T13:30:00+00:00,24891.2,24930.2,24879.2,24913.2,694
1782221700000,2026-06-23T13:35:00+00:00,24914.2,24916.2,24884.2,24902.7,652
1782222000000,2026-06-23T13:40:00+00:00,24903.7,24933.7,24893.7,24916.7,560
1782222300000,2026-06-23T13:45:00+00:00,24915.7,24944.7,24905.7,24933.7,536
1782222600000,2026-06-23T13:50:00+00:00,24932.7,24951.7,24930.7,24951.7,500
1782222900000,2026-06-23T13:55:00+00:00,24949.7,24970.7,24941.7,24970.7,510
1782223200000,2026-06-23T14:00:00+00:00,24969.7,24985.7,24956.7,24983.7,470
1782223500000,2026-06-23T14:05:00+00:00,24982.7,24993.7,24965.7,24990.7,536
1782223800000,2026-06-23T14:10:00+00:00,24991.7,24999.7,24977.7,24994.7,454
1782224100000,2026-06-23T14:15:00+00:00,24993.7,25011.7,24991.7,24998.7,426
1782224400000,2026-06-23T14:20:00+00:00,24999.7,25017.7,24995.7,25002.7,466
1782224700000,2026-06-23T14:25:00+00:00,25001.7,25011.7,24988.7,25001.7,460
1782225000000,2026-06-23T14:30:00+00:00,25002.7,25003.7,24966.7,24966.7,456
1782225300000,2026-06-23T14:35:00+00:00,24965.7,24985.7,24964.7,24968.7,504
1782225600000,2026-06-23T14:40:00+00:00,24969.7,24984.7,24959.7,24978.7,436
1782225900000,2026-06-23T14:45:00+00:00,24979.7,24981.7,24948.7,24961.7,474
1782226200000,2026-06-23T14:50:00+00:00,24962.7,24986.7,24957.7,24977.7,462
1782226500000,2026-06-23T14:55:00+00:00,24978.7,24985.7,24965.7,24981.7,476
1782226800000,2026-06-23T15:00:00+00:00,24983.7,24998.7,24977.7,24993.7,502
1782227100000,2026-06-23T15:05:00+00:00,24992.7,24999.7,24978.7,24999.7,456
1782227400000,2026-06-23T15:10:00+00:00,24998.7,25003.7,24986.7,25003.7,414
1782227700000,2026-06-23T15:15:00+00:00,25002.7,25005.7,24972.7,24974.7,408
1782228000000,2026-06-23T15:20:00+00:00,24973.7,24980.7,24968.7,24968.7,324
1782228300000,2026-06-23T15:25:00+00:00,24969.7,24973.7,24954.7,24965.7,512
1782228600000,2026-06-23T15:30:00+00:00,24963.7,24967.7,24924.7,24933.7,538
1782228900000,2026-06-23T15:35:00+00:00,24931.7,24948.7,24913.7,24914.7,574
1782229200000,2026-06-23T15:40:00+00:00,24915.7,24923.7,24901.7,24918.7,424
1782229500000,2026-06-23T15:45:00+00:00,24919.7,24937.7,24913.7,24929.7,358
1782229800000,2026-06-23T15:50:00+00:00,24930.7,24957.7,24929.7,24945.7,412
1782230100000,2026-06-23T15:55:00+00:00,24944.7,24961.7,24939.7,24960.7,330
1782230400000,2026-06-23T16:00:00+00:00,24961.7,24978.7,24958.7,24976.7,398
1782230700000,2026-06-23T16:05:00+00:00,24975.7,24986.7,24973.7,24982.7,364
1782231000000,2026-06-23T16:10:00+00:00,24983.7,24988.7,24977.7,24984.7,308
1782231300000,2026-06-23T16:15:00+00:00,24985.7,24987.7,24969.7,24972.7,302
1782231600000,2026-06-23T16:20:00+00:00,24970.7,24976.7,24965.7,24972.7,348
1782231900000,2026-06-23T16:25:00+00:00,24973.7,24983.7,24969.7,24980.7,308
1782232200000,2026-06-23T16:30:00+00:00,24981.7,24986.7,24976.7,24981.7,288
1782232500000,2026-06-23T16:35:00+00:00,24980.7,24993.7,24980.7,24991.7,228
1782232800000,2026-06-23T16:40:00+00:00,24990.7,24998.7,24989.7,24998.7,274
1782233100000,2026-06-23T16:45:00+00:00,24999.7,24999.7,24979.7,24986.7,298
1782233400000,2026-06-23T16:50:00+00:00,24987.7,24987.7,24979.7,24981.7,342
1782233700000,2026-06-23T16:55:00+00:00,24982.7,24991.7,24977.7,24990.7,320
1782234000000,2026-06-23T17:00:00+00:00,24989.7,24992.7,24977.7,24977.7,340
1782234300000,2026-06-23T17:05:00+00:00,24978.7,24981.7,24965.7,24972.7,278
1782234600000,2026-06-23T17:10:00+00:00,24971.7,24987.7,24971.7,24983.7,292
1782234900000,2026-06-23T17:15:00+00:00,24984.7,24984.7,24977.7,24981.7,240
1782235200000,2026-06-23T17:20:00+00:00,24982.7,24995.7,24979.7,24992.7,274
1782235500000,2026-06-23T17:25:00+00:00,24991.7,24992.7,24984.7,24985.7,272
1782235800000,2026-06-23T17:30:00+00:00,24986.7,24992.7,24978.7,24992.7,318
1782236100000,2026-06-23T17:35:00+00:00,24991.7,24996.7,24988.7,24989.7,270
1782236400000,2026-06-23T17:40:00+00:00,24990.7,24990.7,24980.7,24982.7,178
1782236700000,2026-06-23T17:45:00+00:00,24981.7,24988.7,24978.7,24985.7,220
1782237000000,2026-06-23T17:50:00+00:00,24984.7,24985.7,24963.7,24964.7,200
1782237300000,2026-06-23T17:55:00+00:00,24965.7,24967.7,24955.7,24957.7,338
1782237600000,2026-06-23T18:00:00+00:00,24956.7,24973.7,24954.7,24959.7,356
1782237900000,2026-06-23T18:05:00+00:00,24958.7,24960.7,24947.7,24959.7,320
1782238200000,2026-06-23T18:10:00+00:00,24960.7,24966.7,24959.7,24962.7,268
1782238500000,2026-06-23T18:15:00+00:00,24961.7,24966.7,24956.7,24957.7,162
1782238800000,2026-06-23T18:20:00+00:00,24958.7,24963.7,24950.7,24958.7,238
1782239100000,2026-06-23T18:25:00+00:00,24957.7,24957.7,24952.7,24953.7,226
1782239400000,2026-06-23T18:30:00+00:00,24952.7,24956.7,24947.7,24948.7,226
1782239700000,2026-06-23T18:35:00+00:00,24949.7,24951.7,24942.7,24946.7,222
1782240000000,2026-06-23T18:40:00+00:00,24945.7,24946.7,24919.7,24921.7,344
1782240300000,2026-06-23T18:45:00+00:00,24922.7,24922.7,24910.7,24921.7,332
1782240600000,2026-06-23T18:50:00+00:00,24922.7,24932.7,24915.7,24924.7,374
1782240900000,2026-06-23T18:55:00+00:00,24923.7,24931.7,24909.7,24928.7,314
1782241200000,2026-06-23T19:00:00+00:00,24927.7,24952.7,24921.7,24950.7,382
1782241500000,2026-06-23T19:05:00+00:00,24951.7,24962.7,24933.7,24941.7,446
1782241800000,2026-06-23T19:10:00+00:00,24940.7,24953.7,24938.7,24947.7,384
1782242100000,2026-06-23T19:15:00+00:00,24946.7,24949.7,24931.7,24932.7,298
1782242400000,2026-06-23T19:20:00+00:00,24933.7,24951.7,24929.7,24946.7,386
1782242700000,2026-06-23T19:25:00+00:00,24945.7,24956.7,24943.7,24955.7,392
1782243000000,2026-06-23T19:30:00+00:00,24954.7,24957.7,24941.7,24949.7,328
1782243300000,2026-06-23T19:35:00+00:00,24948.7,24950.7,24936.7,24940.7,374
1782243600000,2026-06-23T19:40:00+00:00,24941.7,24949.7,24938.7,24947.7,334
1782243900000,2026-06-23T19:45:00+00:00,24948.7,24948.7,24914.7,24929.7,332
1782244200000,2026-06-23T19:50:00+00:00,24928.7,24937.7,24920.7,24935.7,450
1782244500000,2026-06-23T19:55:00+00:00,24929.7,24935.7,24922.7,24925.7,314
1782260100000,2026-06-24T00:15:00+00:00,24982.7,24983.7,24943.9,24961.9,484
1782260400000,2026-06-24T00:20:00+00:00,24959.9,24962.9,24932.9,24932.9,406
1782260700000,2026-06-24T00:25:00+00:00,24933.9,24952.9,24927.9,24950.9,324
1782261000000,2026-06-24T00:30:00+00:00,24951.9,24963.9,24950.9,24959.9,242
1782261300000,2026-06-24T00:35:00+00:00,24961.9,24967.9,24953.9,24962.9,372
1782261600000,2026-06-24T00:40:00+00:00,24961.9,24967.9,24955.9,24961.9,204
1782261900000,2026-06-24T00:45:00+00:00,24963.9,24971.9,24956.9,24959.9,278
1782262200000,2026-06-24T00:50:00+00:00,24958.9,24964.9,24945.9,24947.9,314
1782262500000,2026-06-24T00:55:00+00:00,24945.9,24958.9,24940.9,24957.9,262
1782262800000,2026-06-24T01:00:00+00:00,24958.9,24960.9,24927.9,24931.9,426
1782263100000,2026-06-24T01:05:00+00:00,24932.9,24958.9,24929.9,24942.9,410
1782263400000,2026-06-24T01:10:00+00:00,24943.9,24962.9,24941.9,24959.9,394
1782263700000,2026-06-24T01:15:00+00:00,24958.9,24960.9,24928.9,24931.9,256
1782264000000,2026-06-24T01:20:00+00:00,24932.9,24959.9,24927.9,24956.9,332
1782264300000,2026-06-24T01:25:00+00:00,24957.9,24960.9,24946.9,24960.9,296
1782264600000,2026-06-24T01:30:00+00:00,24959.9,24967.9,24954.9,24961.9,322
1782264900000,2026-06-24T01:35:00+00:00,24959.9,24960.9,24950.9,24958.9,254
1782265200000,2026-06-24T01:40:00+00:00,24956.9,24974.9,24955.9,24963.9,280
1782265500000,2026-06-24T01:45:00+00:00,24964.9,24967.9,24952.9,24959.9,268
1782265800000,2026-06-24T01:50:00+00:00,24958.9,24976.9,24956.9,24973.9,244
1782266100000,2026-06-24T01:55:00+00:00,24974.9,24975.9,24963.9,24967.9,266
1782266400000,2026-06-24T02:00:00+00:00,24965.9,24970.9,24958.9,24963.9,288
1782266700000,2026-06-24T02:05:00+00:00,24964.9,24965.9,24946.9,24961.9,302
1782267000000,2026-06-24T02:10:00+00:00,24962.9,24968.9,24957.9,24962.9,190
1782267300000,2026-06-24T02:15:00+00:00,24961.9,24961.9,24945.9,24954.9,270
1782267600000,2026-06-24T02:20:00+00:00,24953.9,24956.9,24936.9,24938.9,224
1782267900000,2026-06-24T02:25:00+00:00,24940.9,24954.9,24937.9,24953.9,196
1782268200000,2026-06-24T02:30:00+00:00,24955.9,24961.9,24947.9,24950.9,246
1782268500000,2026-06-24T02:35:00+00:00,24949.9,24949.9,24921.9,24929.9,256
1782268800000,2026-06-24T02:40:00+00:00,24930.9,24936.9,24920.9,24929.9,346
1782269100000,2026-06-24T02:45:00+00:00,24928.9,24930.9,24901.9,24908.9,270
1782269400000,2026-06-24T02:50:00+00:00,24909.9,24910.9,24895.9,24900.9,254
1782269700000,2026-06-24T02:55:00+00:00,24902.9,24907.9,24890.9,24890.9,270
1782270000000,2026-06-24T03:00:00+00:00,24892.9,24901.9,24891.9,24892.9,302
1782270300000,2026-06-24T03:05:00+00:00,24894.9,24904.9,24883.9,24902.9,302
1782270600000,2026-06-24T03:10:00+00:00,24903.9,24938.9,24903.9,24935.9,392
1782270900000,2026-06-24T03:15:00+00:00,24934.9,24934.9,24905.9,24909.9,298
1782271200000,2026-06-24T03:20:00+00:00,24908.9,24921.9,24907.9,24910.9,296
1782271500000,2026-06-24T03:25:00+00:00,24912.9,24942.9,24911.9,24942.9,264
1782271800000,2026-06-24T03:30:00+00:00,24943.9,24955.9,24938.9,24945.9,344
1782272100000,2026-06-24T03:35:00+00:00,24948.9,24958.9,24920.9,24925.9,342
1782272400000,2026-06-24T03:40:00+00:00,24924.9,24936.9,24920.9,24928.9,244
1782272700000,2026-06-24T03:45:00+00:00,24929.9,24931.9,24920.9,24920.9,200
1782273000000,2026-06-24T03:50:00+00:00,24919.9,24921.9,24909.9,24911.9,164
1782273300000,2026-06-24T03:55:00+00:00,24910.9,24919.9,24909.9,24914.9,106
1782273600000,2026-06-24T04:00:00+00:00,24916.9,24916.9,24895.9,24896.9,218
1782273900000,2026-06-24T04:05:00+00:00,24894.9,24900.9,24891.9,24898.9,196
1782274200000,2026-06-24T04:10:00+00:00,24897.9,24900.9,24885.9,24893.9,204
1782274500000,2026-06-24T04:15:00+00:00,24892.9,24897.9,24883.9,24883.9,162
1782274800000,2026-06-24T04:20:00+00:00,24884.9,24885.9,24857.9,24858.9,164
1782275100000,2026-06-24T04:25:00+00:00,24862.9,24876.9,24859.9,24872.9,244
1782275400000,2026-06-24T04:30:00+00:00,24873.9,24895.9,24873.9,24890.9,146
1782275700000,2026-06-24T04:35:00+00:00,24889.9,24909.9,24885.9,24899.9,298
1782276000000,2026-06-24T04:40:00+00:00,24900.9,24913.9,24899.9,24904.9,220
1782276300000,2026-06-24T04:45:00+00:00,24905.9,24915.9,24904.9,24907.9,234
1782276600000,2026-06-24T04:50:00+00:00,24906.9,24913.9,24905.9,24913.9,174
1782276900000,2026-06-24T04:55:00+00:00,24912.9,24918.9,24906.9,24909.9,160
1782277200000,2026-06-24T05:00:00+00:00,24911.9,24927.9,24907.9,24925.9,270
1782277500000,2026-06-24T05:05:00+00:00,24924.9,24937.9,24918.9,24937.9,302
1782277800000,2026-06-24T05:10:00+00:00,24936.9,24942.9,24929.9,24936.9,198
1782278100000,2026-06-24T05:15:00+00:00,24935.9,24948.9,24933.9,24947.9,250
1782278400000,2026-06-24T05:20:00+00:00,24946.9,24948.9,24926.9,24937.9,230
1782278700000,2026-06-24T05:25:00+00:00,24938.9,24940.9,24928.9,24928.9,276
1782279000000,2026-06-24T05:30:00+00:00,24929.9,24945.9,24928.9,24936.9,218
1782279300000,2026-06-24T05:35:00+00:00,24935.9,24966.9,24935.9,24962.9,212
1782279600000,2026-06-24T05:40:00+00:00,24960.9,24961.9,24940.9,24944.9,310
1782279900000,2026-06-24T05:45:00+00:00,24943.9,24955.9,24941.9,24948.9,228
1782280200000,2026-06-24T05:50:00+00:00,24950.9,24950.9,24934.5,24937.9,278
1782280500000,2026-06-24T05:55:00+00:00,24936.9,24942.9,24932.9,24940.4,190
1782280800000,2026-06-24T06:00:00+00:00,24940.9,24944.9,24914.5,24915.5,362
1782281100000,2026-06-24T06:05:00+00:00,24916.5,24942.5,24916.5,24934.5,346
1782281400000,2026-06-24T06:10:00+00:00,24935.5,24940.5,24929.5,24930.5,256
1782281700000,2026-06-24T06:15:00+00:00,24931.5,24941.5,24928.5,24937.5,280
1782282000000,2026-06-24T06:20:00+00:00,24936.5,24936.5,24914.5,24930.5,288
1782282300000,2026-06-24T06:25:00+00:00,24932.5,24937.5,24921.5,24924.5,258
1782282600000,2026-06-24T06:30:00+00:00,24925.5,24947.5,24925.5,24944.5,266
1782282900000,2026-06-24T06:35:00+00:00,24941.5,24957.5,24941.5,24947.5,206
1782283200000,2026-06-24T06:40:00+00:00,24948.5,24949.5,24937.5,24938.5,170
1782283500000,2026-06-24T06:45:00+00:00,24936.5,24943.5,24930.5,24937.5,188
1782283800000,2026-06-24T06:50:00+00:00,24938.5,24946.5,24936.5,24942.5,156
1782284100000,2026-06-24T06:55:00+00:00,24941.5,24947.5,24899.5,24899.5,276
1782284400000,2026-06-24T07:00:00+00:00,24897.5,24897.5,24793.5,24814.5,822
1782284700000,2026-06-24T07:05:00+00:00,24815.5,24824.5,24786.5,24792.5,704
1782285000000,2026-06-24T07:10:00+00:00,24793.5,24803.5,24777.5,24780.5,634
1782285300000,2026-06-24T07:15:00+00:00,24782.5,24809.5,24763.5,24793.5,606
1782285600000,2026-06-24T07:20:00+00:00,24794.5,24813.5,24776.5,24796.5,549
1782285900000,2026-06-24T07:25:00+00:00,24794.5,24796.5,24758.5,24760.5,510
1782286200000,2026-06-24T07:30:00+00:00,24759.5,24772.5,24738.5,24739.5,500
1782286500000,2026-06-24T07:35:00+00:00,24740.5,24744.5,24689.5,24702.5,610
1782286800000,2026-06-24T07:40:00+00:00,24701.5,24740.5,24692.5,24738.5,668
1782287100000,2026-06-24T07:45:00+00:00,24740.5,24777.5,24731.5,24771.5,606
1782287400000,2026-06-24T07:50:00+00:00,24769.5,24779.5,24720.5,24721.5,534
1782287700000,2026-06-24T07:55:00+00:00,24723.5,24723.5,24706.5,24717.5,434
1782288000000,2026-06-24T08:00:00+00:00,24719.5,24749.5,24713.5,24747.5,602
1782288300000,2026-06-24T08:05:00+00:00,24745.5,24756.5,24724.5,24743.5,524
1782288600000,2026-06-24T08:10:00+00:00,24742.5,24756.5,24718.5,24753.5,511
1782288900000,2026-06-24T08:15:00+00:00,24752.5,24761.5,24725.5,24728.5,514
1782289200000,2026-06-24T08:20:00+00:00,24726.5,24730.5,24714.5,24726.5,504
1782289500000,2026-06-24T08:25:00+00:00,24727.5,24727.5,24708.5,24723.5,528
1782289800000,2026-06-24T08:30:00+00:00,24724.5,24741.5,24712.5,24722.5,468
1782290100000,2026-06-24T08:35:00+00:00,24721.5,24735.5,24714.5,24718.5,504
1782290400000,2026-06-24T08:40:00+00:00,24717.5,24734.5,24715.5,24733.5,396
1782290700000,2026-06-24T08:45:00+00:00,24734.5,24738.5,24708.5,24713.5,388
1782291000000,2026-06-24T08:50:00+00:00,24712.5,24739.5,24711.5,24729.5,426
1782291300000,2026-06-24T08:55:00+00:00,24730.5,24734.5,24714.5,24721.5,362
1782291600000,2026-06-24T09:00:00+00:00,24722.5,24726.5,24704.5,24707.5,430
1782291900000,2026-06-24T09:05:00+00:00,24708.5,24717.5,24691.5,24708.5,440
1782292200000,2026-06-24T09:10:00+00:00,24707.5,24727.5,24696.5,24725.5,386
1782292500000,2026-06-24T09:15:00+00:00,24727.5,24727.5,24684.5,24702.5,378
1782292800000,2026-06-24T09:20:00+00:00,24703.5,24711.5,24691.5,24704.5,384
1782293100000,2026-06-24T09:25:00+00:00,24705.5,24733.5,24699.5,24704.5,382
1782293400000,2026-06-24T09:30:00+00:00,24705.5,24718.5,24697.5,24714.5,386
1782293700000,2026-06-24T09:35:00+00:00,24711.5,24711.5,24687.5,24694.5,406
1782294000000,2026-06-24T09:40:00+00:00,24693.5,24695.5,24667.5,24667.5,426
1782294300000,2026-06-24T09:45:00+00:00,24668.5,24686.5,24664.5,24671.5,406
1782294600000,2026-06-24T09:50:00+00:00,24669.5,24694.5,24665.5,24666.5,376
1782294900000,2026-06-24T09:55:00+00:00,24667.5,24682.5,24664.5,24677.5,348
1782295200000,2026-06-24T10:00:00+00:00,24676.5,24678.5,24639.5,24658.5,470
1782295500000,2026-06-24T10:05:00+00:00,24659.5,24670.5,24657.5,24663.5,340
1782295800000,2026-06-24T10:10:00+00:00,24662.5,24675.5,24650.5,24670.5,404
1782296100000,2026-06-24T10:15:00+00:00,24669.5,24692.5,24667.5,24687.5,376
1782296400000,2026-06-24T10:20:00+00:00,24688.5,24694.5,24670.5,24672.5,358
1782296700000,2026-06-24T10:25:00+00:00,24671.5,24695.5,24671.5,24693.5,352
1782297000000,2026-06-24T10:30:00+00:00,24692.5,24694.5,24671.5,24676.5,340
1782297300000,2026-06-24T10:35:00+00:00,24675.5,24681.5,24659.5,24659.5,334
1782297600000,2026-06-24T10:40:00+00:00,24658.5,24683.5,24657.5,24675.5,400
1782297900000,2026-06-24T10:45:00+00:00,24676.5,24691.5,24676.5,24682.5,312
1782298200000,2026-06-24T10:50:00+00:00,24683.5,24683.5,24657.5,24666.5,294
1782298500000,2026-06-24T10:55:00+00:00,24665.5,24672.5,24656.5,24657.5,372
1782298800000,2026-06-24T11:00:00+00:00,24658.5,24684.5,24656.5,24657.5,422
1782299100000,2026-06-24T11:05:00+00:00,24658.5,24676.5,24652.5,24671.5,404
1782299400000,2026-06-24T11:10:00+00:00,24670.5,24675.5,24652.5,24652.5,294
1782299700000,2026-06-24T11:15:00+00:00,24651.5,24652.5,24633.5,24633.5,336
1782300000000,2026-06-24T11:20:00+00:00,24634.5,24650.5,24625.5,24650.5,352
1782300300000,2026-06-24T11:25:00+00:00,24649.5,24671.5,24644.5,24659.5,400
1782300600000,2026-06-24T11:30:00+00:00,24660.5,24676.5,24659.5,24665.5,374
1782300900000,2026-06-24T11:35:00+00:00,24667.5,24673.5,24647.5,24651.5,402
1782301200000,2026-06-24T11:40:00+00:00,24650.5,24654.5,24640.5,24652.5,384
1782301500000,2026-06-24T11:45:00+00:00,24651.5,24690.5,24651.5,24688.5,448
1782301800000,2026-06-24T11:50:00+00:00,24687.5,24689.5,24670.5,24673.5,432
1782302100000,2026-06-24T11:55:00+00:00,24672.5,24687.5,24663.5,24686.5,376
1782302400000,2026-06-24T12:00:00+00:00,24687.5,24694.5,24675.5,24687.5,424
1782302700000,2026-06-24T12:05:00+00:00,24686.5,24686.5,24666.5,24675.5,370
1782303000000,2026-06-24T12:10:00+00:00,24672.5,24693.5,24666.5,24690.5,390
1782303300000,2026-06-24T12:15:00+00:00,24689.5,24715.5,24689.5,24715.5,362
1782303600000,2026-06-24T12:20:00+00:00,24713.5,24716.5,24693.5,24704.5,370
1782303900000,2026-06-24T12:25:00+00:00,24706.5,24706.5,24691.5,24700.5,328
1782304200000,2026-06-24T12:30:00+00:00,24701.5,24703.5,24677.5,24685.5,348
1782304500000,2026-06-24T12:35:00+00:00,24686.5,24690.5,24673.5,24681.5,382
1782304800000,2026-06-24T12:40:00+00:00,24682.5,24682.5,24660.5,24670.5,320
1782305100000,2026-06-24T12:45:00+00:00,24669.5,24677.5,24655.5,24659.5,308
1782305400000,2026-06-24T12:50:00+00:00,24660.5,24665.5,24648.5,24654.5,334
1782305700000,2026-06-24T12:55:00+00:00,24655.5,24655.5,24637.5,24650.5,384
1782306000000,2026-06-24T13:00:00+00:00,24651.5,24668.5,24645.5,24661.5,470
1782306300000,2026-06-24T13:05:00+00:00,24662.5,24672.5,24646.5,24650.5,406
1782306600000,2026-06-24T13:10:00+00:00,24651.5,24655.5,24633.5,24634.5,404
1782306900000,2026-06-24T13:15:00+00:00,24635.5,24650.5,24619.5,24645.5,412
1782307200000,2026-06-24T13:20:00+00:00,24643.5,24649.5,24610.5,24626.5,400
1782307500000,2026-06-24T13:25:00+00:00,24628.5,24658.5,24625.5,24654.5,466
1782307800000,2026-06-24T13:30:00+00:00,24649.5,24668.5,24630.5,24662.5,696
1782308100000,2026-06-24T13:35:00+00:00,24660.5,24684.5,24652.5,24652.5,600
1782308400000,2026-06-24T13:40:00+00:00,24656.5,24656.5,24619.5,24653.5,660
1782308700000,2026-06-24T13:45:00+00:00,24654.5,24660.5,24635.5,24659.5,664
1782309000000,2026-06-24T13:50:00+00:00,24664.5,24712.5,24664.5,24698.5,662
1782309300000,2026-06-24T13:55:00+00:00,24697.5,24697.5,24671.5,24678.5,578
1782309600000,2026-06-24T14:00:00+00:00,24681.5,24691.5,24656.5,24657.5,630
1782309900000,2026-06-24T14:05:00+00:00,24656.5,24678.5,24653.5,24676.5,582
1782310200000,2026-06-24T14:10:00+00:00,24677.5,24688.5,24652.5,24660.5,596
1782310500000,2026-06-24T14:15:00+00:00,24659.5,24664.5,24635.5,24660.5,530
1782310800000,2026-06-24T14:20:00+00:00,24659.5,24674.5,24649.5,24663.5,538
1782311100000,2026-06-24T14:25:00+00:00,24664.5,24675.5,24651.5,24658.5,462
1782311400000,2026-06-24T14:30:00+00:00,24659.5,24695.5,24658.5,24688.5,532
1782311700000,2026-06-24T14:35:00+00:00,24687.5,24700.5,24677.5,24677.5,512
1782312000000,2026-06-24T14:40:00+00:00,24678.5,24701.5,24678.5,24701.5,494
1782312300000,2026-06-24T14:45:00+00:00,24700.5,24723.5,24691.5,24719.5,390
1782312600000,2026-06-24T14:50:00+00:00,24720.5,24730.5,24705.5,24705.5,468
1782312900000,2026-06-24T14:55:00+00:00,24706.5,24733.5,24696.5,24727.5,416
1782313200000,2026-06-24T15:00:00+00:00,24728.5,24732.5,24704.5,24711.5,468
1782313500000,2026-06-24T15:05:00+00:00,24712.5,24713.5,24679.5,24688.5,466
1782313800000,2026-06-24T15:10:00+00:00,24687.5,24690.5,24675.5,24682.5,456
1782314100000,2026-06-24T15:15:00+00:00,24684.5,24712.5,24678.5,24711.5,414
1782314400000,2026-06-24T15:20:00+00:00,24709.5,24731.5,24705.5,24715.5,454
1782314700000,2026-06-24T15:25:00+00:00,24713.5,24745.5,24711.5,24740.5,436
1782315000000,2026-06-24T15:30:00+00:00,24741.5,24778.5,24741.5,24757.5,566
1782315300000,2026-06-24T15:35:00+00:00,24758.5,24770.5,24750.5,24756.5,472
1782315600000,2026-06-24T15:40:00+00:00,24755.5,24759.5,24743.5,24752.5,326
1782315900000,2026-06-24T15:45:00+00:00,24753.5,24760.5,24741.5,24755.5,438
1782316200000,2026-06-24T15:50:00+00:00,24757.5,24767.5,24755.5,24758.5,388
1782316500000,2026-06-24T15:55:00+00:00,24759.5,24761.5,24747.5,24753.5,280
1782316800000,2026-06-24T16:00:00+00:00,24754.5,24761.5,24751.5,24759.5,276
1782317100000,2026-06-24T16:05:00+00:00,24760.5,24765.5,24753.5,24757.5,326
1782317400000,2026-06-24T16:10:00+00:00,24759.5,24770.5,24756.5,24765.5,284
1782317700000,2026-06-24T16:15:00+00:00,24764.5,24772.5,24762.5,24765.5,292
1782318000000,2026-06-24T16:20:00+00:00,24764.5,24775.5,24760.5,24770.5,282
1782318300000,2026-06-24T16:25:00+00:00,24769.5,24771.5,24760.5,24763.5,294
1782318600000,2026-06-24T16:30:00+00:00,24761.5,24765.5,24755.5,24763.5,306
1782318900000,2026-06-24T16:35:00+00:00,24764.5,24768.5,24738.5,24738.5,372
1782319200000,2026-06-24T16:40:00+00:00,24737.5,24742.5,24720.5,24731.5,472
1782319500000,2026-06-24T16:45:00+00:00,24730.5,24746.5,24725.5,24745.5,344
1782319800000,2026-06-24T16:50:00+00:00,24744.5,24750.5,24727.5,24727.5,358
1782320100000,2026-06-24T16:55:00+00:00,24726.5,24734.5,24719.5,24727.5,278
1782320400000,2026-06-24T17:00:00+00:00,24726.5,24747.5,24725.5,24746.5,410
1782320700000,2026-06-24T17:05:00+00:00,24745.5,24747.5,24714.5,24724.5,394
1782321000000,2026-06-24T17:10:00+00:00,24725.5,24735.5,24721.5,24734.5,394
1782321300000,2026-06-24T17:15:00+00:00,24735.5,24744.5,24712.5,24716.5,466
1782321600000,2026-06-24T17:20:00+00:00,24717.5,24719.5,24699.5,24700.5,518
1782321900000,2026-06-24T17:25:00+00:00,24699.5,24701.5,24678.5,24678.5,506
1782322200000,2026-06-24T17:30:00+00:00,24679.5,24687.5,24654.5,24681.5,606
1782322500000,2026-06-24T17:35:00+00:00,24684.5,24697.5,24679.5,24697.5,480
1782322800000,2026-06-24T17:40:00+00:00,24695.5,24700.5,24683.5,24684.5,522
1782323100000,2026-06-24T17:45:00+00:00,24685.5,24699.5,24675.5,24689.5,580
1782323400000,2026-06-24T17:50:00+00:00,24690.5,24694.5,24683.5,24689.5,460
1782323700000,2026-06-24T17:55:00+00:00,24690.5,24700.5,24671.5,24676.5,456
1782324000000,2026-06-24T18:00:00+00:00,24677.5,24685.5,24668.5,24680.5,522
1782324300000,2026-06-24T18:05:00+00:00,24681.5,24694.5,24678.5,24694.5,452
1782324600000,2026-06-24T18:10:00+00:00,24693.5,24701.5,24690.5,24698.5,450
1782324900000,2026-06-24T18:15:00+00:00,24699.5,24730.5,24699.5,24726.5,422
1782325200000,2026-06-24T18:20:00+00:00,24725.5,24729.5,24718.5,24729.5,470
1782325500000,2026-06-24T18:25:00+00:00,24728.5,24738.5,24725.5,24730.5,462
1782325800000,2026-06-24T18:30:00+00:00,24729.5,24735.5,24719.5,24728.5,402
1782326100000,2026-06-24T18:35:00+00:00,24729.5,24729.5,24714.5,24716.5,392
1782326400000,2026-06-24T18:40:00+00:00,24717.5,24719.5,24697.5,24706.5,452
1782326700000,2026-06-24T18:45:00+00:00,24705.5,24705.5,24671.5,24676.5,376
1782327000000,2026-06-24T18:50:00+00:00,24678.5,24688.5,24666.5,24687.5,508
1782327300000,2026-06-24T18:55:00+00:00,24686.5,24700.5,24675.5,24680.5,436
1782327600000,2026-06-24T19:00:00+00:00,24681.5,24702.5,24669.5,24694.5,490
1782327900000,2026-06-24T19:05:00+00:00,24693.5,24695.5,24653.5,24663.5,454
1782328200000,2026-06-24T19:10:00+00:00,24662.5,24672.5,24652.5,24668.5,512
1782328500000,2026-06-24T19:15:00+00:00,24669.5,24670.5,24661.5,24669.5,496
1782328800000,2026-06-24T19:20:00+00:00,24668.5,24683.5,24661.5,24683.5,304
1782329100000,2026-06-24T19:25:00+00:00,24684.5,24697.5,24682.5,24685.5,320
1782329400000,2026-06-24T19:30:00+00:00,24686.5,24696.5,24679.5,24682.5,438
1782329700000,2026-06-24T19:35:00+00:00,24683.5,24688.5,24673.5,24683.5,438
1782330000000,2026-06-24T19:40:00+00:00,24684.5,24692.5,24673.5,24683.5,416
1782330300000,2026-06-24T19:45:00+00:00,24684.5,24699.5,24683.5,24699.5,478
1782330600000,2026-06-24T19:50:00+00:00,24697.5,24724.5,24695.5,24716.5,416
1782330900000,2026-06-24T19:55:00+00:00,24711.5,24726.5,24702.5,24711.5,382
1782346500000,2026-06-25T00:15:00+00:00,24777.4,24787.7,24761.8,24774.8,314
1782346800000,2026-06-25T00:20:00+00:00,24773.8,24774.8,24762.8,24762.8,280
1782347100000,2026-06-25T00:25:00+00:00,24760.8,24760.8,24735.8,24742.8,430
1782347400000,2026-06-25T00:30:00+00:00,24748.8,24760.8,24744.8,24754.8,436
1782347700000,2026-06-25T00:35:00+00:00,24755.8,24766.8,24749.8,24753.8,380
1782348000000,2026-06-25T00:40:00+00:00,24755.8,24755.8,24744.8,24751.8,260
1782348300000,2026-06-25T00:45:00+00:00,24750.8,24755.8,24736.8,24740.8,458
1782348600000,2026-06-25T00:50:00+00:00,24741.8,24764.8,24740.8,24760.8,478
1782348900000,2026-06-25T00:55:00+00:00,24761.8,24763.8,24747.8,24755.8,396
1782349200000,2026-06-25T01:00:00+00:00,24754.8,24772.8,24748.8,24750.8,650
1782349500000,2026-06-25T01:05:00+00:00,24751.8,24756.8,24745.8,24753.8,406
1782349800000,2026-06-25T01:10:00+00:00,24754.8,24760.8,24752.8,24755.8,306
1782350100000,2026-06-25T01:15:00+00:00,24756.8,24773.8,24752.8,24771.8,462
1782350400000,2026-06-25T01:20:00+00:00,24772.8,24782.8,24772.8,24777.8,386
1782350700000,2026-06-25T01:25:00+00:00,24778.8,24781.8,24766.8,24767.8,264
1782351000000,2026-06-25T01:30:00+00:00,24769.8,24773.8,24748.8,24762.8,410
1782351300000,2026-06-25T01:35:00+00:00,24761.8,24774.8,24756.8,24760.8,432
1782351600000,2026-06-25T01:40:00+00:00,24759.8,24761.8,24740.8,24746.8,360
1782351900000,2026-06-25T01:45:00+00:00,24745.8,24746.8,24734.8,24743.8,402
1782352200000,2026-06-25T01:50:00+00:00,24744.8,24748.8,24736.8,24740.8,336
1782352500000,2026-06-25T01:55:00+00:00,24739.8,24741.8,24720.8,24724.8,212
1782352800000,2026-06-25T02:00:00+00:00,24725.8,24733.8,24719.8,24729.8,446
1782353100000,2026-06-25T02:05:00+00:00,24727.8,24732.8,24723.8,24730.8,360
1782353400000,2026-06-25T02:10:00+00:00,24729.8,24730.8,24702.8,24711.8,542
1782353700000,2026-06-25T02:15:00+00:00,24710.8,24725.8,24705.8,24724.8,434
1782354000000,2026-06-25T02:20:00+00:00,24723.8,24737.8,24714.8,24715.8,360
1782354300000,2026-06-25T02:25:00+00:00,24716.8,24721.8,24710.8,24716.8,298
1782354600000,2026-06-25T02:30:00+00:00,24714.8,24721.8,24710.8,24716.8,306
1782354900000,2026-06-25T02:35:00+00:00,24717.8,24722.8,24714.8,24715.8,226
1782355200000,2026-06-25T02:40:00+00:00,24716.8,24717.8,24704.8,24713.8,210
1782355500000,2026-06-25T02:45:00+00:00,24712.8,24718.8,24709.8,24715.8,224
1782355800000,2026-06-25T02:50:00+00:00,24716.8,24718.8,24711.8,24716.8,170
1782356100000,2026-06-25T02:55:00+00:00,24717.8,24728.8,24715.8,24727.8,260
1782356400000,2026-06-25T03:00:00+00:00,24728.8,24741.8,24724.8,24737.8,284
1782356700000,2026-06-25T03:05:00+00:00,24736.8,24742.8,24730.8,24731.8,198
1782357000000,2026-06-25T03:10:00+00:00,24733.8,24740.8,24728.8,24732.8,448
1782357300000,2026-06-25T03:15:00+00:00,24733.8,24743.8,24726.8,24739.8,214
1782357600000,2026-06-25T03:20:00+00:00,24738.8,24744.8,24736.8,24739.8,192
1782357900000,2026-06-25T03:25:00+00:00,24740.8,24740.8,24725.8,24728.8,188
1782358200000,2026-06-25T03:30:00+00:00,24729.8,24734.8,24721.8,24723.8,218
1782358500000,2026-06-25T03:35:00+00:00,24722.8,24724.8,24717.8,24720.8,196
1782358800000,2026-06-25T03:40:00+00:00,24719.8,24719.8,24707.8,24711.8,130
1782359100000,2026-06-25T03:45:00+00:00,24710.8,24725.8,24708.8,24721.8,328
1782359400000,2026-06-25T03:50:00+00:00,24722.8,24729.8,24718.8,24728.8,184
1782359700000,2026-06-25T03:55:00+00:00,24729.8,24739.8,24728.8,24737.8,196
1782360000000,2026-06-25T04:00:00+00:00,24738.8,24742.8,24730.8,24732.8,160
1782360300000,2026-06-25T04:05:00+00:00,24731.8,24733.8,24727.8,24730.8,84
1782360600000,2026-06-25T04:10:00+00:00,24729.8,24745.8,24726.8,24734.8,224
1782360900000,2026-06-25T04:15:00+00:00,24733.8,24733.8,24714.8,24719.8,194
1782361200000,2026-06-25T04:20:00+00:00,24720.8,24735.8,24719.8,24731.8,214
1782361500000,2026-06-25T04:25:00+00:00,24730.8,24733.8,24728.8,24733.8,82
1782361800000,2026-06-25T04:30:00+00:00,24732.8,24734.8,24722.8,24728.8,132
1782362100000,2026-06-25T04:35:00+00:00,24727.8,24741.8,24723.8,24740.8,220
1782362400000,2026-06-25T04:40:00+00:00,24739.8,24750.8,24730.8,24750.8,218
1782362700000,2026-06-25T04:45:00+00:00,24751.8,24752.8,24744.8,24748.8,178
1782363000000,2026-06-25T04:50:00+00:00,24750.8,24753.8,24747.8,24751.8,78
1782363300000,2026-06-25T04:55:00+00:00,24752.8,24756.3,24744.8,24750.8,166
1782363600000,2026-06-25T05:00:00+00:00,24749.8,24756.8,24736.8,24753.8,194
1782363900000,2026-06-25T05:05:00+00:00,24754.8,24762.8,24754.8,24761.8,160
1782364200000,2026-06-25T05:10:00+00:00,24760.8,24765.8,24754.8,24764.8,134
1782364500000,2026-06-25T05:15:00+00:00,24763.8,24778.8,24763.8,24770.8,142
1782364800000,2026-06-25T05:20:00+00:00,24769.8,24772.8,24764.8,24766.8,98
1782365100000,2026-06-25T05:25:00+00:00,24764.8,24776.8,24760.8,24772.8,144
1782365400000,2026-06-25T05:30:00+00:00,24771.8,24773.8,24764.8,24770.8,208
1782365700000,2026-06-25T05:35:00+00:00,24772.8,24779.8,24769.8,24776.8,204
1782366000000,2026-06-25T05:40:00+00:00,24778.8,24798.8,24778.8,24794.8,232
1782366300000,2026-06-25T05:45:00+00:00,24795.8,24796.8,24781.8,24788.8,172
1782366600000,2026-06-25T05:50:00+00:00,24787.8,24789.8,24778.8,24779.8,164
1782366900000,2026-06-25T05:55:00+00:00,24780.8,24781.8,24763.8,24771.8,252
1782367200000,2026-06-25T06:00:00+00:00,24772.8,24785.4,24759.4,24764.4,286
1782367500000,2026-06-25T06:05:00+00:00,24763.4,24785.4,24755.4,24782.4,266
1782367800000,2026-06-25T06:10:00+00:00,24786.4,24790.4,24776.4,24779.4,214
1782368100000,2026-06-25T06:15:00+00:00,24778.4,24786.4,24776.4,24786.4,250
1782368400000,2026-06-25T06:20:00+00:00,24785.4,24787.4,24771.4,24775.4,184
1782368700000,2026-06-25T06:25:00+00:00,24776.4,24784.4,24768.4,24768.4,246
1782369000000,2026-06-25T06:30:00+00:00,24766.4,24777.4,24763.4,24772.4,268
1782369300000,2026-06-25T06:35:00+00:00,24774.4,24781.4,24773.4,24778.4,202
1782369600000,2026-06-25T06:40:00+00:00,24779.4,24793.4,24775.4,24792.4,170
1782369900000,2026-06-25T06:45:00+00:00,24793.4,24802.4,24788.4,24791.4,244
1782370200000,2026-06-25T06:50:00+00:00,24790.4,24793.4,24783.4,24787.4,132
1782370500000,2026-06-25T06:55:00+00:00,24788.4,24814.4,24784.4,24814.4,240
1782370800000,2026-06-25T07:00:00+00:00,24823.4,24846.4,24786.4,24786.4,746
1782371100000,2026-06-25T07:05:00+00:00,24788.4,24831.4,24780.4,24827.4,610
1782371400000,2026-06-25T07:10:00+00:00,24829.4,24836.4,24817.4,24836.4,520
1782371700000,2026-06-25T07:15:00+00:00,24837.4,24863.4,24837.4,24848.4,500
1782372000000,2026-06-25T07:20:00+00:00,24849.4,24853.4,24837.4,24846.4,490
1782372300000,2026-06-25T07:25:00+00:00,24845.4,24846.4,24825.4,24834.4,448
1782372600000,2026-06-25T07:30:00+00:00,24835.4,24852.4,24832.4,24839.4,408
1782372900000,2026-06-25T07:35:00+00:00,24838.4,24855.4,24838.4,24855.4,412
1782373200000,2026-06-25T07:40:00+00:00,24856.4,24859.4,24837.4,24842.4,362
1782373500000,2026-06-25T07:45:00+00:00,24841.4,24855.4,24838.4,24849.4,424
1782373800000,2026-06-25T07:50:00+00:00,24848.4,24855.4,24844.4,24847.4,338
1782374100000,2026-06-25T07:55:00+00:00,24848.4,24876.4,24845.4,24876.4,282
1782374400000,2026-06-25T08:00:00+00:00,24877.4,24892.4,24861.4,24874.4,388
1782374700000,2026-06-25T08:05:00+00:00,24876.4,24893.4,24875.4,24885.4,354
1782375000000,2026-06-25T08:10:00+00:00,24883.4,24888.4,24867.4,24875.4,376
1782375300000,2026-06-25T08:15:00+00:00,24876.4,24876.4,24841.4,24868.4,406
1782375600000,2026-06-25T08:20:00+00:00,24866.4,24886.4,24861.4,24867.4,364
1782375900000,2026-06-25T08:25:00+00:00,24866.4,24883.4,24866.4,24874.4,392
1782376200000,2026-06-25T08:30:00+00:00,24873.4,24895.4,24870.4,24887.4,366
1782376500000,2026-06-25T08:35:00+00:00,24886.4,24914.4,24886.4,24911.4,370
1782376800000,2026-06-25T08:40:00+00:00,24910.4,24916.4,24904.4,24904.4,322
1782377100000,2026-06-25T08:45:00+00:00,24905.4,24908.4,24891.4,24902.4,290
1782377400000,2026-06-25T08:50:00+00:00,24901.4,24907.4,24891.4,24899.4,326
1782377700000,2026-06-25T08:55:00+00:00,24900.4,24903.4,24886.4,24893.4,312
1782378000000,2026-06-25T09:00:00+00:00,24894.4,24912.4,24893.4,24912.4,296
1782378300000,2026-06-25T09:05:00+00:00,24911.4,24925.4,24911.4,24914.4,286
1782378600000,2026-06-25T09:10:00+00:00,24915.4,24934.4,24908.4,24932.4,278
1782378900000,2026-06-25T09:15:00+00:00,24931.4,24937.4,24905.4,24906.4,334
1782379200000,2026-06-25T09:20:00+00:00,24905.4,24914.4,24901.4,24909.4,306
1782379500000,2026-06-25T09:25:00+00:00,24910.4,24911.4,24900.4,24905.4,294
1782379800000,2026-06-25T09:30:00+00:00,24907.4,24907.4,24893.4,24894.4,342
1782380100000,2026-06-25T09:35:00+00:00,24895.4,24928.4,24893.4,24922.4,286
1782380400000,2026-06-25T09:40:00+00:00,24921.4,24923.4,24910.4,24919.4,280
1782380700000,2026-06-25T09:45:00+00:00,24920.4,24923.4,24908.4,24916.4,252
1782381000000,2026-06-25T09:50:00+00:00,24915.4,24934.4,24910.4,24931.4,240
1782381300000,2026-06-25T09:55:00+00:00,24932.4,24934.4,24922.4,24931.4,264
1782381600000,2026-06-25T10:00:00+00:00,24932.4,24944.4,24920.4,24944.4,278
1782381900000,2026-06-25T10:05:00+00:00,24943.4,24945.4,24936.4,24938.4,260
1782382200000,2026-06-25T10:10:00+00:00,24939.4,24939.4,24916.4,24918.4,262
1782382500000,2026-06-25T10:15:00+00:00,24917.4,24931.4,24914.4,24915.4,276
1782382800000,2026-06-25T10:20:00+00:00,24916.4,24933.4,24908.4,24928.4,274
1782383100000,2026-06-25T10:25:00+00:00,24929.4,24940.4,24926.4,24934.4,240
1782383400000,2026-06-25T10:30:00+00:00,24933.4,24933.4,24917.4,24929.4,256
1782383700000,2026-06-25T10:35:00+00:00,24930.4,24939.4,24925.4,24937.4,222
1782384000000,2026-06-25T10:40:00+00:00,24938.4,24942.4,24925.4,24926.4,244
1782384300000,2026-06-25T10:45:00+00:00,24925.4,24946.4,24923.4,24945.4,230
1782384600000,2026-06-25T10:50:00+00:00,24944.4,24951.4,24942.4,24943.4,244
1782384900000,2026-06-25T10:55:00+00:00,24944.4,24945.4,24937.4,24942.4,244
1782385200000,2026-06-25T11:00:00+00:00,24946.4,24947.4,24931.4,24937.4,352
1782385500000,2026-06-25T11:05:00+00:00,24938.4,24938.4,24917.4,24923.4,246
1782385800000,2026-06-25T11:10:00+00:00,24924.4,24928.4,24914.4,24915.4,272
1782386100000,2026-06-25T11:15:00+00:00,24914.4,24916.4,24905.4,24907.4,240
1782386400000,2026-06-25T11:20:00+00:00,24906.4,24907.4,24885.4,24888.4,304
1782386700000,2026-06-25T11:25:00+00:00,24889.4,24895.4,24885.4,24892.4,290
1782387000000,2026-06-25T11:30:00+00:00,24893.4,24908.4,24885.4,24907.4,288
1782387300000,2026-06-25T11:35:00+00:00,24908.4,24918.4,24903.4,24918.4,254
1782387600000,2026-06-25T11:40:00+00:00,24919.4,24922.4,24907.4,24921.4,228
1782387900000,2026-06-25T11:45:00+00:00,24920.4,24933.4,24920.4,24931.4,256
1782388200000,2026-06-25T11:50:00+00:00,24932.4,24941.4,24929.4,24929.4,256
1782388500000,2026-06-25T11:55:00+00:00,24930.4,24940.4,24929.4,24931.4,268
1782388800000,2026-06-25T12:00:00+00:00,24932.4,24942.4,24929.4,24930.4,284
1782389100000,2026-06-25T12:05:00+00:00,24931.4,24965.4,24931.4,24959.4,264
1782389400000,2026-06-25T12:10:00+00:00,24958.4,24969.4,24952.4,24962.4,296
1782389700000,2026-06-25T12:15:00+00:00,24961.4,24967.4,24953.4,24964.4,292
1782390000000,2026-06-25T12:20:00+00:00,24965.4,24965.4,24951.4,24958.4,236
1782390300000,2026-06-25T12:25:00+00:00,24957.4,24957.4,24936.4,24936.4,216
1782390600000,2026-06-25T12:30:00+00:00,24942.1,25003.4,24942.1,25003.4,590
1782390900000,2026-06-25T12:35:00+00:00,25002.4,25008.4,24989.4,24990.4,464
1782391200000,2026-06-25T12:40:00+00:00,24991.4,24998.4,24978.4,24985.4,348
1782391500000,2026-06-25T12:45:00+00:00,24986.4,25009.4,24986.4,25008.4,394
1782391800000,2026-06-25T12:50:00+00:00,25007.4,25015.4,25002.4,25013.4,354
1782392100000,2026-06-25T12:55:00+00:00,25014.4,25015.4,24996.4,24999.4,328
1782392400000,2026-06-25T13:00:00+00:00,25000.4,25019.4,24995.4,25013.4,376
1782392700000,2026-06-25T13:05:00+00:00,25014.4,25014.4,24995.4,25010.4,364
1782393000000,2026-06-25T13:10:00+00:00,25012.4,25016.4,25005.4,25006.4,328
1782393300000,2026-06-25T13:15:00+00:00,25004.4,25011.4,24990.4,24998.4,330
1782393600000,2026-06-25T13:20:00+00:00,24997.4,25004.4,24990.4,24995.4,340
1782393900000,2026-06-25T13:25:00+00:00,24997.4,25017.4,24995.4,25016.4,382
1782394200000,2026-06-25T13:30:00+00:00,25017.4,25032.4,24989.4,24996.4,616
1782394500000,2026-06-25T13:35:00+00:00,24997.4,25017.4,24991.4,25009.4,464
1782394800000,2026-06-25T13:40:00+00:00,25010.4,25011.4,24952.4,24954.4,592
1782395100000,2026-06-25T13:45:00+00:00,24953.4,24961.4,24896.4,24928.4,748
1782395400000,2026-06-25T13:50:00+00:00,24927.4,24944.4,24885.4,24889.4,788
1782395700000,2026-06-25T13:55:00+00:00,24890.4,24899.4,24866.4,24875.4,788
1782396000000,2026-06-25T14:00:00+00:00,24878.4,24998.4,24878.4,24992.4,888
1782396300000,2026-06-25T14:05:00+00:00,24996.4,25043.4,24996.4,25013.4,832
1782396600000,2026-06-25T14:10:00+00:00,25012.4,25052.4,25010.4,25030.4,736
1782396900000,2026-06-25T14:15:00+00:00,25029.4,25088.4,25016.4,25087.4,732
1782397200000,2026-06-25T14:20:00+00:00,25088.4,25110.4,25067.4,25073.4,704
1782397500000,2026-06-25T14:25:00+00:00,25074.4,25089.4,25071.4,25080.4,692
1782397800000,2026-06-25T14:30:00+00:00,25082.4,25108.4,25081.4,25099.4,618
1782398100000,2026-06-25T14:35:00+00:00,25098.4,25113.4,25082.4,25108.4,616
1782398400000,2026-06-25T14:40:00+00:00,25106.4,25112.4,25070.4,25074.4,556
1782398700000,2026-06-25T14:45:00+00:00,25075.4,25078.4,25049.4,25072.4,578
1782399000000,2026-06-25T14:50:00+00:00,25070.4,25098.4,25070.4,25096.4,514
1782399300000,2026-06-25T14:55:00+00:00,25094.4,25098.4,25066.4,25079.4,564
1782399600000,2026-06-25T15:00:00+00:00,25080.4,25090.4,25062.4,25090.4,564
1782399900000,2026-06-25T15:05:00+00:00,25089.4,25096.4,25036.4,25043.4,612
1782400200000,2026-06-25T15:10:00+00:00,25042.4,25042.4,25001.4,25007.4,538
1782400500000,2026-06-25T15:15:00+00:00,25005.4,25011.4,24984.4,25007.4,654
1782400800000,2026-06-25T15:20:00+00:00,25008.4,25046.4,25006.4,25041.4,572
1782401100000,2026-06-25T15:25:00+00:00,25039.4,25040.4,25015.4,25024.4,572
1782401400000,2026-06-25T15:30:00+00:00,25023.4,25051.4,25014.4,25022.4,664
1782401700000,2026-06-25T15:35:00+00:00,25023.4,25054.4,25023.4,25035.4,600
1782402000000,2026-06-25T15:40:00+00:00,25034.4,25060.4,25028.4,25055.4,526
1782402300000,2026-06-25T15:45:00+00:00,25054.4,25071.4,25048.4,25052.4,598
1782402600000,2026-06-25T15:50:00+00:00,25051.4,25060.4,25041.4,25050.4,516
1782402900000,2026-06-25T15:55:00+00:00,25049.4,25059.4,25046.4,25048.4,456
1782403200000,2026-06-25T16:00:00+00:00,25047.4,25055.4,25038.4,25051.4,500
1782403500000,2026-06-25T16:05:00+00:00,25052.4,25073.4,25049.4,25069.4,484
1782403800000,2026-06-25T16:10:00+00:00,25068.4,25078.4,25064.4,25068.4,426
1782404100000,2026-06-25T16:15:00+00:00,25069.4,25077.4,25066.4,25066.4,364
1782404400000,2026-06-25T16:20:00+00:00,25065.4,25072.4,25050.4,25055.4,428
1782404700000,2026-06-25T16:25:00+00:00,25056.4,25059.4,25049.4,25056.4,468
1782405000000,2026-06-25T16:30:00+00:00,25055.4,25055.4,25036.4,25043.4,432
1782405300000,2026-06-25T16:35:00+00:00,25042.4,25046.4,25025.4,25026.4,416
1782405600000,2026-06-25T16:40:00+00:00,25027.4,25030.4,25006.4,25009.4,424
1782405900000,2026-06-25T16:45:00+00:00,25010.4,25028.4,24991.4,25027.4,506
1782406200000,2026-06-25T16:50:00+00:00,25026.4,25031.4,25014.4,25016.4,420
1782406500000,2026-06-25T16:55:00+00:00,25015.4,25018.4,25004.4,25018.4,394
1782406800000,2026-06-25T17:00:00+00:00,25017.4,25027.4,25015.4,25015.4,490
1782407100000,2026-06-25T17:05:00+00:00,25014.4,25018.4,25005.4,25012.4,394
1782407400000,2026-06-25T17:10:00+00:00,25013.4,25033.4,25013.4,25024.4,396
1782407700000,2026-06-25T17:15:00+00:00,25025.4,25044.4,25016.4,25017.4,440
1782408000000,2026-06-25T17:20:00+00:00,25018.4,25026.4,25009.4,25023.4,486
1782408300000,2026-06-25T17:25:00+00:00,25024.4,25029.4,25018.4,25026.4,370
1782408600000,2026-06-25T17:30:00+00:00,25027.4,25031.4,25013.4,25018.4,378
1782408900000,2026-06-25T17:35:00+00:00,25019.4,25030.4,25016.4,25027.4,420
1782409200000,2026-06-25T17:40:00+00:00,25028.4,25037.4,25015.4,25016.4,428
1782409500000,2026-06-25T17:45:00+00:00,25017.4,25017.4,24999.4,25007.4,456
1782409800000,2026-06-25T17:50:00+00:00,25005.4,25018.4,24999.4,25017.4,454
1782410100000,2026-06-25T17:55:00+00:00,25016.4,25026.4,25008.4,25022.4,474
1782410400000,2026-06-25T18:00:00+00:00,25023.4,25024.4,24971.4,24981.4,588
1782410700000,2026-06-25T18:05:00+00:00,24982.4,25000.4,24972.4,24992.4,554
1782411000000,2026-06-25T18:10:00+00:00,24993.4,25005.4,24983.4,24986.4,438
1782411300000,2026-06-25T18:15:00+00:00,24987.4,25020.4,24984.4,25015.4,452
1782411600000,2026-06-25T18:20:00+00:00,25014.4,25022.4,25008.4,25014.4,422
1782411900000,2026-06-25T18:25:00+00:00,25015.4,25032.4,25015.4,25025.4,402
1782412200000,2026-06-25T18:30:00+00:00,25026.4,25026.4,25006.4,25007.4,522
1782412500000,2026-06-25T18:35:00+00:00,25008.4,25017.4,25000.4,25012.4,488
1782412800000,2026-06-25T18:40:00+00:00,25013.4,25014.4,25000.4,25002.4,492
1782413100000,2026-06-25T18:45:00+00:00,25001.4,25001.4,24980.4,24993.4,482
1782413400000,2026-06-25T18:50:00+00:00,24992.4,25010.4,24992.4,24994.4,388
1782413700000,2026-06-25T18:55:00+00:00,24995.4,25003.4,24989.4,24993.4,338
1782414000000,2026-06-25T19:00:00+00:00,24992.4,24993.4,24982.4,24991.4,422
1782414300000,2026-06-25T19:05:00+00:00,24993.4,25001.4,24990.4,24998.4,446
1782414600000,2026-06-25T19:10:00+00:00,24999.4,25000.4,24982.4,24983.4,384
1782414900000,2026-06-25T19:15:00+00:00,24982.4,24987.4,24971.4,24978.4,416
1782415200000,2026-06-25T19:20:00+00:00,24981.4,24992.4,24975.4,24992.4,360
1782415500000,2026-06-25T19:25:00+00:00,24991.4,24998.4,24984.4,24992.4,396
1782415800000,2026-06-25T19:30:00+00:00,24993.4,24996.4,24981.4,24989.4,408
1782416100000,2026-06-25T19:35:00+00:00,24987.4,24991.4,24981.4,24985.4,348
1782416400000,2026-06-25T19:40:00+00:00,24988.4,24993.4,24978.4,24980.4,440
1782416700000,2026-06-25T19:45:00+00:00,24979.4,24985.4,24971.4,24974.4,366
1782417000000,2026-06-25T19:50:00+00:00,24973.4,24996.4,24962.4,24989.4,518
1782417300000,2026-06-25T19:55:00+00:00,24987.4,24993.4,24978.4,24982.4,354
1782432900000,2026-06-26T00:15:00+00:00,24979.3,25011.0,24979.3,24987.0,308
1782433200000,2026-06-26T00:20:00+00:00,24986.0,24995.0,24981.0,24981.0,424
1782433500000,2026-06-26T00:25:00+00:00,24980.0,24988.0,24961.0,24986.0,406
1782433800000,2026-06-26T00:30:00+00:00,24985.0,24988.0,24972.0,24978.0,368
1782434100000,2026-06-26T00:35:00+00:00,24979.0,24982.0,24965.0,24973.0,340
1782434400000,2026-06-26T00:40:00+00:00,24974.0,24986.0,24963.0,24967.0,294
1782434700000,2026-06-26T00:45:00+00:00,24968.0,24976.0,24965.0,24967.0,262
1782435000000,2026-06-26T00:50:00+00:00,24964.0,24971.0,24949.0,24951.0,286
1782435300000,2026-06-26T00:55:00+00:00,24952.0,24955.0,24945.0,24952.0,244
1782435600000,2026-06-26T01:00:00+00:00,24954.0,24975.0,24949.0,24950.0,560
1782435900000,2026-06-26T01:05:00+00:00,24951.0,24953.0,24930.0,24949.0,576
1782436200000,2026-06-26T01:10:00+00:00,24950.0,24971.0,24949.0,24957.0,436
1782436500000,2026-06-26T01:15:00+00:00,24956.0,24976.0,24955.0,24968.0,428
1782436800000,2026-06-26T01:20:00+00:00,24970.0,24971.0,24946.0,24948.0,326
1782437100000,2026-06-26T01:25:00+00:00,24949.0,24950.0,24923.0,24930.0,350
1782437400000,2026-06-26T01:30:00+00:00,24931.0,24936.0,24903.0,24912.0,476
1782437700000,2026-06-26T01:35:00+00:00,24910.0,24919.0,24906.0,24917.0,470
1782438000000,2026-06-26T01:40:00+00:00,24918.0,24919.0,24902.0,24903.0,414
1782438300000,2026-06-26T01:45:00+00:00,24902.0,24915.0,24892.0,24914.0,428
1782438600000,2026-06-26T01:50:00+00:00,24916.0,24919.0,24898.0,24898.0,426
1782438900000,2026-06-26T01:55:00+00:00,24899.0,24903.0,24876.0,24896.0,350
1782439200000,2026-06-26T02:00:00+00:00,24897.0,24900.0,24882.0,24883.0,434
1782439500000,2026-06-26T02:05:00+00:00,24884.0,24892.0,24877.0,24877.0,362
1782439800000,2026-06-26T02:10:00+00:00,24878.0,24878.0,24851.0,24863.0,426
1782440100000,2026-06-26T02:15:00+00:00,24866.0,24868.0,24842.0,24844.0,406
1782440400000,2026-06-26T02:20:00+00:00,24845.0,24848.0,24827.0,24827.0,384
1782440700000,2026-06-26T02:25:00+00:00,24819.0,24838.0,24815.0,24831.0,406
1782441000000,2026-06-26T02:30:00+00:00,24832.0,24836.0,24811.0,24822.0,388
1782441300000,2026-06-26T02:35:00+00:00,24824.0,24827.0,24792.0,24814.0,314
1782441600000,2026-06-26T02:40:00+00:00,24813.0,24817.0,24796.0,24808.0,316
1782441900000,2026-06-26T02:45:00+00:00,24806.0,24807.0,24780.0,24783.0,382
1782442200000,2026-06-26T02:50:00+00:00,24784.0,24791.0,24772.0,24774.0,408
1782442500000,2026-06-26T02:55:00+00:00,24775.0,24781.0,24761.0,24777.0,396
1782442800000,2026-06-26T03:00:00+00:00,24776.0,24780.0,24763.0,24771.0,363
1782443100000,2026-06-26T03:05:00+00:00,24770.0,24772.0,24763.0,24767.0,270
1782443400000,2026-06-26T03:10:00+00:00,24765.0,24781.0,24765.0,24773.0,374
1782443700000,2026-06-26T03:15:00+00:00,24774.0,24783.0,24762.0,24773.0,254
1782444000000,2026-06-26T03:20:00+00:00,24772.0,24775.0,24756.0,24757.0,246
1782444300000,2026-06-26T03:25:00+00:00,24758.0,24775.0,24756.0,24768.0,238
1782444600000,2026-06-26T03:30:00+00:00,24767.0,24767.0,24738.0,24740.0,434
1782444900000,2026-06-26T03:35:00+00:00,24739.0,24750.0,24728.0,24744.0,366
1782445200000,2026-06-26T03:40:00+00:00,24743.0,24775.0,24738.0,24775.0,530
1782445500000,2026-06-26T03:45:00+00:00,24778.0,24781.0,24765.0,24767.0,560
1782445800000,2026-06-26T03:50:00+00:00,24768.0,24804.0,24767.0,24804.0,442
1782446100000,2026-06-26T03:55:00+00:00,24803.0,24822.0,24800.0,24822.0,366
1782446400000,2026-06-26T04:00:00+00:00,24823.0,24830.0,24811.0,24816.0,520
1782446700000,2026-06-26T04:05:00+00:00,24817.0,24826.0,24812.0,24820.0,416
1782447000000,2026-06-26T04:10:00+00:00,24819.0,24826.0,24815.0,24819.0,374
1782447300000,2026-06-26T04:15:00+00:00,24820.0,24830.0,24813.0,24814.0,296
1782447600000,2026-06-26T04:20:00+00:00,24816.0,24821.0,24799.0,24799.0,278
1782447900000,2026-06-26T04:25:00+00:00,24797.0,24816.0,24793.0,24815.0,362
1782448200000,2026-06-26T04:30:00+00:00,24814.0,24824.0,24792.0,24793.0,364
1782448500000,2026-06-26T04:35:00+00:00,24792.0,24800.0,24792.0,24796.0,244
1782448800000,2026-06-26T04:40:00+00:00,24794.0,24801.0,24793.0,24797.0,216
1782449100000,2026-06-26T04:45:00+00:00,24799.0,24805.0,24788.0,24792.0,258
1782449400000,2026-06-26T04:50:00+00:00,24793.0,24800.0,24778.0,24787.0,288
1782449700000,2026-06-26T04:55:00+00:00,24785.0,24787.0,24779.0,24785.0,316
1782450000000,2026-06-26T05:00:00+00:00,24786.0,24802.0,24783.0,24794.0,392
1782450300000,2026-06-26T05:05:00+00:00,24798.0,24818.0,24792.0,24798.0,308
1782450600000,2026-06-26T05:10:00+00:00,24799.0,24826.0,24798.0,24826.0,400
1782450900000,2026-06-26T05:15:00+00:00,24824.0,24835.0,24817.0,24824.0,338
1782451200000,2026-06-26T05:20:00+00:00,24823.0,24826.0,24816.0,24823.0,290
1782451500000,2026-06-26T05:25:00+00:00,24824.0,24838.0,24823.0,24833.0,254
1782451800000,2026-06-26T05:30:00+00:00,24834.0,24846.0,24834.0,24836.0,272
1782452100000,2026-06-26T05:35:00+00:00,24835.0,24838.0,24816.0,24818.0,374
1782452400000,2026-06-26T05:40:00+00:00,24817.0,24819.0,24788.0,24789.0,284
1782452700000,2026-06-26T05:45:00+00:00,24790.0,24791.0,24775.5,24786.0,368
1782453000000,2026-06-26T05:50:00+00:00,24785.0,24813.0,24785.0,24811.0,304
1782453300000,2026-06-26T05:55:00+00:00,24810.0,24816.0,24792.0,24804.0,286
1782453600000,2026-06-26T06:00:00+00:00,24807.0,24823.6,24804.0,24822.6,404
1782453900000,2026-06-26T06:05:00+00:00,24821.6,24821.6,24798.6,24805.6,378
1782454200000,2026-06-26T06:10:00+00:00,24806.6,24820.6,24794.6,24820.6,418
1782454500000,2026-06-26T06:15:00+00:00,24821.6,24837.6,24820.6,24832.6,334
1782454800000,2026-06-26T06:20:00+00:00,24833.6,24855.6,24831.6,24845.6,288
1782455100000,2026-06-26T06:25:00+00:00,24844.6,24859.6,24842.6,24858.6,356
1782455400000,2026-06-26T06:30:00+00:00,24859.6,24863.6,24849.6,24852.6,362
1782455700000,2026-06-26T06:35:00+00:00,24851.6,24869.6,24850.6,24865.6,242
1782456000000,2026-06-26T06:40:00+00:00,24866.6,24881.6,24861.6,24879.6,252
1782456300000,2026-06-26T06:45:00+00:00,24877.6,24895.6,24872.6,24893.6,260
1782456600000,2026-06-26T06:50:00+00:00,24891.6,24911.6,24882.6,24910.6,368
1782456900000,2026-06-26T06:55:00+00:00,24911.6,24918.6,24889.6,24889.6,378
1782457200000,2026-06-26T07:00:00+00:00,24883.6,24904.6,24849.6,24849.6,698
1782457500000,2026-06-26T07:05:00+00:00,24850.6,24854.6,24818.6,24820.6,584
1782457800000,2026-06-26T07:10:00+00:00,24819.6,24869.6,24819.6,24858.6,562
1782458100000,2026-06-26T07:15:00+00:00,24860.6,24861.6,24837.6,24855.6,566
1782458400000,2026-06-26T07:20:00+00:00,24853.6,24878.6,24845.6,24877.6,494
1782458700000,2026-06-26T07:25:00+00:00,24880.6,24883.6,24867.6,24880.6,504
1782459000000,2026-06-26T07:30:00+00:00,24877.6,24896.6,24874.6,24875.6,446
1782459300000,2026-06-26T07:35:00+00:00,24878.6,24878.6,24859.6,24869.6,422
1782459600000,2026-06-26T07:40:00+00:00,24868.6,24869.6,24821.6,24825.6,448
1782459900000,2026-06-26T07:45:00+00:00,24824.6,24835.6,24816.6,24821.6,432
1782460200000,2026-06-26T07:50:00+00:00,24822.6,24846.6,24818.6,24845.6,454
1782460500000,2026-06-26T07:55:00+00:00,24847.6,24849.6,24833.6,24844.6,368
1782460800000,2026-06-26T08:00:00+00:00,24845.6,24853.6,24807.6,24809.6,534
1782461100000,2026-06-26T08:05:00+00:00,24808.6,24841.6,24798.6,24831.6,484
1782461400000,2026-06-26T08:10:00+00:00,24830.6,24831.6,24800.6,24810.6,404
1782461700000,2026-06-26T08:15:00+00:00,24809.6,24828.6,24803.6,24807.6,434
1782462000000,2026-06-26T08:20:00+00:00,24806.6,24823.6,24800.6,24822.6,414
1782462300000,2026-06-26T08:25:00+00:00,24821.6,24842.6,24814.6,24833.6,490
1782462600000,2026-06-26T08:30:00+00:00,24830.6,24833.6,24795.6,24798.6,474
1782462900000,2026-06-26T08:35:00+00:00,24799.6,24813.6,24793.6,24803.6,446
1782463200000,2026-06-26T08:40:00+00:00,24805.6,24822.6,24788.6,24793.6,400
1782463500000,2026-06-26T08:45:00+00:00,24792.6,24800.6,24772.6,24773.6,424
1782463800000,2026-06-26T08:50:00+00:00,24771.6,24785.6,24761.6,24761.6,436
1782464100000,2026-06-26T08:55:00+00:00,24762.6,24780.6,24749.6,24777.6,458
1782464400000,2026-06-26T09:00:00+00:00,24774.6,24776.6,24735.6,24741.6,492
1782464700000,2026-06-26T09:05:00+00:00,24742.6,24753.6,24721.6,24722.6,460
1782465000000,2026-06-26T09:10:00+00:00,24721.6,24757.6,24716.6,24747.6,422
1782465300000,2026-06-26T09:15:00+00:00,24745.6,24755.6,24722.6,24738.6,418
1782465600000,2026-06-26T09:20:00+00:00,24737.6,24743.6,24717.6,24719.6,408
1782465900000,2026-06-26T09:25:00+00:00,24720.6,24733.6,24713.6,24728.6,438
1782466200000,2026-06-26T09:30:00+00:00,24727.6,24728.6,24702.6,24715.6,440
1782466500000,2026-06-26T09:35:00+00:00,24716.6,24730.6,24713.6,24723.6,408
1782466800000,2026-06-26T09:40:00+00:00,24724.6,24754.6,24722.6,24731.6,390
1782467100000,2026-06-26T09:45:00+00:00,24730.6,24752.6,24729.6,24744.6,436
1782467400000,2026-06-26T09:50:00+00:00,24746.6,24756.6,24728.6,24728.6,422
1782467700000,2026-06-26T09:55:00+00:00,24727.6,24744.6,24723.6,24734.6,428
1782468000000,2026-06-26T10:00:00+00:00,24733.6,24736.6,24695.6,24708.6,452
1782468300000,2026-06-26T10:05:00+00:00,24709.6,24730.6,24709.6,24721.6,388
1782468600000,2026-06-26T10:10:00+00:00,24720.6,24734.6,24715.6,24715.6,360
1782468900000,2026-06-26T10:15:00+00:00,24714.6,24721.6,24703.6,24714.6,342
1782469200000,2026-06-26T10:20:00+00:00,24715.6,24716.6,24694.6,24697.6,306
1782469500000,2026-06-26T10:25:00+00:00,24696.6,24720.6,24691.6,24717.6,304
1782469800000,2026-06-26T10:30:00+00:00,24715.6,24715.6,24697.6,24700.6,388
1782470100000,2026-06-26T10:35:00+00:00,24701.6,24707.6,24691.6,24701.6,364
1782470400000,2026-06-26T10:40:00+00:00,24700.6,24702.6,24691.6,24701.6,358
1782470700000,2026-06-26T10:45:00+00:00,24700.6,24718.6,24698.6,24704.6,354
1782471000000,2026-06-26T10:50:00+00:00,24705.6,24720.6,24698.6,24716.6,298
1782471300000,2026-06-26T10:55:00+00:00,24715.6,24715.6,24695.6,24705.6,340
1782471600000,2026-06-26T11:00:00+00:00,24704.6,24728.6,24703.6,24720.6,526
1782471900000,2026-06-26T11:05:00+00:00,24719.6,24736.6,24716.6,24732.6,358
1782472200000,2026-06-26T11:10:00+00:00,24733.6,24742.6,24728.6,24730.6,330
1782472500000,2026-06-26T11:15:00+00:00,24728.6,24730.6,24714.6,24725.6,300
1782472800000,2026-06-26T11:20:00+00:00,24724.6,24726.6,24706.6,24721.6,298
1782473100000,2026-06-26T11:25:00+00:00,24720.6,24720.6,24703.6,24713.6,258
1782473400000,2026-06-26T11:30:00+00:00,24712.6,24715.6,24700.6,24710.6,324
1782473700000,2026-06-26T11:35:00+00:00,24709.6,24724.6,24699.6,24703.6,334
1782474000000,2026-06-26T11:40:00+00:00,24702.6,24713.6,24687.6,24692.6,304
1782474300000,2026-06-26T11:45:00+00:00,24693.6,24712.6,24690.6,24705.6,310
1782474600000,2026-06-26T11:50:00+00:00,24704.6,24714.6,24693.6,24694.6,310
1782474900000,2026-06-26T11:55:00+00:00,24695.6,24703.6,24688.6,24694.6,330
1782475200000,2026-06-26T12:00:00+00:00,24693.6,24697.6,24680.6,24684.6,342
1782475500000,2026-06-26T12:05:00+00:00,24683.6,24708.6,24683.6,24703.6,418
1782475800000,2026-06-26T12:10:00+00:00,24702.6,24713.6,24689.6,24713.6,358
1782476100000,2026-06-26T12:15:00+00:00,24714.6,24735.6,24694.6,24702.6,448
1782476400000,2026-06-26T12:20:00+00:00,24703.6,24714.6,24690.6,24706.6,408
1782476700000,2026-06-26T12:25:00+00:00,24707.6,24719.6,24707.6,24718.6,286
1782477000000,2026-06-26T12:30:00+00:00,24717.6,24727.6,24711.6,24717.6,408
1782477300000,2026-06-26T12:35:00+00:00,24716.6,24716.6,24686.6,24688.6,340
1782477600000,2026-06-26T12:40:00+00:00,24689.6,24694.6,24667.6,24676.6,324
1782477900000,2026-06-26T12:45:00+00:00,24678.6,24678.6,24646.6,24646.6,334
1782478200000,2026-06-26T12:50:00+00:00,24650.6,24665.6,24649.6,24664.6,362
1782478500000,2026-06-26T12:55:00+00:00,24665.6,24672.6,24653.6,24655.6,412
1782478800000,2026-06-26T13:00:00+00:00,24656.6,24663.6,24635.6,24652.6,406
1782479100000,2026-06-26T13:05:00+00:00,24651.6,24668.6,24646.6,24648.6,402
1782479400000,2026-06-26T13:10:00+00:00,24649.6,24656.6,24638.6,24649.6,354
1782479700000,2026-06-26T13:15:00+00:00,24648.6,24649.6,24570.6,24596.6,546
1782480000000,2026-06-26T13:20:00+00:00,24595.6,24638.6,24594.6,24619.6,670
1782480300000,2026-06-26T13:25:00+00:00,24617.6,24632.6,24609.6,24630.6,518
1782480600000,2026-06-26T13:30:00+00:00,24626.6,24669.6,24621.6,24637.6,746
1782480900000,2026-06-26T13:35:00+00:00,24636.6,24657.6,24624.6,24639.6,682
1782481200000,2026-06-26T13:40:00+00:00,24640.6,24661.6,24634.6,24657.6,670
1782481500000,2026-06-26T13:45:00+00:00,24658.6,24680.6,24641.6,24664.6,650
1782481800000,2026-06-26T13:50:00+00:00,24663.6,24684.6,24654.6,24663.6,674
1782482100000,2026-06-26T13:55:00+00:00,24665.6,24689.6,24661.6,24684.6,638
1782482400000,2026-06-26T14:00:00+00:00,24681.6,24703.6,24679.6,24696.6,628
1782482700000,2026-06-26T14:05:00+00:00,24695.6,24721.6,24693.6,24719.6,566
1782483000000,2026-06-26T14:10:00+00:00,24718.6,24723.6,24699.6,24702.6,594
1782483300000,2026-06-26T14:15:00+00:00,24701.6,24715.6,24689.6,24690.6,524
1782483600000,2026-06-26T14:20:00+00:00,24689.6,24714.6,24689.6,24705.6,494
1782483900000,2026-06-26T14:25:00+00:00,24706.6,24718.6,24701.6,24705.6,498
1782484200000,2026-06-26T14:30:00+00:00,24707.6,24707.6,24681.6,24682.6,450
1782484500000,2026-06-26T14:35:00+00:00,24684.6,24684.6,24665.6,24671.6,448
1782484800000,2026-06-26T14:40:00+00:00,24670.6,24679.6,24657.6,24658.6,484
1782485100000,2026-06-26T14:45:00+00:00,24657.6,24669.6,24648.6,24653.6,518
1782485400000,2026-06-26T14:50:00+00:00,24654.6,24665.6,24641.6,24643.6,524
1782485700000,2026-06-26T14:55:00+00:00,24642.6,24644.6,24622.6,24635.6,476
1782486000000,2026-06-26T15:00:00+00:00,24636.6,24665.6,24633.6,24636.6,506
1782486300000,2026-06-26T15:05:00+00:00,24637.6,24657.6,24625.6,24654.6,506
1782486600000,2026-06-26T15:10:00+00:00,24653.6,24655.6,24617.6,24620.6,444
1782486900000,2026-06-26T15:15:00+00:00,24621.6,24635.6,24620.6,24631.6,436
1782487200000,2026-06-26T15:20:00+00:00,24628.6,24662.6,24626.6,24662.6,418
1782487500000,2026-06-26T15:25:00+00:00,24660.6,24707.6,24660.6,24704.6,446
1782487800000,2026-06-26T15:30:00+00:00,24703.6,24715.6,24692.6,24694.6,576
1782488100000,2026-06-26T15:35:00+00:00,24693.6,24717.6,24693.6,24706.6,494
1782488400000,2026-06-26T15:40:00+00:00,24705.6,24733.6,24704.6,24720.6,422
1782488700000,2026-06-26T15:45:00+00:00,24722.6,24726.6,24711.6,24712.6,368
1782489000000,2026-06-26T15:50:00+00:00,24713.6,24719.6,24675.6,24683.6,636
1782489300000,2026-06-26T15:55:00+00:00,24682.6,24708.6,24680.6,24702.6,452
1782489600000,2026-06-26T16:00:00+00:00,24703.6,24704.6,24692.6,24696.6,410
1782489900000,2026-06-26T16:05:00+00:00,24695.6,24696.6,24666.6,24675.6,416
1782490200000,2026-06-26T16:10:00+00:00,24673.6,24692.6,24668.6,24685.6,442
1782490500000,2026-06-26T16:15:00+00:00,24686.6,24698.6,24684.6,24685.6,416
1782490800000,2026-06-26T16:20:00+00:00,24686.6,24687.6,24628.6,24649.6,636
1782491100000,2026-06-26T16:25:00+00:00,24650.6,24670.6,24645.6,24668.6,484
1782491400000,2026-06-26T16:30:00+00:00,24669.6,24687.6,24669.6,24676.6,426
1782491700000,2026-06-26T16:35:00+00:00,24677.6,24680.6,24663.6,24664.6,404
1782492000000,2026-06-26T16:40:00+00:00,24665.6,24671.6,24660.6,24660.6,356
1782492300000,2026-06-26T16:45:00+00:00,24661.6,24679.6,24659.6,24678.6,352
1782492600000,2026-06-26T16:50:00+00:00,24677.6,24684.6,24666.6,24671.6,362
1782492900000,2026-06-26T16:55:00+00:00,24672.6,24673.6,24664.6,24669.6,306
1782493200000,2026-06-26T17:00:00+00:00,24670.6,24684.6,24658.6,24674.6,430
1782493500000,2026-06-26T17:05:00+00:00,24675.6,24693.6,24673.6,24690.6,304
1782493800000,2026-06-26T17:10:00+00:00,24691.6,24696.6,24683.6,24689.6,312
1782494100000,2026-06-26T17:15:00+00:00,24688.6,24689.6,24675.6,24683.6,280
1782494400000,2026-06-26T17:20:00+00:00,24684.6,24687.6,24675.6,24682.6,354
1782494700000,2026-06-26T17:25:00+00:00,24681.6,24692.6,24676.6,24688.6,324
1782495000000,2026-06-26T17:30:00+00:00,24689.6,24700.6,24680.6,24691.6,386
1782495300000,2026-06-26T17:35:00+00:00,24692.6,24693.6,24682.6,24684.6,302
1782495600000,2026-06-26T17:40:00+00:00,24685.6,24692.6,24673.6,24688.6,394
1782495900000,2026-06-26T17:45:00+00:00,24689.6,24694.6,24687.6,24688.6,270
1782496200000,2026-06-26T17:50:00+00:00,24687.6,24692.6,24686.6,24688.6,278
1782496500000,2026-06-26T17:55:00+00:00,24687.6,24688.6,24675.6,24679.6,320
1782496800000,2026-06-26T18:00:00+00:00,24680.6,24693.6,24679.6,24690.6,338
1782497100000,2026-06-26T18:05:00+00:00,24689.6,24694.6,24678.6,24678.6,320
1782497400000,2026-06-26T18:10:00+00:00,24679.6,24689.6,24675.6,24682.6,280
1782497700000,2026-06-26T18:15:00+00:00,24683.6,24685.6,24667.6,24670.6,300
1782498000000,2026-06-26T18:20:00+00:00,24671.6,24678.6,24666.6,24674.6,346
1782498300000,2026-06-26T18:25:00+00:00,24675.6,24677.6,24654.6,24658.6,284
1782498600000,2026-06-26T18:30:00+00:00,24659.6,24669.6,24653.6,24666.6,414
1782498900000,2026-06-26T18:35:00+00:00,24665.6,24667.6,24651.6,24656.6,262
1782499200000,2026-06-26T18:40:00+00:00,24657.6,24668.6,24653.6,24666.6,242
1782499500000,2026-06-26T18:45:00+00:00,24665.6,24665.6,24650.6,24654.6,288
1782499800000,2026-06-26T18:50:00+00:00,24655.6,24656.6,24643.6,24654.6,302
1782500100000,2026-06-26T18:55:00+00:00,24656.6,24661.6,24642.6,24650.6,306
1782500400000,2026-06-26T19:00:00+00:00,24651.6,24655.6,24636.6,24636.6,412
1782500700000,2026-06-26T19:05:00+00:00,24637.6,24660.6,24636.6,24659.6,426
1782501000000,2026-06-26T19:10:00+00:00,24657.6,24679.6,24655.6,24678.6,411
1782501300000,2026-06-26T19:15:00+00:00,24681.6,24683.6,24671.6,24679.6,406
1782501600000,2026-06-26T19:20:00+00:00,24677.6,24681.6,24657.6,24663.6,360
1782501900000,2026-06-26T19:25:00+00:00,24662.6,24671.6,24660.6,24661.6,344
1782502200000,2026-06-26T19:30:00+00:00,24662.6,24672.6,24655.6,24668.6,358
1782502500000,2026-06-26T19:35:00+00:00,24667.6,24670.6,24652.6,24658.6,396
1782502800000,2026-06-26T19:40:00+00:00,24657.6,24672.6,24654.6,24671.6,384
1782503100000,2026-06-26T19:45:00+00:00,24673.6,24679.6,24663.6,24667.6,382
1782503400000,2026-06-26T19:50:00+00:00,24669.6,24679.6,24661.6,24668.6,498
1782692100000,2026-06-29T00:15:00+00:00,24741.7,24775.2,24740.7,24752.9,442
1782692400000,2026-06-29T00:20:00+00:00,24751.9,24755.9,24724.9,24734.9,462
1782692700000,2026-06-29T00:25:00+00:00,24733.9,24742.9,24730.9,24731.9,362
1782693000000,2026-06-29T00:30:00+00:00,24734.9,24739.9,24717.9,24728.9,426
1782693300000,2026-06-29T00:35:00+00:00,24727.9,24741.9,24717.9,24734.9,438
1782693600000,2026-06-29T00:40:00+00:00,24733.9,24777.9,24732.9,24774.9,344
1782693900000,2026-06-29T00:45:00+00:00,24772.9,24772.9,24721.9,24741.9,476
1782694200000,2026-06-29T00:50:00+00:00,24742.9,24760.9,24742.9,24757.9,366
1782694500000,2026-06-29T00:55:00+00:00,24758.9,24778.9,24756.9,24773.9,270
1782694800000,2026-06-29T01:00:00+00:00,24772.9,24781.9,24748.9,24758.9,454
1782695100000,2026-06-29T01:05:00+00:00,24759.9,24789.9,24758.9,24775.9,484
1782695400000,2026-06-29T01:10:00+00:00,24776.9,24783.9,24766.9,24773.9,376
1782695700000,2026-06-29T01:15:00+00:00,24772.9,24772.9,24742.9,24753.9,440
1782696000000,2026-06-29T01:20:00+00:00,24752.9,24772.9,24745.9,24760.9,434
1782696300000,2026-06-29T01:25:00+00:00,24761.9,24769.9,24744.9,24747.9,376
1782696600000,2026-06-29T01:30:00+00:00,24748.9,24755.9,24733.9,24741.9,498
1782696900000,2026-06-29T01:35:00+00:00,24739.9,24766.9,24739.9,24763.9,534
1782697200000,2026-06-29T01:40:00+00:00,24762.9,24774.9,24761.9,24766.9,416
1782697500000,2026-06-29T01:45:00+00:00,24767.9,24767.9,24747.9,24753.9,378
1782697800000,2026-06-29T01:50:00+00:00,24754.9,24758.9,24747.9,24756.9,342
1782698100000,2026-06-29T01:55:00+00:00,24755.9,24767.9,24753.9,24759.9,328
1782698400000,2026-06-29T02:00:00+00:00,24760.9,24768.9,24749.9,24755.9,410
1782698700000,2026-06-29T02:05:00+00:00,24754.9,24761.9,24741.9,24745.9,392
1782699000000,2026-06-29T02:10:00+00:00,24747.9,24752.9,24727.9,24730.9,310
1782699300000,2026-06-29T02:15:00+00:00,24729.9,24756.9,24721.9,24754.9,452
1782699600000,2026-06-29T02:20:00+00:00,24756.9,24775.9,24753.9,24772.9,426
1782699900000,2026-06-29T02:25:00+00:00,24771.9,24793.9,24767.9,24788.9,320
1782700200000,2026-06-29T02:30:00+00:00,24786.9,24793.9,24783.9,24785.9,290
1782700500000,2026-06-29T02:35:00+00:00,24783.9,24790.9,24776.9,24784.9,284
1782700800000,2026-06-29T02:40:00+00:00,24783.9,24789.9,24780.9,24788.9,206
1782701100000,2026-06-29T02:45:00+00:00,24787.9,24795.9,24787.9,24795.9,256
1782701400000,2026-06-29T02:50:00+00:00,24793.9,24794.9,24782.9,24786.9,184
1782701700000,2026-06-29T02:55:00+00:00,24787.9,24796.9,24786.9,24790.9,138
1782702000000,2026-06-29T03:00:00+00:00,24793.9,24808.9,24793.9,24806.9,236
1782702300000,2026-06-29T03:05:00+00:00,24807.9,24811.9,24800.9,24807.9,198
1782702600000,2026-06-29T03:10:00+00:00,24806.9,24807.9,24795.9,24797.9,134
1782702900000,2026-06-29T03:15:00+00:00,24796.9,24801.9,24793.9,24799.9,170
1782703200000,2026-06-29T03:20:00+00:00,24798.9,24806.9,24794.9,24798.9,176
1782703500000,2026-06-29T03:25:00+00:00,24797.9,24813.9,24797.9,24805.9,126
1782703800000,2026-06-29T03:30:00+00:00,24806.9,24808.9,24784.9,24787.9,180
1782704100000,2026-06-29T03:35:00+00:00,24788.9,24790.9,24770.9,24774.9,240
1782704400000,2026-06-29T03:40:00+00:00,24772.9,24783.9,24770.9,24773.9,326
1782704700000,2026-06-29T03:45:00+00:00,24774.9,24793.9,24772.9,24791.9,238
1782705000000,2026-06-29T03:50:00+00:00,24790.9,24813.9,24790.9,24803.9,262
1782705300000,2026-06-29T03:55:00+00:00,24802.9,24806.9,24795.9,24804.9,218
1782705600000,2026-06-29T04:00:00+00:00,24803.9,24804.9,24798.9,24801.9,242
1782705900000,2026-06-29T04:05:00+00:00,24802.9,24802.9,24787.9,24797.9,200
1782706200000,2026-06-29T04:10:00+00:00,24798.9,24800.9,24789.9,24791.9,114
1782706500000,2026-06-29T04:15:00+00:00,24790.9,24791.9,24780.9,24785.9,172
1782706800000,2026-06-29T04:20:00+00:00,24786.9,24786.9,24774.9,24786.9,184
1782707100000,2026-06-29T04:25:00+00:00,24787.9,24793.9,24781.9,24782.9,200
1782707400000,2026-06-29T04:30:00+00:00,24783.9,24787.9,24779.9,24780.9,218
1782707700000,2026-06-29T04:35:00+00:00,24779.9,24783.9,24773.9,24774.9,198
1782708000000,2026-06-29T04:40:00+00:00,24773.9,24774.9,24763.9,24769.9,252
1782708300000,2026-06-29T04:45:00+00:00,24770.9,24782.9,24766.9,24782.9,244
1782708600000,2026-06-29T04:50:00+00:00,24781.9,24785.9,24775.9,24778.9,254
1782708900000,2026-06-29T04:55:00+00:00,24776.9,24777.9,24766.9,24769.9,230
1782709200000,2026-06-29T05:00:00+00:00,24772.9,24776.9,24757.9,24771.9,350
1782709500000,2026-06-29T05:05:00+00:00,24770.9,24776.9,24764.9,24771.9,354
1782709800000,2026-06-29T05:10:00+00:00,24770.9,24783.9,24764.9,24783.9,322
1782710100000,2026-06-29T05:15:00+00:00,24781.9,24789.9,24771.9,24776.9,260
1782710400000,2026-06-29T05:20:00+00:00,24777.9,24780.9,24765.9,24773.9,208
1782710700000,2026-06-29T05:25:00+00:00,24774.9,24775.9,24759.9,24767.9,262
1782711000000,2026-06-29T05:30:00+00:00,24768.9,24789.9,24761.9,24789.9,354
1782711300000,2026-06-29T05:35:00+00:00,24787.9,24791.9,24773.9,24788.9,294
1782711600000,2026-06-29T05:40:00+00:00,24787.9,24811.9,24786.9,24809.9,226
1782711900000,2026-06-29T05:45:00+00:00,24808.9,24809.9,24796.9,24801.9,272
1782712200000,2026-06-29T05:50:00+00:00,24804.9,24825.9,24797.9,24824.9,274
1782712500000,2026-06-29T05:55:00+00:00,24823.9,24833.9,24819.9,24826.9,232
1782712800000,2026-06-29T06:00:00+00:00,24827.9,24835.5,24805.5,24811.5,372
1782713100000,2026-06-29T06:05:00+00:00,24810.5,24810.5,24790.5,24802.5,316
1782713400000,2026-06-29T06:10:00+00:00,24801.5,24820.5,24797.5,24817.5,296
1782713700000,2026-06-29T06:15:00+00:00,24816.5,24821.5,24814.5,24814.5,240
1782714000000,2026-06-29T06:20:00+00:00,24815.5,24817.5,24802.5,24817.5,228
1782714300000,2026-06-29T06:25:00+00:00,24818.5,24829.5,24812.5,24819.5,260
1782714600000,2026-06-29T06:30:00+00:00,24820.5,24820.5,24801.5,24805.5,270
1782714900000,2026-06-29T06:35:00+00:00,24807.5,24808.5,24794.5,24802.5,186
1782715200000,2026-06-29T06:40:00+00:00,24803.5,24810.5,24790.5,24791.5,218
1782715500000,2026-06-29T06:45:00+00:00,24790.5,24795.5,24783.5,24787.5,184
1782715800000,2026-06-29T06:50:00+00:00,24788.5,24801.5,24785.5,24793.5,224
1782716100000,2026-06-29T06:55:00+00:00,24792.5,24796.5,24774.5,24789.5,256
1782716400000,2026-06-29T07:00:00+00:00,24790.5,24805.5,24722.5,24745.5,740
1782716700000,2026-06-29T07:05:00+00:00,24748.5,24758.5,24718.5,24747.5,618
1782717000000,2026-06-29T07:10:00+00:00,24748.5,24763.5,24734.5,24757.5,578
1782717300000,2026-06-29T07:15:00+00:00,24759.5,24772.5,24748.5,24751.5,554
1782717600000,2026-06-29T07:20:00+00:00,24750.5,24767.5,24747.5,24757.5,414
1782717900000,2026-06-29T07:25:00+00:00,24756.5,24781.5,24742.5,24769.5,406
1782718200000,2026-06-29T07:30:00+00:00,24770.5,24780.5,24753.5,24765.5,486
1782718500000,2026-06-29T07:35:00+00:00,24764.5,24782.5,24755.5,24780.5,402
1782718800000,2026-06-29T07:40:00+00:00,24779.5,24801.5,24778.5,24781.5,368
1782719100000,2026-06-29T07:45:00+00:00,24780.5,24782.5,24744.5,24753.5,382
1782719400000,2026-06-29T07:50:00+00:00,24752.5,24786.5,24752.5,24777.5,358
1782719700000,2026-06-29T07:55:00+00:00,24776.5,24786.5,24773.5,24776.5,400
1782720000000,2026-06-29T08:00:00+00:00,24775.5,24791.5,24764.5,24772.5,422
1782720300000,2026-06-29T08:05:00+00:00,24771.5,24778.5,24749.5,24762.5,440
1782720600000,2026-06-29T08:10:00+00:00,24763.5,24767.5,24744.5,24766.5,404
1782720900000,2026-06-29T08:15:00+00:00,24767.5,24771.5,24746.5,24755.5,398
1782721200000,2026-06-29T08:20:00+00:00,24756.5,24756.5,24737.5,24745.5,382
1782721500000,2026-06-29T08:25:00+00:00,24746.5,24755.5,24707.5,24707.5,358
1782721800000,2026-06-29T08:30:00+00:00,24705.5,24718.5,24696.5,24716.5,440
1782722100000,2026-06-29T08:35:00+00:00,24715.5,24732.5,24707.5,24709.5,372
1782722400000,2026-06-29T08:40:00+00:00,24708.5,24710.5,24684.5,24693.5,396
1782722700000,2026-06-29T08:45:00+00:00,24698.5,24715.5,24689.5,24696.5,356
1782723000000,2026-06-29T08:50:00+00:00,24699.5,24706.5,24689.5,24689.5,338
1782723300000,2026-06-29T08:55:00+00:00,24690.5,24693.5,24677.5,24677.5,298
1782723600000,2026-06-29T09:00:00+00:00,24679.5,24702.5,24674.5,24700.5,378
1782723900000,2026-06-29T09:05:00+00:00,24701.5,24716.5,24690.5,24694.5,394
1782724200000,2026-06-29T09:10:00+00:00,24693.5,24710.5,24693.5,24707.5,330
1782724500000,2026-06-29T09:15:00+00:00,24706.5,24722.5,24698.5,24719.5,304
1782724800000,2026-06-29T09:20:00+00:00,24720.5,24731.5,24716.5,24725.5,300
1782725100000,2026-06-29T09:25:00+00:00,24724.5,24744.5,24719.5,24744.5,318
1782725400000,2026-06-29T09:30:00+00:00,24743.5,24748.5,24730.5,24732.5,322
1782725700000,2026-06-29T09:35:00+00:00,24731.5,24742.5,24719.5,24733.5,256
1782726000000,2026-06-29T09:40:00+00:00,24732.5,24734.5,24716.5,24722.5,256
1782726300000,2026-06-29T09:45:00+00:00,24723.5,24724.5,24704.5,24714.5,262
1782726600000,2026-06-29T09:50:00+00:00,24716.5,24723.5,24696.5,24706.5,414
1782726900000,2026-06-29T09:55:00+00:00,24707.5,24719.5,24700.5,24713.5,270
1782727200000,2026-06-29T10:00:00+00:00,24714.5,24717.5,24703.5,24712.5,282
1782727500000,2026-06-29T10:05:00+00:00,24711.5,24714.5,24698.5,24711.5,268
1782727800000,2026-06-29T10:10:00+00:00,24712.5,24716.5,24698.5,24701.5,298
1782728100000,2026-06-29T10:15:00+00:00,24702.5,24702.5,24682.5,24699.5,254
1782728400000,2026-06-29T10:20:00+00:00,24698.5,24704.5,24687.5,24688.5,240
1782728700000,2026-06-29T10:25:00+00:00,24687.5,24708.5,24687.5,24708.5,240
1782729000000,2026-06-29T10:30:00+00:00,24709.5,24710.5,24692.5,24699.5,246
1782729300000,2026-06-29T10:35:00+00:00,24698.5,24718.5,24693.5,24718.5,286
1782729600000,2026-06-29T10:40:00+00:00,24717.5,24725.5,24712.5,24715.5,290
1782729900000,2026-06-29T10:45:00+00:00,24716.5,24719.5,24692.5,24711.5,270
1782730200000,2026-06-29T10:50:00+00:00,24712.5,24723.5,24711.5,24715.5,258
1782730500000,2026-06-29T10:55:00+00:00,24716.5,24722.5,24711.5,24713.5,294
1782730800000,2026-06-29T11:00:00+00:00,24714.5,24721.5,24705.5,24709.5,336
1782731100000,2026-06-29T11:05:00+00:00,24710.5,24722.5,24707.5,24715.5,272
1782731400000,2026-06-29T11:10:00+00:00,24714.5,24727.5,24706.5,24709.5,238
1782731700000,2026-06-29T11:15:00+00:00,24710.5,24715.5,24697.5,24699.5,278
1782732000000,2026-06-29T11:20:00+00:00,24700.5,24702.5,24680.5,24690.5,282
1782732300000,2026-06-29T11:25:00+00:00,24691.5,24701.5,24687.5,24687.5,248
1782732600000,2026-06-29T11:30:00+00:00,24686.5,24724.5,24681.5,24690.5,408
1782732900000,2026-06-29T11:35:00+00:00,24689.5,24689.5,24667.5,24668.5,288
1782733200000,2026-06-29T11:40:00+00:00,24669.5,24690.5,24664.5,24686.5,320
1782733500000,2026-06-29T11:45:00+00:00,24685.5,24706.5,24685.5,24701.5,282
1782733800000,2026-06-29T11:50:00+00:00,24698.5,24724.5,24697.5,24721.5,282
1782734100000,2026-06-29T11:55:00+00:00,24722.5,24726.5,24714.5,24720.5,240
1782734400000,2026-06-29T12:00:00+00:00,24721.5,24732.5,24713.5,24725.5,288
1782734700000,2026-06-29T12:05:00+00:00,24726.5,24734.5,24720.5,24730.5,304
1782735000000,2026-06-29T12:10:00+00:00,24731.5,24742.5,24729.5,24736.5,262
1782735300000,2026-06-29T12:15:00+00:00,24735.5,24744.5,24733.5,24738.5,308
1782735600000,2026-06-29T12:20:00+00:00,24739.5,24740.5,24722.5,24731.5,264
1782735900000,2026-06-29T12:25:00+00:00,24733.5,24737.5,24718.5,24718.5,242
1782736200000,2026-06-29T12:30:00+00:00,24719.5,24723.5,24704.5,24723.5,310
1782736500000,2026-06-29T12:35:00+00:00,24724.5,24735.5,24700.5,24706.5,314
1782736800000,2026-06-29T12:40:00+00:00,24705.5,24714.5,24692.5,24704.5,330
1782737100000,2026-06-29T12:45:00+00:00,24706.5,24722.5,24704.5,24715.5,292
1782737400000,2026-06-29T12:50:00+00:00,24714.5,24727.5,24711.5,24720.5,282
1782737700000,2026-06-29T12:55:00+00:00,24719.5,24734.5,24719.5,24733.5,206
1782738000000,2026-06-29T13:00:00+00:00,24734.5,24747.5,24729.5,24744.5,302
1782738300000,2026-06-29T13:05:00+00:00,24745.5,24748.5,24730.5,24733.5,258
1782738600000,2026-06-29T13:10:00+00:00,24732.5,24744.5,24730.5,24743.5,240
1782738900000,2026-06-29T13:15:00+00:00,24740.5,24744.5,24735.5,24738.5,238
1782739200000,2026-06-29T13:20:00+00:00,24740.5,24744.5,24725.5,24730.5,274
1782739500000,2026-06-29T13:25:00+00:00,24729.5,24740.5,24720.5,24740.5,344
1782739800000,2026-06-29T13:30:00+00:00,24741.5,24745.5,24719.5,24726.5,510
1782740100000,2026-06-29T13:35:00+00:00,24725.5,24738.5,24710.5,24734.5,552
1782740400000,2026-06-29T13:40:00+00:00,24733.5,24743.5,24727.5,24742.5,534
1782740700000,2026-06-29T13:45:00+00:00,24741.5,24750.5,24729.5,24731.5,504
1782741000000,2026-06-29T13:50:00+00:00,24732.5,24749.5,24711.5,24712.5,502
1782741300000,2026-06-29T13:55:00+00:00,24713.5,24715.5,24678.5,24700.5,624
1782741600000,2026-06-29T14:00:00+00:00,24701.5,24701.5,24677.5,24678.5,620
1782741900000,2026-06-29T14:05:00+00:00,24679.5,24679.5,24641.5,24664.5,604
1782742200000,2026-06-29T14:10:00+00:00,24663.5,24668.5,24610.5,24610.5,630
1782742500000,2026-06-29T14:15:00+00:00,24609.5,24644.5,24597.5,24640.5,728
1782742800000,2026-06-29T14:20:00+00:00,24641.5,24669.5,24630.5,24663.5,622
1782743100000,2026-06-29T14:25:00+00:00,24665.5,24698.5,24664.5,24685.5,542
1782743400000,2026-06-29T14:30:00+00:00,24684.5,24692.5,24672.5,24681.5,540
1782743700000,2026-06-29T14:35:00+00:00,24680.5,24685.5,24645.5,24645.5,510
1782744000000,2026-06-29T14:40:00+00:00,24644.5,24657.5,24643.5,24648.5,460
1782744300000,2026-06-29T14:45:00+00:00,24649.5,24651.5,24616.5,24626.5,460
1782744600000,2026-06-29T14:50:00+00:00,24625.5,24636.5,24610.5,24630.5,488
1782744900000,2026-06-29T14:55:00+00:00,24629.5,24631.5,24608.5,24624.5,512
1782745200000,2026-06-29T15:00:00+00:00,24625.5,24625.5,24588.5,24621.5,530
1782745500000,2026-06-29T15:05:00+00:00,24620.5,24631.5,24617.5,24617.5,492
1782745800000,2026-06-29T15:10:00+00:00,24618.5,24646.5,24614.5,24646.5,420
1782746100000,2026-06-29T15:15:00+00:00,24647.5,24653.5,24635.5,24645.5,368
1782746400000,2026-06-29T15:20:00+00:00,24644.5,24664.5,24641.5,24643.5,416
1782746700000,2026-06-29T15:25:00+00:00,24646.5,24673.5,24643.5,24661.5,454
1782747000000,2026-06-29T15:30:00+00:00,24663.5,24678.5,24651.5,24657.5,560
1782747300000,2026-06-29T15:35:00+00:00,24654.5,24657.5,24643.5,24649.5,436
1782747600000,2026-06-29T15:40:00+00:00,24648.5,24668.5,24644.5,24666.5,392
1782747900000,2026-06-29T15:45:00+00:00,24665.5,24679.5,24665.5,24667.5,316
1782748200000,2026-06-29T15:50:00+00:00,24668.5,24671.5,24659.5,24667.5,308
1782748500000,2026-06-29T15:55:00+00:00,24668.5,24671.5,24660.5,24671.5,256
1782748800000,2026-06-29T16:00:00+00:00,24673.5,24683.5,24667.5,24683.5,292
1782749100000,2026-06-29T16:05:00+00:00,24682.5,24686.5,24675.5,24678.5,254
1782749400000,2026-06-29T16:10:00+00:00,24680.5,24682.5,24673.5,24676.5,186
1782749700000,2026-06-29T16:15:00+00:00,24675.5,24685.5,24675.5,24680.5,264
1782750000000,2026-06-29T16:20:00+00:00,24679.5,24685.5,24675.5,24684.5,216
1782750300000,2026-06-29T16:25:00+00:00,24683.5,24687.5,24678.5,24683.5,156
1782750600000,2026-06-29T16:30:00+00:00,24685.5,24688.5,24677.5,24683.5,214
1782750900000,2026-06-29T16:35:00+00:00,24682.5,24695.5,24681.5,24694.5,172
1782751200000,2026-06-29T16:40:00+00:00,24695.5,24702.5,24691.5,24701.5,152
1782751500000,2026-06-29T16:45:00+00:00,24700.5,24705.5,24696.5,24699.5,184
1782751800000,2026-06-29T16:50:00+00:00,24697.5,24714.5,24695.5,24712.5,188
1782752100000,2026-06-29T16:55:00+00:00,24711.5,24711.5,24703.5,24704.5,160
1782752400000,2026-06-29T17:00:00+00:00,24705.5,24713.5,24704.5,24713.5,146
1782752700000,2026-06-29T17:05:00+00:00,24712.5,24718.5,24708.5,24716.5,122
1782753000000,2026-06-29T17:10:00+00:00,24717.5,24733.5,24715.5,24726.5,178
1782753300000,2026-06-29T17:15:00+00:00,24725.5,24728.5,24719.5,24726.5,188
1782753600000,2026-06-29T17:20:00+00:00,24725.5,24730.5,24714.5,24715.5,206
1782753900000,2026-06-29T17:25:00+00:00,24714.5,24723.5,24711.5,24720.5,164
1782754200000,2026-06-29T17:30:00+00:00,24721.5,24730.5,24718.5,24721.5,128
1782754500000,2026-06-29T17:35:00+00:00,24722.5,24725.5,24717.5,24725.5,154
1782754800000,2026-06-29T17:40:00+00:00,24726.5,24728.5,24724.5,24727.5,128
1782755100000,2026-06-29T17:45:00+00:00,24726.5,24727.5,24722.5,24725.5,102
1782755400000,2026-06-29T17:50:00+00:00,24724.5,24731.5,24724.5,24727.5,122
1782755700000,2026-06-29T17:55:00+00:00,24728.5,24729.5,24721.5,24724.5,118
1782756000000,2026-06-29T18:00:00+00:00,24725.5,24767.5,24721.5,24751.5,182
1782756300000,2026-06-29T18:05:00+00:00,24750.5,24767.5,24745.5,24764.5,180
1782756600000,2026-06-29T18:10:00+00:00,24762.5,24767.5,24753.5,24761.5,158
1782756900000,2026-06-29T18:15:00+00:00,24760.5,24764.5,24753.5,24759.5,216
1782757200000,2026-06-29T18:20:00+00:00,24758.5,24764.5,24753.5,24761.5,150
1782757500000,2026-06-29T18:25:00+00:00,24760.5,24763.5,24757.5,24761.5,126
1782757800000,2026-06-29T18:30:00+00:00,24762.5,24771.5,24760.5,24764.5,194
1782758100000,2026-06-29T18:35:00+00:00,24765.5,24769.5,24760.5,24764.5,190
1782758400000,2026-06-29T18:40:00+00:00,24765.5,24769.5,24764.5,24767.5,80
1782758700000,2026-06-29T18:45:00+00:00,24768.5,24772.5,24767.5,24770.5,122
1782759000000,2026-06-29T18:50:00+00:00,24769.5,24771.5,24765.5,24767.5,122
1782759300000,2026-06-29T18:55:00+00:00,24768.5,24780.5,24767.5,24770.5,172
1782759600000,2026-06-29T19:00:00+00:00,24771.5,24773.5,24764.5,24767.5,180
1782759900000,2026-06-29T19:05:00+00:00,24766.5,24770.5,24765.5,24765.5,154
1782760200000,2026-06-29T19:10:00+00:00,24764.5,24770.5,24762.5,24763.5,102
1782760500000,2026-06-29T19:15:00+00:00,24762.5,24771.5,24757.5,24768.5,164
1782760800000,2026-06-29T19:20:00+00:00,24770.5,24778.5,24769.5,24771.5,120
1782761100000,2026-06-29T19:25:00+00:00,24772.5,24773.5,24768.5,24770.5,128
1782761400000,2026-06-29T19:30:00+00:00,24769.5,24777.5,24764.5,24768.5,220
1782761700000,2026-06-29T19:35:00+00:00,24769.5,24774.5,24762.5,24768.5,164
1782762000000,2026-06-29T19:40:00+00:00,24767.5,24772.5,24764.5,24772.5,152
1782762300000,2026-06-29T19:45:00+00:00,24771.5,24772.5,24762.5,24765.5,160
1782762600000,2026-06-29T19:50:00+00:00,24763.5,24765.5,24751.5,24756.5,240
1782762900000,2026-06-29T19:55:00+00:00,24759.5,24769.5,24754.5,24763.5,292
1782778500000,2026-06-30T00:15:00+00:00,24761.6,24779.8,24760.6,24769.8,264
1782778800000,2026-06-30T00:20:00+00:00,24770.8,24771.8,24744.8,24753.8,250
1782779100000,2026-06-30T00:25:00+00:00,24750.8,24753.8,24735.8,24740.8,270
1782779400000,2026-06-30T00:30:00+00:00,24739.8,24742.8,24715.8,24730.8,326
1782779700000,2026-06-30T00:35:00+00:00,24732.8,24733.8,24715.8,24721.8,246
1782780000000,2026-06-30T00:40:00+00:00,24723.8,24729.8,24707.8,24714.8,214
1782780300000,2026-06-30T00:45:00+00:00,24713.8,24728.8,24704.8,24727.8,304
1782780600000,2026-06-30T00:50:00+00:00,24729.8,24735.8,24722.8,24735.8,274
1782780900000,2026-06-30T00:55:00+00:00,24734.8,24739.8,24729.8,24739.8,222
1782781200000,2026-06-30T01:00:00+00:00,24740.8,24741.8,24724.8,24734.8,290
1782781500000,2026-06-30T01:05:00+00:00,24736.8,24736.8,24722.8,24731.8,232
1782781800000,2026-06-30T01:10:00+00:00,24733.8,24738.8,24725.8,24737.8,246
1782782100000,2026-06-30T01:15:00+00:00,24736.8,24751.8,24734.8,24750.8,302
1782782400000,2026-06-30T01:20:00+00:00,24752.8,24759.8,24746.8,24757.8,270
1782782700000,2026-06-30T01:25:00+00:00,24756.8,24780.8,24754.8,24779.8,194
1782783000000,2026-06-30T01:30:00+00:00,24780.8,24801.8,24775.8,24786.8,342
1782783300000,2026-06-30T01:35:00+00:00,24787.8,24788.8,24757.8,24769.8,384
1782783600000,2026-06-30T01:40:00+00:00,24768.8,24780.8,24766.8,24774.8,246
1782783900000,2026-06-30T01:45:00+00:00,24773.8,24776.8,24758.8,24770.8,242
1782784200000,2026-06-30T01:50:00+00:00,24769.8,24778.8,24767.8,24777.8,238
1782784500000,2026-06-30T01:55:00+00:00,24778.8,24783.8,24775.8,24783.8,184
1782784800000,2026-06-30T02:00:00+00:00,24782.8,24782.8,24768.8,24770.8,232
1782785100000,2026-06-30T02:05:00+00:00,24769.8,24772.8,24763.8,24769.8,226
1782785400000,2026-06-30T02:10:00+00:00,24768.8,24769.8,24758.8,24759.8,200
1782785700000,2026-06-30T02:15:00+00:00,24760.8,24762.8,24751.8,24759.8,176
1782786000000,2026-06-30T02:20:00+00:00,24760.8,24773.8,24760.8,24771.8,190
1782786300000,2026-06-30T02:25:00+00:00,24773.8,24778.8,24771.8,24777.8,162
1782786600000,2026-06-30T02:30:00+00:00,24776.8,24781.8,24773.3,24778.8,218
1782786900000,2026-06-30T02:35:00+00:00,24777.8,24778.8,24772.8,24776.8,140
1782787200000,2026-06-30T02:40:00+00:00,24777.8,24778.8,24769.8,24771.8,96
1782787500000,2026-06-30T02:45:00+00:00,24772.8,24779.8,24768.8,24778.8,146
1782787800000,2026-06-30T02:50:00+00:00,24777.8,24780.8,24773.8,24775.8,142
1782788100000,2026-06-30T02:55:00+00:00,24776.8,24777.8,24768.8,24771.8,116
1782788400000,2026-06-30T03:00:00+00:00,24770.8,24773.8,24767.8,24772.8,116
1782788700000,2026-06-30T03:05:00+00:00,24770.8,24780.8,24770.8,24776.8,100
1782789000000,2026-06-30T03:10:00+00:00,24774.8,24777.8,24768.8,24768.8,100
1782789300000,2026-06-30T03:15:00+00:00,24771.8,24780.8,24770.8,24775.8,84
1782789600000,2026-06-30T03:20:00+00:00,24774.8,24777.8,24768.8,24768.8,104
1782789900000,2026-06-30T03:25:00+00:00,24767.8,24775.8,24765.8,24775.8,88
1782790200000,2026-06-30T03:30:00+00:00,24776.8,24783.8,24773.8,24781.8,170
1782790500000,2026-06-30T03:35:00+00:00,24782.8,24795.8,24779.8,24793.8,194
1782790800000,2026-06-30T03:40:00+00:00,24790.8,24797.8,24789.8,24792.8,98
1782791100000,2026-06-30T03:45:00+00:00,24791.8,24795.8,24788.8,24795.8,186
1782791400000,2026-06-30T03:50:00+00:00,24796.8,24802.8,24789.8,24792.8,110
1782791700000,2026-06-30T03:55:00+00:00,24791.8,24792.8,24789.8,24789.8,22
1782792000000,2026-06-30T04:00:00+00:00,24788.8,24799.8,24784.8,24799.8,110
1782792300000,2026-06-30T04:05:00+00:00,24798.8,24804.8,24796.8,24799.8,80
1782792600000,2026-06-30T04:10:00+00:00,24798.8,24808.8,24794.8,24806.8,98
1782792900000,2026-06-30T04:15:00+00:00,24805.8,24806.8,24798.8,24800.8,56
1782793200000,2026-06-30T04:20:00+00:00,24802.8,24808.8,24801.8,24806.8,84
1782793500000,2026-06-30T04:25:00+00:00,24805.8,24811.8,24805.8,24811.8,86
1782793800000,2026-06-30T04:30:00+00:00,24812.8,24812.8,24808.8,24811.8,56
1782794100000,2026-06-30T04:35:00+00:00,24815.8,24824.8,24814.8,24823.8,114
1782794400000,2026-06-30T04:40:00+00:00,24822.8,24822.8,24812.8,24818.8,124
1782794700000,2026-06-30T04:45:00+00:00,24817.8,24820.8,24810.8,24817.8,124
1782795000000,2026-06-30T04:50:00+00:00,24818.8,24818.8,24811.8,24813.8,156
1782795300000,2026-06-30T04:55:00+00:00,24812.8,24816.8,24811.8,24814.8,152
1782795600000,2026-06-30T05:00:00+00:00,24813.8,24848.8,24813.8,24839.8,200
1782795900000,2026-06-30T05:05:00+00:00,24840.8,24849.8,24837.8,24849.8,124
1782796200000,2026-06-30T05:10:00+00:00,24848.8,24851.8,24843.8,24851.8,148
1782796500000,2026-06-30T05:15:00+00:00,24850.8,24853.8,24842.8,24847.8,150
1782796800000,2026-06-30T05:20:00+00:00,24848.8,24854.8,24846.8,24848.8,100
1782797100000,2026-06-30T05:25:00+00:00,24849.8,24849.8,24839.8,24843.8,150
1782797400000,2026-06-30T05:30:00+00:00,24844.8,24845.8,24833.8,24836.8,172
1782797700000,2026-06-30T05:35:00+00:00,24837.8,24839.8,24824.8,24833.8,222
1782798000000,2026-06-30T05:40:00+00:00,24832.8,24848.8,24832.8,24836.8,212
1782798300000,2026-06-30T05:45:00+00:00,24835.8,24844.8,24832.8,24843.8,144
1782798600000,2026-06-30T05:50:00+00:00,24845.8,24845.8,24825.8,24828.8,222
1782798900000,2026-06-30T05:55:00+00:00,24827.8,24835.8,24826.8,24834.8,152
1782799200000,2026-06-30T06:00:00+00:00,24833.8,24847.4,24825.4,24826.4,368
1782799500000,2026-06-30T06:05:00+00:00,24825.4,24825.4,24808.4,24814.4,246
1782799800000,2026-06-30T06:10:00+00:00,24815.4,24826.4,24813.4,24814.4,226
1782800100000,2026-06-30T06:15:00+00:00,24813.4,24816.4,24803.4,24805.4,162
1782800400000,2026-06-30T06:20:00+00:00,24804.4,24817.4,24800.4,24812.4,156
1782800700000,2026-06-30T06:25:00+00:00,24811.4,24815.4,24798.4,24810.4,246
1782801000000,2026-06-30T06:30:00+00:00,24809.4,24813.4,24788.4,24793.4,252
1782801300000,2026-06-30T06:35:00+00:00,24794.4,24801.4,24785.4,24797.4,186
1782801600000,2026-06-30T06:40:00+00:00,24796.4,24807.4,24794.4,24803.4,156
1782801900000,2026-06-30T06:45:00+00:00,24808.4,24820.4,24805.4,24820.4,214
1782802200000,2026-06-30T06:50:00+00:00,24819.4,24821.4,24809.4,24810.4,156
1782802500000,2026-06-30T06:55:00+00:00,24811.4,24846.4,24809.4,24846.4,230
1782802800000,2026-06-30T07:00:00+00:00,24852.4,24872.4,24838.4,24858.4,748
1782803100000,2026-06-30T07:05:00+00:00,24859.4,24894.4,24856.4,24869.4,536
1782803400000,2026-06-30T07:10:00+00:00,24867.4,24868.4,24822.4,24830.4,523
1782803700000,2026-06-30T07:15:00+00:00,24832.4,24867.4,24825.4,24863.4,482
1782804000000,2026-06-30T07:20:00+00:00,24862.4,24874.4,24856.4,24871.4,428
1782804300000,2026-06-30T07:25:00+00:00,24870.4,24883.4,24863.4,24868.4,380
1782804600000,2026-06-30T07:30:00+00:00,24870.4,24889.4,24863.4,24877.4,440
1782804900000,2026-06-30T07:35:00+00:00,24878.4,24902.4,24876.4,24877.4,372
1782805200000,2026-06-30T07:40:00+00:00,24878.4,24887.4,24872.4,24885.4,318
1782805500000,2026-06-30T07:45:00+00:00,24886.4,24888.4,24862.4,24871.4,344
1782805800000,2026-06-30T07:50:00+00:00,24868.4,24868.4,24832.4,24834.4,352
1782806100000,2026-06-30T07:55:00+00:00,24835.4,24847.4,24821.4,24834.4,280
1782806400000,2026-06-30T08:00:00+00:00,24841.4,24859.4,24834.4,24852.4,444
1782806700000,2026-06-30T08:05:00+00:00,24850.4,24858.4,24834.4,24841.4,424
1782807000000,2026-06-30T08:10:00+00:00,24840.4,24856.4,24839.4,24846.4,388
1782807300000,2026-06-30T08:15:00+00:00,24845.4,24870.4,24838.4,24869.4,388
1782807600000,2026-06-30T08:20:00+00:00,24867.4,24899.4,24867.4,24883.4,364
1782807900000,2026-06-30T08:25:00+00:00,24882.4,24893.4,24878.4,24890.4,302
1782808200000,2026-06-30T08:30:00+00:00,24889.4,24897.4,24866.4,24867.4,362
1782808500000,2026-06-30T08:35:00+00:00,24866.4,24866.4,24847.4,24851.4,374
1782808800000,2026-06-30T08:40:00+00:00,24850.4,24856.4,24839.4,24852.4,412
1782809100000,2026-06-30T08:45:00+00:00,24853.4,24861.4,24846.4,24848.4,352
1782809400000,2026-06-30T08:50:00+00:00,24849.4,24856.4,24833.4,24854.4,328
1782809700000,2026-06-30T08:55:00+00:00,24856.4,24858.4,24845.4,24848.4,272
1782810000000,2026-06-30T09:00:00+00:00,24847.4,24890.4,24845.4,24890.4,372
1782810300000,2026-06-30T09:05:00+00:00,24891.4,24891.4,24871.4,24876.4,310
1782810600000,2026-06-30T09:10:00+00:00,24877.4,24888.4,24870.4,24875.4,252
1782810900000,2026-06-30T09:15:00+00:00,24876.4,24886.4,24875.4,24882.4,292
1782811200000,2026-06-30T09:20:00+00:00,24883.4,24901.4,24879.4,24901.4,230
1782811500000,2026-06-30T09:25:00+00:00,24900.4,24908.4,24897.4,24903.4,322
1782811800000,2026-06-30T09:30:00+00:00,24902.4,24915.4,24891.4,24907.4,296
1782812100000,2026-06-30T09:35:00+00:00,24906.4,24924.4,24906.4,24921.4,234
1782812400000,2026-06-30T09:40:00+00:00,24922.4,24944.4,24922.4,24939.4,228
1782812700000,2026-06-30T09:45:00+00:00,24940.4,24956.4,24937.4,24953.4,224
1782813000000,2026-06-30T09:50:00+00:00,24952.4,24960.4,24934.4,24935.4,366
1782813300000,2026-06-30T09:55:00+00:00,24936.4,24946.4,24931.4,24934.4,318
1782813600000,2026-06-30T10:00:00+00:00,24933.4,24946.4,24928.4,24942.4,278
1782813900000,2026-06-30T10:05:00+00:00,24941.4,24961.4,24939.4,24959.4,276
1782814200000,2026-06-30T10:10:00+00:00,24957.4,24962.4,24946.4,24950.4,292
1782814500000,2026-06-30T10:15:00+00:00,24951.4,24983.4,24949.4,24982.4,262
1782814800000,2026-06-30T10:20:00+00:00,24981.4,24988.4,24973.4,24975.4,236
1782815100000,2026-06-30T10:25:00+00:00,24976.4,25002.4,24976.4,24999.4,230
1782815400000,2026-06-30T10:30:00+00:00,25000.4,25008.4,24993.4,24998.4,266
1782815700000,2026-06-30T10:35:00+00:00,24997.4,25003.4,24990.4,24995.4,246
1782816000000,2026-06-30T10:40:00+00:00,24996.4,25014.4,24991.4,25005.4,288
1782816300000,2026-06-30T10:45:00+00:00,25004.4,25004.4,24990.4,24993.4,228
1782816600000,2026-06-30T10:50:00+00:00,24992.4,25003.4,24980.4,24994.4,268
1782816900000,2026-06-30T10:55:00+00:00,24995.4,25009.4,24991.4,25002.4,224
1782817200000,2026-06-30T11:00:00+00:00,25003.4,25008.4,24985.4,25006.4,282
1782817500000,2026-06-30T11:05:00+00:00,25007.4,25026.4,25006.4,25021.4,274
1782817800000,2026-06-30T11:10:00+00:00,25020.4,25026.4,25012.4,25020.4,266
1782818100000,2026-06-30T11:15:00+00:00,25021.4,25039.4,25016.4,25026.4,298
1782818400000,2026-06-30T11:20:00+00:00,25025.4,25036.4,25023.4,25032.4,248
1782818700000,2026-06-30T11:25:00+00:00,25033.4,25033.4,25016.4,25018.4,350
1782819000000,2026-06-30T11:30:00+00:00,25019.4,25041.4,25018.4,25030.4,216
1782819300000,2026-06-30T11:35:00+00:00,25031.4,25047.4,25030.4,25045.4,266
1782819600000,2026-06-30T11:40:00+00:00,25044.4,25050.4,25037.4,25042.4,252
1782819900000,2026-06-30T11:45:00+00:00,25043.4,25048.4,25034.4,25039.4,266
1782820200000,2026-06-30T11:50:00+00:00,25040.4,25040.4,25024.4,25036.4,252
1782820500000,2026-06-30T11:55:00+00:00,25035.4,25037.4,25018.4,25019.4,228
1782820800000,2026-06-30T12:00:00+00:00,25018.4,25022.4,24992.4,25003.4,378
1782821100000,2026-06-30T12:05:00+00:00,25002.4,25002.4,24984.4,24989.4,326
1782821400000,2026-06-30T12:10:00+00:00,24991.4,24994.4,24983.4,24986.4,298
1782821700000,2026-06-30T12:15:00+00:00,24985.4,24987.4,24965.4,24978.4,356
1782822000000,2026-06-30T12:20:00+00:00,24979.4,24981.4,24957.4,24961.4,316
1782822300000,2026-06-30T12:25:00+00:00,24960.4,24966.4,24948.4,24950.4,340
1782822600000,2026-06-30T12:30:00+00:00,24949.4,24954.4,24921.4,24934.4,411
1782822900000,2026-06-30T12:35:00+00:00,24935.4,24945.4,24928.4,24942.4,352
1782823200000,2026-06-30T12:40:00+00:00,24941.4,24968.4,24941.4,24966.4,352
1782823500000,2026-06-30T12:45:00+00:00,24965.4,24969.4,24957.4,24967.4,298
1782823800000,2026-06-30T12:50:00+00:00,24965.4,24991.4,24963.4,24981.4,226
1782824100000,2026-06-30T12:55:00+00:00,24980.4,24980.4,24955.4,24973.4,266
1782824400000,2026-06-30T13:00:00+00:00,24974.4,24977.4,24940.4,24943.4,356
1782824700000,2026-06-30T13:05:00+00:00,24945.4,24945.4,24925.4,24928.4,324
1782825000000,2026-06-30T13:10:00+00:00,24929.4,24933.4,24915.4,24922.4,334
1782825300000,2026-06-30T13:15:00+00:00,24921.4,24934.4,24915.4,24933.4,282
1782825600000,2026-06-30T13:20:00+00:00,24934.4,24934.4,24917.4,24924.4,316
1782825900000,2026-06-30T13:25:00+00:00,24925.4,24927.4,24911.4,24918.4,300
1782826200000,2026-06-30T13:30:00+00:00,24921.4,24946.4,24906.4,24911.4,598
1782826500000,2026-06-30T13:35:00+00:00,24910.4,24940.4,24901.4,24930.4,462
1782826800000,2026-06-30T13:40:00+00:00,24929.4,24956.4,24927.4,24947.4,492
1782827100000,2026-06-30T13:45:00+00:00,24948.4,24953.4,24930.4,24941.4,454
1782827400000,2026-06-30T13:50:00+00:00,24940.4,24973.4,24940.4,24958.4,458
1782827700000,2026-06-30T13:55:00+00:00,24959.4,24973.4,24952.4,24962.4,366
1782828000000,2026-06-30T14:00:00+00:00,24963.4,24970.4,24946.4,24952.4,454
1782828300000,2026-06-30T14:05:00+00:00,24953.4,24960.4,24939.4,24942.4,416
1782828600000,2026-06-30T14:10:00+00:00,24941.4,24964.4,24930.4,24962.4,432
1782828900000,2026-06-30T14:15:00+00:00,24961.4,24980.4,24961.4,24973.4,376
1782829200000,2026-06-30T14:20:00+00:00,24974.4,24980.4,24962.4,24963.4,354
1782829500000,2026-06-30T14:25:00+00:00,24964.4,24964.4,24951.4,24955.4,336
1782829800000,2026-06-30T14:30:00+00:00,24954.4,24979.4,24953.4,24962.4,414
1782830100000,2026-06-30T14:35:00+00:00,24960.4,24973.4,24954.4,24956.4,372
1782830400000,2026-06-30T14:40:00+00:00,24955.4,24956.4,24941.4,24945.4,328
1782830700000,2026-06-30T14:45:00+00:00,24944.4,24946.4,24919.4,24928.4,372
1782831000000,2026-06-30T14:50:00+00:00,24929.4,24945.4,24924.4,24926.4,414
1782831300000,2026-06-30T14:55:00+00:00,24927.4,24946.4,24924.4,24940.4,424
1782831600000,2026-06-30T15:00:00+00:00,24937.4,24966.4,24937.4,24966.4,432
1782831900000,2026-06-30T15:05:00+00:00,24968.4,25017.4,24965.4,25013.4,378
1782832200000,2026-06-30T15:10:00+00:00,25011.4,25027.4,25003.4,25022.4,390
1782832500000,2026-06-30T15:15:00+00:00,25019.4,25021.4,24981.4,24982.4,380
1782832800000,2026-06-30T15:20:00+00:00,24984.4,25007.4,24979.4,25002.4,320
1782833100000,2026-06-30T15:25:00+00:00,25003.4,25020.4,24999.4,25005.4,372
1782833400000,2026-06-30T15:30:00+00:00,25004.4,25039.4,24985.4,25031.4,568
1782833700000,2026-06-30T15:35:00+00:00,25027.4,25032.4,25012.4,25030.4,382
1782834000000,2026-06-30T15:40:00+00:00,25029.4,25041.4,25026.4,25031.4,328
1782834300000,2026-06-30T15:45:00+00:00,25032.4,25036.4,25020.4,25021.4,268
1782834600000,2026-06-30T15:50:00+00:00,25020.4,25031.4,25017.4,25027.4,248
1782834900000,2026-06-30T15:55:00+00:00,25026.4,25027.4,25011.4,25011.4,210
1782835200000,2026-06-30T16:00:00+00:00,25012.4,25015.4,25000.4,25002.4,232
1782835500000,2026-06-30T16:05:00+00:00,25003.4,25019.4,25000.4,25006.4,228
1782835800000,2026-06-30T16:10:00+00:00,25007.4,25007.4,25001.4,25007.4,176
1782836100000,2026-06-30T16:15:00+00:00,25006.4,25018.4,25006.4,25011.4,196
1782836400000,2026-06-30T16:20:00+00:00,25010.4,25014.4,25008.4,25012.4,162
1782836700000,2026-06-30T16:25:00+00:00,25011.4,25018.4,25011.4,25013.4,138
1782837000000,2026-06-30T16:30:00+00:00,25012.4,25021.4,25012.4,25021.4,124
1782837300000,2026-06-30T16:35:00+00:00,25020.4,25021.4,25012.4,25019.4,140
1782837600000,2026-06-30T16:40:00+00:00,25020.4,25027.4,25016.4,25026.4,170
1782837900000,2026-06-30T16:45:00+00:00,25025.4,25030.4,25024.4,25027.4,126
1782838200000,2026-06-30T16:50:00+00:00,25026.4,25034.4,25022.4,25034.4,114
1782838500000,2026-06-30T16:55:00+00:00,25033.4,25036.4,25029.4,25030.4,124
1782838800000,2026-06-30T17:00:00+00:00,25031.4,25041.4,25030.4,25039.4,98
1782839100000,2026-06-30T17:05:00+00:00,25038.4,25040.4,25034.4,25035.4,104
1782839400000,2026-06-30T17:10:00+00:00,25034.4,25039.4,25021.4,25023.4,150
1782839700000,2026-06-30T17:15:00+00:00,25024.4,25030.4,25022.4,25025.4,180
1782840000000,2026-06-30T17:20:00+00:00,25026.4,25033.4,25025.4,25032.4,126
1782840300000,2026-06-30T17:25:00+00:00,25033.4,25035.4,25026.4,25033.4,122
1782840600000,2026-06-30T17:30:00+00:00,25032.4,25040.4,25029.4,25039.4,114
1782840900000,2026-06-30T17:35:00+00:00,25038.4,25041.4,25034.4,25035.4,110
1782841200000,2026-06-30T17:40:00+00:00,25036.4,25040.4,25035.4,25039.4,102
1782841500000,2026-06-30T17:45:00+00:00,25040.4,25040.4,25034.4,25034.4,102
1782841800000,2026-06-30T17:50:00+00:00,25035.4,25039.4,25033.4,25038.4,76
1782842100000,2026-06-30T17:55:00+00:00,25039.4,25043.4,25037.4,25040.4,86
1782842400000,2026-06-30T18:00:00+00:00,25039.4,25041.4,25034.4,25034.4,144
1782842700000,2026-06-30T18:05:00+00:00,25033.4,25039.4,25030.4,25039.4,128
1782843000000,2026-06-30T18:10:00+00:00,25038.4,25043.4,25038.4,25042.4,82
1782843300000,2026-06-30T18:15:00+00:00,25043.4,25052.4,25042.4,25049.4,120
1782843600000,2026-06-30T18:20:00+00:00,25048.4,25052.4,25045.4,25049.4,84
1782843900000,2026-06-30T18:25:00+00:00,25048.4,25049.4,25038.4,25039.4,134
1782844200000,2026-06-30T18:30:00+00:00,25038.4,25040.4,25034.4,25038.4,112
1782844500000,2026-06-30T18:35:00+00:00,25039.4,25045.4,25039.4,25044.4,86
1782844800000,2026-06-30T18:40:00+00:00,25045.4,25049.4,25042.4,25049.4,66
1782845100000,2026-06-30T18:45:00+00:00,25050.4,25053.4,25046.4,25051.4,116
1782845400000,2026-06-30T18:50:00+00:00,25052.4,25055.4,25049.4,25051.4,84
1782845700000,2026-06-30T18:55:00+00:00,25052.4,25059.4,25052.4,25056.4,100
1782846000000,2026-06-30T19:00:00+00:00,25055.4,25058.4,25049.4,25051.4,94
1782846300000,2026-06-30T19:05:00+00:00,25050.4,25051.4,25044.4,25050.4,96
1782846600000,2026-06-30T19:10:00+00:00,25051.4,25057.4,25048.4,25056.4,72
1782846900000,2026-06-30T19:15:00+00:00,25057.4,25067.4,25056.4,25058.4,100
1782847200000,2026-06-30T19:20:00+00:00,25059.4,25061.4,25052.4,25056.4,158
1782847500000,2026-06-30T19:25:00+00:00,25055.4,25057.4,25047.4,25047.4,92
1782847800000,2026-06-30T19:30:00+00:00,25046.4,25049.4,25041.4,25042.4,100
1782848100000,2026-06-30T19:35:00+00:00,25041.4,25046.4,25036.4,25041.4,178
1782848400000,2026-06-30T19:40:00+00:00,25039.4,25044.4,25032.4,25040.4,164
1782848700000,2026-06-30T19:45:00+00:00,25039.4,25041.4,25033.4,25034.4,198
1782849000000,2026-06-30T19:50:00+00:00,25033.4,25041.4,25027.4,25036.4,266
1782849300000,2026-06-30T19:55:00+00:00,25039.4,25048.4,25030.4,25041.4,328
1782864900000,2026-07-01T00:15:00+00:00,25033.6,25045.8,25029.7,25037.8,238
1782865200000,2026-07-01T00:20:00+00:00,25034.8,25042.8,25033.8,25036.8,214
1782865500000,2026-07-01T00:25:00+00:00,25035.8,25038.8,25033.8,25034.8,154
1782865800000,2026-07-01T00:30:00+00:00,25035.8,25041.8,25028.8,25040.8,186
1782866100000,2026-07-01T00:35:00+00:00,25039.8,25043.8,25031.8,25039.8,124
1782866400000,2026-07-01T00:40:00+00:00,25040.8,25043.8,25037.8,25038.8,118
1782866700000,2026-07-01T00:45:00+00:00,25039.8,25039.8,25034.8,25038.8,64
1782867000000,2026-07-01T00:50:00+00:00,25037.8,25039.8,25030.8,25030.8,84
1782867300000,2026-07-01T00:55:00+00:00,25033.8,25035.8,25030.8,25031.8,114
1782867600000,2026-07-01T01:00:00+00:00,25033.8,25048.8,25030.8,25031.8,164
1782867900000,2026-07-01T01:05:00+00:00,25030.8,25034.8,25025.8,25025.8,140
1782868200000,2026-07-01T01:10:00+00:00,25024.8,25025.8,25014.8,25021.8,148
1782868500000,2026-07-01T01:15:00+00:00,25020.8,25022.8,25010.8,25014.8,188
1782868800000,2026-07-01T01:20:00+00:00,25015.8,25017.8,25011.8,25013.8,202
1782869100000,2026-07-01T01:25:00+00:00,25012.8,25018.8,25008.8,25016.8,156
1782869400000,2026-07-01T01:30:00+00:00,25017.8,25021.8,25008.8,25009.8,220
1782869700000,2026-07-01T01:35:00+00:00,25010.8,25014.8,25008.8,25010.8,188
1782870000000,2026-07-01T01:40:00+00:00,25011.8,25011.8,25004.8,25006.8,194
1782870300000,2026-07-01T01:45:00+00:00,25007.8,25009.8,24996.8,24999.8,156
1782870600000,2026-07-01T01:50:00+00:00,25000.8,25002.8,24996.8,24999.8,186
1782870900000,2026-07-01T01:55:00+00:00,25000.8,25004.8,24991.8,24995.8,152
1782871200000,2026-07-01T02:00:00+00:00,24998.8,24999.8,24990.8,24997.8,298
1782871500000,2026-07-01T02:05:00+00:00,24996.8,24997.8,24978.8,24984.8,274
1782871800000,2026-07-01T02:10:00+00:00,24987.8,24989.8,24976.8,24985.8,284
1782872100000,2026-07-01T02:15:00+00:00,24982.8,24992.8,24971.8,24976.8,256
1782872400000,2026-07-01T02:20:00+00:00,24975.8,24992.8,24973.8,24988.8,106
1782872700000,2026-07-01T02:25:00+00:00,24989.8,25000.8,24983.8,24991.8,152
1782873000000,2026-07-01T02:30:00+00:00,24993.8,24998.8,24989.8,24990.8,156
1782873300000,2026-07-01T02:35:00+00:00,24991.8,25002.8,24991.8,25000.8,170
1782873600000,2026-07-01T02:40:00+00:00,24999.8,25013.8,24998.8,25010.8,152
1782873900000,2026-07-01T02:45:00+00:00,25009.8,25013.8,25007.8,25011.8,110
1782874200000,2026-07-01T02:50:00+00:00,25010.8,25014.8,25005.8,25009.8,170
1782874500000,2026-07-01T02:55:00+00:00,25010.8,25012.8,24998.8,25000.8,92
1782874800000,2026-07-01T03:00:00+00:00,24998.8,25004.8,24996.8,25003.8,72
1782875100000,2026-07-01T03:05:00+00:00,25005.8,25010.8,25004.8,25009.8,24
1782875400000,2026-07-01T03:10:00+00:00,25010.8,25017.8,25010.8,25014.8,62
1782875700000,2026-07-01T03:15:00+00:00,25013.8,25014.8,25004.8,25009.8,76
1782876000000,2026-07-01T03:20:00+00:00,25008.8,25012.8,25002.8,25003.8,82
1782876300000,2026-07-01T03:25:00+00:00,25002.8,25003.8,24997.3,25000.8,84
1782876600000,2026-07-01T03:30:00+00:00,25001.8,25003.8,24993.8,25000.8,154
1782876900000,2026-07-01T03:35:00+00:00,25002.8,25015.8,25002.8,25013.8,88
1782877200000,2026-07-01T03:40:00+00:00,25014.8,25014.8,25003.8,25004.8,162
1782877500000,2026-07-01T03:45:00+00:00,25005.8,25016.8,25002.8,25016.8,108
1782877800000,2026-07-01T03:50:00+00:00,25017.8,25017.8,25016.8,25016.8,12
1782878100000,2026-07-01T03:55:00+00:00,25017.8,25018.8,25013.8,25014.8,84
1782878400000,2026-07-01T04:00:00+00:00,25016.8,25016.8,25002.8,25007.8,166
1782878700000,2026-07-01T04:05:00+00:00,25006.8,25013.8,25006.8,25007.8,142
1782879000000,2026-07-01T04:10:00+00:00,25009.8,25009.8,25001.8,25004.8,58
1782879300000,2026-07-01T04:15:00+00:00,25000.8,25007.8,25000.8,25004.8,98
1782879600000,2026-07-01T04:20:00+00:00,25003.8,25008.8,25001.8,25007.8,104
1782879900000,2026-07-01T04:25:00+00:00,25008.8,25014.8,25007.8,25012.8,64
1782880200000,2026-07-01T04:30:00+00:00,25011.8,25017.8,25011.8,25013.8,110
1782880500000,2026-07-01T04:35:00+00:00,25012.8,25013.8,24999.8,25002.8,102
1782880800000,2026-07-01T04:40:00+00:00,25001.8,25009.8,25000.8,25006.8,98
1782881100000,2026-07-01T04:45:00+00:00,25007.8,25017.8,25006.8,25016.8,126
1782881400000,2026-07-01T04:50:00+00:00,25017.8,25021.8,25014.8,25016.8,84
1782881700000,2026-07-01T04:55:00+00:00,25015.8,25018.8,24999.8,25000.8,98
1782882000000,2026-07-01T05:00:00+00:00,24999.8,25002.8,24992.8,24998.8,96
1782882300000,2026-07-01T05:05:00+00:00,25000.8,25009.8,24999.8,25003.8,146
1782882600000,2026-07-01T05:10:00+00:00,25002.8,25003.8,24995.8,24996.8,150
1782882900000,2026-07-01T05:15:00+00:00,24997.8,25002.8,24996.8,24998.8,84
1782883200000,2026-07-01T05:20:00+00:00,24999.8,24999.8,24992.8,24998.8,80
1782883500000,2026-07-01T05:25:00+00:00,24997.8,24998.8,24994.8,24996.8,74
1782883800000,2026-07-01T05:30:00+00:00,24997.8,25008.8,24994.8,25001.8,124
1782884100000,2026-07-01T05:35:00+00:00,25003.8,25009.8,24997.8,25002.8,124
1782884400000,2026-07-01T05:40:00+00:00,25001.8,25009.8,25001.8,25004.8,114
1782884700000,2026-07-01T05:45:00+00:00,25003.8,25013.8,25001.8,25005.8,136
1782885000000,2026-07-01T05:50:00+00:00,25006.8,25013.8,25006.8,25008.8,92
1782885300000,2026-07-01T05:55:00+00:00,25007.8,25021.8,25007.8,25020.8,144
1782885600000,2026-07-01T06:00:00+00:00,25022.8,25043.4,25019.4,25030.4,298
1782885900000,2026-07-01T06:05:00+00:00,25031.4,25043.4,25025.4,25028.4,200
1782886200000,2026-07-01T06:10:00+00:00,25027.4,25032.4,25011.4,25015.4,232
1782886500000,2026-07-01T06:15:00+00:00,25013.4,25019.4,25004.4,25004.4,154
1782886800000,2026-07-01T06:20:00+00:00,25003.4,25017.4,25003.4,25009.4,128
1782887100000,2026-07-01T06:25:00+00:00,25010.4,25023.4,25007.4,25020.4,168
1782887400000,2026-07-01T06:30:00+00:00,25021.4,25027.4,25007.4,25024.4,236
1782887700000,2026-07-01T06:35:00+00:00,25023.4,25033.4,25014.4,25030.4,232
1782888000000,2026-07-01T06:40:00+00:00,25029.4,25036.4,25023.4,25036.4,162
1782888300000,2026-07-01T06:45:00+00:00,25037.4,25045.4,25026.4,25045.4,174
1782888600000,2026-07-01T06:50:00+00:00,25046.4,25050.4,25034.4,25035.4,138
1782888900000,2026-07-01T06:55:00+00:00,25034.4,25042.4,25019.4,25042.4,190
1782889200000,2026-07-01T07:00:00+00:00,25048.4,25071.4,25034.4,25048.4,696
1782889500000,2026-07-01T07:05:00+00:00,25049.4,25070.4,25036.4,25039.4,582
1782889800000,2026-07-01T07:10:00+00:00,25041.4,25043.4,24980.4,24987.4,490
1782890100000,2026-07-01T07:15:00+00:00,24984.4,24996.4,24975.4,24987.4,532
1782890400000,2026-07-01T07:20:00+00:00,24990.4,25015.4,24988.4,25009.4,478
1782890700000,2026-07-01T07:25:00+00:00,25010.4,25010.4,24991.4,25000.4,360
1782891000000,2026-07-01T07:30:00+00:00,25004.4,25010.4,24980.4,25003.4,456
1782891300000,2026-07-01T07:35:00+00:00,25004.4,25023.4,24990.4,25023.4,396
1782891600000,2026-07-01T07:40:00+00:00,25024.4,25030.4,25011.4,25030.4,330
1782891900000,2026-07-01T07:45:00+00:00,25031.4,25043.4,25022.4,25042.4,352
1782892200000,2026-07-01T07:50:00+00:00,25044.4,25049.4,25037.4,25049.4,304
1782892500000,2026-07-01T07:55:00+00:00,25050.4,25074.4,25049.4,25073.4,326
1782892800000,2026-07-01T08:00:00+00:00,25072.4,25072.4,25050.4,25051.4,438
1782893100000,2026-07-01T08:05:00+00:00,25050.4,25072.4,25037.4,25070.4,356
1782893400000,2026-07-01T08:10:00+00:00,25071.4,25085.4,25058.4,25079.4,394
1782893700000,2026-07-01T08:15:00+00:00,25078.4,25101.4,25074.4,25099.4,370
1782894000000,2026-07-01T08:20:00+00:00,25098.4,25103.4,25073.4,25073.4,382
1782894300000,2026-07-01T08:25:00+00:00,25074.4,25088.4,25071.4,25085.4,382
1782894600000,2026-07-01T08:30:00+00:00,25086.4,25095.4,25067.4,25094.4,386
1782894900000,2026-07-01T08:35:00+00:00,25093.4,25115.4,25092.4,25113.4,280
1782895200000,2026-07-01T08:40:00+00:00,25112.4,25114.4,25097.4,25106.4,312
1782895500000,2026-07-01T08:45:00+00:00,25105.4,25105.4,25074.4,25074.4,358
1782895800000,2026-07-01T08:50:00+00:00,25075.4,25075.4,25066.4,25072.4,352
1782896100000,2026-07-01T08:55:00+00:00,25071.4,25089.4,25066.4,25088.4,311
1782896400000,2026-07-01T09:00:00+00:00,25087.4,25093.4,25067.4,25072.4,360
1782896700000,2026-07-01T09:05:00+00:00,25073.4,25077.4,25058.4,25073.4,354
1782897000000,2026-07-01T09:10:00+00:00,25074.4,25081.4,25058.4,25073.4,294
1782897300000,2026-07-01T09:15:00+00:00,25072.4,25076.4,25059.4,25061.4,268
1782897600000,2026-07-01T09:20:00+00:00,25063.4,25097.4,25062.4,25092.4,276
1782897900000,2026-07-01T09:25:00+00:00,25091.4,25103.4,25078.4,25103.4,286
1782898200000,2026-07-01T09:30:00+00:00,25104.4,25111.4,25094.4,25107.4,310
1782898500000,2026-07-01T09:35:00+00:00,25106.4,25110.4,25095.4,25104.4,324
1782898800000,2026-07-01T09:40:00+00:00,25103.4,25107.4,25096.4,25099.4,284
1782899100000,2026-07-01T09:45:00+00:00,25098.4,25109.4,25091.4,25101.4,292
1782899400000,2026-07-01T09:50:00+00:00,25100.4,25107.4,25093.4,25100.4,272
1782899700000,2026-07-01T09:55:00+00:00,25099.4,25101.4,25090.4,25097.4,282
1782900000000,2026-07-01T10:00:00+00:00,25096.4,25099.4,25072.4,25074.4,258
1782900300000,2026-07-01T10:05:00+00:00,25073.4,25073.4,25046.4,25071.4,286
1782900600000,2026-07-01T10:10:00+00:00,25070.4,25081.4,25059.4,25081.4,282
1782900900000,2026-07-01T10:15:00+00:00,25082.4,25097.4,25079.4,25082.4,324
1782901200000,2026-07-01T10:20:00+00:00,25081.4,25093.4,25076.4,25087.4,276
1782901500000,2026-07-01T10:25:00+00:00,25088.4,25099.4,25086.4,25097.4,242
1782901800000,2026-07-01T10:30:00+00:00,25098.4,25101.4,25088.4,25094.4,208
1782902100000,2026-07-01T10:35:00+00:00,25095.4,25096.4,25081.4,25083.4,212
1782902400000,2026-07-01T10:40:00+00:00,25079.4,25083.4,25069.4,25081.4,246
1782902700000,2026-07-01T10:45:00+00:00,25080.4,25086.4,25074.4,25081.4,252
1782903000000,2026-07-01T10:50:00+00:00,25080.4,25091.4,25074.4,25076.4,248
1782903300000,2026-07-01T10:55:00+00:00,25077.4,25090.4,25073.4,25084.4,222
1782903600000,2026-07-01T11:00:00+00:00,25086.4,25102.4,25081.4,25084.4,303
1782903900000,2026-07-01T11:05:00+00:00,25085.4,25090.4,25070.4,25070.4,250
1782904200000,2026-07-01T11:10:00+00:00,25069.4,25075.4,25064.4,25067.4,235
1782904500000,2026-07-01T11:15:00+00:00,25066.4,25080.4,25066.4,25071.4,266
1782904800000,2026-07-01T11:20:00+00:00,25072.4,25077.4,25056.4,25062.4,244
1782905100000,2026-07-01T11:25:00+00:00,25060.4,25062.4,25047.4,25054.4,250
1782905400000,2026-07-01T11:30:00+00:00,25053.4,25057.4,25029.4,25032.4,274
1782905700000,2026-07-01T11:35:00+00:00,25031.4,25034.4,25025.4,25033.4,292
1782906000000,2026-07-01T11:40:00+00:00,25031.4,25039.4,25020.4,25038.4,354
1782906300000,2026-07-01T11:45:00+00:00,25037.4,25039.4,25018.4,25021.4,316
1782906600000,2026-07-01T11:50:00+00:00,25019.4,25023.4,25003.4,25007.4,358
1782906900000,2026-07-01T11:55:00+00:00,25008.4,25011.4,25004.4,25010.4,268
1782907200000,2026-07-01T12:00:00+00:00,25012.4,25019.4,24986.4,24989.4,350
1782907500000,2026-07-01T12:05:00+00:00,24988.4,25014.4,24981.4,25014.4,344
1782907800000,2026-07-01T12:10:00+00:00,25015.4,25023.4,25005.4,25017.1,354
1782908100000,2026-07-01T12:15:00+00:00,25016.6,25031.4,25006.4,25030.4,450
1782908400000,2026-07-01T12:20:00+00:00,25029.4,25032.4,25006.4,25021.4,360
1782908700000,2026-07-01T12:25:00+00:00,25022.4,25029.4,25021.4,25026.4,250
1782909000000,2026-07-01T12:30:00+00:00,25025.4,25041.4,25011.4,25011.4,388
1782909300000,2026-07-01T12:35:00+00:00,25012.4,25014.4,24992.4,25004.4,432
1782909600000,2026-07-01T12:40:00+00:00,25003.4,25019.4,24995.4,25000.4,480
1782909900000,2026-07-01T12:45:00+00:00,24999.4,25000.4,24985.4,24988.4,418
1782910200000,2026-07-01T12:50:00+00:00,24987.4,25009.4,24982.4,24983.4,436
1782910500000,2026-07-01T12:55:00+00:00,24980.4,24985.4,24962.4,24963.4,414
1782910800000,2026-07-01T13:00:00+00:00,24962.4,24962.4,24924.4,24934.4,538
1782911100000,2026-07-01T13:05:00+00:00,24933.4,24937.4,24919.4,24920.4,460
1782911400000,2026-07-01T13:10:00+00:00,24919.4,24932.4,24901.4,24910.4,522
1782911700000,2026-07-01T13:15:00+00:00,24911.4,24962.4,24910.4,24945.4,484
1782912000000,2026-07-01T13:20:00+00:00,24946.4,24948.4,24921.4,24938.4,444
1782912300000,2026-07-01T13:25:00+00:00,24935.4,24972.4,24931.4,24971.4,504
1782912600000,2026-07-01T13:30:00+00:00,24972.4,24989.4,24941.4,24949.4,716
1782912900000,2026-07-01T13:35:00+00:00,24951.4,24975.4,24936.4,24962.4,600
1782913200000,2026-07-01T13:40:00+00:00,24959.4,24990.4,24956.4,24987.4,556
1782913500000,2026-07-01T13:45:00+00:00,24986.4,25005.4,24979.4,24996.4,616
1782913800000,2026-07-01T13:50:00+00:00,24995.4,25020.4,24995.4,25011.4,488
1782914100000,2026-07-01T13:55:00+00:00,25010.4,25016.4,24988.4,25002.6,456
1782914400000,2026-07-01T14:00:00+00:00,25003.1,25024.4,24989.4,25017.4,502
1782914700000,2026-07-01T14:05:00+00:00,25016.4,25018.4,24996.4,25002.4,424
1782915000000,2026-07-01T14:10:00+00:00,25000.4,25020.4,24999.4,25014.4,420
1782915300000,2026-07-01T14:15:00+00:00,25013.4,25031.4,25002.4,25030.4,460
1782915600000,2026-07-01T14:20:00+00:00,25029.4,25034.4,25013.4,25026.4,392
1782915900000,2026-07-01T14:25:00+00:00,25027.4,25036.4,25021.4,25023.4,352
1782916200000,2026-07-01T14:30:00+00:00,25024.4,25029.4,25006.4,25017.4,384
1782916500000,2026-07-01T14:35:00+00:00,25016.4,25017.4,24988.4,24996.4,413
1782916800000,2026-07-01T14:40:00+00:00,24995.4,24999.4,24977.4,24993.4,410
1782917100000,2026-07-01T14:45:00+00:00,24994.4,25008.4,24977.4,25000.4,486
1782917400000,2026-07-01T14:50:00+00:00,25001.4,25018.4,24998.4,25011.4,388
1782917700000,2026-07-01T14:55:00+00:00,25012.4,25013.4,24991.4,25000.4,324
1782918000000,2026-07-01T15:00:00+00:00,24999.4,25022.4,24996.4,25016.4,390
1782918300000,2026-07-01T15:05:00+00:00,25015.4,25020.4,25004.4,25016.4,376
1782918600000,2026-07-01T15:10:00+00:00,25017.4,25030.4,25015.4,25020.4,366
1782918900000,2026-07-01T15:15:00+00:00,25021.4,25038.4,25021.4,25034.4,316
1782919200000,2026-07-01T15:20:00+00:00,25035.4,25042.4,25022.4,25036.4,300
1782919500000,2026-07-01T15:25:00+00:00,25037.4,25094.4,25036.4,25094.4,344
1782919800000,2026-07-01T15:30:00+00:00,25091.4,25102.4,25064.4,25064.4,514
1782920100000,2026-07-01T15:35:00+00:00,25065.4,25071.4,25049.4,25056.4,386
1782920400000,2026-07-01T15:40:00+00:00,25055.4,25078.4,25052.4,25067.4,280
1782920700000,2026-07-01T15:45:00+00:00,25065.4,25077.4,25064.4,25068.4,236
1782921000000,2026-07-01T15:50:00+00:00,25069.4,25080.4,25063.4,25067.4,260
1782921300000,2026-07-01T15:55:00+00:00,25068.4,25075.4,25064.4,25075.4,198
1782921600000,2026-07-01T16:00:00+00:00,25076.4,25085.4,25071.4,25077.4,262
1782921900000,2026-07-01T16:05:00+00:00,25076.4,25086.4,25074.4,25081.4,222
1782922200000,2026-07-01T16:10:00+00:00,25080.4,25086.4,25077.4,25086.4,212
1782922500000,2026-07-01T16:15:00+00:00,25085.4,25090.4,25084.4,25090.4,244
1782922800000,2026-07-01T16:20:00+00:00,25091.4,25094.4,25084.4,25090.4,216
1782923100000,2026-07-01T16:25:00+00:00,25089.4,25098.4,25085.4,25096.4,166
1782923400000,2026-07-01T16:30:00+00:00,25095.4,25107.4,25095.4,25101.4,236
1782923700000,2026-07-01T16:35:00+00:00,25100.4,25103.4,25093.4,25094.4,202
1782924000000,2026-07-01T16:40:00+00:00,25093.4,25095.4,25085.4,25093.4,150
1782924300000,2026-07-01T16:45:00+00:00,25092.4,25096.4,25084.4,25084.4,190
1782924600000,2026-07-01T16:50:00+00:00,25085.4,25085.4,25068.4,25072.4,270
1782924900000,2026-07-01T16:55:00+00:00,25071.4,25073.4,25061.4,25063.4,286
1782925200000,2026-07-01T17:00:00+00:00,25064.4,25077.4,25064.4,25066.4,300
1782925500000,2026-07-01T17:05:00+00:00,25067.4,25075.4,25062.4,25074.4,250
1782925800000,2026-07-01T17:10:00+00:00,25073.4,25079.4,25069.4,25078.4,224
1782926100000,2026-07-01T17:15:00+00:00,25079.4,25089.4,25075.4,25087.4,204
1782926400000,2026-07-01T17:20:00+00:00,25088.4,25092.4,25087.4,25091.4,116
1782926700000,2026-07-01T17:25:00+00:00,25092.4,25097.4,25092.4,25093.4,60
1782927000000,2026-07-01T17:30:00+00:00,25094.4,25099.4,25084.4,25086.4,174
1782927300000,2026-07-01T17:35:00+00:00,25085.4,25091.4,25083.4,25089.4,174
1782927600000,2026-07-01T17:40:00+00:00,25088.4,25089.4,25075.4,25075.4,154
1782927900000,2026-07-01T17:45:00+00:00,25074.4,25077.4,25067.4,25069.4,118
1782928200000,2026-07-01T17:50:00+00:00,25070.4,25074.4,25064.4,25067.4,142
1782928500000,2026-07-01T17:55:00+00:00,25068.4,25068.4,25060.4,25063.4,118
1782928800000,2026-07-01T18:00:00+00:00,25064.4,25076.4,25063.4,25074.4,246
1782929100000,2026-07-01T18:05:00+00:00,25075.4,25075.4,25066.4,25070.4,182
1782929400000,2026-07-01T18:10:00+00:00,25071.4,25071.4,25056.4,25057.4,148
1782929700000,2026-07-01T18:15:00+00:00,25058.4,25065.4,25052.4,25064.4,212
1782930000000,2026-07-01T18:20:00+00:00,25065.4,25066.4,25059.4,25066.4,160
1782930300000,2026-07-01T18:25:00+00:00,25068.4,25068.4,25063.4,25063.4,104
1782930600000,2026-07-01T18:30:00+00:00,25062.4,25068.4,25059.4,25067.4,149
1782930900000,2026-07-01T18:35:00+00:00,25066.4,25070.4,25063.4,25070.4,123
1782931200000,2026-07-01T18:40:00+00:00,25069.4,25070.4,25062.4,25067.4,160
1782931500000,2026-07-01T18:45:00+00:00,25066.4,25067.4,25056.4,25062.4,178
1782931800000,2026-07-01T18:50:00+00:00,25063.4,25065.4,25055.4,25055.4,178
1782932100000,2026-07-01T18:55:00+00:00,25056.4,25062.4,25054.4,25059.4,112
1782932400000,2026-07-01T19:00:00+00:00,25060.4,25071.4,25059.4,25066.4,224
1782932700000,2026-07-01T19:05:00+00:00,25067.4,25079.4,25066.4,25078.4,220
1782933000000,2026-07-01T19:10:00+00:00,25077.4,25077.4,25072.4,25076.4,128
1782933300000,2026-07-01T19:15:00+00:00,25077.4,25081.4,25075.4,25080.4,138
1782933600000,2026-07-01T19:20:00+00:00,25079.4,25082.4,25078.4,25080.4,146
1782933900000,2026-07-01T19:25:00+00:00,25079.4,25080.4,25069.4,25073.4,156
1782934200000,2026-07-01T19:30:00+00:00,25072.4,25080.4,25071.4,25078.4,174
1782934500000,2026-07-01T19:35:00+00:00,25076.4,25078.4,25073.4,25076.4,204
1782934800000,2026-07-01T19:40:00+00:00,25075.4,25075.4,25067.4,25068.4,266
1782935100000,2026-07-01T19:45:00+00:00,25069.4,25075.4,25067.4,25070.4,132
1782935400000,2026-07-01T19:50:00+00:00,25071.4,25071.4,25059.4,25069.4,246
1782935700000,2026-07-01T19:55:00+00:00,25066.4,25069.4,25056.4,25064.4,256
1782951300000,2026-07-02T00:15:00+00:00,25034.5,25037.0,25002.7,25006.7,466
1782951600000,2026-07-02T00:20:00+00:00,25007.7,25035.7,25002.7,25031.7,396
1782951900000,2026-07-02T00:25:00+00:00,25033.7,25035.7,25024.7,25034.7,226
1782952200000,2026-07-02T00:30:00+00:00,25043.7,25043.7,25030.7,25039.7,298
1782952500000,2026-07-02T00:35:00+00:00,25038.7,25045.7,25032.7,25035.7,280
1782952800000,2026-07-02T00:40:00+00:00,25036.7,25036.7,25009.7,25009.7,296
1782953100000,2026-07-02T00:45:00+00:00,25010.7,25032.7,25008.7,25031.7,366
1782953400000,2026-07-02T00:50:00+00:00,25030.7,25060.7,25026.7,25060.7,272
1782953700000,2026-07-02T00:55:00+00:00,25061.7,25066.7,25050.7,25055.7,242
1782954000000,2026-07-02T01:00:00+00:00,25057.7,25075.7,25049.7,25075.7,496
1782954300000,2026-07-02T01:05:00+00:00,25074.7,25092.7,25072.7,25088.7,276
1782954600000,2026-07-02T01:10:00+00:00,25090.7,25094.7,25086.7,25092.7,192
1782954900000,2026-07-02T01:15:00+00:00,25093.7,25094.7,25077.7,25093.7,318
1782955200000,2026-07-02T01:20:00+00:00,25092.7,25101.7,25090.7,25101.7,156
1782955500000,2026-07-02T01:25:00+00:00,25099.7,25105.7,25095.7,25103.7,266
1782955800000,2026-07-02T01:30:00+00:00,25104.7,25144.7,25103.7,25131.7,414
1782956100000,2026-07-02T01:35:00+00:00,25125.7,25142.7,25125.7,25138.7,206
1782956400000,2026-07-02T01:40:00+00:00,25137.7,25153.7,25137.7,25151.7,152
1782956700000,2026-07-02T01:45:00+00:00,25150.7,25166.7,25140.7,25159.7,218
1782957000000,2026-07-02T01:50:00+00:00,25161.7,25164.7,25149.7,25149.7,128
1782957300000,2026-07-02T01:55:00+00:00,25150.7,25152.7,25144.7,25147.7,152
1782957600000,2026-07-02T02:00:00+00:00,25148.7,25149.7,25140.7,25146.7,230
1782957900000,2026-07-02T02:05:00+00:00,25147.7,25151.7,25143.7,25150.7,172
1782958200000,2026-07-02T02:10:00+00:00,25148.7,25156.7,25144.7,25156.7,130
1782958500000,2026-07-02T02:15:00+00:00,25154.7,25166.7,25153.7,25160.7,174
1782958800000,2026-07-02T02:20:00+00:00,25161.7,25162.7,25150.7,25152.7,114
1782959100000,2026-07-02T02:25:00+00:00,25150.7,25156.7,25145.7,25148.7,204
1782959400000,2026-07-02T02:30:00+00:00,25149.7,25151.7,25139.7,25151.7,122
1782959700000,2026-07-02T02:35:00+00:00,25150.7,25152.7,25145.7,25148.7,106
1782960000000,2026-07-02T02:40:00+00:00,25147.7,25149.7,25144.7,25145.7,112
1782960300000,2026-07-02T02:45:00+00:00,25146.7,25151.7,25144.7,25146.7,56
1782960600000,2026-07-02T02:50:00+00:00,25145.7,25146.7,25142.7,25145.7,46
1782960900000,2026-07-02T02:55:00+00:00,25146.7,25150.7,25144.7,25147.7,92
1782961200000,2026-07-02T03:00:00+00:00,25148.7,25152.7,25143.7,25143.7,68
1782961500000,2026-07-02T03:05:00+00:00,25144.7,25145.7,25136.7,25137.7,130
1782961800000,2026-07-02T03:10:00+00:00,25136.7,25145.7,25136.7,25142.7,118
1782962100000,2026-07-02T03:15:00+00:00,25144.7,25147.7,25139.7,25143.7,64
1782962400000,2026-07-02T03:20:00+00:00,25144.7,25144.7,25128.7,25132.7,104
1782962700000,2026-07-02T03:25:00+00:00,25131.7,25134.7,25125.7,25134.7,122
1782963000000,2026-07-02T03:30:00+00:00,25133.7,25150.7,25132.7,25148.7,256
1782963300000,2026-07-02T03:35:00+00:00,25147.7,25149.7,25137.7,25143.7,204
1782963600000,2026-07-02T03:40:00+00:00,25142.7,25147.7,25138.7,25146.7,200
1782963900000,2026-07-02T03:45:00+00:00,25145.7,25147.7,25138.7,25140.7,172
1782964200000,2026-07-02T03:50:00+00:00,25141.7,25149.7,25138.7,25146.7,112
1782964500000,2026-07-02T03:55:00+00:00,25145.7,25156.7,25145.7,25153.7,120
1782964800000,2026-07-02T04:00:00+00:00,25154.7,25164.7,25151.7,25154.7,156
1782965100000,2026-07-02T04:05:00+00:00,25152.7,25152.7,25144.7,25145.7,126
1782965400000,2026-07-02T04:10:00+00:00,25146.7,25146.7,25129.7,25134.7,120
1782965700000,2026-07-02T04:15:00+00:00,25135.7,25135.7,25125.7,25129.7,144
1782966000000,2026-07-02T04:20:00+00:00,25128.7,25128.7,25120.7,25127.7,140
1782966300000,2026-07-02T04:25:00+00:00,25128.7,25131.7,25113.7,25128.7,172
1782966600000,2026-07-02T04:30:00+00:00,25129.7,25129.7,25107.7,25110.7,222
1782966900000,2026-07-02T04:35:00+00:00,25109.7,25111.7,25096.7,25101.7,192
1782967200000,2026-07-02T04:40:00+00:00,25099.7,25101.7,25094.7,25096.7,240
1782967500000,2026-07-02T04:45:00+00:00,25093.7,25101.7,25093.7,25098.7,210
1782967800000,2026-07-02T04:50:00+00:00,25099.7,25113.7,25098.7,25111.7,176
1782968100000,2026-07-02T04:55:00+00:00,25112.7,25120.7,25111.7,25115.7,144
1782968400000,2026-07-02T05:00:00+00:00,25116.7,25134.7,25105.7,25134.7,168
1782968700000,2026-07-02T05:05:00+00:00,25135.7,25140.7,25132.7,25139.7,188
1782969000000,2026-07-02T05:10:00+00:00,25138.7,25139.7,25127.7,25128.7,208
1782969300000,2026-07-02T05:15:00+00:00,25127.7,25127.7,25115.7,25123.7,138
1782969600000,2026-07-02T05:20:00+00:00,25121.7,25131.7,25121.7,25126.7,184
1782969900000,2026-07-02T05:25:00+00:00,25124.7,25125.7,25107.7,25108.7,232
1782970200000,2026-07-02T05:30:00+00:00,25107.7,25107.7,25094.7,25097.7,294
1782970500000,2026-07-02T05:35:00+00:00,25098.7,25098.7,25082.7,25082.7,274
1782970800000,2026-07-02T05:40:00+00:00,25077.7,25095.7,25077.7,25079.7,302
1782971100000,2026-07-02T05:45:00+00:00,25080.7,25085.7,25074.7,25079.7,168
1782971400000,2026-07-02T05:50:00+00:00,25080.7,25087.7,25079.7,25081.7,286
1782971700000,2026-07-02T05:55:00+00:00,25082.7,25090.7,25079.7,25080.7,230
1782972000000,2026-07-02T06:00:00+00:00,25081.7,25092.3,25075.7,25079.3,322
1782972300000,2026-07-02T06:05:00+00:00,25080.3,25087.3,25076.3,25076.3,198
1782972600000,2026-07-02T06:10:00+00:00,25077.3,25077.3,25054.3,25056.3,182
1782972900000,2026-07-02T06:15:00+00:00,25055.3,25064.3,25052.3,25058.3,290
1782973200000,2026-07-02T06:20:00+00:00,25057.3,25071.3,25056.3,25059.3,242
1782973500000,2026-07-02T06:25:00+00:00,25058.3,25070.3,25043.3,25045.3,194
1782973800000,2026-07-02T06:30:00+00:00,25046.3,25066.3,25046.3,25065.3,316
1782974100000,2026-07-02T06:35:00+00:00,25064.3,25086.3,25059.3,25083.3,272
1782974400000,2026-07-02T06:40:00+00:00,25079.3,25089.3,25068.3,25069.3,172
1782974700000,2026-07-02T06:45:00+00:00,25070.3,25070.3,25045.3,25045.3,266
1782975000000,2026-07-02T06:50:00+00:00,25044.3,25049.3,25034.3,25039.3,352
1782975300000,2026-07-02T06:55:00+00:00,25038.3,25049.3,24993.3,24993.3,328
1782975600000,2026-07-02T07:00:00+00:00,25001.3,25040.3,24978.3,25040.3,726
1782975900000,2026-07-02T07:05:00+00:00,25039.3,25057.3,25027.3,25049.3,602
1782976200000,2026-07-02T07:10:00+00:00,25050.3,25067.3,25039.3,25048.3,512
1782976500000,2026-07-02T07:15:00+00:00,25046.3,25089.3,25045.3,25087.3,516
1782976800000,2026-07-02T07:20:00+00:00,25088.3,25120.3,25088.3,25116.3,418
1782977100000,2026-07-02T07:25:00+00:00,25117.3,25122.3,25093.3,25103.3,430
1782977400000,2026-07-02T07:30:00+00:00,25106.3,25107.3,25088.3,25100.3,474
1782977700000,2026-07-02T07:35:00+00:00,25101.3,25128.3,25099.3,25126.3,442
1782978000000,2026-07-02T07:40:00+00:00,25127.3,25159.3,25124.3,25149.3,386
1782978300000,2026-07-02T07:45:00+00:00,25150.3,25155.3,25133.3,25137.3,430
1782978600000,2026-07-02T07:50:00+00:00,25140.3,25144.3,25107.3,25108.3,370
1782978900000,2026-07-02T07:55:00+00:00,25111.3,25129.3,25105.3,25127.3,392
1782979200000,2026-07-02T08:00:00+00:00,25132.3,25133.3,25111.3,25119.3,502
1782979500000,2026-07-02T08:05:00+00:00,25122.3,25141.3,25114.3,25138.3,514
1782979800000,2026-07-02T08:10:00+00:00,25139.3,25151.3,25127.3,25129.3,404
1782980100000,2026-07-02T08:15:00+00:00,25130.3,25136.3,25117.3,25119.3,344
1782980400000,2026-07-02T08:20:00+00:00,25120.3,25135.3,25112.3,25122.3,386
1782980700000,2026-07-02T08:25:00+00:00,25123.3,25141.3,25120.3,25123.3,378
1782981000000,2026-07-02T08:30:00+00:00,25124.3,25151.3,25115.3,25150.3,392
1782981300000,2026-07-02T08:35:00+00:00,25149.3,25178.3,25147.3,25160.3,356
1782981600000,2026-07-02T08:40:00+00:00,25159.3,25165.3,25149.3,25151.3,348
1782981900000,2026-07-02T08:45:00+00:00,25152.3,25183.3,25148.3,25183.3,340
1782982200000,2026-07-02T08:50:00+00:00,25184.3,25185.3,25165.3,25167.3,352
1782982500000,2026-07-02T08:55:00+00:00,25168.3,25179.3,25166.3,25168.3,286
1782982800000,2026-07-02T09:00:00+00:00,25171.3,25177.3,25153.3,25174.3,338
1782983100000,2026-07-02T09:05:00+00:00,25175.3,25176.3,25150.3,25171.3,384
1782983400000,2026-07-02T09:10:00+00:00,25174.3,25181.3,25164.3,25180.3,348
1782983700000,2026-07-02T09:15:00+00:00,25178.3,25206.3,25169.3,25198.3,322
1782984000000,2026-07-02T09:20:00+00:00,25199.3,25212.3,25196.3,25196.3,292
1782984300000,2026-07-02T09:25:00+00:00,25194.3,25198.3,25181.3,25195.3,286
1782984600000,2026-07-02T09:30:00+00:00,25196.3,25205.3,25192.3,25196.3,316
1782984900000,2026-07-02T09:35:00+00:00,25197.3,25204.3,25192.3,25197.3,298
1782985200000,2026-07-02T09:40:00+00:00,25196.3,25212.3,25191.3,25205.3,262
1782985500000,2026-07-02T09:45:00+00:00,25203.3,25205.3,25189.3,25190.3,294
1782985800000,2026-07-02T09:50:00+00:00,25191.3,25214.3,25191.3,25214.3,250
1782986100000,2026-07-02T09:55:00+00:00,25213.3,25217.3,25193.3,25197.3,308
1782986400000,2026-07-02T10:00:00+00:00,25199.3,25199.3,25178.3,25192.3,340
1782986700000,2026-07-02T10:05:00+00:00,25193.3,25199.3,25182.3,25182.3,288
1782987000000,2026-07-02T10:10:00+00:00,25181.3,25193.3,25181.3,25190.3,254
1782987300000,2026-07-02T10:15:00+00:00,25189.3,25212.3,25188.3,25212.3,220
1782987600000,2026-07-02T10:20:00+00:00,25213.3,25216.3,25204.3,25212.3,258
1782987900000,2026-07-02T10:25:00+00:00,25211.3,25227.3,25209.3,25227.3,290
1782988200000,2026-07-02T10:30:00+00:00,25231.3,25264.3,25231.3,25256.3,282
1782988500000,2026-07-02T10:35:00+00:00,25258.3,25273.3,25256.3,25272.3,266
1782988800000,2026-07-02T10:40:00+00:00,25273.3,25279.3,25265.3,25274.3,248
1782989100000,2026-07-02T10:45:00+00:00,25275.3,25293.3,25274.3,25279.5,256
1782989400000,2026-07-02T10:50:00+00:00,25280.5,25293.3,25266.5,25287.3,318
1782989700000,2026-07-02T10:55:00+00:00,25286.3,25310.3,25286.3,25301.3,244
1782990000000,2026-07-02T11:00:00+00:00,25302.3,25321.3,25294.3,25294.3,336
1782990300000,2026-07-02T11:05:00+00:00,25295.3,25298.3,25283.3,25296.3,264
1782990600000,2026-07-02T11:10:00+00:00,25295.3,25306.8,25293.8,25301.8,254
1782990900000,2026-07-02T11:15:00+00:00,25302.8,25307.8,25293.8,25302.8,258
1782991200000,2026-07-02T11:20:00+00:00,25303.8,25305.3,25286.5,25299.5,232
1782991500000,2026-07-02T11:25:00+00:00,25298.5,25310.8,25297.3,25305.8,210
1782991800000,2026-07-02T11:30:00+00:00,25304.8,25315.8,25301.8,25304.8,232
1782992100000,2026-07-02T11:35:00+00:00,25300.8,25313.8,25296.8,25312.8,192
1782992400000,2026-07-02T11:40:00+00:00,25311.8,25314.8,25297.8,25302.8,256
1782992700000,2026-07-02T11:45:00+00:00,25301.8,25322.8,25301.8,25321.6,254
1782993000000,2026-07-02T11:50:00+00:00,25322.6,25330.8,25316.8,25321.8,286
1782993300000,2026-07-02T11:55:00+00:00,25322.8,25329.8,25320.8,25323.8,214
1782993600000,2026-07-02T12:00:00+00:00,25322.8,25343.3,25315.8,25339.8,300
1782993900000,2026-07-02T12:05:00+00:00,25340.8,25354.8,25336.0,25348.8,296
1782994200000,2026-07-02T12:10:00+00:00,25347.8,25363.8,25345.8,25363.8,318
1782994500000,2026-07-02T12:15:00+00:00,25362.8,25367.8,25349.8,25350.8,336
1782994800000,2026-07-02T12:20:00+00:00,25349.8,25381.6,25347.8,25364.8,382
1782995100000,2026-07-02T12:25:00+00:00,25365.8,25368.8,25340.8,25363.5,354
1782995400000,2026-07-02T12:30:00+00:00,25365.0,25425.1,25363.5,25416.1,654
1782995700000,2026-07-02T12:35:00+00:00,25415.1,25446.1,25413.1,25445.1,648
1782996000000,2026-07-02T12:40:00+00:00,25444.1,25489.6,25443.1,25488.6,518
1782996300000,2026-07-02T12:45:00+00:00,25489.6,25491.6,25468.6,25484.6,526
1782996600000,2026-07-02T12:50:00+00:00,25483.6,25490.6,25460.6,25467.6,552
1782996900000,2026-07-02T12:55:00+00:00,25466.6,25468.6,25443.6,25464.6,472
1782997200000,2026-07-02T13:00:00+00:00,25466.6,25478.6,25452.6,25477.6,526
1782997500000,2026-07-02T13:05:00+00:00,25476.6,25477.6,25460.6,25475.6,388
1782997800000,2026-07-02T13:10:00+00:00,25476.6,25491.6,25464.6,25467.6,422
1782998100000,2026-07-02T13:15:00+00:00,25468.6,25488.6,25460.6,25487.6,343
1782998400000,2026-07-02T13:20:00+00:00,25486.6,25514.6,25483.6,25509.6,363
1782998700000,2026-07-02T13:25:00+00:00,25510.6,25543.6,25502.6,25528.6,474
1782999000000,2026-07-02T13:30:00+00:00,25527.6,25554.6,25521.6,25546.6,648
1782999300000,2026-07-02T13:35:00+00:00,25547.6,25582.6,25546.6,25579.6,646
1782999600000,2026-07-02T13:40:00+00:00,25577.6,25611.6,25570.6,25608.6,536
1782999900000,2026-07-02T13:45:00+00:00,25607.6,25651.6,25604.6,25650.6,562
1783000200000,2026-07-02T13:50:00+00:00,25652.6,25685.6,25651.6,25657.6,579
1783000500000,2026-07-02T13:55:00+00:00,25658.6,25673.6,25651.6,25667.6,535
1783000800000,2026-07-02T14:00:00+00:00,25669.6,25669.6,25624.6,25630.6,522
1783001100000,2026-07-02T14:05:00+00:00,25628.6,25655.6,25620.6,25633.6,582
1783001400000,2026-07-02T14:10:00+00:00,25634.6,25676.6,25627.6,25666.6,506
1783001700000,2026-07-02T14:15:00+00:00,25665.6,25676.6,25642.6,25652.6,506
1783002000000,2026-07-02T14:20:00+00:00,25651.6,25652.6,25629.6,25635.6,540
1783002300000,2026-07-02T14:25:00+00:00,25634.6,25643.6,25618.6,25626.6,614
1783002600000,2026-07-02T14:30:00+00:00,25627.6,25656.6,25616.6,25633.6,643
1783002900000,2026-07-02T14:35:00+00:00,25634.6,25655.6,25631.6,25648.6,570
1783003200000,2026-07-02T14:40:00+00:00,25649.6,25652.6,25617.6,25619.6,594
1783003500000,2026-07-02T14:45:00+00:00,25618.6,25640.6,25606.6,25613.6,644
1783003800000,2026-07-02T14:50:00+00:00,25614.6,25637.6,25611.6,25635.6,582
1783004100000,2026-07-02T14:55:00+00:00,25636.6,25664.6,25636.6,25664.6,480
1783004400000,2026-07-02T15:00:00+00:00,25666.6,25675.6,25643.6,25643.6,538
1783004700000,2026-07-02T15:05:00+00:00,25644.6,25649.6,25609.6,25624.6,649
1783005000000,2026-07-02T15:10:00+00:00,25625.6,25654.6,25616.6,25628.6,534
1783005300000,2026-07-02T15:15:00+00:00,25627.6,25638.6,25598.6,25598.6,579
1783005600000,2026-07-02T15:20:00+00:00,25599.6,25618.6,25592.6,25603.6,550
1783005900000,2026-07-02T15:25:00+00:00,25602.6,25628.6,25571.6,25576.6,568
1783006200000,2026-07-02T15:30:00+00:00,25577.6,25620.6,25573.6,25603.6,628
1783006500000,2026-07-02T15:35:00+00:00,25606.6,25640.6,25601.6,25623.6,505
1783006800000,2026-07-02T15:40:00+00:00,25622.6,25642.6,25621.6,25625.6,470
1783007100000,2026-07-02T15:45:00+00:00,25624.6,25636.6,25602.6,25606.6,506
1783007400000,2026-07-02T15:50:00+00:00,25605.6,25605.6,25584.6,25592.6,487
1783007700000,2026-07-02T15:55:00+00:00,25591.6,25592.6,25569.6,25580.6,442
1783008000000,2026-07-02T16:00:00+00:00,25579.6,25610.6,25579.6,25606.6,479
1783008300000,2026-07-02T16:05:00+00:00,25607.6,25615.6,25605.6,25612.6,465
1783008600000,2026-07-02T16:10:00+00:00,25611.6,25624.6,25609.6,25616.6,312
1783008900000,2026-07-02T16:15:00+00:00,25617.6,25630.6,25610.6,25619.0,384
1783009200000,2026-07-02T16:20:00+00:00,25620.0,25623.6,25605.6,25609.6,430
1783009500000,2026-07-02T16:25:00+00:00,25611.6,25618.6,25594.6,25598.6,392
1783009800000,2026-07-02T16:30:00+00:00,25599.6,25600.6,25586.6,25591.6,379
1783010100000,2026-07-02T16:35:00+00:00,25590.6,25594.6,25570.6,25583.6,448
1783010400000,2026-07-02T16:40:00+00:00,25584.6,25601.6,25584.6,25595.6,428
1783010700000,2026-07-02T16:45:00+00:00,25596.6,25597.6,25586.6,25594.6,442
1783011000000,2026-07-02T16:50:00+00:00,25593.6,25594.6,25577.6,25581.6,370
1783011300000,2026-07-02T16:55:00+00:00,25580.6,25580.6,25556.6,25565.6,488
1783011600000,2026-07-02T17:00:00+00:00,25564.6,25568.6,25537.6,25545.6,488
1783011900000,2026-07-02T17:05:00+00:00,25544.6,25560.6,25534.6,25545.6,442
1783012200000,2026-07-02T17:10:00+00:00,25544.6,25548.6,25530.6,25548.6,414
1783012500000,2026-07-02T17:15:00+00:00,25547.6,25554.6,25542.6,25546.6,466
1783012800000,2026-07-02T17:20:00+00:00,25545.6,25554.6,25541.6,25545.6,340
1783013100000,2026-07-02T17:25:00+00:00,25544.6,25551.6,25537.6,25551.6,324
1783013400000,2026-07-02T17:30:00+00:00,25550.6,25557.6,25545.6,25545.6,286
1783013700000,2026-07-02T17:35:00+00:00,25546.6,25549.6,25524.6,25526.6,400
1783014000000,2026-07-02T17:40:00+00:00,25527.6,25540.6,25518.6,25533.6,440
1783014300000,2026-07-02T17:45:00+00:00,25535.6,25535.6,25521.6,25529.6,336
1783014600000,2026-07-02T17:50:00+00:00,25528.6,25532.6,25518.6,25529.6,416
1783014900000,2026-07-02T17:55:00+00:00,25528.6,25529.6,25512.6,25515.6,394
1783015200000,2026-07-02T18:00:00+00:00,25517.6,25523.6,25504.6,25522.6,340
1783015500000,2026-07-02T18:05:00+00:00,25523.6,25550.6,25523.6,25550.6,396
1783015800000,2026-07-02T18:10:00+00:00,25552.6,25558.6,25544.6,25549.6,404
1783016100000,2026-07-02T18:15:00+00:00,25550.6,25550.6,25536.6,25542.6,368
1783016400000,2026-07-02T18:20:00+00:00,25541.6,25549.6,25540.6,25542.6,272
1783016700000,2026-07-02T18:25:00+00:00,25543.6,25549.6,25541.6,25546.6,278
1783017000000,2026-07-02T18:30:00+00:00,25547.6,25566.6,25545.6,25554.6,348
1783017300000,2026-07-02T18:35:00+00:00,25555.6,25566.6,25552.6,25566.6,378
1783017600000,2026-07-02T18:40:00+00:00,25567.6,25569.6,25559.6,25564.6,258
1783017900000,2026-07-02T18:45:00+00:00,25565.6,25573.6,25556.6,25572.6,306
1783018200000,2026-07-02T18:50:00+00:00,25573.6,25576.6,25566.6,25567.6,320
1783018500000,2026-07-02T18:55:00+00:00,25568.6,25570.6,25559.6,25567.6,382
1783018800000,2026-07-02T19:00:00+00:00,25568.6,25570.6,25541.6,25543.6,446
1783019100000,2026-07-02T19:05:00+00:00,25545.6,25553.6,25537.6,25548.6,498
1783019400000,2026-07-02T19:10:00+00:00,25547.6,25555.6,25542.6,25551.6,356
1783019700000,2026-07-02T19:15:00+00:00,25550.6,25553.6,25542.6,25549.6,334
1783020000000,2026-07-02T19:20:00+00:00,25550.6,25551.6,25540.6,25540.6,256
1783020300000,2026-07-02T19:25:00+00:00,25541.6,25554.6,25535.6,25548.6,276
1783020600000,2026-07-02T19:30:00+00:00,25550.6,25565.6,25550.6,25564.6,374
1783020900000,2026-07-02T19:35:00+00:00,25563.6,25574.6,25561.6,25571.6,374
1783021200000,2026-07-02T19:40:00+00:00,25570.6,25582.6,25566.6,25580.6,308
1783021500000,2026-07-02T19:45:00+00:00,25581.6,25590.6,25577.6,25586.6,352
1783021800000,2026-07-02T19:50:00+00:00,25591.6,25642.6,25591.6,25630.6,488
1783022100000,2026-07-02T19:55:00+00:00,25631.6,25650.6,25624.6,25648.6,364
1783037700000,2026-07-03T00:15:00+00:00,25671.3,25682.4,25654.9,25657.4,274
1783038000000,2026-07-03T00:20:00+00:00,25657.9,25665.9,25653.9,25662.9,220
1783038300000,2026-07-03T00:25:00+00:00,25663.4,25664.9,25652.9,25655.9,264
1783038600000,2026-07-03T00:30:00+00:00,25656.9,25656.9,25631.9,25635.9,232
1783038900000,2026-07-03T00:35:00+00:00,25634.9,25663.4,25634.9,25656.9,170
1783039200000,2026-07-03T00:40:00+00:00,25656.4,25659.4,25644.9,25650.9,190
1783039500000,2026-07-03T00:45:00+00:00,25651.4,25660.9,25644.4,25659.9,290
1783039800000,2026-07-03T00:50:00+00:00,25660.9,25662.9,25648.9,25653.9,158
1783040100000,2026-07-03T00:55:00+00:00,25654.9,25656.9,25641.4,25647.4,192
1783040400000,2026-07-03T01:00:00+00:00,25646.4,25686.9,25645.9,25683.9,336
1783040700000,2026-07-03T01:05:00+00:00,25682.9,25718.4,25681.9,25713.4,430
1783041000000,2026-07-03T01:10:00+00:00,25712.9,25719.4,25700.4,25715.4,270
1783041300000,2026-07-03T01:15:00+00:00,25714.9,25720.4,25701.4,25705.9,376
1783041600000,2026-07-03T01:20:00+00:00,25707.9,25730.9,25705.9,25729.4,318
1783041900000,2026-07-03T01:25:00+00:00,25727.9,25728.9,25716.9,25719.9,304
1783042200000,2026-07-03T01:30:00+00:00,25722.9,25737.9,25718.9,25737.9,316
1783042500000,2026-07-03T01:35:00+00:00,25736.9,25737.9,25707.9,25724.9,180
1783042800000,2026-07-03T01:40:00+00:00,25725.4,25729.9,25723.4,25724.9,152
1783043100000,2026-07-03T01:45:00+00:00,25725.9,25725.9,25717.9,25720.9,202
1783043400000,2026-07-03T01:50:00+00:00,25722.9,25722.9,25711.9,25722.9,240
1783043700000,2026-07-03T01:55:00+00:00,25722.4,25725.9,25715.9,25717.9,168
1783044000000,2026-07-03T02:00:00+00:00,25715.9,25723.9,25715.9,25722.9,138
1783044300000,2026-07-03T02:05:00+00:00,25722.4,25727.9,25714.9,25720.9,140
1783044600000,2026-07-03T02:10:00+00:00,25721.9,25721.9,25709.4,25711.9,198
1783044900000,2026-07-03T02:15:00+00:00,25711.4,25720.9,25710.4,25711.4,168
1783045200000,2026-07-03T02:20:00+00:00,25711.9,25717.9,25711.9,25714.9,70
1783045500000,2026-07-03T02:25:00+00:00,25715.9,25723.9,25708.9,25719.9,124
1783045800000,2026-07-03T02:30:00+00:00,25718.9,25718.9,25706.9,25715.9,146
1783046100000,2026-07-03T02:35:00+00:00,25714.9,25717.9,25710.9,25716.9,84
1783046400000,2026-07-03T02:40:00+00:00,25718.1,25719.1,25707.4,25709.9,116
1783046700000,2026-07-03T02:45:00+00:00,25708.9,25710.9,25703.9,25705.9,126
1783047000000,2026-07-03T02:50:00+00:00,25709.9,25717.9,25708.9,25709.9,92
1783047300000,2026-07-03T02:55:00+00:00,25708.9,25718.9,25705.9,25715.4,94
1783047600000,2026-07-03T03:00:00+00:00,25715.9,25718.9,25714.4,25716.9,56
1783047900000,2026-07-03T03:05:00+00:00,25715.9,25721.9,25713.9,25719.9,48
1783048200000,2026-07-03T03:10:00+00:00,25720.4,25722.4,25710.9,25719.9,96
1783048500000,2026-07-03T03:15:00+00:00,25720.9,25722.4,25717.9,25720.4,66
1783048800000,2026-07-03T03:20:00+00:00,25721.4,25726.9,25720.4,25722.9,86
1783049100000,2026-07-03T03:25:00+00:00,25723.1,25732.6,25707.9,25728.9,172
1783049400000,2026-07-03T03:30:00+00:00,25730.9,25735.9,25728.4,25728.9,184
1783049700000,2026-07-03T03:35:00+00:00,25729.1,25730.9,25719.9,25720.4,126
1783050000000,2026-07-03T03:40:00+00:00,25719.9,25723.9,25710.4,25712.4,110
1783050300000,2026-07-03T03:45:00+00:00,25711.4,25726.4,25709.4,25726.4,120
1783050600000,2026-07-03T03:50:00+00:00,25725.4,25732.4,25722.4,25730.4,84
1783050900000,2026-07-03T03:55:00+00:00,25731.4,25742.4,25731.4,25740.4,92
1783051200000,2026-07-03T04:00:00+00:00,25740.6,25747.6,25739.9,25746.4,66
1783051500000,2026-07-03T04:05:00+00:00,25745.4,25746.4,25732.9,25736.9,74
1783051800000,2026-07-03T04:10:00+00:00,25736.4,25748.6,25730.4,25748.4,110
1783052100000,2026-07-03T04:15:00+00:00,25751.9,25751.9,25730.9,25741.9,162
1783052400000,2026-07-03T04:20:00+00:00,25740.9,25747.4,25740.9,25742.9,48
1783052700000,2026-07-03T04:25:00+00:00,25744.9,25747.9,25741.9,25744.9,140
1783053000000,2026-07-03T04:30:00+00:00,25743.9,25745.9,25736.9,25743.9,106
1783053300000,2026-07-03T04:35:00+00:00,25741.9,25749.9,25735.9,25748.9,82
1783053600000,2026-07-03T04:40:00+00:00,25747.9,25751.9,25737.9,25740.4,140
1783053900000,2026-07-03T04:45:00+00:00,25741.4,25746.0,25729.9,25731.9,110
1783054200000,2026-07-03T04:50:00+00:00,25729.9,25739.9,25727.9,25737.9,108
1783054500000,2026-07-03T04:55:00+00:00,25732.9,25737.9,25727.9,25728.9,72
1783054800000,2026-07-03T05:00:00+00:00,25727.9,25729.9,25710.1,25717.9,198
1783055100000,2026-07-03T05:05:00+00:00,25716.9,25728.9,25713.9,25725.9,178
1783055400000,2026-07-03T05:10:00+00:00,25724.9,25725.9,25711.9,25714.9,128
1783055700000,2026-07-03T05:15:00+00:00,25715.9,25717.9,25712.9,25713.9,74
1783056000000,2026-07-03T05:20:00+00:00,25712.9,25713.9,25697.9,25699.1,78
1783056300000,2026-07-03T05:25:00+00:00,25701.9,25716.1,25696.9,25716.1,150
1783056600000,2026-07-03T05:30:00+00:00,25715.1,25726.1,25714.9,25724.1,154
1783056900000,2026-07-03T05:35:00+00:00,25725.9,25731.9,25721.1,25724.9,110
1783057200000,2026-07-03T05:40:00+00:00,25725.1,25725.9,25709.9,25710.1,142
1783057500000,2026-07-03T05:45:00+00:00,25710.9,25716.9,25704.9,25709.9,110
1783057800000,2026-07-03T05:50:00+00:00,25710.9,25716.4,25706.6,25709.1,176
1783058100000,2026-07-03T05:55:00+00:00,25707.9,25720.1,25705.9,25715.9,172
1783058400000,2026-07-03T06:00:00+00:00,25716.9,25736.7,25716.7,25735.7,242
1783058700000,2026-07-03T06:05:00+00:00,25736.7,25752.7,25736.7,25748.7,248
1783059000000,2026-07-03T06:10:00+00:00,25749.7,25757.7,25741.7,25751.7,174
1783059300000,2026-07-03T06:15:00+00:00,25752.7,25760.7,25747.7,25758.7,202
1783059600000,2026-07-03T06:20:00+00:00,25759.7,25761.7,25731.7,25732.7,176
1783059900000,2026-07-03T06:25:00+00:00,25733.7,25745.7,25733.7,25741.7,128
1783060200000,2026-07-03T06:30:00+00:00,25745.7,25748.7,25737.7,25747.7,160
1783060500000,2026-07-03T06:35:00+00:00,25746.7,25765.7,25746.7,25751.7,236
1783060800000,2026-07-03T06:40:00+00:00,25750.7,25760.7,25744.7,25758.7,194
1783061100000,2026-07-03T06:45:00+00:00,25757.7,25763.7,25755.7,25758.7,146
1783061400000,2026-07-03T06:50:00+00:00,25759.7,25760.7,25744.7,25755.7,196
1783061700000,2026-07-03T06:55:00+00:00,25754.7,25778.7,25749.7,25777.7,272
1783062000000,2026-07-03T07:00:00+00:00,25781.7,25816.5,25757.7,25816.5,742
1783062300000,2026-07-03T07:05:00+00:00,25815.5,25850.5,25806.5,25838.9,584
1783062600000,2026-07-03T07:10:00+00:00,25841.5,25845.5,25814.5,25814.5,522
1783062900000,2026-07-03T07:15:00+00:00,25812.5,25812.5,25775.9,25795.5,486
1783063200000,2026-07-03T07:20:00+00:00,25796.5,25810.5,25765.5,25773.5,398
1783063500000,2026-07-03T07:25:00+00:00,25772.5,25791.5,25768.5,25774.5,450
1783063800000,2026-07-03T07:30:00+00:00,25772.5,25780.5,25741.5,25741.5,416
1783064100000,2026-07-03T07:35:00+00:00,25740.5,25758.5,25736.5,25741.5,410
1783064400000,2026-07-03T07:40:00+00:00,25739.5,25743.5,25724.5,25724.5,402
1783064700000,2026-07-03T07:45:00+00:00,25721.5,25722.5,25710.5,25714.5,434
1783065000000,2026-07-03T07:50:00+00:00,25713.5,25741.5,25712.5,25739.5,360
1783065300000,2026-07-03T07:55:00+00:00,25740.5,25748.5,25710.5,25710.5,332
1783065600000,2026-07-03T08:00:00+00:00,25711.5,25716.5,25698.5,25706.5,418
1783065900000,2026-07-03T08:05:00+00:00,25710.5,25723.5,25703.5,25709.5,352
1783066200000,2026-07-03T08:10:00+00:00,25710.5,25744.5,25710.5,25736.5,362
1783066500000,2026-07-03T08:15:00+00:00,25735.5,25763.5,25735.5,25755.5,346
1783066800000,2026-07-03T08:20:00+00:00,25756.5,25758.5,25736.5,25750.5,288
1783067100000,2026-07-03T08:25:00+00:00,25751.5,25757.5,25738.5,25741.5,350
1783067400000,2026-07-03T08:30:00+00:00,25742.5,25745.5,25715.5,25719.5,440
1783067700000,2026-07-03T08:35:00+00:00,25722.5,25735.5,25709.5,25714.5,298
1783068000000,2026-07-03T08:40:00+00:00,25715.5,25720.5,25703.5,25706.5,342
1783068300000,2026-07-03T08:45:00+00:00,25707.5,25709.5,25678.5,25679.5,420
1783068600000,2026-07-03T08:50:00+00:00,25680.5,25684.5,25665.5,25667.5,368
1783068900000,2026-07-03T08:55:00+00:00,25668.5,25670.5,25652.5,25654.5,328
1783069200000,2026-07-03T09:00:00+00:00,25653.5,25655.5,25635.5,25636.5,374
1783069500000,2026-07-03T09:05:00+00:00,25638.5,25656.5,25638.5,25641.5,312
1783069800000,2026-07-03T09:10:00+00:00,25640.5,25657.5,25640.5,25655.5,320
1783070100000,2026-07-03T09:15:00+00:00,25654.5,25675.5,25647.9,25675.5,286
1783070400000,2026-07-03T09:20:00+00:00,25674.5,25688.5,25662.5,25663.5,322
1783070700000,2026-07-03T09:25:00+00:00,25662.5,25675.5,25654.5,25656.5,324
1783071000000,2026-07-03T09:30:00+00:00,25655.5,25671.5,25646.9,25652.5,320
1783071300000,2026-07-03T09:35:00+00:00,25653.5,25661.5,25641.9,25658.5,286
1783071600000,2026-07-03T09:40:00+00:00,25657.5,25680.5,25654.5,25679.5,272
1783071900000,2026-07-03T09:45:00+00:00,25678.5,25692.5,25674.5,25691.5,288
1783072200000,2026-07-03T09:50:00+00:00,25690.5,25693.5,25665.5,25669.5,438
1783072500000,2026-07-03T09:55:00+00:00,25668.5,25681.5,25664.5,25677.5,416
1783072800000,2026-07-03T10:00:00+00:00,25676.5,25677.5,25663.5,25676.5,366
1783073100000,2026-07-03T10:05:00+00:00,25675.5,25685.5,25671.5,25684.5,280
1783073400000,2026-07-03T10:10:00+00:00,25685.5,25703.5,25683.5,25693.5,248
1783073700000,2026-07-03T10:15:00+00:00,25692.5,25696.5,25683.5,25692.5,220
1783074000000,2026-07-03T10:20:00+00:00,25691.5,25699.5,25688.5,25696.5,220
1783074300000,2026-07-03T10:25:00+00:00,25695.5,25709.5,25691.5,25702.5,182
1783074600000,2026-07-03T10:30:00+00:00,25703.5,25716.5,25702.5,25711.5,190
1783074900000,2026-07-03T10:35:00+00:00,25712.5,25729.5,25711.5,25726.5,260
1783075200000,2026-07-03T10:40:00+00:00,25727.5,25727.5,25713.5,25722.5,206
1783075500000,2026-07-03T10:45:00+00:00,25723.5,25729.5,25721.5,25727.5,186
1783075800000,2026-07-03T10:50:00+00:00,25726.5,25728.5,25713.5,25716.5,260
1783076100000,2026-07-03T10:55:00+00:00,25715.5,25729.5,25712.5,25726.5,248
1783076400000,2026-07-03T11:00:00+00:00,25727.5,25729.5,25701.5,25718.5,330
1783076700000,2026-07-03T11:05:00+00:00,25717.5,25718.5,25696.5,25700.5,242
1783077000000,2026-07-03T11:10:00+00:00,25701.5,25711.5,25698.5,25699.5,214
1783077300000,2026-07-03T11:15:00+00:00,25700.5,25709.5,25697.5,25705.5,216
1783077600000,2026-07-03T11:20:00+00:00,25706.5,25710.5,25693.5,25693.5,238
1783077900000,2026-07-03T11:25:00+00:00,25694.5,25697.5,25680.5,25685.5,206
1783078200000,2026-07-03T11:30:00+00:00,25684.5,25699.5,25680.5,25693.5,222
1783078500000,2026-07-03T11:35:00+00:00,25692.5,25697.5,25687.5,25687.5,184
1783078800000,2026-07-03T11:40:00+00:00,25688.5,25704.5,25685.5,25703.5,206
1783079100000,2026-07-03T11:45:00+00:00,25702.5,25721.5,25702.5,25720.5,182
1783079400000,2026-07-03T11:50:00+00:00,25721.5,25728.5,25716.5,25725.5,210
1783079700000,2026-07-03T11:55:00+00:00,25724.5,25732.5,25724.5,25730.5,176
1783080000000,2026-07-03T12:00:00+00:00,25734.5,25746.5,25732.5,25740.5,238
1783080300000,2026-07-03T12:05:00+00:00,25739.5,25750.5,25736.9,25738.5,210
1783080600000,2026-07-03T12:10:00+00:00,25739.5,25745.5,25733.5,25742.5,244
1783080900000,2026-07-03T12:15:00+00:00,25743.5,25743.5,25732.5,25732.5,284
1783081200000,2026-07-03T12:20:00+00:00,25731.5,25731.5,25724.5,25729.5,240
1783081500000,2026-07-03T12:25:00+00:00,25728.5,25732.5,25725.5,25731.5,230
1783081800000,2026-07-03T12:30:00+00:00,25732.5,25748.5,25731.5,25742.5,250
1783082100000,2026-07-03T12:35:00+00:00,25743.5,25757.5,25739.5,25757.5,210
1783082400000,2026-07-03T12:40:00+00:00,25756.5,25762.5,25749.5,25758.5,242
1783082700000,2026-07-03T12:45:00+00:00,25760.5,25771.5,25760.5,25767.5,158
1783083000000,2026-07-03T12:50:00+00:00,25768.5,25768.5,25750.5,25754.5,210
1783083300000,2026-07-03T12:55:00+00:00,25755.5,25774.5,25753.5,25773.5,252
1783083600000,2026-07-03T13:00:00+00:00,25774.5,25799.5,25773.5,25787.5,312
1783083900000,2026-07-03T13:05:00+00:00,25786.5,25788.5,25778.5,25779.5,282
1783084200000,2026-07-03T13:10:00+00:00,25780.5,25781.5,25766.5,25780.5,298
1783084500000,2026-07-03T13:15:00+00:00,25781.5,25789.5,25778.5,25788.5,242
1783084800000,2026-07-03T13:20:00+00:00,25789.5,25794.5,25778.5,25786.5,214
1783085100000,2026-07-03T13:25:00+00:00,25785.5,25785.5,25770.5,25772.5,234
1783085400000,2026-07-03T13:30:00+00:00,25773.5,25776.5,25762.5,25771.5,278
1783085700000,2026-07-03T13:35:00+00:00,25770.5,25780.5,25758.5,25762.5,278
1783086000000,2026-07-03T13:40:00+00:00,25763.5,25778.5,25752.5,25776.5,300
1783086300000,2026-07-03T13:45:00+00:00,25777.5,25793.5,25777.5,25782.5,242
1783086600000,2026-07-03T13:50:00+00:00,25779.5,25790.5,25769.5,25785.5,298
1783086900000,2026-07-03T13:55:00+00:00,25786.5,25809.5,25786.5,25795.5,298
1783087200000,2026-07-03T14:00:00+00:00,25794.5,25812.5,25794.5,25808.5,264
1783087500000,2026-07-03T14:05:00+00:00,25812.5,25818.5,25804.5,25808.5,300
1783087800000,2026-07-03T14:10:00+00:00,25807.5,25808.5,25797.5,25800.5,244
1783088100000,2026-07-03T14:15:00+00:00,25801.5,25807.5,25783.5,25786.5,288
1783088400000,2026-07-03T14:20:00+00:00,25787.5,25790.5,25780.5,25780.5,254
1783088700000,2026-07-03T14:25:00+00:00,25779.5,25783.5,25764.5,25774.5,250
1783089000000,2026-07-03T14:30:00+00:00,25775.5,25786.5,25769.5,25777.5,230
1783089300000,2026-07-03T14:35:00+00:00,25778.5,25800.5,25777.5,25800.5,210
1783089600000,2026-07-03T14:40:00+00:00,25799.5,25814.5,25797.5,25804.5,222
1783089900000,2026-07-03T14:45:00+00:00,25803.5,25820.5,25796.5,25816.5,292
1783090200000,2026-07-03T14:50:00+00:00,25817.5,25832.5,25817.5,25831.5,170
1783090500000,2026-07-03T14:55:00+00:00,25830.5,25844.5,25830.5,25833.5,246
1783090800000,2026-07-03T15:00:00+00:00,25834.5,25838.5,25820.5,25822.5,264
1783091100000,2026-07-03T15:05:00+00:00,25821.5,25830.5,25817.5,25823.5,218
1783091400000,2026-07-03T15:10:00+00:00,25824.5,25844.5,25823.5,25841.5,250
1783091700000,2026-07-03T15:15:00+00:00,25842.5,25859.5,25842.5,25846.5,230
1783092000000,2026-07-03T15:20:00+00:00,25847.5,25850.5,25820.5,25823.5,310
1783092300000,2026-07-03T15:25:00+00:00,25822.5,25833.5,25819.5,25827.5,288
1783092600000,2026-07-03T15:30:00+00:00,25828.5,25831.5,25805.5,25811.5,458
1783092900000,2026-07-03T15:35:00+00:00,25810.5,25836.5,25806.5,25833.5,308
1783093200000,2026-07-03T15:40:00+00:00,25832.5,25836.5,25823.5,25823.5,198
1783093500000,2026-07-03T15:45:00+00:00,25820.5,25822.5,25814.5,25819.5,118
1783093800000,2026-07-03T15:50:00+00:00,25818.5,25824.5,25813.5,25823.5,128
1783094100000,2026-07-03T15:55:00+00:00,25822.5,25829.5,25820.5,25821.5,148
1783094400000,2026-07-03T16:00:00+00:00,25822.5,25825.5,25818.5,25822.5,146
1783094700000,2026-07-03T16:05:00+00:00,25821.5,25839.5,25821.5,25839.5,108
1783095000000,2026-07-03T16:10:00+00:00,25838.5,25841.5,25831.5,25836.5,56
1783095300000,2026-07-03T16:15:00+00:00,25837.5,25844.5,25834.5,25842.5,122
1783095600000,2026-07-03T16:20:00+00:00,25841.5,25842.5,25833.5,25836.5,130
1783095900000,2026-07-03T16:25:00+00:00,25835.5,25838.5,25831.5,25833.5,138
1783096200000,2026-07-03T16:30:00+00:00,25832.5,25844.5,25830.5,25844.5,146
1783096500000,2026-07-03T16:35:00+00:00,25842.5,25843.5,25836.5,25837.5,64
1783096800000,2026-07-03T16:40:00+00:00,25836.5,25837.5,25831.5,25834.5,60
1783097100000,2026-07-03T16:45:00+00:00,25833.5,25834.5,25829.5,25833.5,82
1783097400000,2026-07-03T16:50:00+00:00,25832.5,25835.5,25830.5,25834.5,56
1783097700000,2026-07-03T16:55:00+00:00,25835.5,25836.5,25827.5,25828.5,94
1783098000000,2026-07-03T17:00:00+00:00,25829.5,25831.5,25823.5,25824.5,36
1783098300000,2026-07-03T17:05:00+00:00,25825.5,25826.5,25823.5,25824.5,16
1783098600000,2026-07-03T17:10:00+00:00,25823.5,25824.5,25818.5,25819.5,58
1783098900000,2026-07-03T17:15:00+00:00,25820.5,25824.5,25818.5,25824.5,36
1783099200000,2026-07-03T17:20:00+00:00,25823.5,25824.5,25823.5,25824.5,20
1783099500000,2026-07-03T17:25:00+00:00,25823.5,25829.5,25823.5,25826.5,28
1783099800000,2026-07-03T17:30:00+00:00,25827.5,25829.5,25826.5,25826.5,52
1783100100000,2026-07-03T17:35:00+00:00,25825.5,25827.5,25823.5,25823.5,22
1783100400000,2026-07-03T17:40:00+00:00,25822.5,25824.5,25822.5,25823.5,22
1783100700000,2026-07-03T17:45:00+00:00,25825.5,25827.5,25824.5,25827.5,46
1783101000000,2026-07-03T17:50:00+00:00,25826.5,25831.5,25826.5,25831.5,44
1783101300000,2026-07-03T17:55:00+00:00,25833.5,25833.5,25828.5,25829.5,24
1783101600000,2026-07-03T18:00:00+00:00,25828.5,25834.5,25826.5,25827.5,48
1783101900000,2026-07-03T18:05:00+00:00,25826.5,25826.5,25814.9,25820.5,40
1783102200000,2026-07-03T18:10:00+00:00,25821.5,25822.5,25820.5,25820.5,12
1783102500000,2026-07-03T18:15:00+00:00,25821.5,25822.5,25818.5,25818.5,12
1783102800000,2026-07-03T18:20:00+00:00,25817.5,25818.5,25815.5,25817.5,20
1783103100000,2026-07-03T18:25:00+00:00,25816.5,25816.5,25813.5,25814.5,18
1783103400000,2026-07-03T18:30:00+00:00,25815.5,25824.5,25815.5,25818.5,32
1783103700000,2026-07-03T18:35:00+00:00,25819.5,25822.5,25819.5,25822.5,24
1783104000000,2026-07-03T18:40:00+00:00,25821.5,25821.5,25818.5,25818.5,8
1783104300000,2026-07-03T18:45:00+00:00,25817.5,25818.5,25815.5,25817.5,14
1783104600000,2026-07-03T18:50:00+00:00,25816.5,25818.5,25816.5,25817.5,12
1783104900000,2026-07-03T18:55:00+00:00,25818.5,25818.5,25815.5,25817.5,16
1783105200000,2026-07-03T19:00:00+00:00,25816.5,25817.5,25815.5,25816.5,18
1783105500000,2026-07-03T19:05:00+00:00,25815.5,25815.5,25815.5,25815.5,2
1783105800000,2026-07-03T19:10:00+00:00,25817.5,25817.5,25813.5,25817.5,20
1783106100000,2026-07-03T19:15:00+00:00,25821.5,25822.5,25817.5,25821.5,84
1783106400000,2026-07-03T19:20:00+00:00,25822.5,25825.5,25822.5,25823.5,30
1783106700000,2026-07-03T19:25:00+00:00,25820.5,25824.5,25820.5,25822.5,18
1783107000000,2026-07-03T19:30:00+00:00,25821.5,25834.5,25818.5,25832.5,66
1783107300000,2026-07-03T19:35:00+00:00,25833.5,25845.5,25831.5,25839.5,70
1783107600000,2026-07-03T19:40:00+00:00,25842.5,25845.5,25833.5,25838.5,80
1783107900000,2026-07-03T19:45:00+00:00,25837.5,25842.5,25827.5,25827.5,92
1783108200000,2026-07-03T19:50:00+00:00,25828.5,25841.5,25826.5,25838.5,138
