date,blocked_why,vol_rejects,blocked,vol_best_ratio,orb_hi,orb_lo,orb_range,no_trade_why,no_trade,be,trend_blocked_why,max_locked_R,trend_blocked,trail,log,config
2022-06-06,"KillSwitch already active (now=17:49, kill=16:31).",10538.0,26.0,0.998019801980198,,,,,,,,,,,2022,v2_vol1.2_be2R_noRR_shorts
2022-06-07,MaxTradesPerDay reached (1/1).,14958.0,43.0,1.0,32850.7,32619.3,231.4,,,,,,,,2022,v2_vol1.2_be2R_noRR_shorts
2022-06-08,"KillSwitch already active (now=16:46, kill=16:31).",7339.0,20.0,0.998829496683574,33151.0,32933.0,218.0,,,,,,,,2022,v2_vol1.2_be2R_noRR_shorts
2022-06-09,"KillSwitch already active (now=19:00, kill=16:31).",7855.0,34.0,0.9993201903467028,33118.9,32712.9,406.0,,,,,,,,2022,v2_vol1.2_be2R_noRR_shorts
2022-06-10,_noTradeToday=true (range/day filter).,1086.0,3.0,0.9991105840498072,32307.3,31448.45,858.8,ORB range 858.8 pips >= max 500. Standing down.,1.0,,,,,,2022,v2_vol1.2_be2R_noRR_shorts
2022-06-11,,,,,,,,Trading disabled for Saturday.,1.0,,,,,,2022,v2_vol1.2_be2R_noRR_shorts
2022-06-12,,,,,,,,Trading disabled for Sunday.,1.0,,,,,,2022,v2_vol1.2_be2R_noRR_shorts
2022-06-13,"KillSwitch already active (now=19:18, kill=16:31).",9777.0,17.0,0.9995393827729158,30897.0,30610.9,286.1,,,,,,,,2022,v2_vol1.2_be2R_noRR_shorts
2022-06-14,"KillSwitch already active (now=18:25, kill=16:31).",21776.0,12.0,0.999702469503124,30823.3,30444.45,378.8,,,,,,,,2022,v2_vol1.2_be2R_noRR_shorts
2022-06-15,"KillSwitch already active (now=18:06, kill=16:31).",8350.0,25.0,0.9994874423372628,30777.4,30464.4,313.0,,,,,,,,2022,v2_vol1.2_be2R_noRR_shorts
2022-06-16,"KillSwitch already active (now=18:47, kill=16:31).",6394.0,2.0,0.9996711608023676,30310.3,29904.4,405.9,,,,,,,,2022,v2_vol1.2_be2R_noRR_shorts
2022-06-17,,2917.0,,0.9401947148817804,30238.3,29803.4,434.9,,,,,,,,2022,v2_vol1.2_be2R_noRR_shorts
2022-06-18,,,,,,,,Trading disabled for Saturday.,1.0,,,,,,2022,v2_vol1.2_be2R_noRR_shorts
2022-06-19,,,,,,,,Trading disabled for Sunday.,1.0,,,,,,2022,v2_vol1.2_be2R_noRR_shorts
2022-06-20,existing open bot position found: ORBV_US30.cash_20220620 vo,2445.0,33.0,1.0,30133.5,29989.3,144.2,,,1.0,,,,,2022,v2_vol1.2_be2R_noRR_shorts
2022-06-21,existing open bot position found: ORBV_US30.cash_20220621 vo,10458.0,31.0,1.0,30474.45,30276.4,198.0,,,,,,,,2022,v2_vol1.2_be2R_noRR_shorts
2022-06-22,_noTradeToday=true (range/day filter).,7355.0,11.0,0.9985096870342772,30653.5,30045.4,608.1,ORB range 608.1 pips >= max 500. Standing down.,1.0,,,,,,2022,v2_vol1.2_be2R_noRR_shorts
2022-06-23,,,,,30738.45,30293.3,445.2,,,,,,,,2022,v2_vol1.2_be2R_noRR_shorts
2022-06-24,_noTradeToday=true (range/day filter).,9976.0,21.0,0.9992313604919292,31329.45,30825.3,504.2,ORB range 504.2 pips >= max 500. Standing down.,1.0,,,,,,2022,v2_vol1.2_be2R_noRR_shorts
2022-06-25,,,,,,,,Trading disabled for Saturday.,1.0,,,,,,2022,v2_vol1.2_be2R_noRR_shorts
2022-06-26,,,,,,,,Trading disabled for Sunday.,1.0,,,,,,2022,v2_vol1.2_be2R_noRR_shorts
2022-06-27,"KillSwitch already active (now=19:04, kill=16:31).",662.0,6.0,0.9993060374739764,31735.8,31412.45,323.3,,,,,,,,2022,v2_vol1.2_be2R_noRR_shorts
2022-06-28,"KillSwitch already active (now=16:31, kill=16:31).",18584.0,39.0,0.999569151227919,31909.5,31545.3,364.2,,,1.0,"Neutral trend, policy=BlockAll",4.0,10.0,4.0,2022,v2_vol1.2_be2R_noRR_shorts
2022-06-29,,,,,31186.45,30910.3,276.2,,,,,,,,2022,v2_vol1.2_be2R_noRR_shorts
2022-06-30,"KillSwitch already active (now=16:33, kill=16:31).",8550.0,9.0,0.999702469503124,30831.3,30451.4,379.9,,,,"Neutral trend, policy=BlockAll",,17.0,,2022,v2_vol1.2_be2R_noRR_shorts
2022-07-01,"KillSwitch already active (now=18:47, kill=16:31).",6285.0,9.0,0.9970457902511076,30987.4,30546.3,441.1,,,,,,,,2022,v2_vol1.2_be2R_noRR_shorts
2022-07-02,,,,,,,,Trading disabled for Saturday.,1.0,,,,,,2022,v2_vol1.2_be2R_noRR_shorts
2022-07-03,,,,,,,,Trading disabled for Sunday.,1.0,,,,,,2022,v2_vol1.2_be2R_noRR_shorts
2022-07-04,"ClosePositionsTime already reached (now=23:01, close=20:50).",1101.0,7.0,0.9935205183585314,31118.8,30901.3,217.5,,,,,,,,2022,v2_vol1.2_be2R_noRR_shorts
2022-07-05,,4440.0,,0.9488844959051116,31149.3,30468.45,680.8,ORB range 680.8 pips >= max 500. Standing down.,1.0,,,,,,2022,v2_vol1.2_be2R_noRR_shorts
2022-07-06,,5340.0,,0.9992254066615028,31117.5,30843.4,274.1,,,,,,,,2022,v2_vol1.2_be2R_noRR_shorts
2022-07-07,"KillSwitch already active (now=18:48, kill=16:31).",4049.0,30.0,0.9994900560938296,31352.45,31086.3,266.2,,,,,,,,2022,v2_vol1.2_be2R_noRR_shorts
2022-07-08,"KillSwitch already active (now=18:39, kill=16:31).",2146.0,1.0,0.995085995085995,31481.3,31228.2,253.1,,,,,,,,2022,v2_vol1.2_be2R_noRR_shorts
2022-07-09,,,,,,,,Trading disabled for Saturday.,1.0,,,,,,2022,v2_vol1.2_be2R_noRR_shorts
2022-07-10,,,,,,,,Trading disabled for Sunday.,1.0,,,,,,2022,v2_vol1.2_be2R_noRR_shorts
2022-07-11,"KillSwitch already active (now=17:09, kill=16:31).",2071.0,3.0,0.9959931310818548,31321.45,31132.3,189.2,,,,,,,,2022,v2_vol1.2_be2R_noRR_shorts
2022-07-12,"KillSwitch already active (now=19:37, kill=16:31).",1703.0,1.0,0.997067448680352,31326.5,30906.3,420.2,,,,,,,,2022,v2_vol1.2_be2R_noRR_shorts
2022-07-13,,,,,31320.2,30522.4,797.8,ORB range 797.8 pips >= max 500. Standing down.,1.0,,,,,,2022,v2_vol1.2_be2R_noRR_shorts
2022-07-14,_noTradeToday=true (range/day filter).,2834.0,22.0,0.997624703087886,30651.8,30143.9,507.9,ORB range 507.9 pips >= max 500. Standing down.,1.0,,,,,,2022,v2_vol1.2_be2R_noRR_shorts
2022-07-15,_noTradeToday=true (range/day filter).,3043.0,8.0,1.0,31256.45,30608.9,647.5,ORB range 647.5 pips >= max 500. Standing down.,1.0,,,,,,2022,v2_vol1.2_be2R_noRR_shorts
2022-07-16,,,,,,,,Trading disabled for Saturday.,1.0,,,,,,2022,v2_vol1.2_be2R_noRR_shorts
2022-07-17,,,,,,,,Trading disabled for Sunday.,1.0,,,,,,2022,v2_vol1.2_be2R_noRR_shorts
2022-07-18,MaxTradesPerDay reached (1/1).,11214.0,43.0,0.9990749306197966,31654.45,31439.4,215.0,,,,,,,,2022,v2_vol1.2_be2R_noRR_shorts
2022-07-19,MaxTradesPerDay reached (1/1).,11503.0,28.0,0.9994794377928162,31532.5,31101.8,430.7,,,,,,,,2022,v2_vol1.2_be2R_noRR_shorts
2022-07-20,"KillSwitch already active (now=19:51, kill=16:31).",2237.0,1.0,0.9982384028185556,31918.3,31656.45,261.8,,,,,,,,2022,v2_vol1.2_be2R_noRR_shorts
2022-07-21,"KillSwitch already active (now=19:31, kill=16:31).",3456.0,20.0,0.9991235758106924,31941.3,31539.45,401.8,,,,,,,,2022,v2_vol1.2_be2R_noRR_shorts
2022-07-22,"KillSwitch already active (now=17:17, kill=16:31).",11379.0,17.0,0.9987085665088248,32223.45,31961.3,262.2,,,,,,,,2022,v2_vol1.2_be2R_noRR_shorts
2022-07-23,,,,,,,,Trading disabled for Saturday.,1.0,,,,,,2022,v2_vol1.2_be2R_noRR_shorts
2022-07-24,,,,,,,,Trading disabled for Sunday.,1.0,,,,,,2022,v2_vol1.2_be2R_noRR_shorts
2022-07-25,"KillSwitch already active (now=18:59, kill=16:31).",1284.0,15.0,1.0,32102.3,31869.3,233.0,,,,,,,,2022,v2_vol1.2_be2R_noRR_shorts
2022-07-26,existing open bot position found: ORBV_US30.cash_20220726 vo,7756.0,15.0,0.9995728321230244,31950.45,31812.3,138.2,,,,"Neutral trend, policy=BlockAll",,3.0,,2022,v2_vol1.2_be2R_noRR_shorts
2022-07-27,"KillSwitch already active (now=17:08, kill=16:31).",11485.0,35.0,0.99935107073329,31974.8,31863.45,111.3,,,,,,,,2022,v2_vol1.2_be2R_noRR_shorts
2022-07-28,existing open bot position found: ORBV_US30.cash_20220728 vo,15033.0,23.0,0.999333777481679,32304.45,31986.4,318.0,,,1.0,,3.0,,3.0,2022,v2_vol1.2_be2R_noRR_shorts
2022-07-29,"KillSwitch already active (now=17:56, kill=16:31).",5928.0,21.0,1.0,32726.45,32506.45,220.0,,,,,,,,2022,v2_vol1.2_be2R_noRR_shorts
2022-07-30,,,,,,,,Trading disabled for Saturday.,1.0,,,,,,2022,v2_vol1.2_be2R_noRR_shorts
2022-07-31,,,,,,,,Trading disabled for Sunday.,1.0,,,,,,2022,v2_vol1.2_be2R_noRR_shorts
2022-08-01,,945.0,,0.8823529411764706,32948.45,32655.4,293.0,,,,,,,,2022,v2_vol1.2_be2R_noRR_shorts
2022-08-02,,3057.0,,0.9966777408637874,32720.3,32427.45,292.8,,,,,,,,2022,v2_vol1.2_be2R_noRR_shorts
2022-08-03,"KillSwitch already active (now=16:35, kill=16:31).",12335.0,29.0,0.9988385598141696,32692.45,32459.4,233.0,,,1.0,,1.0,,1.0,2022,v2_vol1.2_be2R_noRR_shorts
2022-08-04,"KillSwitch already active (now=16:48, kill=16:31).",2720.0,2.0,0.998003992015968,32919.8,32704.45,215.4,,,,,,,,2022,v2_vol1.2_be2R_noRR_shorts
2022-08-05,,,,,32835.8,32486.6,349.2,,,,,,,,2022,v2_vol1.2_be2R_noRR_shorts
2022-08-06,,,,,,,,Trading disabled for Saturday.,1.0,,,,,,2022,v2_vol1.2_be2R_noRR_shorts
2022-08-07,,,,,,,,Trading disabled for Sunday.,1.0,,,,,,2022,v2_vol1.2_be2R_noRR_shorts
2022-08-08,"KillSwitch already active (now=18:05, kill=16:31).",11457.0,4.0,0.9994655264564404,33108.5,32842.1,266.4,,,,"Neutral trend, policy=BlockAll",,26.0,,2022,v2_vol1.2_be2R_noRR_shorts
2022-08-09,"KillSwitch already active (now=18:25, kill=16:31).",4702.0,1.0,0.995345506623702,32903.4,32755.3,148.1,,,,,,,,2022,v2_vol1.2_be2R_noRR_shorts
2022-08-10,_noTradeToday=true (range/day filter).,1987.0,5.0,0.9936305732484076,33319.0,32789.0,530.0,ORB range 530.0 pips >= max 500. Standing down.,1.0,,,,,,2022,v2_vol1.2_be2R_noRR_shorts
2022-08-11,"KillSwitch already active (now=18:54, kill=16:31).",3794.0,2.0,0.9969604863221884,33650.9,33338.3,312.6,,,,,,,,2022,v2_vol1.2_be2R_noRR_shorts
2022-08-12,"KillSwitch already active (now=17:09, kill=16:31).",12655.0,26.0,0.999254287844892,33529.4,33388.8,140.6,,,1.0,,1.0,,1.0,2022,v2_vol1.2_be2R_noRR_shorts
2022-08-13,,,,,,,,Trading disabled for Saturday.,1.0,,,,,,2022,v2_vol1.2_be2R_noRR_shorts
2022-08-14,,,,,,,,Trading disabled for Sunday.,1.0,,,,,,2022,v2_vol1.2_be2R_noRR_shorts
2022-08-15,existing open bot position found: ORBV_US30.cash_20220815 vo,12892.0,34.0,1.0,33776.3,33515.3,261.0,,,1.0,,1.0,,1.0,2022,v2_vol1.2_be2R_noRR_shorts
2022-08-16,"KillSwitch already active (now=17:05, kill=16:31).",16890.0,28.0,0.9992912827781716,34009.8,33821.2,188.6,,,1.0,,1.0,,2.0,2022,v2_vol1.2_be2R_noRR_shorts
2022-08-17,,4342.0,,0.997246864484552,34093.9,33888.1,205.8,,,,"Neutral trend, policy=BlockAll",,5.0,,2022,v2_vol1.2_be2R_noRR_shorts
2022-08-18,,,,,34063.8,33833.9,229.9,,,,,,,,2022,v2_vol1.2_be2R_noRR_shorts
2022-08-19,"KillSwitch already active (now=20:35, kill=16:31).",2829.0,1.0,0.9953239812959253,33888.7,33696.1,192.6,,,,,,,,2022,v2_vol1.2_be2R_noRR_shorts
2022-08-20,,,,,,,,Trading disabled for Saturday.,1.0,,,,,,2022,v2_vol1.2_be2R_noRR_shorts
2022-08-21,,,,,,,,Trading disabled for Sunday.,1.0,,,,,,2022,v2_vol1.2_be2R_noRR_shorts
2022-08-22,"KillSwitch already active (now=16:47, kill=16:31).",11494.0,25.0,0.998389694041868,33446.9,33202.9,244.0,,,,,,,,2022,v2_vol1.2_be2R_noRR_shorts
2022-08-23,"KillSwitch already active (now=17:18, kill=16:31).",19648.0,30.0,0.9993674889310564,33181.2,32982.7,198.5,,,,,,,,2022,v2_vol1.2_be2R_noRR_shorts
2022-08-24,"KillSwitch already active (now=19:06, kill=16:31).",8230.0,10.0,0.9995414947271892,32967.6,32811.8,155.8,,,,,,,,2022,v2_vol1.2_be2R_noRR_shorts
2022-08-25,"KillSwitch already active (now=19:48, kill=16:31).",1817.0,17.0,0.997506234413965,33245.6,32886.4,359.2,,,,,,,,2022,v2_vol1.2_be2R_noRR_shorts
2022-08-26,"KillSwitch already active (now=17:17, kill=16:31).",26305.0,9.0,0.9989736572015052,33463.0,32964.1,498.9,,,1.0,,11.0,,11.0,2022,v2_vol1.2_be2R_noRR_shorts
2022-08-27,,,,,,,,Trading disabled for Saturday.,1.0,,,,,,2022,v2_vol1.2_be2R_noRR_shorts
2022-08-28,,,,,,,,Trading disabled for Sunday.,1.0,,,,,,2022,v2_vol1.2_be2R_noRR_shorts
2022-08-29,"KillSwitch already active (now=16:49, kill=16:31).",19012.0,13.0,1.0,32152.8,31979.5,173.3,,,,,,,,2022,v2_vol1.2_be2R_noRR_shorts
2022-08-30,"KillSwitch already active (now=17:44, kill=16:31).",28221.0,28.0,1.0,32369.0,31904.7,464.3,,,,,,,,2022,v2_vol1.2_be2R_noRR_shorts
2022-08-31,"KillSwitch already active (now=18:03, kill=16:31).",14660.0,36.0,0.9989373007438896,31961.1,31674.5,286.6,,,,,,,,2022,v2_vol1.2_be2R_noRR_shorts
2022-09-01,"KillSwitch already active (now=17:29, kill=16:31).",12989.0,23.0,0.9980806142034548,31455.0,31222.5,232.5,,,,,,,,2022,v2_vol1.2_be2R_noRR_shorts
2022-09-02,"KillSwitch already active (now=17:03, kill=16:31).",21442.0,4.0,0.9962100703844072,31949.1,31584.9,364.2,,,,,,,,2022,v2_vol1.2_be2R_noRR_shorts
2022-09-03,,,,,,,,Trading disabled for Saturday.,1.0,,,,,,2022,v2_vol1.2_be2R_noRR_shorts
2022-09-04,,,,,,,,Trading disabled for Sunday.,1.0,,,,,,2022,v2_vol1.2_be2R_noRR_shorts
2022-09-05,"ClosePositionsTime already reached (now=22:27, close=20:50).",883.0,10.0,0.9967845659163986,31459.4,31331.7,127.7,,,,,,,,2022,v2_vol1.2_be2R_noRR_shorts
2022-09-06,,,,,31592.5,31041.9,550.6,ORB range 550.6 pips >= max 500. Standing down.,1.0,,,,,,2022,v2_vol1.2_be2R_noRR_shorts
2022-09-07,existing open bot position found: ORBV_US30.cash_20220907 vo,26101.0,30.0,0.9994353472614342,31289.5,31057.5,232.0,,,1.0,,,,,2022,v2_vol1.2_be2R_noRR_shorts
2022-09-08,"KillSwitch already active (now=17:59, kill=16:31).",20419.0,23.0,1.0,31662.1,31298.6,363.5,,,,,,,,2022,v2_vol1.2_be2R_noRR_shorts
2022-09-09,"KillSwitch already active (now=17:13, kill=16:31).",11684.0,10.0,0.999000999000999,32101.1,31879.7,221.4,,,,,,,,2022,v2_vol1.2_be2R_noRR_shorts
2022-09-10,,,,,,,,Trading disabled for Saturday.,1.0,,,,,,2022,v2_vol1.2_be2R_noRR_shorts
2022-09-11,,,,,,,,Trading disabled for Sunday.,1.0,,,,,,2022,v2_vol1.2_be2R_noRR_shorts
2022-09-12,,,,,32499.2,32178.0,321.2,,,,,,,,2022,v2_vol1.2_be2R_noRR_shorts
2022-09-13,_noTradeToday=true (range/day filter).,26224.0,26.0,0.9996378123868164,32686.5,31619.7,1066.8,ORB range 1066.8 pips >= max 500. Standing down.,1.0,,,,,,2022,v2_vol1.2_be2R_noRR_shorts
2022-09-14,,2351.0,,0.96048024012006,31270.9,30971.9,299.0,,,,,,,,2022,v2_vol1.2_be2R_noRR_shorts
2022-09-15,"KillSwitch already active (now=19:45, kill=16:31).",8944.0,30.0,1.0,31271.5,30989.0,282.5,,,,,,,,2022,v2_vol1.2_be2R_noRR_shorts
2022-09-16,"KillSwitch already active (now=19:07, kill=16:31).",4768.0,4.0,0.9985253844533388,30788.6,30542.5,246.1,,,,"Neutral trend, policy=BlockAll",,7.0,,2022,v2_vol1.2_be2R_noRR_shorts
2022-09-17,,,,,,,,Trading disabled for Saturday.,1.0,,,,,,2022,v2_vol1.2_be2R_noRR_shorts
2022-09-18,,,,,,,,Trading disabled for Sunday.,1.0,,,,,,2022,v2_vol1.2_be2R_noRR_shorts
2022-09-19,"KillSwitch already active (now=19:02, kill=16:31).",12336.0,37.0,1.0,30856.4,30486.6,369.8,,,,,,,,2022,v2_vol1.2_be2R_noRR_shorts
2022-09-20,"KillSwitch already active (now=17:30, kill=16:31).",6993.0,2.0,0.9961572568725984,31023.4,30586.6,436.8,,,,,,,,2022,v2_vol1.2_be2R_noRR_shorts
2022-09-21,"KillSwitch already active (now=18:01, kill=16:31).",14544.0,31.0,1.0,30943.9,30679.2,264.7,,,,,,,,2022,v2_vol1.2_be2R_noRR_shorts
2022-09-22,,,,,30404.6,29985.1,419.5,,,,,,,,2022,v2_vol1.2_be2R_noRR_shorts
2022-09-23,"KillSwitch already active (now=16:48, kill=16:31).",27305.0,6.0,0.9974937343358397,29991.6,29630.6,361.0,,,,,,,,2022,v2_vol1.2_be2R_noRR_shorts
2022-09-24,,,,,,,,Trading disabled for Saturday.,1.0,,,,,,2022,v2_vol1.2_be2R_noRR_shorts
2022-09-25,,,,,,,,Trading disabled for Sunday.,1.0,,,,,,2022,v2_vol1.2_be2R_noRR_shorts
2022-09-26,"KillSwitch already active (now=17:44, kill=16:31).",13786.0,9.0,0.9986928104575163,29636.7,29311.5,325.2,,,,,,,,2022,v2_vol1.2_be2R_noRR_shorts
2022-09-27,"KillSwitch already active (now=16:45, kill=16:31).",28275.0,19.0,1.0,29660.4,29343.4,317.0,,,1.0,"Neutral trend, policy=BlockAll",5.0,15.0,5.0,2022,v2_vol1.2_be2R_noRR_shorts
2022-09-28,_noTradeToday=true (range/day filter).,26716.0,17.0,0.996978851963746,29364.8,28820.8,544.0,ORB range 544.0 pips >= max 500. Standing down.,1.0,,,,,,2022,v2_vol1.2_be2R_noRR_shorts
2022-09-29,,3253.0,,0.9749936852740592,29566.0,29038.0,528.0,ORB range 528.0 pips >= max 500. Standing down.,1.0,,,,,,2022,v2_vol1.2_be2R_noRR_shorts
2022-09-30,"KillSwitch already active (now=18:36, kill=16:31).",12953.0,9.0,0.999768572089794,29494.0,28999.9,494.1,,,,,,,,2022,v2_vol1.2_be2R_noRR_shorts
2022-10-01,,,,,,,,Trading disabled for Saturday.,1.0,,,,,,2022,v2_vol1.2_be2R_noRR_shorts
2022-10-02,,,,,,,,Trading disabled for Sunday.,1.0,,,,,,2022,v2_vol1.2_be2R_noRR_shorts
2022-10-03,_noTradeToday=true (range/day filter).,17662.0,25.0,0.999685633448601,29369.4,28722.3,647.1,ORB range 647.1 pips >= max 500. Standing down.,1.0,,,,,,2022,v2_vol1.2_be2R_noRR_shorts
2022-10-04,_noTradeToday=true (range/day filter).,3182.0,1.0,0.9991132131244456,30275.3,29771.8,503.5,ORB range 503.5 pips >= max 500. Standing down.,1.0,,,,,,2022,v2_vol1.2_be2R_noRR_shorts
2022-10-05,"KillSwitch already active (now=16:50, kill=16:31).",18850.0,39.0,0.99945085118067,30131.4,29911.9,219.5,,,,"Neutral trend, policy=BlockAll",,17.0,,2022,v2_vol1.2_be2R_noRR_shorts
2022-10-06,"KillSwitch already active (now=18:17, kill=16:31).",10223.0,23.0,1.0,30319.8,29984.8,335.0,,,,,,,,2022,v2_vol1.2_be2R_noRR_shorts
2022-10-07,_noTradeToday=true (range/day filter).,17839.0,5.0,0.9993217273343884,30057.9,29389.8,668.1,ORB range 668.1 pips >= max 500. Standing down.,1.0,,,,,,2022,v2_vol1.2_be2R_noRR_shorts
2022-10-08,,,,,,,,Trading disabled for Saturday.,1.0,,,,,,2022,v2_vol1.2_be2R_noRR_shorts
2022-10-09,,,,,,,,Trading disabled for Sunday.,1.0,,,,,,2022,v2_vol1.2_be2R_noRR_shorts
2022-10-10,"KillSwitch already active (now=16:57, kill=16:31).",3994.0,2.0,0.9980494148244472,29489.9,29118.0,371.9,,,,,,,,2022,v2_vol1.2_be2R_noRR_shorts
2022-10-11,"KillSwitch already active (now=17:51, kill=16:31).",21537.0,12.0,0.9986648865153538,29262.7,28919.1,343.6,,,,,,,,2022,v2_vol1.2_be2R_noRR_shorts
2022-10-12,,,,,29461.0,29133.5,327.5,,,,,,,,2022,v2_vol1.2_be2R_noRR_shorts
2022-10-13,_noTradeToday=true (range/day filter).,29316.0,22.0,0.9995285242809996,29601.5,28627.0,974.5,ORB range 974.5 pips >= max 500. Standing down.,1.0,,,,,,2022,v2_vol1.2_be2R_noRR_shorts
2022-10-14,_noTradeToday=true (range/day filter).,22861.0,4.0,0.99626400996264,30433.2,29799.2,634.0,ORB range 634.0 pips >= max 500. Standing down.,1.0,,,,,,2022,v2_vol1.2_be2R_noRR_shorts
2022-10-15,,,,,,,,Trading disabled for Saturday.,1.0,,,,,,2022,v2_vol1.2_be2R_noRR_shorts
2022-10-16,,,,,,,,Trading disabled for Sunday.,1.0,,,,,,2022,v2_vol1.2_be2R_noRR_shorts
2022-10-17,"ClosePositionsTime already reached (now=22:07, close=20:50).",1961.0,20.0,1.0,30320.1,29845.1,475.0,,,,,,,,2022,v2_vol1.2_be2R_noRR_shorts
2022-10-18,"KillSwitch already active (now=17:04, kill=16:31).",7696.0,4.0,0.9978308026030368,30838.5,30408.5,430.0,,,,,,,,2022,v2_vol1.2_be2R_noRR_shorts
2022-10-19,"KillSwitch already active (now=17:03, kill=16:31).",7044.0,4.0,0.9992193598750976,30660.5,30334.5,326.0,,,,,,,,2022,v2_vol1.2_be2R_noRR_shorts
2022-10-20,"KillSwitch already active (now=17:51, kill=16:31).",8789.0,17.0,0.9997268505872712,30827.4,30334.6,492.8,,,,,,,,2022,v2_vol1.2_be2R_noRR_shorts
2022-10-21,_noTradeToday=true (range/day filter).,18732.0,9.0,1.0,30764.5,30068.5,696.0,ORB range 696.0 pips >= max 500. Standing down.,1.0,,,,,,2022,v2_vol1.2_be2R_noRR_shorts
2022-10-22,,,,,,,,Trading disabled for Saturday.,1.0,,,,,,2022,v2_vol1.2_be2R_noRR_shorts
2022-10-23,,,,,,,,Trading disabled for Sunday.,1.0,,,,,,2022,v2_vol1.2_be2R_noRR_shorts
2022-10-24,,1780.0,,0.9974351667141635,31570.0,30883.5,686.5,ORB range 686.5 pips >= max 500. Standing down.,1.0,,,,,,2022,v2_vol1.2_be2R_noRR_shorts
2022-10-25,existing open bot position found: ORBV_US30.cash_20221025 vo,22237.0,29.0,1.0,31709.2,31309.0,400.2,,,,,,,,2022,v2_vol1.2_be2R_noRR_shorts
2022-10-26,,9521.0,,0.9568480300187616,32047.1,31719.6,327.5,,,,,,,,2022,v2_vol1.2_be2R_noRR_shorts
2022-10-27,"KillSwitch already active (now=20:31, kill=16:31).",1319.0,1.0,0.9941176470588236,32350.4,31912.5,437.9,,,,,,,,2022,v2_vol1.2_be2R_noRR_shorts
2022-10-28,_noTradeToday=true (range/day filter).,22520.0,8.0,0.999677523379555,32555.7,31872.7,683.0,ORB range 683.0 pips >= max 500. Standing down.,1.0,,,,,,2022,v2_vol1.2_be2R_noRR_shorts
2022-10-29,,,,,,,,Trading disabled for Saturday.,1.0,,,,,,2022,v2_vol1.2_be2R_noRR_shorts
2022-10-30,,,,,,,,Trading disabled for Sunday.,1.0,,,,,,2022,v2_vol1.2_be2R_noRR_shorts
2022-10-31,,510.0,,0.8864864864864865,32846.0,32584.3,261.7,,,,,,,,2022,v2_vol1.2_be2R_noRR_shorts
2022-11-01,,8478.0,,0.9736180904522612,32997.1,32601.6,395.5,,,,,,,,2022,v2_vol1.2_be2R_noRR_shorts
2022-11-02,"KillSwitch already active (now=18:01, kill=16:31).",16590.0,23.0,0.9992797983435362,32754.5,32503.4,251.1,,,,,,,,2022,v2_vol1.2_be2R_noRR_shorts
2022-11-03,,,,,32211.4,31714.4,497.0,,,,,,,,2022,v2_vol1.2_be2R_noRR_shorts
2022-11-04,,787.0,,0.8961705487564153,32545.8,31859.3,686.5,ORB range 686.5 pips >= max 500. Standing down.,1.0,,,,,,2022,v2_vol1.2_be2R_noRR_shorts
2022-11-05,,,,,,,,Trading disabled for Saturday.,1.0,,,,,,2022,v2_vol1.2_be2R_noRR_shorts
2022-11-06,,,,,,,,Trading disabled for Sunday.,1.0,,,,,,2022,v2_vol1.2_be2R_noRR_shorts
2022-11-07,"KillSwitch already active (now=18:01, kill=16:31).",18443.0,16.0,0.99932478055368,32619.9,32251.8,368.1,,,,,,,,2022,v2_vol1.2_be2R_noRR_shorts
2022-11-08,"KillSwitch already active (now=18:25, kill=16:31).",31766.0,16.0,0.9992111490928214,32969.3,32756.7,212.6,,,,,,,,2022,v2_vol1.2_be2R_noRR_shorts
2022-11-09,existing open bot position found: ORBV_US30.cash_20221109 vo,30246.0,23.0,1.0,33184.3,32912.8,271.5,,,,,,,,2022,v2_vol1.2_be2R_noRR_shorts
2022-11-10,_noTradeToday=true (range/day filter).,18855.0,13.0,0.999742334449884,33432.9,32524.6,908.3,ORB range 908.3 pips >= max 500. Standing down.,1.0,,,,,,2022,v2_vol1.2_be2R_noRR_shorts
2022-11-11,"KillSwitch already active (now=19:07, kill=16:31).",29998.0,7.0,1.0,33970.5,33783.5,187.0,,,,"Neutral trend, policy=BlockAll",,573.0,,2022,v2_vol1.2_be2R_noRR_shorts
2022-11-12,,,,,,,,Trading disabled for Saturday.,1.0,,,,,,2022,v2_vol1.2_be2R_noRR_shorts
2022-11-13,,,,,,,,Trading disabled for Sunday.,1.0,,,,,,2022,v2_vol1.2_be2R_noRR_shorts
2022-11-14,"KillSwitch already active (now=16:35, kill=16:31).",25011.0,16.0,0.9996970614965162,33732.6,33604.5,128.1,,,,"Neutral trend, policy=BlockAll",,397.0,,2022,v2_vol1.2_be2R_noRR_shorts
2022-11-15,"KillSwitch already active (now=18:19, kill=16:31).",15222.0,19.0,0.999729802756012,34010.3,33612.6,397.7,,,,,,,,2022,v2_vol1.2_be2R_noRR_shorts
2022-11-16,,,,,33704.9,33459.4,245.5,,,,,,,,2022,v2_vol1.2_be2R_noRR_shorts
2022-11-17,,,,,33687.3,33145.8,541.5,ORB range 541.5 pips >= max 500. Standing down.,1.0,,,,,,2022,v2_vol1.2_be2R_noRR_shorts
2022-11-18,"ClosePositionsTime already reached (now=20:51, close=20:50).",231.0,1.0,0.9863169897377424,33797.2,33437.2,360.0,,,,,,,,2022,v2_vol1.2_be2R_noRR_shorts
2022-11-19,,,,,,,,Trading disabled for Saturday.,1.0,,,,,,2022,v2_vol1.2_be2R_noRR_shorts
2022-11-20,,,,,,,,Trading disabled for Sunday.,1.0,,,,,,2022,v2_vol1.2_be2R_noRR_shorts
2022-11-21,existing open bot position found: ORBV_US30.cash_20221121 vo,3313.0,4.0,0.9972972972972972,33772.2,33602.1,170.1,,,,,,,,2022,v2_vol1.2_be2R_noRR_shorts
2022-11-22,existing open bot position found: ORBV_US30.cash_20221122 vo,22584.0,22.0,1.0,33886.2,33627.0,259.2,,,,,,,,2022,v2_vol1.2_be2R_noRR_shorts
2022-11-23,existing open bot position found: ORBV_US30.cash_20221123 vo,16498.0,24.0,0.999420625724218,34170.9,34026.7,144.2,,,,Bearish trend blocks LONG,,118.0,,2022,v2_vol1.2_be2R_noRR_shorts
2022-11-24,,,,,34289.4,34211.9,77.5,,,,,,,,2022,v2_vol1.2_be2R_noRR_shorts
2022-11-25,"KillSwitch already active (now=17:07, kill=16:31).",8789.0,7.0,0.9984067976633032,34285.4,34192.4,93.0,,,,,,,,2022,v2_vol1.2_be2R_noRR_shorts
2022-11-26,,,,,,,,Trading disabled for Saturday.,1.0,,,,,,2022,v2_vol1.2_be2R_noRR_shorts
2022-11-27,,,,,,,,Trading disabled for Sunday.,1.0,,,,,,2022,v2_vol1.2_be2R_noRR_shorts
2022-11-28,"KillSwitch already active (now=17:04, kill=16:31).",18813.0,28.0,1.0,34276.1,34105.1,171.0,,,,"Neutral trend, policy=BlockAll",,66.0,,2022,v2_vol1.2_be2R_noRR_shorts
2022-11-29,MaxTradesPerDay reached (1/1).,7287.0,1.0,0.9977151561309978,33971.2,33769.7,201.5,,,,,,,,2022,v2_vol1.2_be2R_noRR_shorts
2022-11-30,"KillSwitch already active (now=17:20, kill=16:31).",29438.0,24.0,1.0,33919.8,33766.2,153.6,,,,"Neutral trend, policy=BlockAll",,47.0,,2022,v2_vol1.2_be2R_noRR_shorts
2022-12-01,"KillSwitch already active (now=17:01, kill=16:31).",28572.0,22.0,0.9993714644877436,34662.2,34460.0,202.2,,,,Bullish trend blocks SHORT,,87.0,,2022,v2_vol1.2_be2R_noRR_shorts
2022-12-02,_noTradeToday=true (range/day filter).,3673.0,6.0,0.9951845906902088,34392.1,33890.3,501.8,ORB range 501.8 pips >= max 500. Standing down.,1.0,,,,,,2022,v2_vol1.2_be2R_noRR_shorts
2022-12-03,,,,,,,,Trading disabled for Saturday.,1.0,,,,,,2022,v2_vol1.2_be2R_noRR_shorts
2022-12-04,,,,,,,,Trading disabled for Sunday.,1.0,,,,,,2022,v2_vol1.2_be2R_noRR_shorts
2022-12-05,existing open bot position found: ORBV_US30.cash_20221205 vo,21742.0,21.0,0.9996552912788692,34350.1,34162.2,187.9,,,,,,,,2022,v2_vol1.2_be2R_noRR_shorts
2022-12-06,"KillSwitch already active (now=17:17, kill=16:31).",29538.0,14.0,0.999732691793638,34030.6,33867.0,163.6,,,,,,,,2022,v2_vol1.2_be2R_noRR_shorts
2022-12-07,,6181.0,,0.998543790305804,33660.0,33431.3,228.7,,,,"Neutral trend, policy=BlockAll",,3.0,,2022,v2_vol1.2_be2R_noRR_shorts
2022-12-08,"KillSwitch already active (now=17:01, kill=16:31).",13561.0,4.0,0.9987357774968396,33786.2,33561.4,224.8,,,,,,,,2022,v2_vol1.2_be2R_noRR_shorts
2022-12-09,"ClosePositionsTime already reached (now=20:51, close=20:50).",1624.0,7.0,0.9996979764421624,33930.0,33525.1,404.9,,,,,,,,2022,v2_vol1.2_be2R_noRR_shorts
2022-12-10,,,,,,,,Trading disabled for Saturday.,1.0,,,,,,2022,v2_vol1.2_be2R_noRR_shorts
2022-12-11,,,,,,,,Trading disabled for Sunday.,1.0,,,,,,2022,v2_vol1.2_be2R_noRR_shorts
2022-12-12,existing open bot position found: ORBV_US30.cash_20221212 vo,23383.0,41.0,0.9993489583333334,33569.4,33423.2,146.2,,,1.0,"Neutral trend, policy=BlockAll",3.0,316.0,3.0,2022,v2_vol1.2_be2R_noRR_shorts
2022-12-13,,3941.0,,0.9420462675888384,34919.55,33984.9,934.7,ORB range 934.7 pips >= max 500. Standing down.,1.0,,,,,,2022,v2_vol1.2_be2R_noRR_shorts
2022-12-14,"KillSwitch already active (now=16:59, kill=16:31).",27717.0,28.0,0.9995100440960314,34179.6,34052.6,127.0,,,,"Neutral trend, policy=BlockAll",,341.0,,2022,v2_vol1.2_be2R_noRR_shorts
2022-12-15,existing open bot position found: ORBV_US30.cash_20221215 vo,34448.0,18.0,0.9995240361732508,33866.0,33544.9,321.1,,,1.0,,8.0,,8.0,2022,v2_vol1.2_be2R_noRR_shorts
2022-12-16,"KillSwitch already active (now=19:01, kill=16:31).",12601.0,4.0,0.9978858350951374,33170.4,32773.5,396.9,,,,,,,,2022,v2_vol1.2_be2R_noRR_shorts
2022-12-17,,,,,,,,Trading disabled for Saturday.,1.0,,,,,,2022,v2_vol1.2_be2R_noRR_shorts
2022-12-18,,,,,,,,Trading disabled for Sunday.,1.0,,,,,,2022,v2_vol1.2_be2R_noRR_shorts
2022-12-19,existing open bot position found: ORBV_US30.cash_20221219 vo,20153.0,16.0,0.99932478055368,33057.4,32881.4,176.0,,,,,,,,2022,v2_vol1.2_be2R_noRR_shorts
2022-12-20,"KillSwitch already active (now=19:02, kill=16:31).",24910.0,12.0,0.999162712810494,32834.7,32544.4,290.3,,,,,,,,2022,v2_vol1.2_be2R_noRR_shorts
2022-12-21,existing open bot position found: ORBV_US30.cash_20221221 vo,26431.0,18.0,1.0,33221.1,32945.6,275.5,,,1.0,,0.0,,1.0,2022,v2_vol1.2_be2R_noRR_shorts
2022-12-22,existing open bot position found: ORBV_US30.cash_20221222 vo,33772.0,21.0,1.0,33459.0,33140.3,318.7,,,1.0,,9.0,,9.0,2022,v2_vol1.2_be2R_noRR_shorts
2022-12-23,existing open bot position found: ORBV_US30.cash_20221223 vo,2919.0,6.0,0.9995936611133686,33217.4,32941.4,276.0,,,,,,,,2022,v2_vol1.2_be2R_noRR_shorts
2022-12-24,,,,,,,,Trading disabled for Saturday.,1.0,,,,,,2022,v2_vol1.2_be2R_noRR_shorts
2022-12-25,,,,,,,,Trading disabled for Sunday.,1.0,,,,,,2022,v2_vol1.2_be2R_noRR_shorts
2022-12-27,existing open bot position found: ORBV_US30.cash_20221227 vo,6716.0,8.0,0.9994416527079844,33433.0,33231.9,201.1,,,1.0,,,,,2022,v2_vol1.2_be2R_noRR_shorts
2022-12-28,"KillSwitch already active (now=17:01, kill=16:31).",27962.0,19.0,0.997697620874904,33366.8,33249.2,117.6,,,,"Neutral trend, policy=BlockAll",,203.0,,2022,v2_vol1.2_be2R_noRR_shorts
2022-12-29,existing open bot position found: ORBV_US30.cash_20221229 vo,24882.0,17.0,0.999657651489216,33078.5,32857.6,220.9,,,1.0,,2.0,,3.0,2022,v2_vol1.2_be2R_noRR_shorts
2022-12-30,existing open bot position found: ORBV_US30.cash_20221230 vo,24202.0,20.0,0.999383096853794,33154.6,33047.1,107.5,,,,,,,,2022,v2_vol1.2_be2R_noRR_shorts
2024-01-02,,,,,37811.4,37461.4,350.0,,,,,,,,2024,v2_vol1.2_be2R_noRR_shorts
2024-01-03,existing open bot position found: ORBV_US30.cash_20240103 vo,17361.0,28.0,0.9996125532739248,37726.8,37553.2,173.6,,,1.0,,,,,2024,v2_vol1.2_be2R_noRR_shorts
2024-01-04,"KillSwitch already active (now=16:54, kill=16:31).",13699.0,6.0,1.0,37541.1,37451.9,89.2,,,,,,,,2024,v2_vol1.2_be2R_noRR_shorts
2024-01-05,existing open bot position found: ORBV_US30.cash_20240105 vo,13742.0,6.0,0.999259807549963,37454.3,37249.3,205.0,,,,"Neutral trend, policy=BlockAll",,89.0,,2024,v2_vol1.2_be2R_noRR_shorts
2024-01-06,,,,,,,,Trading disabled for Saturday.,1.0,,,,,,2024,v2_vol1.2_be2R_noRR_shorts
2024-01-07,,,,,,,,Trading disabled for Sunday.,1.0,,,,,,2024,v2_vol1.2_be2R_noRR_shorts
2024-01-08,"KillSwitch already active (now=16:41, kill=16:31).",14940.0,36.0,0.9988776655443324,37371.9,37215.4,156.5,,,1.0,"Neutral trend, policy=BlockAll",3.0,16.0,3.0,2024,v2_vol1.2_be2R_noRR_shorts
2024-01-09,existing open bot position found: ORBV_US30.cash_20240109 vo,5874.0,7.0,0.9982300884955752,37614.1,37439.8,174.3,,,,,,,,2024,v2_vol1.2_be2R_noRR_shorts
2024-01-10,existing open bot position found: ORBV_US30.cash_20240110 vo,16873.0,55.0,0.9995497523638002,37552.1,37466.5,85.6,,,1.0,,0.0,,1.0,2024,v2_vol1.2_be2R_noRR_shorts
2024-01-11,"KillSwitch already active (now=18:07, kill=16:31).",12248.0,3.0,0.9980879541108988,37811.1,37590.0,221.1,,,,,,,,2024,v2_vol1.2_be2R_noRR_shorts
2024-01-12,,885.0,,0.9984871406959154,37795.7,37441.7,354.0,,,,"Neutral trend, policy=BlockAll",,138.0,,2024,v2_vol1.2_be2R_noRR_shorts
2024-01-13,,,,,,,,Trading disabled for Saturday.,1.0,,,,,,2024,v2_vol1.2_be2R_noRR_shorts
2024-01-14,,,,,,,,Trading disabled for Sunday.,1.0,,,,,,2024,v2_vol1.2_be2R_noRR_shorts
2024-01-15,,,,,37598.6,37491.4,107.2,,,,,,,,2024,v2_vol1.2_be2R_noRR_shorts
2024-01-16,"KillSwitch already active (now=18:54, kill=16:31).",15462.0,19.0,0.9995782370307889,37550.2,37381.9,168.3,,,,"Neutral trend, policy=BlockAll",,11.0,,2024,v2_vol1.2_be2R_noRR_shorts
2024-01-17,"KillSwitch already active (now=16:54, kill=16:31).",10523.0,5.0,0.9964570416297608,37267.0,37149.9,117.1,,,,,,,,2024,v2_vol1.2_be2R_noRR_shorts
2024-01-18,MaxTradesPerDay reached (1/1).,10805.0,30.0,0.9996270048489369,37334.7,37180.6,154.1,,,,,,,,2024,v2_vol1.2_be2R_noRR_shorts
2024-01-19,"KillSwitch already active (now=18:16, kill=16:31).",10020.0,10.0,0.9991386735572784,37705.8,37461.0,244.8,,,,,,,,2024,v2_vol1.2_be2R_noRR_shorts
2024-01-20,,,,,,,,Trading disabled for Saturday.,1.0,,,,,,2024,v2_vol1.2_be2R_noRR_shorts
2024-01-21,,,,,,,,Trading disabled for Sunday.,1.0,,,,,,2024,v2_vol1.2_be2R_noRR_shorts
2024-01-22,existing open bot position found: ORBV_US30.cash_20240122 vo,12120.0,29.0,0.9995100440960314,37986.0,37875.2,110.8,,,1.0,,,,,2024,v2_vol1.2_be2R_noRR_shorts
2024-01-23,existing open bot position found: ORBV_US30.cash_20240123 vo,14579.0,24.0,0.9994256174612292,38023.2,37922.3,100.9,,,1.0,,,,,2024,v2_vol1.2_be2R_noRR_shorts
2024-01-24,"KillSwitch already active (now=18:40, kill=16:31).",10169.0,21.0,1.0,38078.1,37936.6,141.5,,,,,,,,2024,v2_vol1.2_be2R_noRR_shorts
2024-01-25,"ClosePositionsTime already reached (now=20:51, close=20:50).",6090.0,9.0,0.9984813971146546,37937.0,37753.6,183.4,,,,"Neutral trend, policy=BlockAll",,14.0,,2024,v2_vol1.2_be2R_noRR_shorts
2024-01-26,"KillSwitch already active (now=17:12, kill=16:31).",18102.0,10.0,1.0,38070.4,37906.1,164.3,,,,"Neutral trend, policy=BlockAll",,254.0,,2024,v2_vol1.2_be2R_noRR_shorts
2024-01-27,,,,,,,,Trading disabled for Saturday.,1.0,,,,,,2024,v2_vol1.2_be2R_noRR_shorts
2024-01-28,,,,,,,,Trading disabled for Sunday.,1.0,,,,,,2024,v2_vol1.2_be2R_noRR_shorts
2024-01-29,existing open bot position found: ORBV_US30.cash_20240129 vo,10874.0,28.0,0.9994051160023796,38112.2,38038.2,74.0,,,,,,,,2024,v2_vol1.2_be2R_noRR_shorts
2024-01-30,"KillSwitch already active (now=17:19, kill=16:31).",14570.0,27.0,1.0,38304.5,38238.4,66.1,,,,"Neutral trend, policy=BlockAll",,121.0,,2024,v2_vol1.2_be2R_noRR_shorts
2024-01-31,"KillSwitch already active (now=16:42, kill=16:31).",14721.0,22.0,0.9990749306197966,38565.4,38468.4,97.0,,,,"Neutral trend, policy=BlockAll",,2.0,,2024,v2_vol1.2_be2R_noRR_shorts
2024-02-01,"KillSwitch already active (now=17:05, kill=16:31).",19877.0,18.0,0.9992912827781716,38244.9,38126.2,118.7,,,,,,,,2024,v2_vol1.2_be2R_noRR_shorts
2024-02-02,"KillSwitch already active (now=18:33, kill=16:31).",12528.0,5.0,1.0,38588.1,38343.9,244.2,,,,,,,,2024,v2_vol1.2_be2R_noRR_shorts
2024-02-03,,,,,,,,Trading disabled for Saturday.,1.0,,,,,,2024,v2_vol1.2_be2R_noRR_shorts
2024-02-04,,,,,,,,Trading disabled for Sunday.,1.0,,,,,,2024,v2_vol1.2_be2R_noRR_shorts
2024-02-05,"KillSwitch already active (now=17:23, kill=16:31).",21479.0,28.0,0.999685633448601,38692.6,38520.2,172.4,,,,"Neutral trend, policy=BlockAll",,528.0,,2024,v2_vol1.2_be2R_noRR_shorts
2024-02-06,existing open bot position found: ORBV_US30.cash_20240206 vo,23297.0,25.0,0.999580008399832,38403.5,38276.1,127.4,,,1.0,,0.0,,1.0,2024,v2_vol1.2_be2R_noRR_shorts
2024-02-07,existing open bot position found: ORBV_US30.cash_20240207 vo,16698.0,28.0,1.0,38652.6,38455.6,197.0,,,,,,,,2024,v2_vol1.2_be2R_noRR_shorts
2024-02-08,"KillSwitch already active (now=16:32, kill=16:31).",6039.0,6.0,0.9994977398292316,38731.4,38612.6,118.8,,,,,,,,2024,v2_vol1.2_be2R_noRR_shorts
2024-02-09,"KillSwitch already active (now=16:36, kill=16:31).",15123.0,25.0,1.0,38893.9,38695.0,198.9,,,,"Neutral trend, policy=BlockAll",,1.0,,2024,v2_vol1.2_be2R_noRR_shorts
2024-02-10,,,,,,,,Trading disabled for Saturday.,1.0,,,,,,2024,v2_vol1.2_be2R_noRR_shorts
2024-02-11,,,,,,,,Trading disabled for Sunday.,1.0,,,,,,2024,v2_vol1.2_be2R_noRR_shorts
2024-02-12,existing open bot position found: ORBV_US30.cash_20240212 vo,19149.0,30.0,1.0,38661.2,38602.2,59.0,,,1.0,"Neutral trend, policy=BlockAll",2.0,273.0,2.0,2024,v2_vol1.2_be2R_noRR_shorts
2024-02-13,existing open bot position found: ORBV_US30.cash_20240213 vo,23480.0,27.0,0.9991158267020336,38820.7,38385.4,435.3,,,1.0,,,,,2024,v2_vol1.2_be2R_noRR_shorts
2024-02-14,"KillSwitch already active (now=16:44, kill=16:31).",6325.0,13.0,1.0,38424.1,38290.0,134.1,,,,"Neutral trend, policy=BlockAll",,3.0,,2024,v2_vol1.2_be2R_noRR_shorts
2024-02-15,"KillSwitch already active (now=16:54, kill=16:31).",20060.0,24.0,1.0,38528.2,38431.8,96.4,,,1.0,"Neutral trend, policy=BlockAll",1.0,37.0,1.0,2024,v2_vol1.2_be2R_noRR_shorts
2024-02-16,"KillSwitch already active (now=17:09, kill=16:31).",7346.0,9.0,0.9992372234935164,38754.0,38603.2,150.8,,,,"Neutral trend, policy=BlockAll",,93.0,,2024,v2_vol1.2_be2R_noRR_shorts
2024-02-17,,,,,,,,Trading disabled for Saturday.,1.0,,,,,,2024,v2_vol1.2_be2R_noRR_shorts
2024-02-18,,,,,,,,Trading disabled for Sunday.,1.0,,,,,,2024,v2_vol1.2_be2R_noRR_shorts
2024-02-19,"ClosePositionsTime already reached (now=23:34, close=20:50).",467.0,7.0,1.0,38666.7,38597.7,69.0,,,,,,,,2024,v2_vol1.2_be2R_noRR_shorts
2024-02-20,"ClosePositionsTime already reached (now=21:00, close=20:50).",10519.0,3.0,0.9985528219971056,38578.1,38450.3,127.8,,,,"Neutral trend, policy=BlockAll",,307.0,,2024,v2_vol1.2_be2R_noRR_shorts
2024-02-21,existing open bot position found: ORBV_US30.cash_20240221 vo,11159.0,21.0,0.9983766233766234,38536.9,38463.9,73.0,,,,,,,,2024,v2_vol1.2_be2R_noRR_shorts
2024-02-22,existing open bot position found: ORBV_US30.cash_20240222 vo,19463.0,38.0,0.9980506822612084,38867.8,38676.4,191.4,,,,,,,,2024,v2_vol1.2_be2R_noRR_shorts
2024-02-23,MaxTradesPerDay reached (1/1).,9590.0,1.0,0.9996064541519089,39188.7,39036.8,151.9,,,,,,,,2024,v2_vol1.2_be2R_noRR_shorts
2024-02-24,,,,,,,,Trading disabled for Saturday.,1.0,,,,,,2024,v2_vol1.2_be2R_noRR_shorts
2024-02-25,,,,,,,,Trading disabled for Sunday.,1.0,,,,,,2024,v2_vol1.2_be2R_noRR_shorts
2024-02-26,existing open bot position found: ORBV_US30.cash_20240226 vo,4664.0,10.0,0.9992006394884092,39166.3,39056.8,109.5,,,,,,,,2024,v2_vol1.2_be2R_noRR_shorts
2024-02-27,existing open bot position found: ORBV_US30.cash_20240227 vo,17136.0,47.0,0.999691453255168,39112.0,39026.0,86.0,,,1.0,,,,,2024,v2_vol1.2_be2R_noRR_shorts
2024-02-28,existing open bot position found: ORBV_US30.cash_20240228 vo,3519.0,10.0,0.9995393827729158,38913.7,38771.2,142.5,,,,,,,,2024,v2_vol1.2_be2R_noRR_shorts
2024-02-29,,126.0,,0.9376723662437948,39061.6,38788.7,272.9,,,,,,,,2024,v2_vol1.2_be2R_noRR_shorts
2024-03-01,existing open bot position found: ORBV_US30.cash_20240301 vo,16450.0,10.0,0.9996970614965162,39011.3,38882.3,129.0,,,,,,,,2024,v2_vol1.2_be2R_noRR_shorts
2024-03-02,,,,,,,,Trading disabled for Saturday.,1.0,,,,,,2024,v2_vol1.2_be2R_noRR_shorts
2024-03-03,,,,,,,,Trading disabled for Sunday.,1.0,,,,,,2024,v2_vol1.2_be2R_noRR_shorts
2024-03-04,"KillSwitch already active (now=17:29, kill=16:31).",2574.0,7.0,0.9989023051591658,39046.3,38863.1,183.2,,,,,,,,2024,v2_vol1.2_be2R_noRR_shorts
2024-03-05,existing open bot position found: ORBV_US30.cash_20240305 vo,24051.0,30.0,0.9989220265900108,38962.1,38834.1,128.0,,,,,,,,2024,v2_vol1.2_be2R_noRR_shorts
2024-03-06,existing open bot position found: ORBV_US30.cash_20240306 vo,4303.0,2.0,0.9993979530403372,38803.8,38572.5,231.3,,,,,,,,2024,v2_vol1.2_be2R_noRR_shorts
2024-03-07,existing open bot position found: ORBV_US30.cash_20240307 vo,3394.0,6.0,0.9996001599360256,38859.7,38521.2,338.5,,,,,,,,2024,v2_vol1.2_be2R_noRR_shorts
2024-03-08,,16075.0,,0.9873417721518988,38825.6,38596.1,229.5,,,,,,,,2024,v2_vol1.2_be2R_noRR_shorts
2024-03-09,,,,,,,,Trading disabled for Saturday.,1.0,,,,,,2024,v2_vol1.2_be2R_noRR_shorts
2024-03-10,,,,,,,,Trading disabled for Sunday.,1.0,,,,,,2024,v2_vol1.2_be2R_noRR_shorts
2024-03-11,"KillSwitch already active (now=17:36, kill=16:31).",12068.0,25.0,1.0,38697.3,38474.4,222.9,,,,,,,,2024,v2_vol1.2_be2R_noRR_shorts
2024-03-12,"KillSwitch already active (now=18:04, kill=16:31).",12665.0,27.0,0.9995635093845484,38974.6,38638.9,335.7,,,,,,,,2024,v2_vol1.2_be2R_noRR_shorts
2024-03-13,"KillSwitch already active (now=16:31, kill=16:31).",4751.0,6.0,0.9995147986414362,39160.6,38993.5,167.1,,,,,,,,2024,v2_vol1.2_be2R_noRR_shorts
2024-03-14,"KillSwitch already active (now=19:01, kill=16:31).",4499.0,3.0,0.998430141287284,39229.1,38838.6,390.5,,,,,,,,2024,v2_vol1.2_be2R_noRR_shorts
2024-03-15,"KillSwitch already active (now=16:36, kill=16:31).",10177.0,9.0,0.996978851963746,38991.5,38722.8,268.7,,,,,,,,2024,v2_vol1.2_be2R_noRR_shorts
2024-03-16,,,,,,,,Trading disabled for Saturday.,1.0,,,,,,2024,v2_vol1.2_be2R_noRR_shorts
2024-03-17,,,,,,,,Trading disabled for Sunday.,1.0,,,,,,2024,v2_vol1.2_be2R_noRR_shorts
2024-03-18,,659.0,,0.9391808026479108,38891.9,38657.7,234.2,,,,,,,,2024,v2_vol1.2_be2R_noRR_shorts
2024-03-19,existing open bot position found: ORBV_US30.cash_20240319 vo,16184.0,30.0,0.9995654063450674,38896.2,38687.2,209.0,,,1.0,,0.0,,1.0,2024,v2_vol1.2_be2R_noRR_shorts
2024-03-20,"KillSwitch already active (now=16:57, kill=16:31).",13375.0,31.0,0.9982788296041308,39143.8,38997.3,146.5,,,,"Neutral trend, policy=BlockAll",,2.0,,2024,v2_vol1.2_be2R_noRR_shorts
2024-03-21,,867.0,,0.9201213346814964,39861.1,39588.3,272.8,,,,,,,,2024,v2_vol1.2_be2R_noRR_shorts
2024-03-22,existing open bot position found: ORBV_US30.cash_20240322 vo,13295.0,19.0,1.0,39850.9,39639.3,211.6,,,1.0,,1.0,,1.0,2024,v2_vol1.2_be2R_noRR_shorts
2024-03-23,,,,,,,,Trading disabled for Saturday.,1.0,,,,,,2024,v2_vol1.2_be2R_noRR_shorts
2024-03-24,,,,,,,,Trading disabled for Sunday.,1.0,,,,,,2024,v2_vol1.2_be2R_noRR_shorts
2024-03-25,"KillSwitch already active (now=16:46, kill=16:31).",7149.0,37.0,0.998613037447989,39459.7,39345.4,114.3,,,,,,,,2024,v2_vol1.2_be2R_noRR_shorts
2024-03-26,"KillSwitch already active (now=19:56, kill=16:31).",565.0,3.0,0.9974141115626156,39429.0,39302.85,126.2,,,,,,,,2024,v2_vol1.2_be2R_noRR_shorts
2024-03-27,"KillSwitch already active (now=19:29, kill=16:31).",3865.0,21.0,1.0,39623.65,39425.75,197.9,,,,,,,,2024,v2_vol1.2_be2R_noRR_shorts
2024-03-28,"KillSwitch already active (now=19:27, kill=16:31).",141.0,1.0,0.9968847352024922,39855.65,39713.35,142.3,,,,,,,,2024,v2_vol1.2_be2R_noRR_shorts
2024-03-30,,,,,,,,Trading disabled for Saturday.,1.0,,,,,,2024,v2_vol1.2_be2R_noRR_shorts
2024-03-31,,,,,,,,Trading disabled for Sunday.,1.0,,,,,,2024,v2_vol1.2_be2R_noRR_shorts
2024-04-01,existing open bot position found: ORBV_US30.cash_20240401 vo,12790.0,50.0,0.9987819732034106,39945.85,39563.35,382.5,,,1.0,,1.0,,1.0,2024,v2_vol1.2_be2R_noRR_shorts
2024-04-02,,13.0,,0.6551297898640296,39473.45,39048.55,424.9,,,,,,,,2024,v2_vol1.2_be2R_noRR_shorts
2024-04-03,"KillSwitch already active (now=19:13, kill=16:31).",1486.0,7.0,0.9974701843151428,39311.55,39112.85,198.7,,,,,,,,2024,v2_vol1.2_be2R_noRR_shorts
2024-04-04,"KillSwitch already active (now=17:48, kill=16:31).",14633.0,29.0,0.9995709995709996,39425.35,39227.55,197.8,,,,,,,,2024,v2_vol1.2_be2R_noRR_shorts
2024-04-05,"KillSwitch already active (now=17:11, kill=16:31).",22291.0,5.0,1.0,38761.25,38585.65,175.6,,,,,,,,2024,v2_vol1.2_be2R_noRR_shorts
2024-04-06,,,,,,,,Trading disabled for Saturday.,1.0,,,,,,2024,v2_vol1.2_be2R_noRR_shorts
2024-04-07,,,,,,,,Trading disabled for Sunday.,1.0,,,,,,2024,v2_vol1.2_be2R_noRR_shorts
2024-04-08,,,,,39013.15,38800.35,212.8,,,,,,,,2024,v2_vol1.2_be2R_noRR_shorts
2024-04-09,existing open bot position found: ORBV_US30.cash_20240409 vo,17666.0,10.0,0.9993714644877436,38992.75,38796.55,196.2,,,1.0,,1.0,,1.0,2024,v2_vol1.2_be2R_noRR_shorts
2024-04-10,_noTradeToday=true (range/day filter).,1757.0,1.0,0.99672131147541,39028.45,38334.25,694.2,ORB range 694.2 pips >= max 500. Standing down.,1.0,,,,,,2024,v2_vol1.2_be2R_noRR_shorts
2024-04-11,"KillSwitch already active (now=18:09, kill=16:31).",1513.0,1.0,0.9989102796948782,38566.15,38195.15,371.0,,,,,,,,2024,v2_vol1.2_be2R_noRR_shorts
2024-04-12,"KillSwitch already active (now=16:39, kill=16:31).",17567.0,8.0,0.9996711608023676,38567.95,38117.25,450.7,,,1.0,,2.0,,2.0,2024,v2_vol1.2_be2R_noRR_shorts
2024-04-13,,,,,,,,Trading disabled for Saturday.,1.0,,,,,,2024,v2_vol1.2_be2R_noRR_shorts
2024-04-14,,,,,,,,Trading disabled for Sunday.,1.0,,,,,,2024,v2_vol1.2_be2R_noRR_shorts
2024-04-15,"KillSwitch already active (now=17:22, kill=16:31).",18268.0,18.0,0.999033193683532,38376.95,38047.95,329.0,,,1.0,,4.0,,4.0,2024,v2_vol1.2_be2R_noRR_shorts
2024-04-16,,,,,38033.95,37654.95,379.0,,,,,,,,2024,v2_vol1.2_be2R_noRR_shorts
2024-04-17,"KillSwitch already active (now=20:43, kill=16:31).",20429.0,16.0,0.9947643979057592,38011.95,37810.45,201.5,,,,,,,,2024,v2_vol1.2_be2R_noRR_shorts
2024-04-18,"ClosePositionsTime already reached (now=23:20, close=20:50).",11176.0,8.0,0.9972299168975068,38014.65,37750.15,264.5,,,,,,,,2024,v2_vol1.2_be2R_noRR_shorts
2024-04-19,,3360.0,,0.9237744403513743,37998.15,37589.25,408.9,,,,,,,,2024,v2_vol1.2_be2R_noRR_shorts
2024-04-20,,,,,,,,Trading disabled for Saturday.,1.0,,,,,,2024,v2_vol1.2_be2R_noRR_shorts
2024-04-21,,,,,,,,Trading disabled for Sunday.,1.0,,,,,,2024,v2_vol1.2_be2R_noRR_shorts
2024-04-22,"KillSwitch already active (now=17:34, kill=16:31).",12681.0,22.0,0.9989447766443896,38222.25,37999.15,223.1,,,,,,,,2024,v2_vol1.2_be2R_noRR_shorts
2024-04-23,"KillSwitch already active (now=17:03, kill=16:31).",17980.0,43.0,0.9984756097560976,38439.05,38245.15,193.9,,,,,,,,2024,v2_vol1.2_be2R_noRR_shorts
2024-04-24,"KillSwitch already active (now=17:03, kill=16:31).",11751.0,14.0,0.997920997920998,38532.25,38412.15,120.1,,,,,,,,2024,v2_vol1.2_be2R_noRR_shorts
2024-04-25,,,,,38393.95,37748.85,645.1,ORB range 645.1 pips >= max 500. Standing down.,1.0,,,,,,2024,v2_vol1.2_be2R_noRR_shorts
2024-04-26,"KillSwitch already active (now=17:14, kill=16:31).",2198.0,3.0,0.998185117967332,38306.65,38052.95,253.7,,,,,,,,2024,v2_vol1.2_be2R_noRR_shorts
2024-04-27,,,,,,,,Trading disabled for Saturday.,1.0,,,,,,2024,v2_vol1.2_be2R_noRR_shorts
2024-04-28,,,,,,,,Trading disabled for Sunday.,1.0,,,,,,2024,v2_vol1.2_be2R_noRR_shorts
2024-04-29,"KillSwitch already active (now=19:04, kill=16:31).",684.0,2.0,0.9976617303195634,38400.75,38266.65,134.1,,,,,,,,2024,v2_vol1.2_be2R_noRR_shorts
2024-04-30,existing open bot position found: ORBV_US30.cash_20240430 vo,19137.0,38.0,1.0,38389.45,38131.15,258.3,,,1.0,"Neutral trend, policy=BlockAll",,12.0,,2024,v2_vol1.2_be2R_noRR_shorts
2024-05-01,"KillSwitch already active (now=17:23, kill=16:31).",13385.0,25.0,0.999000999000999,37935.85,37701.35,234.5,,,,,,,,2024,v2_vol1.2_be2R_noRR_shorts
2024-05-02,"KillSwitch already active (now=17:31, kill=16:31).",10328.0,20.0,0.99927060539752,38160.75,37891.85,268.9,,,,,,,,2024,v2_vol1.2_be2R_noRR_shorts
2024-05-03,,,,,38807.05,38460.85,346.2,,,,,,,,2024,v2_vol1.2_be2R_noRR_shorts
2024-05-04,,,,,,,,Trading disabled for Saturday.,1.0,,,,,,2024,v2_vol1.2_be2R_noRR_shorts
2024-05-05,,,,,,,,Trading disabled for Sunday.,1.0,,,,,,2024,v2_vol1.2_be2R_noRR_shorts
2024-05-06,,633.0,,0.9987277353689568,38879.15,38704.35,174.8,,,,,,,,2024,v2_vol1.2_be2R_noRR_shorts
2024-05-07,"KillSwitch already active (now=18:33, kill=16:31).",83.0,1.0,0.994098955969133,38981.35,38844.95,136.4,,,,,,,,2024,v2_vol1.2_be2R_noRR_shorts
2024-05-08,existing open bot position found: ORBV_US30.cash_20240508 vo,12885.0,42.0,1.0,38918.85,38798.05,120.8,,,1.0,,1.0,,1.0,2024,v2_vol1.2_be2R_noRR_shorts
2024-05-09,existing open bot position found: ORBV_US30.cash_20240509 vo,12555.0,39.0,1.0,39222.55,38950.25,272.3,,,,,,,,2024,v2_vol1.2_be2R_noRR_shorts
2024-05-10,existing open bot position found: ORBV_US30.cash_20240510 vo,3259.0,2.0,0.9971509971509972,39580.55,39453.25,127.3,,,,Bullish trend blocks SHORT,,22.0,,2024,v2_vol1.2_be2R_noRR_shorts
2024-05-11,,,,,,,,Trading disabled for Saturday.,1.0,,,,,,2024,v2_vol1.2_be2R_noRR_shorts
2024-05-12,,,,,,,,Trading disabled for Sunday.,1.0,,,,,,2024,v2_vol1.2_be2R_noRR_shorts
2024-05-13,"KillSwitch already active (now=16:42, kill=16:31).",10737.0,37.0,1.0,39655.75,39519.55,136.2,,,1.0,"Neutral trend, policy=BlockAll",,51.0,,2024,v2_vol1.2_be2R_noRR_shorts
2024-05-14,"KillSwitch already active (now=18:41, kill=16:31).",3849.0,29.0,0.9990749306197966,39547.95,39292.05,255.9,,,,,,,,2024,v2_vol1.2_be2R_noRR_shorts
2024-05-15,existing open bot position found: ORBV_US30.cash_20240515 vo,10276.0,48.0,0.9994848016486348,39796.75,39531.25,265.5,,,,,,,,2024,v2_vol1.2_be2R_noRR_shorts
2024-05-16,existing open bot position found: ORBV_US30.cash_20240516 vo,4613.0,8.0,0.9980430528375732,39995.95,39871.85,124.1,,,,,,,,2024,v2_vol1.2_be2R_noRR_shorts
2024-05-17,"KillSwitch already active (now=17:13, kill=16:31).",4437.0,22.0,1.0,39934.15,39821.25,112.9,,,,,,,,2024,v2_vol1.2_be2R_noRR_shorts
2024-05-18,,,,,,,,Trading disabled for Saturday.,1.0,,,,,,2024,v2_vol1.2_be2R_noRR_shorts
2024-05-19,,,,,,,,Trading disabled for Sunday.,1.0,,,,,,2024,v2_vol1.2_be2R_noRR_shorts
2024-05-20,existing open bot position found: ORBV_US30.cash_20240520 vo,7791.0,25.0,0.999537251272559,40052.15,39901.55,150.6,,,,,,,,2024,v2_vol1.2_be2R_noRR_shorts
2024-05-21,MaxTradesPerDay reached (1/1).,1397.0,21.0,1.0,39872.65,39777.25,95.4,,,,,,,,2024,v2_vol1.2_be2R_noRR_shorts
2024-05-22,"KillSwitch already active (now=17:37, kill=16:31).",10929.0,29.0,0.9995615957913196,39886.25,39781.75,104.5,,,,,,,,2024,v2_vol1.2_be2R_noRR_shorts
2024-05-23,"KillSwitch already active (now=16:45, kill=16:31).",17095.0,33.0,1.0,39783.55,39382.95,400.6,,,,,,,,2024,v2_vol1.2_be2R_noRR_shorts
2024-05-24,"KillSwitch already active (now=18:56, kill=16:31).",4497.0,13.0,0.998719590268886,39195.35,39081.95,113.4,,,,,,,,2024,v2_vol1.2_be2R_noRR_shorts
2024-05-25,,,,,,,,Trading disabled for Saturday.,1.0,,,,,,2024,v2_vol1.2_be2R_noRR_shorts
2024-05-26,,,,,,,,Trading disabled for Sunday.,1.0,,,,,,2024,v2_vol1.2_be2R_noRR_shorts
2024-05-27,existing open bot position found: ORBV_US30.cash_20240527 vo,1522.0,20.0,1.0,39057.25,39008.15,49.1,,,,"Neutral trend, policy=BlockAll",,53.0,,2024,v2_vol1.2_be2R_noRR_shorts
2024-05-28,"KillSwitch already active (now=16:57, kill=16:31).",11784.0,36.0,1.0,39105.85,38899.55,206.3,,,,,,,,2024,v2_vol1.2_be2R_noRR_shorts
2024-05-29,"KillSwitch already active (now=20:02, kill=16:31).",2227.0,21.0,0.9968847352024922,38708.75,38414.85,293.9,,,,,,,,2024,v2_vol1.2_be2R_noRR_shorts
2024-05-30,"KillSwitch already active (now=17:12, kill=16:31).",251.0,1.0,0.9964253798033958,38190.45,38009.95,180.5,,,,,,,,2024,v2_vol1.2_be2R_noRR_shorts
2024-05-31,"KillSwitch already active (now=17:35, kill=16:31).",11947.0,11.0,0.9989806320081548,38261.35,38026.65,234.7,,,,,,,,2024,v2_vol1.2_be2R_noRR_shorts
2024-06-01,,,,,,,,Trading disabled for Saturday.,1.0,,,,,,2024,v2_vol1.2_be2R_noRR_shorts
2024-06-02,,,,,,,,Trading disabled for Sunday.,1.0,,,,,,2024,v2_vol1.2_be2R_noRR_shorts
2024-06-03,"KillSwitch already active (now=18:01, kill=16:31).",19197.0,23.0,1.0,38739.05,38569.35,169.7,,,1.0,,,,,2024,v2_vol1.2_be2R_noRR_shorts
2024-06-04,"KillSwitch already active (now=18:16, kill=16:31).",4941.0,32.0,0.999580008399832,38670.95,38336.45,334.5,,,,,,,,2024,v2_vol1.2_be2R_noRR_shorts
2024-06-05,"KillSwitch already active (now=18:34, kill=16:31).",859.0,4.0,0.999519461797213,38834.55,38548.65,285.9,,,,,,,,2024,v2_vol1.2_be2R_noRR_shorts
2024-06-06,,,,,39006.75,38727.65,279.1,,,,,,,,2024,v2_vol1.2_be2R_noRR_shorts
2024-06-07,"KillSwitch already active (now=17:24, kill=16:31).",1623.0,2.0,0.998820290994888,38992.95,38650.15,342.8,,,,,,,,2024,v2_vol1.2_be2R_noRR_shorts
2024-06-08,,,,,,,,Trading disabled for Saturday.,1.0,,,,,,2024,v2_vol1.2_be2R_noRR_shorts
2024-06-09,,,,,,,,Trading disabled for Sunday.,1.0,,,,,,2024,v2_vol1.2_be2R_noRR_shorts
2024-06-10,"KillSwitch already active (now=17:50, kill=16:31).",1334.0,2.0,0.9956395348837208,38854.25,38660.25,194.0,,,,,,,,2024,v2_vol1.2_be2R_noRR_shorts
2024-06-11,,,,,38824.05,38426.95,397.1,,,,,,,,2024,v2_vol1.2_be2R_noRR_shorts
2024-06-12,"KillSwitch already active (now=17:33, kill=16:31).",9266.0,28.0,0.998745294855709,39147.71,38765.71,382.0,,,,,,,,2024,v2_vol1.2_be2R_noRR_shorts
2024-06-13,existing open bot position found: ORBV_US30.cash_20240613 vo,1964.0,1.0,0.9946568023016852,38725.91,38436.91,289.0,,,,,,,,2024,v2_vol1.2_be2R_noRR_shorts
2024-06-14,"KillSwitch already active (now=17:21, kill=16:31).",9269.0,5.0,0.9973353635325468,38536.61,38281.11,255.5,,,,,,,,2024,v2_vol1.2_be2R_noRR_shorts
2024-06-15,,,,,,,,Trading disabled for Saturday.,1.0,,,,,,2024,v2_vol1.2_be2R_noRR_shorts
2024-06-16,,,,,,,,Trading disabled for Sunday.,1.0,,,,,,2024,v2_vol1.2_be2R_noRR_shorts
2024-06-17,existing open bot position found: ORBV_US30.cash_20240617 vo,16000.0,38.0,1.0,38590.31,38422.95,167.4,,,1.0,,2.0,,2.0,2024,v2_vol1.2_be2R_noRR_shorts
2024-06-18,,2.0,,0.8108108108108109,38940.65,38726.65,214.0,,,,,,,,2024,v2_vol1.2_be2R_noRR_shorts
2024-06-19,existing open bot position found: ORBV_US30.cash_20240619 vo,643.0,11.0,1.0,38833.35,38771.75,61.6,,,,,,,,2024,v2_vol1.2_be2R_noRR_shorts
2024-06-20,"KillSwitch already active (now=17:05, kill=16:31).",11012.0,27.0,0.9989297181591152,39016.05,38760.25,255.8,,,,,,,,2024,v2_vol1.2_be2R_noRR_shorts
2024-06-21,,,,,39262.35,39053.85,208.5,,,,,,,,2024,v2_vol1.2_be2R_noRR_shorts
2024-06-22,,,,,,,,Trading disabled for Saturday.,1.0,,,,,,2024,v2_vol1.2_be2R_noRR_shorts
2024-06-23,,,,,,,,Trading disabled for Sunday.,1.0,,,,,,2024,v2_vol1.2_be2R_noRR_shorts
2024-06-24,,4094.0,,0.981450252951096,39514.15,39189.75,324.4,,,,,,,,2024,v2_vol1.2_be2R_noRR_shorts
2024-06-25,existing open bot position found: ORBV_US30.cash_20240625 vo,15793.0,39.0,0.9995456610631532,39459.15,39222.65,236.5,,,1.0,,2.0,,2.0,2024,v2_vol1.2_be2R_noRR_shorts
2024-06-26,"KillSwitch already active (now=17:59, kill=16:31).",3556.0,5.0,0.998463901689708,39160.15,38911.65,248.5,,,,,,,,2024,v2_vol1.2_be2R_noRR_shorts
2024-06-27,"KillSwitch already active (now=17:01, kill=16:31).",6532.0,3.0,0.9978768577494692,39197.65,39025.55,172.1,,,,,,,,2024,v2_vol1.2_be2R_noRR_shorts
2024-06-28,"KillSwitch already active (now=18:21, kill=16:31).",5999.0,6.0,0.9991235758106924,39437.65,39097.15,340.5,,,,,,,,2024,v2_vol1.2_be2R_noRR_shorts
2024-06-29,,,,,,,,Trading disabled for Saturday.,1.0,,,,,,2024,v2_vol1.2_be2R_noRR_shorts
2024-06-30,,,,,,,,Trading disabled for Sunday.,1.0,,,,,,2024,v2_vol1.2_be2R_noRR_shorts
2024-07-01,"KillSwitch already active (now=18:47, kill=16:31).",8203.0,23.0,1.0,39452.75,39141.65,311.1,,,,,,,,2024,v2_vol1.2_be2R_noRR_shorts
2024-07-02,"KillSwitch already active (now=17:52, kill=16:31).",5397.0,30.0,0.9986595174262736,39219.25,38995.65,223.6,,,,,,,,2024,v2_vol1.2_be2R_noRR_shorts
2024-07-03,,6366.0,,0.9930242100943784,39418.75,39288.95,129.8,,,,,,,,2024,v2_vol1.2_be2R_noRR_shorts
2024-07-04,,1.0,,0.1423487544483985,39439.95,39282.85,157.1,,,,,,,,2024,v2_vol1.2_be2R_noRR_shorts
2024-07-05,"KillSwitch already active (now=19:45, kill=16:31).",637.0,6.0,0.9989594172736732,39374.65,39158.75,215.9,,,,,,,,2024,v2_vol1.2_be2R_noRR_shorts
2024-07-06,,,,,,,,Trading disabled for Saturday.,1.0,,,,,,2024,v2_vol1.2_be2R_noRR_shorts
2024-07-07,,,,,,,,Trading disabled for Sunday.,1.0,,,,,,2024,v2_vol1.2_be2R_noRR_shorts
2024-07-08,"KillSwitch already active (now=17:03, kill=16:31).",10545.0,19.0,0.999462654486835,39679.85,39352.05,327.8,,,,,,,,2024,v2_vol1.2_be2R_noRR_shorts
2024-07-09,"KillSwitch already active (now=16:41, kill=16:31).",3988.0,6.0,0.998095238095238,39399.85,39139.65,260.2,,,,,,,,2024,v2_vol1.2_be2R_noRR_shorts
2024-07-10,existing open bot position found: ORBV_US30.cash_20240710 vo,13190.0,39.0,1.0,39361.35,39262.85,98.5,,,1.0,,4.0,,4.0,2024,v2_vol1.2_be2R_noRR_shorts
2024-07-11,,,,,39871.95,39622.85,249.1,,,,,,,,2024,v2_vol1.2_be2R_noRR_shorts
2024-07-12,MaxTradesPerDay reached (1/1).,16219.0,16.0,1.0,39964.45,39721.25,243.2,,,,,,,,2024,v2_vol1.2_be2R_noRR_shorts
2024-07-13,,,,,,,,Trading disabled for Saturday.,1.0,,,,,,2024,v2_vol1.2_be2R_noRR_shorts
2024-07-14,,,,,,,,Trading disabled for Sunday.,1.0,,,,,,2024,v2_vol1.2_be2R_noRR_shorts
2024-07-15,"KillSwitch already active (now=19:31, kill=16:31).",4074.0,1.0,0.999353169469599,40303.85,40118.95,184.9,,,,,,,,2024,v2_vol1.2_be2R_noRR_shorts
2024-07-16,_noTradeToday=true (range/day filter).,18183.0,16.0,0.9996351696461144,40768.15,40160.75,607.4,ORB range 607.4 pips >= max 500. Standing down.,1.0,,,,,,2024,v2_vol1.2_be2R_noRR_shorts
2024-07-17,"KillSwitch already active (now=19:01, kill=16:31).",17575.0,18.0,0.9990141307919816,41134.15,40791.95,342.2,,,,,,,,2024,v2_vol1.2_be2R_noRR_shorts
2024-07-18,"KillSwitch already active (now=17:52, kill=16:31).",20726.0,22.0,1.0,41380.15,41029.35,350.8,,,,,,,,2024,v2_vol1.2_be2R_noRR_shorts
2024-07-19,"KillSwitch already active (now=18:20, kill=16:31).",18935.0,2.0,0.9966976883818672,40638.85,40361.15,277.7,,,,,,,,2024,v2_vol1.2_be2R_noRR_shorts
2024-07-20,,,,,,,,Trading disabled for Saturday.,1.0,,,,,,2024,v2_vol1.2_be2R_noRR_shorts
2024-07-21,,,,,,,,Trading disabled for Sunday.,1.0,,,,,,2024,v2_vol1.2_be2R_noRR_shorts
2024-07-22,,,,,40479.75,40221.15,258.6,,,,,,,,2024,v2_vol1.2_be2R_noRR_shorts
2024-07-23,"ClosePositionsTime already reached (now=22:06, close=20:50).",2196.0,12.0,0.997067448680352,40506.65,40312.25,194.4,,,,,,,,2024,v2_vol1.2_be2R_noRR_shorts
2024-07-24,"KillSwitch already active (now=18:51, kill=16:31).",4927.0,4.0,0.9996001599360256,40258.95,39938.15,320.8,,,,,,,,2024,v2_vol1.2_be2R_noRR_shorts
2024-07-25,existing open bot position found: ORBV_US30.cash_20240725 vo,15737.0,2.0,0.9960552268244576,40084.35,39813.85,270.5,,,1.0,,2.0,,2.0,2024,v2_vol1.2_be2R_noRR_shorts
2024-07-26,"KillSwitch already active (now=17:29, kill=16:31).",10969.0,2.0,0.9924812030075189,40609.35,40132.65,476.7,,,,,,,,2024,v2_vol1.2_be2R_noRR_shorts
2024-07-27,,,,,,,,Trading disabled for Saturday.,1.0,,,,,,2024,v2_vol1.2_be2R_noRR_shorts
2024-07-28,,,,,,,,Trading disabled for Sunday.,1.0,,,,,,2024,v2_vol1.2_be2R_noRR_shorts
2024-07-29,,691.0,,0.881153113951591,40821.75,40434.75,387.0,,,,,,,,2024,v2_vol1.2_be2R_noRR_shorts
2024-07-30,,735.0,,0.9488636363636364,40778.45,40496.95,281.5,,,,,,,,2024,v2_vol1.2_be2R_noRR_shorts
2024-07-31,"KillSwitch already active (now=17:01, kill=16:31).",15811.0,13.0,0.999383096853794,40935.05,40647.35,287.7,,,,,,,,2024,v2_vol1.2_be2R_noRR_shorts
2024-08-01,_noTradeToday=true (range/day filter).,29634.0,15.0,0.9991673605328892,41089.45,40578.95,510.5,ORB range 510.5 pips >= max 500. Standing down.,1.0,,,,,,2024,v2_vol1.2_be2R_noRR_shorts
2024-08-02,_noTradeToday=true (range/day filter).,21801.0,1.0,0.998157248157248,40142.65,39595.55,547.1,ORB range 547.1 pips >= max 500. Standing down.,1.0,,,,,,2024,v2_vol1.2_be2R_noRR_shorts
2024-08-03,,,,,,,,Trading disabled for Saturday.,1.0,,,,,,2024,v2_vol1.2_be2R_noRR_shorts
2024-08-04,,,,,,,,Trading disabled for Sunday.,1.0,,,,,,2024,v2_vol1.2_be2R_noRR_shorts
2024-08-05,,,,,39237.65,38389.85,847.8,ORB range 847.8 pips >= max 500. Standing down.,1.0,,,,,,2024,v2_vol1.2_be2R_noRR_shorts
2024-08-06,_noTradeToday=true (range/day filter).,17816.0,8.0,0.9990574929311968,39154.15,38628.65,525.5,ORB range 525.5 pips >= max 500. Standing down.,1.0,,,,,,2024,v2_vol1.2_be2R_noRR_shorts
2024-08-07,"KillSwitch already active (now=20:23, kill=16:31).",20086.0,25.0,1.0,39478.55,39157.05,321.5,,,,,,,,2024,v2_vol1.2_be2R_noRR_shorts
2024-08-08,_noTradeToday=true (range/day filter).,12396.0,19.0,0.9996297667530544,39344.65,38594.45,750.2,ORB range 750.2 pips >= max 500. Standing down.,1.0,,,,,,2024,v2_vol1.2_be2R_noRR_shorts
2024-08-09,"KillSwitch already active (now=17:31, kill=16:31).",924.0,1.0,0.9966777408637876,39575.75,39225.25,350.5,,,,,,,,2024,v2_vol1.2_be2R_noRR_shorts
2024-08-10,,,,,,,,Trading disabled for Saturday.,1.0,,,,,,2024,v2_vol1.2_be2R_noRR_shorts
2024-08-11,,,,,,,,Trading disabled for Sunday.,1.0,,,,,,2024,v2_vol1.2_be2R_noRR_shorts
2024-08-12,,,,,39606.25,39240.35,365.9,,,,,,,,2024,v2_vol1.2_be2R_noRR_shorts
2024-08-13,existing open bot position found: ORBV_US30.cash_20240813 vo,12707.0,29.0,1.0,39645.45,39222.05,423.4,,,,,,,,2024,v2_vol1.2_be2R_noRR_shorts
2024-08-14,"KillSwitch already active (now=18:03, kill=16:31).",18540.0,23.0,1.0,39874.85,39671.53,203.3,,,1.0,,,,,2024,v2_vol1.2_be2R_noRR_shorts
2024-08-15,_noTradeToday=true (range/day filter).,4069.0,19.0,0.9996033320111068,40547.65,40003.55,544.1,ORB range 544.1 pips >= max 500. Standing down.,1.0,,,,,,2024,v2_vol1.2_be2R_noRR_shorts
2024-08-16,"KillSwitch already active (now=16:58, kill=16:31).",10644.0,13.0,0.99906191369606,40634.05,40416.15,217.9,,,,,,,,2024,v2_vol1.2_be2R_noRR_shorts
2024-08-17,,,,,,,,Trading disabled for Saturday.,1.0,,,,,,2024,v2_vol1.2_be2R_noRR_shorts
2024-08-18,,,,,,,,Trading disabled for Sunday.,1.0,,,,,,2024,v2_vol1.2_be2R_noRR_shorts
2024-08-19,"KillSwitch already active (now=16:51, kill=16:31).",11395.0,35.0,1.0,40824.15,40619.65,204.5,,,,,,,,2024,v2_vol1.2_be2R_noRR_shorts
2024-08-20,,1578.0,,0.99073701167942,40944.35,40786.15,158.2,,,,,,,,2024,v2_vol1.2_be2R_noRR_shorts
2024-08-21,,1298.0,,0.9937888198757764,40953.75,40767.15,186.6,,,,,,,,2024,v2_vol1.2_be2R_noRR_shorts
2024-08-22,"KillSwitch already active (now=16:57, kill=16:31).",17170.0,19.0,1.0,41025.75,40776.45,249.3,,,,,,,,2024,v2_vol1.2_be2R_noRR_shorts
2024-08-23,"KillSwitch already active (now=20:38, kill=16:31).",3769.0,1.0,0.9814687714481812,41161.15,40812.25,348.9,,,,,,,,2024,v2_vol1.2_be2R_noRR_shorts
2024-08-24,,,,,,,,Trading disabled for Saturday.,1.0,,,,,,2024,v2_vol1.2_be2R_noRR_shorts
2024-08-25,,,,,,,,Trading disabled for Sunday.,1.0,,,,,,2024,v2_vol1.2_be2R_noRR_shorts
2024-08-26,"KillSwitch already active (now=17:46, kill=16:31).",2401.0,9.0,0.999650471862985,41411.45,41180.85,230.6,,,,,,,,2024,v2_vol1.2_be2R_noRR_shorts
2024-08-27,,,,,41292.65,41084.85,207.8,,,,,,,,2024,v2_vol1.2_be2R_noRR_shorts
2024-08-28,"KillSwitch already active (now=17:15, kill=16:31).",19775.0,17.0,0.9993293091884642,41361.75,41169.15,192.6,,,,,,,,2024,v2_vol1.2_be2R_noRR_shorts
2024-08-29,"KillSwitch already active (now=16:51, kill=16:31).",9930.0,5.0,1.0,41409.25,41077.35,331.9,,,,,,,,2024,v2_vol1.2_be2R_noRR_shorts
2024-08-30,MaxTradesPerDay reached (1/1).,12029.0,14.0,1.0,41503.45,41318.95,184.5,,,,,,,,2024,v2_vol1.2_be2R_noRR_shorts
2024-08-31,,,,,,,,Trading disabled for Saturday.,1.0,,,,,,2024,v2_vol1.2_be2R_noRR_shorts
2024-09-01,,,,,,,,Trading disabled for Sunday.,1.0,,,,,,2024,v2_vol1.2_be2R_noRR_shorts
2024-09-02,"KillSwitch already active (now=16:34, kill=16:31).",949.0,4.0,0.9953917050691244,41525.05,41450.25,74.8,,,,Bearish trend blocks LONG,,9.0,,2024,v2_vol1.2_be2R_noRR_shorts
2024-09-03,"KillSwitch already active (now=18:01, kill=16:31).",9170.0,28.0,0.9996324880558616,41517.35,41043.35,474.0,,,,,,,,2024,v2_vol1.2_be2R_noRR_shorts
2024-09-04,,2046.0,,0.8734177215189873,41081.25,40818.75,262.5,,,,,,,,2024,v2_vol1.2_be2R_noRR_shorts
2024-09-05,"KillSwitch already active (now=18:01, kill=16:31).",18934.0,26.0,0.99967958987504,41088.95,40825.95,263.0,,,,,,,,2024,v2_vol1.2_be2R_noRR_shorts
2024-09-06,"KillSwitch already active (now=19:31, kill=16:31).",24290.0,6.0,0.9996836444163238,41012.05,40579.75,432.3,,,1.0,,2.0,,2.0,2024,v2_vol1.2_be2R_noRR_shorts
2024-09-07,,,,,,,,Trading disabled for Saturday.,1.0,,,,,,2024,v2_vol1.2_be2R_noRR_shorts
2024-09-08,,,,,,,,Trading disabled for Sunday.,1.0,,,,,,2024,v2_vol1.2_be2R_noRR_shorts
2024-09-09,"KillSwitch already active (now=16:35, kill=16:31).",12325.0,23.0,0.9984871406959154,40803.65,40502.15,301.5,,,,,,,,2024,v2_vol1.2_be2R_noRR_shorts
2024-09-10,,3804.0,,0.9848005066497784,40929.75,40547.75,382.0,,,,,,,,2024,v2_vol1.2_be2R_noRR_shorts
2024-09-11,_noTradeToday=true (range/day filter).,9621.0,16.0,0.9944751381215468,40652.65,40011.15,641.5,ORB range 641.5 pips >= max 500. Standing down.,1.0,,,,,,2024,v2_vol1.2_be2R_noRR_shorts
2024-09-12,"KillSwitch already active (now=17:31, kill=16:31).",8386.0,38.0,0.9996297667530544,41016.45,40656.85,359.6,,,,,,,,2024,v2_vol1.2_be2R_noRR_shorts
2024-09-13,"KillSwitch already active (now=19:55, kill=16:31).",7790.0,2.0,0.9992810927390368,41420.05,41105.35,314.7,,,,,,,,2024,v2_vol1.2_be2R_noRR_shorts
2024-09-14,,,,,,,,Trading disabled for Saturday.,1.0,,,,,,2024,v2_vol1.2_be2R_noRR_shorts
2024-09-15,,,,,,,,Trading disabled for Sunday.,1.0,,,,,,2024,v2_vol1.2_be2R_noRR_shorts
2024-09-16,,,,,41742.35,41392.65,349.7,,,,,,,,2024,v2_vol1.2_be2R_noRR_shorts
2024-09-17,"KillSwitch already active (now=17:46, kill=16:31).",13794.0,24.0,1.0,41838.05,41639.85,198.2,,,,"Neutral trend, policy=BlockAll",,9.0,,2024,v2_vol1.2_be2R_noRR_shorts
2024-09-18,"KillSwitch already active (now=18:01, kill=16:31).",6183.0,5.0,0.9973443493655948,41677.95,41477.85,200.1,,,,,,,,2024,v2_vol1.2_be2R_noRR_shorts
2024-09-19,"KillSwitch already active (now=17:47, kill=16:31).",1527.0,3.0,0.9986565158978952,42111.65,41831.65,280.0,,,,,,,,2024,v2_vol1.2_be2R_noRR_shorts
2024-09-20,"KillSwitch already active (now=17:18, kill=16:31).",4443.0,5.0,0.997624703087886,42087.25,41860.85,226.4,,,,,,,,2024,v2_vol1.2_be2R_noRR_shorts
2024-09-21,,,,,,,,Trading disabled for Saturday.,1.0,,,,,,2024,v2_vol1.2_be2R_noRR_shorts
2024-09-22,,,,,,,,Trading disabled for Sunday.,1.0,,,,,,2024,v2_vol1.2_be2R_noRR_shorts
2024-09-23,,,,,42173.45,42000.75,172.7,,,,,,,,2024,v2_vol1.2_be2R_noRR_shorts
2024-09-24,"KillSwitch already active (now=18:31, kill=16:31).",928.0,2.0,0.9990205680705192,42244.25,42078.05,166.2,,,,,,,,2024,v2_vol1.2_be2R_noRR_shorts
2024-09-25,"KillSwitch already active (now=16:47, kill=16:31).",17411.0,26.0,0.999595305544314,42305.55,42008.55,297.0,,,,,,,,2024,v2_vol1.2_be2R_noRR_shorts
2024-09-26,"KillSwitch already active (now=18:16, kill=16:31).",1260.0,20.0,0.9965122072745392,42198.35,42028.35,170.0,,,,,,,,2024,v2_vol1.2_be2R_noRR_shorts
2024-09-27,existing open bot position found: ORBV_US30.cash_20240927 vo,2714.0,2.0,0.9996170049789352,42553.75,42135.45,418.3,,,,,,,,2024,v2_vol1.2_be2R_noRR_shorts
2024-09-28,,,,,,,,Trading disabled for Saturday.,1.0,,,,,,2024,v2_vol1.2_be2R_noRR_shorts
2024-09-29,,,,,,,,Trading disabled for Sunday.,1.0,,,,,,2024,v2_vol1.2_be2R_noRR_shorts
2024-09-30,"KillSwitch already active (now=18:20, kill=16:31).",2088.0,7.0,0.9994086339444116,42309.05,42056.15,252.9,,,,,,,,2024,v2_vol1.2_be2R_noRR_shorts
2024-10-01,"KillSwitch already active (now=18:33, kill=16:31).",2904.0,1.0,0.99644128113879,42284.85,41934.85,350.0,,,,,,,,2024,v2_vol1.2_be2R_noRR_shorts
2024-10-02,"KillSwitch already active (now=18:01, kill=16:31).",6903.0,24.0,1.0,42211.15,41978.15,233.0,,,,,,,,2024,v2_vol1.2_be2R_noRR_shorts
2024-10-03,,,,,42141.55,41837.95,303.6,,,,,,,,2024,v2_vol1.2_be2R_noRR_shorts
2024-10-04,"KillSwitch already active (now=19:49, kill=16:31).",1041.0,4.0,0.9978118161925602,42332.25,41963.35,368.9,,,,,,,,2024,v2_vol1.2_be2R_noRR_shorts
2024-10-05,,,,,,,,Trading disabled for Saturday.,1.0,,,,,,2024,v2_vol1.2_be2R_noRR_shorts
2024-10-06,,,,,,,,Trading disabled for Sunday.,1.0,,,,,,2024,v2_vol1.2_be2R_noRR_shorts
2024-10-07,existing open bot position found: ORBV_US30.cash_20241007 vo,12754.0,44.0,1.0,42287.75,42115.75,172.0,,,,,,,,2024,v2_vol1.2_be2R_noRR_shorts
2024-10-08,"KillSwitch already active (now=18:40, kill=16:31).",1643.0,13.0,0.99935107073329,42084.15,41867.25,216.9,,,,,,,,2024,v2_vol1.2_be2R_noRR_shorts
2024-10-09,"KillSwitch already active (now=16:55, kill=16:31).",14071.0,31.0,1.0,42301.05,41962.45,338.6,,,,,,,,2024,v2_vol1.2_be2R_noRR_shorts
2024-10-10,"KillSwitch already active (now=17:10, kill=16:31).",2917.0,7.0,1.0,42513.45,42355.25,158.2,,,,,,,,2024,v2_vol1.2_be2R_noRR_shorts
2024-10-11,"KillSwitch already active (now=17:46, kill=16:31).",7816.0,20.0,0.9994416527079844,42791.95,42393.75,398.2,,,,,,,,2024,v2_vol1.2_be2R_noRR_shorts
2024-10-12,,,,,,,,Trading disabled for Saturday.,1.0,,,,,,2024,v2_vol1.2_be2R_noRR_shorts
2024-10-13,,,,,,,,Trading disabled for Sunday.,1.0,,,,,,2024,v2_vol1.2_be2R_noRR_shorts
2024-10-14,existing open bot position found: ORBV_US30.cash_20241014 vo,10497.0,53.0,1.0,42908.65,42717.55,191.1,,,1.0,,2.0,,2.0,2024,v2_vol1.2_be2R_noRR_shorts
2024-10-15,"KillSwitch already active (now=19:05, kill=16:31).",3106.0,26.0,1.0,43173.35,42753.05,420.3,,,,,,,,2024,v2_vol1.2_be2R_noRR_shorts
2024-10-16,"KillSwitch already active (now=16:39, kill=16:31).",8977.0,33.0,0.999383096853794,42957.65,42687.15,270.5,,,,,,,,2024,v2_vol1.2_be2R_noRR_shorts
2024-10-17,"KillSwitch already active (now=17:43, kill=16:31).",644.0,2.0,0.9944064636420136,43282.65,43048.75,233.9,,,,,,,,2024,v2_vol1.2_be2R_noRR_shorts
2024-10-18,"KillSwitch already active (now=16:56, kill=16:31).",748.0,3.0,0.9968051118210862,43307.05,43035.65,271.4,,,,,,,,2024,v2_vol1.2_be2R_noRR_shorts
2024-10-19,,,,,,,,Trading disabled for Saturday.,1.0,,,,,,2024,v2_vol1.2_be2R_noRR_shorts
2024-10-20,,,,,,,,Trading disabled for Sunday.,1.0,,,,,,2024,v2_vol1.2_be2R_noRR_shorts
2024-10-21,existing open bot position found: ORBV_US30.cash_20241021 vo,16212.0,37.0,0.9990205680705192,43311.95,43107.65,204.3,,,1.0,,2.0,,2.0,2024,v2_vol1.2_be2R_noRR_shorts
2024-10-22,existing open bot position found: ORBV_US30.cash_20241022 vo,9704.0,23.0,1.0,42855.35,42714.25,141.1,,,1.0,"Neutral trend, policy=BlockAll",1.0,5.0,1.0,2024,v2_vol1.2_be2R_noRR_shorts
2024-10-23,existing open bot position found: ORBV_US30.cash_20241023 vo,15679.0,34.0,0.99932478055368,42818.55,42621.05,197.5,,,,,,,,2024,v2_vol1.2_be2R_noRR_shorts
2024-10-24,existing open bot position found: ORBV_US30.cash_20241024 vo,7355.0,6.0,0.9996125532739248,42517.35,42347.56,169.8,,,,,,,,2024,v2_vol1.2_be2R_noRR_shorts
2024-10-25,"KillSwitch already active (now=17:01, kill=16:31).",15297.0,18.0,0.9995746490854956,42604.06,42404.76,199.3,,,,"Neutral trend, policy=BlockAll",,26.0,,2024,v2_vol1.2_be2R_noRR_shorts
2024-10-26,,,,,,,,Trading disabled for Saturday.,1.0,,,,,,2024,v2_vol1.2_be2R_noRR_shorts
2024-10-27,,,,,,,,Trading disabled for Sunday.,1.0,,,,,,2024,v2_vol1.2_be2R_noRR_shorts
2024-10-28,,496.0,,0.9929078014184396,42473.26,42202.76,270.5,,,,,,,,2024,v2_vol1.2_be2R_noRR_shorts
2024-10-29,,,,,42498.66,42168.66,330.0,,,,,,,,2024,v2_vol1.2_be2R_noRR_shorts
2024-10-30,"ClosePositionsTime already reached (now=22:07, close=20:50).",825.0,1.0,0.9904761904761904,42438.76,42117.36,321.4,,,,,,,,2024,v2_vol1.2_be2R_noRR_shorts
2024-10-31,"KillSwitch already active (now=20:00, kill=16:31).",7254.0,21.0,0.9993792675356922,42008.56,41825.76,182.8,,,,,,,,2024,v2_vol1.2_be2R_noRR_shorts
2024-11-01,,1529.0,,0.9683794466403162,42294.96,41811.06,483.9,,,,,,,,2024,v2_vol1.2_be2R_noRR_shorts
2024-11-02,,,,,,,,Trading disabled for Saturday.,1.0,,,,,,2024,v2_vol1.2_be2R_noRR_shorts
2024-11-03,,,,,,,,Trading disabled for Sunday.,1.0,,,,,,2024,v2_vol1.2_be2R_noRR_shorts
2024-11-04,"KillSwitch already active (now=16:44, kill=16:31).",19474.0,21.0,0.9993593850096092,42130.36,41951.56,178.8,,,,"Neutral trend, policy=BlockAll",,75.0,,2024,v2_vol1.2_be2R_noRR_shorts
2024-11-05,"KillSwitch already active (now=17:31, kill=16:31).",20705.0,24.0,1.0,41894.08,41804.88,89.2,,,,"Neutral trend, policy=BlockAll",,104.0,,2024,v2_vol1.2_be2R_noRR_shorts
2024-11-06,_noTradeToday=true (range/day filter).,9872.0,21.0,1.0,43643.68,43076.88,566.8,ORB range 566.8 pips >= max 500. Standing down.,1.0,,,,,,2024,v2_vol1.2_be2R_noRR_shorts
2024-11-07,existing open bot position found: ORBV_US30.cash_20241107 vo,1676.0,4.0,0.9989665862900448,43857.92,43702.92,155.0,,,,,,,,2024,v2_vol1.2_be2R_noRR_shorts
2024-11-08,"KillSwitch already active (now=17:58, kill=16:31).",18305.0,20.0,1.0,43828.26,43703.46,124.8,,,,,,,,2024,v2_vol1.2_be2R_noRR_shorts
2024-11-09,,,,,,,,Trading disabled for Saturday.,1.0,,,,,,2024,v2_vol1.2_be2R_noRR_shorts
2024-11-10,,,,,,,,Trading disabled for Sunday.,1.0,,,,,,2024,v2_vol1.2_be2R_noRR_shorts
2024-11-11,MaxTradesPerDay reached (1/1).,16166.0,28.0,1.0,44222.16,44080.16,142.0,,,,"Neutral trend, policy=BlockAll",,503.0,,2024,v2_vol1.2_be2R_noRR_shorts
2024-11-12,MaxTradesPerDay reached (1/1).,17466.0,34.0,0.9991158267020336,44386.06,44201.06,185.0,,,,,,,,2024,v2_vol1.2_be2R_noRR_shorts
2024-11-13,"KillSwitch already active (now=16:42, kill=16:31).",10973.0,10.0,0.9981343283582088,44037.56,43761.56,276.0,,,,,,,,2024,v2_vol1.2_be2R_noRR_shorts
2024-11-14,"KillSwitch already active (now=16:45, kill=16:31).",25655.0,35.0,0.9997127262280951,44114.36,43976.96,137.4,,,,"Neutral trend, policy=BlockAll",,77.0,,2024,v2_vol1.2_be2R_noRR_shorts
2024-11-15,"KillSwitch already active (now=17:51, kill=16:31).",22967.0,15.0,0.999666777740753,43656.76,43476.96,179.8,,,,,,,,2024,v2_vol1.2_be2R_noRR_shorts
2024-11-16,,,,,,,,Trading disabled for Saturday.,1.0,,,,,,2024,v2_vol1.2_be2R_noRR_shorts
2024-11-17,,,,,,,,Trading disabled for Sunday.,1.0,,,,,,2024,v2_vol1.2_be2R_noRR_shorts
2024-11-18,"KillSwitch already active (now=16:39, kill=16:31).",8461.0,8.0,0.999666777740753,43400.86,43248.86,152.0,,,,"Neutral trend, policy=BlockAll",,104.0,,2024,v2_vol1.2_be2R_noRR_shorts
2024-11-19,,,,,43469.16,42849.66,619.5,ORB range 619.5 pips >= max 500. Standing down.,1.0,,,,,,2024,v2_vol1.2_be2R_noRR_shorts
2024-11-20,existing open bot position found: ORBV_US30.cash_20241120 vo,23649.0,20.0,0.9997835966241072,43428.36,43249.26,179.1,,,1.0,,1.0,,1.0,2024,v2_vol1.2_be2R_noRR_shorts
2024-11-21,"KillSwitch already active (now=17:29, kill=16:31).",19365.0,27.0,0.9986772486772488,43619.96,43252.96,367.0,,,,,,,,2024,v2_vol1.2_be2R_noRR_shorts
2024-11-22,existing open bot position found: ORBV_US30.cash_20241122 vo,26764.0,25.0,0.9996599795987758,43941.66,43706.56,235.1,,,,,,,,2024,v2_vol1.2_be2R_noRR_shorts
2024-11-23,,,,,,,,Trading disabled for Saturday.,1.0,,,,,,2024,v2_vol1.2_be2R_noRR_shorts
2024-11-24,,,,,,,,Trading disabled for Sunday.,1.0,,,,,,2024,v2_vol1.2_be2R_noRR_shorts
2024-11-25,"KillSwitch already active (now=17:45, kill=16:31).",11147.0,12.0,0.9997222993612884,44702.66,44521.06,181.6,,,,"Neutral trend, policy=BlockAll",,472.0,,2024,v2_vol1.2_be2R_noRR_shorts
2024-11-26,MaxTradesPerDay reached (1/1).,10218.0,17.0,0.998471726948548,44812.56,44531.46,281.1,,,,,,,,2024,v2_vol1.2_be2R_noRR_shorts
2024-11-27,"KillSwitch already active (now=18:28, kill=16:31).",12093.0,27.0,1.0,44936.46,44786.06,150.4,,,,"Neutral trend, policy=BlockAll",,440.0,,2024,v2_vol1.2_be2R_noRR_shorts
2024-11-28,existing open bot position found: ORBV_US30.cash_20241128 vo,2199.0,31.0,0.9990205680705192,44802.96,44728.06,74.9,,,,,,,,2024,v2_vol1.2_be2R_noRR_shorts
2024-11-29,"KillSwitch already active (now=16:43, kill=16:31).",6338.0,6.0,0.9976905311778292,44913.46,44762.26,151.2,,,,,,,,2024,v2_vol1.2_be2R_noRR_shorts
2024-11-30,,,,,,,,Trading disabled for Saturday.,1.0,,,,,,2024,v2_vol1.2_be2R_noRR_shorts
2024-12-01,,,,,,,,Trading disabled for Sunday.,1.0,,,,,,2024,v2_vol1.2_be2R_noRR_shorts
2024-12-02,MaxTradesPerDay reached (1/1).,17927.0,33.0,1.0,44974.06,44830.06,144.0,,,,,,,,2024,v2_vol1.2_be2R_noRR_shorts
2024-12-03,MaxTradesPerDay reached (1/1).,14874.0,24.0,1.0,44834.76,44735.55,99.2,,,,,,,,2024,v2_vol1.2_be2R_noRR_shorts
2024-12-04,existing open bot position found: ORBV_US30.cash_20241204 vo,8906.0,29.0,0.9989258861439312,44934.66,44771.36,163.3,,,,,,,,2024,v2_vol1.2_be2R_noRR_shorts
2024-12-05,existing open bot position found: ORBV_US30.cash_20241205 vo,18034.0,30.0,1.0,45056.56,44928.86,127.7,,,,,,,,2024,v2_vol1.2_be2R_noRR_shorts
2024-12-06,MaxTradesPerDay reached (1/1).,9144.0,27.0,1.0,44878.16,44704.36,173.8,,,,,,,,2024,v2_vol1.2_be2R_noRR_shorts
2024-12-07,,,,,,,,Trading disabled for Saturday.,1.0,,,,,,2024,v2_vol1.2_be2R_noRR_shorts
2024-12-08,,,,,,,,Trading disabled for Sunday.,1.0,,,,,,2024,v2_vol1.2_be2R_noRR_shorts
2024-12-09,MaxTradesPerDay reached (1/1).,15545.0,33.0,0.999057492931197,44702.96,44582.16,120.8,,,,,,,,2024,v2_vol1.2_be2R_noRR_shorts
2024-12-10,"KillSwitch already active (now=16:33, kill=16:31).",5979.0,11.0,0.9989594172736732,44427.56,44276.36,151.2,,,,"Neutral trend, policy=BlockAll",,591.0,,2024,v2_vol1.2_be2R_noRR_shorts
2024-12-11,"ClosePositionsTime already reached (now=20:55, close=20:50).",1847.0,12.0,0.9973614775725592,44366.26,44175.16,191.1,,,,,,,,2024,v2_vol1.2_be2R_noRR_shorts
2024-12-12,MaxTradesPerDay reached (1/1).,11174.0,31.0,1.0,44156.09,44026.26,129.8,,,,,,,,2024,v2_vol1.2_be2R_noRR_shorts
2024-12-13,existing open bot position found: ORBV_US30.cash_20241213 vo,22413.0,19.0,0.999650471862985,44042.16,43912.36,129.8,,,,,,,,2024,v2_vol1.2_be2R_noRR_shorts
2024-12-14,,,,,,,,Trading disabled for Saturday.,1.0,,,,,,2024,v2_vol1.2_be2R_noRR_shorts
2024-12-15,,,,,,,,Trading disabled for Sunday.,1.0,,,,,,2024,v2_vol1.2_be2R_noRR_shorts
2024-12-16,"KillSwitch already active (now=17:14, kill=16:31).",15425.0,31.0,1.0,43919.76,43814.36,105.4,,,,"Neutral trend, policy=BlockAll",,195.0,,2024,v2_vol1.2_be2R_noRR_shorts
2024-12-17,MaxTradesPerDay reached (1/1).,23369.0,24.0,0.9994848016486348,43608.56,43481.36,127.2,,,,,,,,2024,v2_vol1.2_be2R_noRR_shorts
2024-12-18,"KillSwitch already active (now=17:20, kill=16:31).",27036.0,23.0,1.0,43626.46,43449.26,177.2,,,,,,,,2024,v2_vol1.2_be2R_noRR_shorts
2024-12-19,existing open bot position found: ORBV_US30.cash_20241219 vo,4843.0,16.0,1.0,42669.06,42377.06,292.0,,,,,,,,2024,v2_vol1.2_be2R_noRR_shorts
2024-12-20,"KillSwitch already active (now=16:31, kill=16:31).",38457.0,13.0,0.999414405621706,42284.16,42024.66,259.5,,,1.0,"Neutral trend, policy=BlockAll",8.0,81.0,8.0,2024,v2_vol1.2_be2R_noRR_shorts
2024-12-21,,,,,,,,Trading disabled for Saturday.,1.0,,,,,,2024,v2_vol1.2_be2R_noRR_shorts
2024-12-22,,,,,,,,Trading disabled for Sunday.,1.0,,,,,,2024,v2_vol1.2_be2R_noRR_shorts
2024-12-23,,9527.0,,0.999687597625742,42971.96,42608.46,363.5,,,,,,,,2024,v2_vol1.2_be2R_noRR_shorts
2024-12-24,"KillSwitch already active (now=16:32, kill=16:31).",11813.0,7.0,1.0,42918.16,42843.76,74.4,,,,Bullish trend blocks SHORT,,225.0,,2024,v2_vol1.2_be2R_noRR_shorts
2024-12-26,existing open bot position found: ORBV_US30.cash_20241226 vo,15228.0,31.0,0.9986082115518442,43230.26,43017.16,213.1,,,1.0,,,,,2024,v2_vol1.2_be2R_noRR_shorts
2024-12-27,"KillSwitch already active (now=16:42, kill=16:31).",27083.0,21.0,0.9994711792702274,43211.26,43007.96,203.3,,,,,,,,2024,v2_vol1.2_be2R_noRR_shorts
2024-12-28,,,,,,,,Trading disabled for Saturday.,1.0,,,,,,2024,v2_vol1.2_be2R_noRR_shorts
2024-12-29,,,,,,,,Trading disabled for Sunday.,1.0,,,,,,2024,v2_vol1.2_be2R_noRR_shorts
2024-12-30,existing open bot position found: ORBV_US30.cash_20241230 vo,11806.0,7.0,0.999625608386372,42934.96,42489.66,445.3,,,1.0,,2.0,,2.0,2024,v2_vol1.2_be2R_noRR_shorts
2024-12-31,"KillSwitch already active (now=18:01, kill=16:31).",25871.0,16.0,0.9997674959311788,42714.16,42541.86,172.3,,,,"Neutral trend, policy=BlockAll",,35.0,,2024,v2_vol1.2_be2R_noRR_shorts
2026-01-02,existing open bot position found: ORBV_US30.cash_20260102 vo,30088.0,10.0,1.0,48293.71,48142.71,151.0,,,,"Neutral trend, policy=BlockAll",,1486.0,,2026,v2_vol1.2_be2R_noRR_shorts
2026-01-03,,,,,,,,Trading disabled for Saturday.,1.0,,,,,,2026,v2_vol1.2_be2R_noRR_shorts
2026-01-04,,,,,,,,Trading disabled for Sunday.,1.0,,,,,,2026,v2_vol1.2_be2R_noRR_shorts
2026-01-05,existing open bot position found: ORBV_US30.cash_20260105 vo,36493.0,28.0,1.0,48486.21,48319.21,167.0,,,1.0,,11.0,,11.0,2026,v2_vol1.2_be2R_noRR_shorts
2026-01-06,"KillSwitch already active (now=17:21, kill=16:31).",30790.0,26.0,0.999493927125506,48979.2,48843.01,136.2,,,,"Neutral trend, policy=BlockAll",,609.0,,2026,v2_vol1.2_be2R_noRR_shorts
2026-01-07,existing open bot position found: ORBV_US30.cash_20260107 vo,30863.0,38.0,0.999641705481906,49570.01,49468.2,101.8,,,,,,,,2026,v2_vol1.2_be2R_noRR_shorts
2026-01-08,"KillSwitch already active (now=17:28, kill=16:31).",35262.0,30.0,1.0,48909.61,48763.51,146.1,,,,Bearish trend blocks LONG,,650.0,,2026,v2_vol1.2_be2R_noRR_shorts
2026-01-09,"KillSwitch already active (now=17:46, kill=16:31).",19145.0,19.0,1.0,49450.11,49226.71,223.4,,,,,,,,2026,v2_vol1.2_be2R_noRR_shorts
2026-01-10,,,,,,,,Trading disabled for Saturday.,1.0,,,,,,2026,v2_vol1.2_be2R_noRR_shorts
2026-01-11,,,,,,,,Trading disabled for Sunday.,1.0,,,,,,2026,v2_vol1.2_be2R_noRR_shorts
2026-01-12,"KillSwitch already active (now=16:41, kill=16:31).",21197.0,34.0,0.9994794377928162,49292.71,49071.21,221.5,,,,"Neutral trend, policy=BlockAll",,314.0,,2026,v2_vol1.2_be2R_noRR_shorts
2026-01-13,"KillSwitch already active (now=16:32, kill=16:31).",34252.0,25.0,0.9992234015014236,49686.91,49460.41,226.5,,,,"Neutral trend, policy=BlockAll",,294.0,,2026,v2_vol1.2_be2R_noRR_shorts
2026-01-14,"KillSwitch already active (now=18:16, kill=16:31).",21299.0,4.0,0.9997854537652864,49132.0,48998.81,133.2,,,,"Neutral trend, policy=BlockAll",,349.0,,2026,v2_vol1.2_be2R_noRR_shorts
2026-01-15,MaxTradesPerDay reached (1/1).,27864.0,36.0,0.9993552546744036,49301.71,49080.71,221.0,,,,,,,,2026,v2_vol1.2_be2R_noRR_shorts
2026-01-16,"KillSwitch already active (now=16:57, kill=16:31).",17915.0,12.0,1.0,49543.11,49412.01,131.1,,,,Bearish trend blocks LONG,,199.0,,2026,v2_vol1.2_be2R_noRR_shorts
2026-01-17,,,,,,,,Trading disabled for Saturday.,1.0,,,,,,2026,v2_vol1.2_be2R_noRR_shorts
2026-01-18,,,,,,,,Trading disabled for Sunday.,1.0,,,,,,2026,v2_vol1.2_be2R_noRR_shorts
2026-01-19,,,,,49059.01,48858.01,201.0,,,,,,,,2026,v2_vol1.2_be2R_noRR_shorts
2026-01-20,"KillSwitch already active (now=19:31, kill=16:31).",20434.0,5.0,0.9996017522899244,48775.21,48496.21,279.0,,,,,,,,2026,v2_vol1.2_be2R_noRR_shorts
2026-01-21,"KillSwitch already active (now=16:41, kill=16:31).",52659.0,20.0,0.9998311096098632,48647.91,48312.91,335.0,,,,"Neutral trend, policy=BlockAll",,99.0,,2026,v2_vol1.2_be2R_noRR_shorts
2026-01-22,existing open bot position found: ORBV_US30.cash_20260122 vo,32178.0,21.0,0.9998339146321208,49361.41,49144.41,217.0,,,1.0,,1.0,,1.0,2026,v2_vol1.2_be2R_noRR_shorts
2026-01-23,MaxTradesPerDay reached (1/1).,22122.0,23.0,1.0,49405.91,49110.51,295.4,,,,,,,,2026,v2_vol1.2_be2R_noRR_shorts
2026-01-24,,,,,,,,Trading disabled for Saturday.,1.0,,,,,,2026,v2_vol1.2_be2R_noRR_shorts
2026-01-25,,,,,,,,Trading disabled for Sunday.,1.0,,,,,,2026,v2_vol1.2_be2R_noRR_shorts
2026-01-26,existing open bot position found: ORBV_US30.cash_20260126 vo,30342.0,28.0,0.9997561570348696,49188.71,49001.71,187.0,,,1.0,,1.0,,1.0,2026,v2_vol1.2_be2R_noRR_shorts
2026-01-27,MaxTradesPerDay reached (1/1).,21799.0,27.0,0.999475799405906,49411.81,49028.31,383.5,,,,,,,,2026,v2_vol1.2_be2R_noRR_shorts
2026-01-28,"KillSwitch already active (now=19:30, kill=16:31).",5820.0,11.0,0.9995285242809996,49065.11,48939.71,125.4,,,,"Neutral trend, policy=BlockAll",,475.0,,2026,v2_vol1.2_be2R_noRR_shorts
2026-01-29,"KillSwitch already active (now=17:51, kill=16:31).",39543.0,9.0,0.999393081124823,49285.01,48947.51,337.5,,,,,,,,2026,v2_vol1.2_be2R_noRR_shorts
2026-01-30,existing open bot position found: ORBV_US30.cash_20260130 vo,8222.0,4.0,1.0,48951.01,48565.01,386.0,,,,,,,,2026,v2_vol1.2_be2R_noRR_shorts
2026-01-31,,,,,,,,Trading disabled for Saturday.,1.0,,,,,,2026,v2_vol1.2_be2R_noRR_shorts
2026-02-01,,,,,,,,Trading disabled for Sunday.,1.0,,,,,,2026,v2_vol1.2_be2R_noRR_shorts
2026-02-02,existing open bot position found: ORBV_US30.cash_20260202 vo,36728.0,34.0,0.9998350107243028,48917.61,48522.11,395.5,,,1.0,,3.0,,3.0,2026,v2_vol1.2_be2R_noRR_shorts
2026-02-03,"KillSwitch already active (now=17:13, kill=16:31).",38810.0,12.0,0.999734113267748,49479.75,49284.81,194.9,,,,Bearish trend blocks LONG,,1146.0,,2026,v2_vol1.2_be2R_noRR_shorts
2026-02-04,"KillSwitch already active (now=17:01, kill=16:31).",56247.0,24.0,0.9998427920138344,49457.21,49287.21,170.0,,,,"Neutral trend, policy=BlockAll",,1247.0,,2026,v2_vol1.2_be2R_noRR_shorts
2026-02-05,existing open bot position found: ORBV_US30.cash_20260205 vo,58918.0,18.0,0.9998141609366288,49592.31,49230.31,362.0,,,,,,,,2026,v2_vol1.2_be2R_noRR_shorts
2026-02-06,existing open bot position found: ORBV_US30.cash_20260206 vo,47765.0,25.0,1.0,49236.41,48829.41,407.0,,,1.0,,7.0,,7.0,2026,v2_vol1.2_be2R_noRR_shorts
2026-02-07,,,,,,,,Trading disabled for Saturday.,1.0,,,,,,2026,v2_vol1.2_be2R_noRR_shorts
2026-02-08,,,,,,,,Trading disabled for Sunday.,1.0,,,,,,2026,v2_vol1.2_be2R_noRR_shorts
2026-02-09,MaxTradesPerDay reached (1/1).,5229.0,2.0,0.9992732558139537,50240.31,49980.81,259.5,,,,,,,,2026,v2_vol1.2_be2R_noRR_shorts
2026-02-10,existing open bot position found: ORBV_US30.cash_20260210 vo,27288.0,26.0,0.9998538225405642,50217.31,50013.31,204.0,,,1.0,,,,,2026,v2_vol1.2_be2R_noRR_shorts
2026-02-11,MaxTradesPerDay reached (1/1).,42117.0,20.0,1.0,50464.21,50182.21,282.0,,,,,,,,2026,v2_vol1.2_be2R_noRR_shorts
2026-02-12,MaxTradesPerDay reached (1/1).,63179.0,22.0,1.0,50324.01,50199.61,124.4,,,,,,,,2026,v2_vol1.2_be2R_noRR_shorts
2026-02-13,"KillSwitch already active (now=17:57, kill=16:31).",31973.0,6.0,0.999650471862985,49513.29,49223.81,289.5,,,,Bullish trend blocks SHORT,,255.0,,2026,v2_vol1.2_be2R_noRR_shorts
2026-02-14,,,,,,,,Trading disabled for Saturday.,1.0,,,,,,2026,v2_vol1.2_be2R_noRR_shorts
2026-02-15,,,,,,,,Trading disabled for Sunday.,1.0,,,,,,2026,v2_vol1.2_be2R_noRR_shorts
2026-02-16,existing open bot position found: ORBV_US30.cash_20260216 vo,9635.0,24.0,1.0,49749.55,49606.91,142.6,,,,"Neutral trend, policy=BlockAll",,72.0,,2026,v2_vol1.2_be2R_noRR_shorts
2026-02-17,MaxTradesPerDay reached (1/1).,36623.0,10.0,0.9998276159282882,49528.31,49268.81,259.5,,,,,,,,2026,v2_vol1.2_be2R_noRR_shorts
2026-02-18,,17749.0,,0.9990439770554492,49805.2,49555.51,249.7,,,,"Neutral trend, policy=BlockAll",,1.0,,2026,v2_vol1.2_be2R_noRR_shorts
2026-02-19,"KillSwitch already active (now=17:57, kill=16:31).",36708.0,15.0,0.9995886466474702,49715.61,49446.01,269.6,,,,"Neutral trend, policy=BlockAll",,1013.0,,2026,v2_vol1.2_be2R_noRR_shorts
2026-02-20,MaxTradesPerDay reached (1/1).,15561.0,13.0,0.9994900560938296,49548.35,49232.11,316.2,,,,,,,,2026,v2_vol1.2_be2R_noRR_shorts
2026-02-21,,,,,,,,Trading disabled for Saturday.,1.0,,,,,,2026,v2_vol1.2_be2R_noRR_shorts
2026-02-22,,,,,,,,Trading disabled for Sunday.,1.0,,,,,,2026,v2_vol1.2_be2R_noRR_shorts
2026-02-23,existing open bot position found: ORBV_US30.cash_20260223 vo,49040.0,19.0,0.9997778271495222,49538.9,49337.21,201.7,,,1.0,,,,,2026,v2_vol1.2_be2R_noRR_shorts
2026-02-24,"KillSwitch already active (now=16:35, kill=16:31).",33858.0,28.0,0.9997992371009836,48969.61,48772.11,197.5,,,,"Neutral trend, policy=BlockAll",,487.0,,2026,v2_vol1.2_be2R_noRR_shorts
2026-02-25,"KillSwitch already active (now=19:01, kill=16:31).",9475.0,16.0,0.9995240361732508,49444.41,49171.65,272.8,,,,,,,,2026,v2_vol1.2_be2R_noRR_shorts
2026-02-26,existing open bot position found: ORBV_US30.cash_20260226 vo,15288.0,15.0,1.0,49709.61,49360.11,349.5,,,1.0,,,,,2026,v2_vol1.2_be2R_noRR_shorts
2026-02-27,"KillSwitch already active (now=17:23, kill=16:31).",30658.0,3.0,0.9992486851990984,49359.4,48889.71,469.7,,,,,,,,2026,v2_vol1.2_be2R_noRR_shorts
2026-02-28,,,,,,,,Trading disabled for Saturday.,1.0,,,,,,2026,v2_vol1.2_be2R_noRR_shorts
2026-03-01,,,,,,,,Trading disabled for Sunday.,1.0,,,,,,2026,v2_vol1.2_be2R_noRR_shorts
2026-03-02,"KillSwitch already active (now=16:31, kill=16:31).",52391.0,22.0,1.0,48526.31,48110.81,415.5,,,1.0,Bearish trend blocks LONG,3.0,324.0,3.0,2026,v2_vol1.2_be2R_noRR_shorts
2026-03-03,"KillSwitch already active (now=18:34, kill=16:31).",44152.0,19.0,0.999704229517894,48380.21,47891.21,489.0,,,,,,,,2026,v2_vol1.2_be2R_noRR_shorts
2026-03-04,"KillSwitch already active (now=17:01, kill=16:31).",37380.0,26.0,1.0,48699.11,48284.11,415.0,,,,,,,,2026,v2_vol1.2_be2R_noRR_shorts
2026-03-05,_noTradeToday=true (range/day filter).,59372.0,9.0,0.9998673915926268,48827.41,48304.91,522.5,ORB range 522.5 pips >= max 500. Standing down.,1.0,,,,,,2026,v2_vol1.2_be2R_noRR_shorts
2026-03-06,_noTradeToday=true (range/day filter).,8988.0,7.0,0.999134948096886,48063.01,47245.51,817.5,ORB range 817.5 pips >= max 500. Standing down.,1.0,,,,,,2026,v2_vol1.2_be2R_noRR_shorts
2026-03-07,,,,,,,,Trading disabled for Saturday.,1.0,,,,,,2026,v2_vol1.2_be2R_noRR_shorts
2026-03-08,,,,,,,,Trading disabled for Sunday.,1.0,,,,,,2026,v2_vol1.2_be2R_noRR_shorts
2026-03-09,_noTradeToday=true (range/day filter).,28646.0,31.0,0.9998239746523498,47132.41,46610.1,522.3,ORB range 522.3 pips >= max 500. Standing down.,1.0,,,,,,2026,v2_vol1.2_be2R_noRR_shorts
2026-03-10,_noTradeToday=true (range/day filter).,22760.0,4.0,0.999567910125306,47947.21,47430.9,516.3,ORB range 516.3 pips >= max 500. Standing down.,1.0,,,,,,2026,v2_vol1.2_be2R_noRR_shorts
2026-03-11,_noTradeToday=true (range/day filter).,14570.0,41.0,0.9995858069860556,47837.81,47278.5,559.3,ORB range 559.3 pips >= max 500. Standing down.,1.0,,,,,,2026,v2_vol1.2_be2R_noRR_shorts
2026-03-12,"KillSwitch already active (now=19:51, kill=16:31).",4925.0,6.0,0.999814849102018,47214.41,46729.6,484.8,,,,,,,,2026,v2_vol1.2_be2R_noRR_shorts
2026-03-13,,,,,47122.2,46420.01,702.2,ORB range 702.2 pips >= max 500. Standing down.,1.0,,,,,,2026,v2_vol1.2_be2R_noRR_shorts
2026-03-14,,,,,,,,Trading disabled for Saturday.,1.0,,,,,,2026,v2_vol1.2_be2R_noRR_shorts
2026-03-15,,,,,,,,Trading disabled for Sunday.,1.0,,,,,,2026,v2_vol1.2_be2R_noRR_shorts
2026-03-16,,,,,47189.5,46575.31,614.2,ORB range 614.2 pips >= max 500. Standing down.,1.0,,,,,,2026,v2_vol1.2_be2R_noRR_shorts
2026-03-17,,,,,47429.5,46737.81,691.7,ORB range 691.7 pips >= max 500. Standing down.,1.0,,,,,,2026,v2_vol1.2_be2R_noRR_shorts
2026-03-18,_noTradeToday=true (range/day filter).,23029.0,32.0,0.9995163630501372,47297.01,46534.2,762.8,ORB range 762.8 pips >= max 500. Standing down.,1.0,,,,,,2026,v2_vol1.2_be2R_noRR_shorts
2026-03-19,,593.0,,0.8644011877268227,46268.21,45740.4,527.8,ORB range 527.8 pips >= max 500. Standing down.,1.0,,,,,,2026,v2_vol1.2_be2R_noRR_shorts
2026-03-20,"KillSwitch already active (now=18:21, kill=16:31).",14169.0,10.0,0.9996155324875048,46175.71,45693.9,481.8,,,,,,,,2026,v2_vol1.2_be2R_noRR_shorts
2026-03-21,,,,,,,,Trading disabled for Saturday.,1.0,,,,,,2026,v2_vol1.2_be2R_noRR_shorts
2026-03-22,,,,,,,,Trading disabled for Sunday.,1.0,,,,,,2026,v2_vol1.2_be2R_noRR_shorts
2026-03-23,,,,,46911.81,45176.81,1735.0,ORB range 1735.0 pips >= max 500. Standing down.,1.0,,,,,,2026,v2_vol1.2_be2R_noRR_shorts
2026-03-24,_noTradeToday=true (range/day filter).,11147.0,16.0,1.0,46354.91,45757.6,597.3,ORB range 597.3 pips >= max 500. Standing down.,1.0,,,,,,2026,v2_vol1.2_be2R_noRR_shorts
2026-03-25,existing open bot position found: ORBV_US30.cash_20260325 vo,799.0,3.0,1.0,46750.6,46323.1,427.5,,,,,,,,2026,v2_vol1.2_be2R_noRR_shorts
2026-03-26,_noTradeToday=true (range/day filter).,7879.0,7.0,0.9995728321230244,46532.0,45986.31,545.7,ORB range 545.7 pips >= max 500. Standing down.,1.0,,,,,,2026,v2_vol1.2_be2R_noRR_shorts
2026-03-27,_noTradeToday=true (range/day filter).,20087.0,13.0,1.0,46120.81,45429.5,691.3,ORB range 691.3 pips >= max 500. Standing down.,1.0,,,,,,2026,v2_vol1.2_be2R_noRR_shorts
2026-03-28,,,,,,,,Trading disabled for Saturday.,1.0,,,,,,2026,v2_vol1.2_be2R_noRR_shorts
2026-03-29,,,,,,,,Trading disabled for Sunday.,1.0,,,,,,2026,v2_vol1.2_be2R_noRR_shorts
2026-03-30,"KillSwitch already active (now=18:52, kill=16:31).",13994.0,34.0,0.9996033320111068,45669.41,45285.6,383.8,,,,,,,,2026,v2_vol1.2_be2R_noRR_shorts
2026-03-31,"KillSwitch already active (now=16:40, kill=16:31).",37705.0,32.0,0.9995925573815022,45886.7,45478.51,408.2,,,,,,,,2026,v2_vol1.2_be2R_noRR_shorts
2026-04-01,,,,,46843.11,46459.11,384.0,,,,,,,,2026,v2_vol1.2_be2R_noRR_shorts
2026-04-02,"KillSwitch already active (now=16:33, kill=16:31).",44460.0,32.0,1.0,46207.4,45842.71,364.7,,,,"Neutral trend, policy=BlockAll",,511.0,,2026,v2_vol1.2_be2R_noRR_shorts
2026-04-04,,,,,,,,Trading disabled for Saturday.,1.0,,,,,,2026,v2_vol1.2_be2R_noRR_shorts
2026-04-05,,,,,,,,Trading disabled for Sunday.,1.0,,,,,,2026,v2_vol1.2_be2R_noRR_shorts
2026-04-06,"KillSwitch already active (now=20:24, kill=16:31).",2645.0,13.0,0.99601593625498,46691.6,46335.6,356.0,,,,,,,,2026,v2_vol1.2_be2R_noRR_shorts
2026-04-07,_noTradeToday=true (range/day filter).,9989.0,16.0,0.9997230684021046,46812.51,46227.2,585.3,ORB range 585.3 pips >= max 500. Standing down.,1.0,,,,,,2026,v2_vol1.2_be2R_noRR_shorts
2026-04-08,,461.0,,0.9797992016450948,48040.1,47618.41,421.7,,,,,,,,2026,v2_vol1.2_be2R_noRR_shorts
2026-04-09,existing open bot position found: ORBV_US30.cash_20260409 vo,29437.0,41.0,0.9997717416115042,47872.5,47672.31,200.2,,,1.0,,5.0,,5.0,2026,v2_vol1.2_be2R_noRR_shorts
2026-04-10,"KillSwitch already active (now=16:34, kill=16:31).",13279.0,12.0,0.999254287844892,48285.8,47934.2,351.6,,,,,,,,2026,v2_vol1.2_be2R_noRR_shorts
2026-04-11,,,,,,,,Trading disabled for Saturday.,1.0,,,,,,2026,v2_vol1.2_be2R_noRR_shorts
2026-04-12,,,,,,,,Trading disabled for Sunday.,1.0,,,,,,2026,v2_vol1.2_be2R_noRR_shorts
2026-04-13,existing open bot position found: ORBV_US30.cash_20260413 vo,16614.0,45.0,1.0,47777.51,47407.01,370.5,,,1.0,"Neutral trend, policy=BlockAll",6.0,4.0,7.0,2026,v2_vol1.2_be2R_noRR_shorts
2026-04-14,existing open bot position found: ORBV_US30.cash_20260414 vo,15386.0,26.0,0.9993367234136634,48495.85,48134.21,361.6,,,,,,,,2026,v2_vol1.2_be2R_noRR_shorts
2026-04-15,MaxTradesPerDay reached (1/1).,7684.0,11.0,0.999645515774548,48701.5,48353.0,348.5,,,,,,,,2026,v2_vol1.2_be2R_noRR_shorts
2026-04-16,"ClosePositionsTime already reached (now=23:22, close=20:50).",51.0,3.0,0.947867298578199,48672.0,48331.05,340.9,,,,,,,,2026,v2_vol1.2_be2R_noRR_shorts
2026-04-17,_noTradeToday=true (range/day filter).,13074.0,8.0,0.999784529196294,49557.35,48709.31,848.0,ORB range 848.0 pips >= max 500. Standing down.,1.0,,,,,,2026,v2_vol1.2_be2R_noRR_shorts
2026-04-18,,,,,,,,Trading disabled for Saturday.,1.0,,,,,,2026,v2_vol1.2_be2R_noRR_shorts
2026-04-19,,,,,,,,Trading disabled for Sunday.,1.0,,,,,,2026,v2_vol1.2_be2R_noRR_shorts
2026-04-20,"KillSwitch already active (now=20:35, kill=16:31).",845.0,12.0,0.9988109393579072,49482.4,49044.21,438.2,,,,,,,,2026,v2_vol1.2_be2R_noRR_shorts
2026-04-21,"KillSwitch already active (now=16:45, kill=16:31).",39089.0,41.0,1.0,49847.0,49484.31,362.7,,,1.0,"Neutral trend, policy=BlockAll",2.0,64.0,2.0,2026,v2_vol1.2_be2R_noRR_shorts
2026-04-22,"KillSwitch already active (now=20:13, kill=16:31).",1908.0,10.0,0.9973905479849232,49623.15,49314.41,308.7,,,,,,,,2026,v2_vol1.2_be2R_noRR_shorts
2026-04-23,"KillSwitch already active (now=17:43, kill=16:31).",5898.0,2.0,0.9982788296041308,49491.0,49076.81,414.2,,,,,,,,2026,v2_vol1.2_be2R_noRR_shorts
2026-04-24,,,,,49428.21,49073.4,354.8,,,,,,,,2026,v2_vol1.2_be2R_noRR_shorts
2026-04-25,,,,,,,,Trading disabled for Saturday.,1.0,,,,,,2026,v2_vol1.2_be2R_noRR_shorts
2026-04-26,,,,,,,,Trading disabled for Sunday.,1.0,,,,,,2026,v2_vol1.2_be2R_noRR_shorts
2026-04-27,,3161.0,,0.9994848016486348,49362.8,49104.11,258.7,,,,"Neutral trend, policy=BlockAll",,18.0,,2026,v2_vol1.2_be2R_noRR_shorts
2026-04-28,,99.0,,0.9364026531408504,49390.61,49081.75,308.9,,,,,,,,2026,v2_vol1.2_be2R_noRR_shorts
2026-04-29,existing open bot position found: ORBV_US30.cash_20260429 vo,24994.0,39.0,0.9997500624843788,49232.21,48845.4,386.8,,,1.0,,,,,2026,v2_vol1.2_be2R_noRR_shorts
2026-04-30,_noTradeToday=true (range/day filter).,23873.0,39.0,1.0,49433.15,48609.01,824.1,ORB range 824.1 pips >= max 500. Standing down.,1.0,,,,,,2026,v2_vol1.2_be2R_noRR_shorts
2026-05-01,existing open bot position found: ORBV_US30.cash_20260501 vo,15493.0,24.0,1.0,49990.9,49714.45,276.5,,,1.0,,,,,2026,v2_vol1.2_be2R_noRR_shorts
2026-05-02,,,,,,,,Trading disabled for Saturday.,1.0,,,,,,2026,v2_vol1.2_be2R_noRR_shorts
2026-05-03,,,,,,,,Trading disabled for Sunday.,1.0,,,,,,2026,v2_vol1.2_be2R_noRR_shorts
2026-05-04,existing open bot position found: ORBV_US30.cash_20260504 vo,24524.0,37.0,0.999692402337742,49457.71,49099.11,358.6,,,1.0,,1.0,,1.0,2026,v2_vol1.2_be2R_noRR_shorts
2026-05-05,"KillSwitch already active (now=17:31, kill=16:31).",8928.0,31.0,1.0,49257.7,49000.1,257.6,,,,,,,,2026,v2_vol1.2_be2R_noRR_shorts
2026-05-06,_noTradeToday=true (range/day filter).,4079.0,6.0,0.999695214873514,49951.71,49394.71,557.0,ORB range 557.0 pips >= max 500. Standing down.,1.0,,,,,,2026,v2_vol1.2_be2R_noRR_shorts
2026-05-07,"KillSwitch already active (now=17:17, kill=16:31).",22787.0,36.0,1.0,50122.5,49705.5,417.0,,,,,,,,2026,v2_vol1.2_be2R_noRR_shorts
2026-05-08,MaxTradesPerDay reached (1/1).,14519.0,20.0,1.0,49857.41,49628.05,229.4,,,,,,,,2026,v2_vol1.2_be2R_noRR_shorts
2026-05-09,,,,,,,,Trading disabled for Saturday.,1.0,,,,,,2026,v2_vol1.2_be2R_noRR_shorts
2026-05-10,,,,,,,,Trading disabled for Sunday.,1.0,,,,,,2026,v2_vol1.2_be2R_noRR_shorts
2026-05-11,"KillSwitch already active (now=18:00, kill=16:31).",2043.0,16.0,0.998402555910543,49716.8,49466.3,250.5,,,,,,,,2026,v2_vol1.2_be2R_noRR_shorts
2026-05-12,"KillSwitch already active (now=18:25, kill=16:31).",9490.0,28.0,0.998719590268886,49736.5,49301.0,435.5,,,,,,,,2026,v2_vol1.2_be2R_noRR_shorts
2026-05-13,"KillSwitch already active (now=20:38, kill=16:31).",957.0,13.0,1.0,49787.45,49445.9,341.5,,,,,,,,2026,v2_vol1.2_be2R_noRR_shorts
2026-05-14,,884.0,,0.9047391096218286,50175.71,49808.31,367.4,,,,,,,,2026,v2_vol1.2_be2R_noRR_shorts
2026-05-15,"KillSwitch already active (now=20:01, kill=16:31).",3619.0,1.0,0.998829496683574,49886.51,49516.2,370.3,,,,,,,,2026,v2_vol1.2_be2R_noRR_shorts
2026-05-16,,,,,,,,Trading disabled for Saturday.,1.0,,,,,,2026,v2_vol1.2_be2R_noRR_shorts
2026-05-17,,,,,,,,Trading disabled for Sunday.,1.0,,,,,,2026,v2_vol1.2_be2R_noRR_shorts
2026-05-18,,,,,49767.9,49118.21,649.7,ORB range 649.7 pips >= max 500. Standing down.,1.0,,,,,,2026,v2_vol1.2_be2R_noRR_shorts
2026-05-19,,,,,49752.41,49237.5,514.9,ORB range 514.9 pips >= max 500. Standing down.,1.0,,,,,,2026,v2_vol1.2_be2R_noRR_shorts
2026-05-20,existing open bot position found: ORBV_US30.cash_20260520 vo,40717.0,32.0,0.999649245878639,49628.51,49228.7,399.8,,,,,,,,2026,v2_vol1.2_be2R_noRR_shorts
2026-05-21,_noTradeToday=true (range/day filter).,19189.0,27.0,1.0,50195.31,49688.9,506.4,ORB range 506.4 pips >= max 500. Standing down.,1.0,,,,,,2026,v2_vol1.2_be2R_noRR_shorts
2026-05-22,"KillSwitch already active (now=17:30, kill=16:31).",823.0,1.0,0.997106610282662,50786.41,50366.1,420.3,,,,,,,,2026,v2_vol1.2_be2R_noRR_shorts
2026-05-23,,,,,,,,Trading disabled for Saturday.,1.0,,,,,,2026,v2_vol1.2_be2R_noRR_shorts
2026-05-24,,,,,,,,Trading disabled for Sunday.,1.0,,,,,,2026,v2_vol1.2_be2R_noRR_shorts
2026-05-25,"ClosePositionsTime already reached (now=22:36, close=20:50).",1052.0,15.0,0.9986859395532196,51105.91,50960.15,145.8,,,,"Neutral trend, policy=BlockAll",,159.0,,2026,v2_vol1.2_be2R_noRR_shorts
2026-05-26,"KillSwitch already active (now=16:44, kill=16:31).",20975.0,30.0,1.0,50889.8,50548.35,341.5,,,,,,,,2026,v2_vol1.2_be2R_noRR_shorts
2026-05-27,,392.0,,0.8189714600854819,50804.2,50440.2,364.0,,,,,,,,2026,v2_vol1.2_be2R_noRR_shorts
2026-05-28,,,,,50787.7,50323.2,464.5,,,,,,,,2026,v2_vol1.2_be2R_noRR_shorts
2026-05-29,existing open bot position found: ORBV_US30.cash_20260529 vo,23202.0,25.0,0.9994794377928162,50910.5,50666.8,243.7,,,1.0,,1.0,,1.0,2026,v2_vol1.2_be2R_noRR_shorts
2026-05-30,,,,,,,,Trading disabled for Saturday.,1.0,,,,,,2026,v2_vol1.2_be2R_noRR_shorts
2026-05-31,,,,,,,,Trading disabled for Sunday.,1.0,,,,,,2026,v2_vol1.2_be2R_noRR_shorts
2026-06-01,,661.0,,0.8073257335077555,51321.5,50796.5,525.0,ORB range 525.0 pips >= max 500. Standing down.,1.0,,,,,,2026,v2_vol1.2_be2R_noRR_shorts
2026-06-02,"KillSwitch already active (now=18:13, kill=16:31).",8740.0,22.0,1.0,51250.8,50783.11,467.7,,,,,,,,2026,v2_vol1.2_be2R_noRR_shorts
2026-06-03,existing open bot position found: ORBV_US30.cash_20260603 vo,12583.0,29.0,1.0,51223.4,50864.4,359.0,,,,,,,,2026,v2_vol1.2_be2R_noRR_shorts
2026-06-04,_noTradeToday=true (range/day filter).,20046.0,31.0,1.0,51503.1,50818.15,684.9,ORB range 684.9 pips >= max 500. Standing down.,1.0,,,,,,2026,v2_vol1.2_be2R_noRR_shorts
2026-06-05,"KillSwitch already active (now=16:46, kill=16:31).",37923.0,11.0,1.0,51736.11,51340.7,395.4,,,1.0,,5.0,,5.0,2026,v2_vol1.2_be2R_noRR_shorts
2026-06-06,,,,,,,,Trading disabled for Saturday.,1.0,,,,,,2026,v2_vol1.2_be2R_noRR_shorts
2026-06-07,,,,,,,,Trading disabled for Sunday.,1.0,,,,,,2026,v2_vol1.2_be2R_noRR_shorts
2026-06-08,_noTradeToday=true (range/day filter).,139.0,2.0,0.9916094584286804,51276.2,50682.61,593.6,ORB range 593.6 pips >= max 500. Standing down.,1.0,,,,,,2026,v2_vol1.2_be2R_noRR_shorts
2026-06-09,"KillSwitch already active (now=16:39, kill=16:31).",44446.0,26.0,1.0,51264.9,50793.21,471.7,,,,"Neutral trend, policy=BlockAll",,16.0,,2026,v2_vol1.2_be2R_noRR_shorts
2026-06-10,_noTradeToday=true (range/day filter).,39028.0,33.0,1.0,50772.1,50261.41,510.7,ORB range 510.7 pips >= max 500. Standing down.,1.0,,,,,,2026,v2_vol1.2_be2R_noRR_shorts
2026-06-11,"KillSwitch already active (now=17:30, kill=16:31).",30100.0,28.0,0.9998624673359924,50397.2,50072.46,324.7,,,,,,,,2026,v2_vol1.2_be2R_noRR_shorts
2026-06-12,,4571.0,,0.9969429347826088,51312.76,50822.5,490.3,,,,,,,,2026,v2_vol1.2_be2R_noRR_shorts
2026-06-13,,,,,,,,Trading disabled for Saturday.,1.0,,,,,,2026,v2_vol1.2_be2R_noRR_shorts
2026-06-14,,,,,,,,Trading disabled for Sunday.,1.0,,,,,,2026,v2_vol1.2_be2R_noRR_shorts
2026-06-15,existing open bot position found: ORBV_US30.cash_20260615 vo,8037.0,3.0,0.9984962406015038,51884.6,51585.56,299.0,,,,,,,,2026,v2_vol1.2_be2R_noRR_shorts
2026-06-16,"KillSwitch already active (now=16:33, kill=16:31).",9981.0,5.0,0.9992152759612868,52105.7,51702.7,403.0,,,,,,,,2026,v2_vol1.2_be2R_noRR_shorts
2026-06-17,"KillSwitch already active (now=18:03, kill=16:31).",21156.0,17.0,0.99906191369606,52277.35,51940.16,337.2,,,,,,,,2026,v2_vol1.2_be2R_noRR_shorts
2026-06-18,"KillSwitch already active (now=19:12, kill=16:31).",1167.0,5.0,0.9985528219971056,51940.3,51567.8,372.5,,,,,,,,2026,v2_vol1.2_be2R_noRR_shorts
2026-06-19,,,,,51588.6,51379.36,209.2,,,,,,,,2026,v2_vol1.2_be2R_noRR_shorts
2026-06-20,,,,,,,,Trading disabled for Saturday.,1.0,,,,,,2026,v2_vol1.2_be2R_noRR_shorts
2026-06-21,,,,,,,,Trading disabled for Sunday.,1.0,,,,,,2026,v2_vol1.2_be2R_noRR_shorts
2026-06-22,,,,,51897.95,51509.86,388.1,,,,,,,,2026,v2_vol1.2_be2R_noRR_shorts
2026-06-23,_noTradeToday=true (range/day filter).,7923.0,2.0,0.9979950991312097,51804.35,51289.56,514.8,ORB range 514.8 pips >= max 500. Standing down.,1.0,,,,,,2026,v2_vol1.2_be2R_noRR_shorts
2026-06-24,"KillSwitch already active (now=16:45, kill=16:31).",24428.0,12.0,1.0,51918.4,51538.26,380.1,,,,,,,,2026,v2_vol1.2_be2R_noRR_shorts
2026-06-25,,2029.0,,0.8474940847494086,52628.7,51879.3,749.4,ORB range 749.4 pips >= max 500. Standing down.,1.0,,,,,,2026,v2_vol1.2_be2R_noRR_shorts
2026-06-26,,6437.0,,0.9985844807618068,52036.86,51589.9,447.0,,,,,,,,2026,v2_vol1.2_be2R_noRR_shorts
2026-06-27,,,,,,,,Trading disabled for Saturday.,1.0,,,,,,2026,v2_vol1.2_be2R_noRR_shorts
2026-06-28,,,,,,,,Trading disabled for Sunday.,1.0,,,,,,2026,v2_vol1.2_be2R_noRR_shorts
2026-06-29,,74.0,,0.3658291457286432,52290.4,51929.9,360.5,,,,,,,,2026,v2_vol1.2_be2R_noRR_shorts
2026-06-30,"KillSwitch already active (now=16:51, kill=16:31).",8198.0,8.0,0.9995835068721366,52330.5,52001.5,329.0,,,,,,,,2026,v2_vol1.2_be2R_noRR_shorts
2026-07-01,"KillSwitch already active (now=16:43, kill=16:31).",12662.0,6.0,0.999495204442201,52436.05,52014.1,422.0,,,,,,,,2026,v2_vol1.2_be2R_noRR_shorts
2026-07-02,_noTradeToday=true (range/day filter).,3069.0,23.0,1.0,52798.5,52255.06,543.4,ORB range 543.4 pips >= max 500. Standing down.,1.0,,,,,,2026,v2_vol1.2_be2R_noRR_shorts
2026-07-03,,281.0,,0.9854604200323102,52891.8,52741.85,150.0,,,,"Neutral trend, policy=BlockAll",,7.0,,2026,v2_vol1.2_be2R_noRR_shorts
2026-07-04,,,,,,,,Trading disabled for Saturday.,1.0,,,,,,2026,v2_vol1.2_be2R_noRR_shorts
2026-07-05,,,,,,,,Trading disabled for Sunday.,1.0,,,,,,2026,v2_vol1.2_be2R_noRR_shorts
2026-07-06,"KillSwitch already active (now=20:00, kill=16:31).",1390.0,14.0,0.99009900990099,53054.15,52634.15,420.0,,,,,,,,2026,v2_vol1.2_be2R_noRR_shorts
2026-07-07,MaxTradesPerDay reached (1/1).,28860.0,37.0,1.0,53333.26,52928.95,404.3,,,,,,,,2026,v2_vol1.2_be2R_noRR_shorts
2026-07-08,_noTradeToday=true (range/day filter).,12229.0,1.0,0.9980430528375734,52716.45,52176.36,540.1,ORB range 540.1 pips >= max 500. Standing down.,1.0,,,,,,2026,v2_vol1.2_be2R_noRR_shorts
2026-07-09,"KillSwitch already active (now=16:37, kill=16:31).",13953.0,14.0,0.9996033320111068,52465.76,52219.26,246.5,,,,,,,,2026,v2_vol1.2_be2R_noRR_shorts
2026-07-10,"KillSwitch already active (now=19:04, kill=16:31).",2364.0,6.0,0.9988776655443324,52673.26,52425.9,247.4,,,,"Neutral trend, policy=BlockAll",,91.0,,2026,v2_vol1.2_be2R_noRR_shorts
2026-07-11,,,,,,,,Trading disabled for Saturday.,1.0,,,,,,2026,v2_vol1.2_be2R_noRR_shorts
2026-07-12,,,,,,,,Trading disabled for Sunday.,1.0,,,,,,2026,v2_vol1.2_be2R_noRR_shorts
2026-07-13,existing open bot position found: ORBV_US30.cash_20260713 vo,28192.0,43.0,1.0,52847.9,52531.96,315.9,,,1.0,"Neutral trend, policy=BlockAll",,12.0,,2026,v2_vol1.2_be2R_noRR_shorts
2026-07-14,,88.0,,0.4896042924211938,52653.35,52004.66,648.7,ORB range 648.7 pips >= max 500. Standing down.,1.0,,,,,,2026,v2_vol1.2_be2R_noRR_shorts
2026-07-15,"KillSwitch already active (now=16:48, kill=16:31).",2470.0,1.0,0.9138576779026216,52840.45,52495.46,345.0,,,,,,,,2026,v2_vol1.2_be2R_noRR_shorts
2026-07-16,"KillSwitch already active (now=17:41, kill=16:31).",17954.0,29.0,1.0,52835.95,52590.8,245.1,,,,,,,,2026,v2_vol1.2_be2R_noRR_shorts
2026-07-17,,,,,52599.65,51932.45,667.2,ORB range 667.2 pips >= max 500. Standing down.,1.0,,,,,,2026,v2_vol1.2_be2R_noRR_shorts
2026-07-18,,,,,,,,Trading disabled for Saturday.,1.0,,,,,,2026,v2_vol1.2_be2R_noRR_shorts
2026-07-19,,,,,,,,Trading disabled for Sunday.,1.0,,,,,,2026,v2_vol1.2_be2R_noRR_shorts
2026-07-20,"KillSwitch already active (now=17:16, kill=16:31).",22525.0,43.0,0.9995456610631532,52416.25,51990.3,425.9,,,,,,,,2026,v2_vol1.2_be2R_noRR_shorts
2026-07-21,MaxTradesPerDay reached (1/1).,14911.0,38.0,0.9996001599360256,52185.35,51876.85,308.5,,,,,,,,2026,v2_vol1.2_be2R_noRR_shorts
2026-07-22,,,,,52505.8,52053.06,452.7,,,,,,,,2026,v2_vol1.2_be2R_noRR_shorts
2026-07-23,,,,,52123.76,51526.95,596.8,ORB range 596.8 pips >= max 500. Standing down.,1.0,,,,,,2026,v2_vol1.2_be2R_noRR_shorts
2026-07-24,"KillSwitch already active (now=16:32, kill=16:31).",10901.0,3.0,0.9997222993612884,52004.45,51716.45,288.0,,,,"Neutral trend, policy=BlockAll",,29.0,,2026,v2_vol1.2_be2R_noRR_shorts
2026-07-25,,,,,,,,Trading disabled for Saturday.,1.0,,,,,,2026,v2_vol1.2_be2R_noRR_shorts
2026-07-26,,,,,,,,Trading disabled for Sunday.,1.0,,,,,,2026,v2_vol1.2_be2R_noRR_shorts
2026-07-27,MaxTradesPerDay reached (1/1).,37036.0,28.0,0.9989484752891692,52607.15,52235.15,372.0,,,,,,,,2026,v2_vol1.2_be2R_noRR_shorts
2026-07-28,"KillSwitch already active (now=17:12, kill=16:31).",26207.0,20.0,1.0,52723.66,52229.76,493.9,,,1.0,,1.0,,1.0,2026,v2_vol1.2_be2R_noRR_shorts
2026-07-29,_noTradeToday=true (range/day filter).,37000.0,17.0,0.9991809991809992,52836.16,51917.3,918.9,ORB range 918.9 pips >= max 500. Standing down.,1.0,,,,,,2026,v2_vol1.2_be2R_noRR_shorts
2026-07-30,"KillSwitch already active (now=16:42, kill=16:31).",21270.0,31.0,1.0,51976.95,51623.76,353.2,,,,,,,,2026,v2_vol1.2_be2R_noRR_shorts
2026-07-31,,1147.0,,0.9959231217239372,52596.5,51979.05,617.4,ORB range 617.4 pips >= max 500. Standing down.,1.0,,,,,,2026,v2_vol1.2_be2R_noRR_shorts
2026-08-01,,,,,,,,Trading disabled for Saturday.,1.0,,,,,,2026,v2_vol1.2_be2R_noRR_shorts
2026-08-02,,,,,,,,Trading disabled for Sunday.,1.0,,,,,,2026,v2_vol1.2_be2R_noRR_shorts
2026-08-03,"KillSwitch already active (now=20:36, kill=16:31).",945.0,22.0,0.997624703087886,53243.55,52784.96,458.6,,,,,,,,2026,v2_vol1.2_be2R_noRR_shorts
2026-08-04,_noTradeToday=true (range/day filter).,24495.0,42.0,0.9996645420999664,53973.85,53168.76,805.1,ORB range 805.1 pips >= max 500. Standing down.,1.0,,,,,,2026,v2_vol1.2_be2R_noRR_shorts
2026-08-05,,,,,54743.7,54222.56,521.1,ORB range 521.1 pips >= max 500. Standing down.,1.0,,,,,,2026,v2_vol1.2_be2R_noRR_shorts
2026-08-06,existing open bot position found: ORBV_US30.cash_20260806 vo,28010.0,48.0,1.0,54544.0,54222.05,321.9,,,1.0,,2.0,,2.0,2026,v2_vol1.2_be2R_noRR_shorts
2026-08-07,,,,,54086.86,53795.05,291.8,,,,,,,,2026,v2_vol1.2_be2R_noRR_shorts
2026-08-08,,,,,,,,Trading disabled for Saturday.,1.0,,,,,,2026,v2_vol1.2_be2R_noRR_shorts
2026-08-09,,,,,,,,Trading disabled for Sunday.,1.0,,,,,,2026,v2_vol1.2_be2R_noRR_shorts
2026-08-10,"KillSwitch already active (now=18:31, kill=16:31).",844.0,2.0,0.9985869053226566,54033.95,53850.45,183.5,,,,,,,,2026,v2_vol1.2_be2R_noRR_shorts
2026-08-11,"KillSwitch already active (now=18:07, kill=16:31).",6534.0,31.0,1.0,54230.3,53865.3,365.0,,,,,,,,2026,v2_vol1.2_be2R_noRR_shorts
2026-08-12,,1.0,,0.1682935038707505,53984.86,53743.5,241.4,,,,,,,,2026,v2_vol1.2_be2R_noRR_shorts
2026-08-13,"KillSwitch already active (now=16:40, kill=16:31).",14823.0,7.0,0.9986382206082616,54051.4,53809.4,242.0,,,,,,,,2026,v2_vol1.2_be2R_noRR_shorts
2023-01-03,"KillSwitch already active (now=17:47, kill=16:31).",33845.0,15.0,1.0,33491.0,33214.8,276.2,,,1.0,"Neutral trend, policy=BlockAll",2.0,181.0,2.0,2023,v2_vol1.2_be2R_noRR_shorts
2023-01-04,existing open bot position found: ORBV_US30.cash_20230104 vo,20660.0,9.0,0.9984871406959152,33289.3,33170.2,119.1,,,,,,,,2023,v2_vol1.2_be2R_noRR_shorts
2023-01-05,existing open bot position found: ORBV_US30.cash_20230105 vo,30885.0,30.0,0.9997006884166416,33310.9,33026.8,284.1,,,1.0,,1.0,,1.0,2023,v2_vol1.2_be2R_noRR_shorts
2023-01-06,"KillSwitch already active (now=18:07, kill=16:31).",25925.0,13.0,0.9985052316890882,33311.9,32890.55,421.3,,,,,,,,2023,v2_vol1.2_be2R_noRR_shorts
2023-01-07,,,,,,,,Trading disabled for Saturday.,1.0,,,,,,2023,v2_vol1.2_be2R_noRR_shorts
2023-01-08,,,,,,,,Trading disabled for Sunday.,1.0,,,,,,2023,v2_vol1.2_be2R_noRR_shorts
2023-01-09,"KillSwitch already active (now=17:30, kill=16:31).",19201.0,15.0,0.99967958987504,33773.1,33613.5,159.6,,,,,,,,2023,v2_vol1.2_be2R_noRR_shorts
2023-01-10,"KillSwitch already active (now=18:07, kill=16:31).",28150.0,20.0,0.9997151808601538,33506.1,33342.7,163.4,,,,"Neutral trend, policy=BlockAll",,565.0,,2023,v2_vol1.2_be2R_noRR_shorts
2023-01-11,existing open bot position found: ORBV_US30.cash_20230111 vo,11464.0,19.0,1.0,33844.2,33692.0,152.2,,,,,,,,2023,v2_vol1.2_be2R_noRR_shorts
2023-01-12,"KillSwitch already active (now=18:03, kill=16:31).",12971.0,10.0,0.9963513892786976,34190.7,33700.1,490.6,,,,,,,,2023,v2_vol1.2_be2R_noRR_shorts
2023-01-13,"KillSwitch already active (now=20:37, kill=16:31).",8350.0,7.0,0.999259807549963,34234.1,33880.2,353.9,,,,,,,,2023,v2_vol1.2_be2R_noRR_shorts
2023-01-14,,,,,,,,Trading disabled for Saturday.,1.0,,,,,,2023,v2_vol1.2_be2R_noRR_shorts
2023-01-15,,,,,,,,Trading disabled for Sunday.,1.0,,,,,,2023,v2_vol1.2_be2R_noRR_shorts
2023-01-16,existing open bot position found: ORBV_US30.cash_20230116 vo,675.0,4.0,0.9927007299270072,34315.0,34189.6,125.4,,,,"Neutral trend, policy=BlockAll",,55.0,,2023,v2_vol1.2_be2R_noRR_shorts
2023-01-17,"KillSwitch already active (now=17:11, kill=16:31).",26217.0,26.0,1.0,34260.6,34152.5,108.1,,,,"Neutral trend, policy=BlockAll",,158.0,,2023,v2_vol1.2_be2R_noRR_shorts
2023-01-18,MaxTradesPerDay reached (1/1).,25796.0,25.0,1.0,34015.4,33872.7,142.7,,,,,,,,2023,v2_vol1.2_be2R_noRR_shorts
2023-01-19,,,,,33244.0,32959.7,284.3,,,,,,,,2023,v2_vol1.2_be2R_noRR_shorts
2023-01-20,"KillSwitch already active (now=16:33, kill=16:31).",17393.0,13.0,0.999709386806161,33142.1,32983.0,159.1,,,,"Neutral trend, policy=BlockAll",,326.0,,2023,v2_vol1.2_be2R_noRR_shorts
2023-01-21,,,,,,,,Trading disabled for Saturday.,1.0,,,,,,2023,v2_vol1.2_be2R_noRR_shorts
2023-01-22,,,,,,,,Trading disabled for Sunday.,1.0,,,,,,2023,v2_vol1.2_be2R_noRR_shorts
2023-01-23,existing open bot position found: ORBV_US30.cash_20230123 vo,25264.0,19.0,1.0,33491.6,33346.2,145.4,,,,Bullish trend blocks SHORT,,199.0,,2023,v2_vol1.2_be2R_noRR_shorts
2023-01-24,existing open bot position found: ORBV_US30.cash_20230124 vo,17521.0,17.0,0.9996429846483398,33644.6,33454.0,190.6,,,,,,,,2023,v2_vol1.2_be2R_noRR_shorts
2023-01-25,MaxTradesPerDay reached (1/1).,13866.0,25.0,0.9984202211690364,33697.1,33423.1,274.0,,,,,,,,2023,v2_vol1.2_be2R_noRR_shorts
2023-01-26,existing open bot position found: ORBV_US30.cash_20230126 vo,12734.0,20.0,1.0,33871.3,33704.4,166.9,,,,,,,,2023,v2_vol1.2_be2R_noRR_shorts
2023-01-27,MaxTradesPerDay reached (1/1).,22354.0,7.0,1.0,33980.7,33871.7,109.0,,,1.0,,0.0,,1.0,2023,v2_vol1.2_be2R_noRR_shorts
2023-01-28,,,,,,,,Trading disabled for Saturday.,1.0,,,,,,2023,v2_vol1.2_be2R_noRR_shorts
2023-01-29,,,,,,,,Trading disabled for Sunday.,1.0,,,,,,2023,v2_vol1.2_be2R_noRR_shorts
2023-01-30,"KillSwitch already active (now=18:17, kill=16:31).",19605.0,4.0,0.9993979530403372,33861.9,33704.4,157.5,,,,"Neutral trend, policy=BlockAll",,418.0,,2023,v2_vol1.2_be2R_noRR_shorts
2023-01-31,"KillSwitch already active (now=18:25, kill=16:31).",14965.0,21.0,0.9995969367190648,33817.8,33510.7,307.1,,,,,,,,2023,v2_vol1.2_be2R_noRR_shorts
2023-02-01,existing open bot position found: ORBV_US30.cash_20230201 vo,30318.0,28.0,0.999704229517894,34029.3,33882.3,147.0,,,,,,,,2023,v2_vol1.2_be2R_noRR_shorts
2023-02-02,"KillSwitch already active (now=20:04, kill=16:31).",11176.0,2.0,0.9990059642147118,34151.6,33925.3,226.3,,,,Bullish trend blocks SHORT,,151.0,,2023,v2_vol1.2_be2R_noRR_shorts
2023-02-03,"KillSwitch already active (now=16:41, kill=16:31).",12747.0,2.0,0.998479472883933,34019.5,33792.2,227.3,,,,,,,,2023,v2_vol1.2_be2R_noRR_shorts
2023-02-04,,,,,,,,Trading disabled for Saturday.,1.0,,,,,,2023,v2_vol1.2_be2R_noRR_shorts
2023-02-05,,,,,,,,Trading disabled for Sunday.,1.0,,,,,,2023,v2_vol1.2_be2R_noRR_shorts
2023-02-06,"KillSwitch already active (now=18:06, kill=16:31).",20772.0,20.0,1.0,33820.7,33638.2,182.5,,,,"Neutral trend, policy=BlockAll",,200.0,,2023,v2_vol1.2_be2R_noRR_shorts
2023-02-07,"KillSwitch already active (now=17:46, kill=16:31).",18168.0,19.0,1.0,33919.4,33688.1,231.3,,,,,,,,2023,v2_vol1.2_be2R_noRR_shorts
2023-02-08,"KillSwitch already active (now=17:40, kill=16:31).",14568.0,15.0,1.0,34153.2,34015.2,138.0,,,,,,,,2023,v2_vol1.2_be2R_noRR_shorts
2023-02-09,"KillSwitch already active (now=17:33, kill=16:31).",25788.0,16.0,1.0,34224.1,34072.6,151.5,,,,,,,,2023,v2_vol1.2_be2R_noRR_shorts
2023-02-10,"KillSwitch already active (now=17:32, kill=16:31).",21921.0,3.0,0.9996806132226124,33754.2,33515.1,239.1,,,,,,,,2023,v2_vol1.2_be2R_noRR_shorts
2023-02-11,,,,,,,,Trading disabled for Saturday.,1.0,,,,,,2023,v2_vol1.2_be2R_noRR_shorts
2023-02-12,,,,,,,,Trading disabled for Sunday.,1.0,,,,,,2023,v2_vol1.2_be2R_noRR_shorts
2023-02-13,"KillSwitch already active (now=16:44, kill=16:31).",25391.0,18.0,1.0,33929.8,33807.8,122.0,,,,"Neutral trend, policy=BlockAll",,467.0,,2023,v2_vol1.2_be2R_noRR_shorts
2023-02-14,existing open bot position found: ORBV_US30.cash_20230214 vo,19343.0,20.0,0.999790838736666,34511.6,34113.2,398.4,,,,,,,,2023,v2_vol1.2_be2R_noRR_shorts
2023-02-15,"KillSwitch already active (now=19:01, kill=16:31).",7503.0,11.0,0.9983579638752051,34056.3,33874.7,181.6,,,,,,,,2023,v2_vol1.2_be2R_noRR_shorts
2023-02-16,"ClosePositionsTime already reached (now=20:51, close=20:50).",6138.0,10.0,0.997624703087886,34173.6,33768.4,405.2,,,,,,,,2023,v2_vol1.2_be2R_noRR_shorts
2023-02-17,"KillSwitch already active (now=20:36, kill=16:31).",27507.0,4.0,0.9993634627625716,33601.2,33470.2,131.0,,,,"Neutral trend, policy=BlockAll",,89.0,,2023,v2_vol1.2_be2R_noRR_shorts
2023-02-18,,,,,,,,Trading disabled for Saturday.,1.0,,,,,,2023,v2_vol1.2_be2R_noRR_shorts
2023-02-19,,,,,,,,Trading disabled for Sunday.,1.0,,,,,,2023,v2_vol1.2_be2R_noRR_shorts
2023-02-20,existing open bot position found: ORBV_US30.cash_20230220 vo,1809.0,18.0,0.985691573926868,33825.1,33728.1,97.0,,,,,,,,2023,v2_vol1.2_be2R_noRR_shorts
2023-02-21,"KillSwitch already active (now=16:33, kill=16:31).",27966.0,22.0,1.0,33717.1,33457.5,259.6,,,,,,,,2023,v2_vol1.2_be2R_noRR_shorts
2023-02-22,"ClosePositionsTime already reached (now=21:32, close=20:50).",9577.0,6.0,0.9990485252140818,33230.8,33067.7,163.1,,,,,,,,2023,v2_vol1.2_be2R_noRR_shorts
2023-02-23,MaxTradesPerDay reached (1/1).,18441.0,11.0,0.999537251272559,33188.2,33072.2,116.0,,,,,,,,2023,v2_vol1.2_be2R_noRR_shorts
2023-02-24,MaxTradesPerDay reached (1/1).,12590.0,4.0,0.998180991359709,33122.1,32747.3,374.8,,,,,,,,2023,v2_vol1.2_be2R_noRR_shorts
2023-02-25,,,,,,,,Trading disabled for Saturday.,1.0,,,,,,2023,v2_vol1.2_be2R_noRR_shorts
2023-02-26,,,,,,,,Trading disabled for Sunday.,1.0,,,,,,2023,v2_vol1.2_be2R_noRR_shorts
2023-02-27,"KillSwitch already active (now=20:38, kill=16:31).",3431.0,1.0,0.9934735315445976,33068.8,32838.0,230.8,,,,,,,,2023,v2_vol1.2_be2R_noRR_shorts
2023-02-28,"KillSwitch already active (now=19:06, kill=16:31).",17321.0,27.0,0.999657651489216,32991.6,32766.4,225.2,,,,"Neutral trend, policy=BlockAll",,208.0,,2023,v2_vol1.2_be2R_noRR_shorts
2023-03-01,"ClosePositionsTime already reached (now=21:32, close=20:50).",2825.0,4.0,0.999702469503124,32744.0,32548.0,196.0,,,,"Neutral trend, policy=BlockAll",,16.0,,2023,v2_vol1.2_be2R_noRR_shorts
2023-03-02,"KillSwitch already active (now=17:32, kill=16:31).",17316.0,19.0,1.0,32777.1,32604.5,172.6,,,,,,,,2023,v2_vol1.2_be2R_noRR_shorts
2023-03-03,"KillSwitch already active (now=18:00, kill=16:31).",14316.0,14.0,0.9989373007438894,33153.7,32931.9,221.8,,,,,,,,2023,v2_vol1.2_be2R_noRR_shorts
2023-03-04,,,,,,,,Trading disabled for Saturday.,1.0,,,,,,2023,v2_vol1.2_be2R_noRR_shorts
2023-03-05,,,,,,,,Trading disabled for Sunday.,1.0,,,,,,2023,v2_vol1.2_be2R_noRR_shorts
2023-03-06,existing open bot position found: ORBV_US30.cash_20230306 vo,11231.0,6.0,0.9988776655443324,33463.1,33339.4,123.7,,,,,,,,2023,v2_vol1.2_be2R_noRR_shorts
2023-03-07,existing open bot position found: ORBV_US30.cash_20230307 vo,30940.0,43.0,1.0,33496.2,33409.7,86.5,,,,,,,,2023,v2_vol1.2_be2R_noRR_shorts
2023-03-08,"KillSwitch already active (now=16:36, kill=16:31).",19487.0,10.0,0.9987277353689568,32920.6,32787.8,132.8,,,,"Neutral trend, policy=BlockAll",,34.0,,2023,v2_vol1.2_be2R_noRR_shorts
2023-03-09,existing open bot position found: ORBV_US30.cash_20230309 vo,22329.0,13.0,1.0,32903.9,32713.5,190.4,,,,,,,,2023,v2_vol1.2_be2R_noRR_shorts
2023-03-10,"KillSwitch already active (now=18:16, kill=16:31).",14955.0,8.0,0.9984559958826555,32333.2,31991.6,341.6,,,,,,,,2023,v2_vol1.2_be2R_noRR_shorts
2023-03-11,,,,,,,,Trading disabled for Saturday.,1.0,,,,,,2023,v2_vol1.2_be2R_noRR_shorts
2023-03-12,,,,,,,,Trading disabled for Sunday.,1.0,,,,,,2023,v2_vol1.2_be2R_noRR_shorts
2023-03-13,,,,,32251.2,31520.8,730.4,ORB range 730.4 pips >= max 500. Standing down.,1.0,,,,,,2023,v2_vol1.2_be2R_noRR_shorts
2023-03-14,"KillSwitch already active (now=19:12, kill=16:31).",7724.0,1.0,0.9658899020601148,32183.1,31829.6,353.5,,,,,,,,2023,v2_vol1.2_be2R_noRR_shorts
2023-03-15,,290.0,,0.8684396328547894,32148.0,31447.0,701.0,ORB range 701.0 pips >= max 500. Standing down.,1.0,,,,,,2023,v2_vol1.2_be2R_noRR_shorts
2023-03-16,"KillSwitch already active (now=16:51, kill=16:31).",24779.0,18.0,0.9990662931839402,31988.9,31565.8,423.1,,,,,,,,2023,v2_vol1.2_be2R_noRR_shorts
2023-03-17,_noTradeToday=true (range/day filter).,13737.0,2.0,0.996752435673245,32339.4,31830.2,509.2,ORB range 509.2 pips >= max 500. Standing down.,1.0,,,,,,2023,v2_vol1.2_be2R_noRR_shorts
2023-03-18,,,,,,,,Trading disabled for Saturday.,1.0,,,,,,2023,v2_vol1.2_be2R_noRR_shorts
2023-03-19,,,,,,,,Trading disabled for Sunday.,1.0,,,,,,2023,v2_vol1.2_be2R_noRR_shorts
2023-03-20,_noTradeToday=true (range/day filter).,2375.0,7.0,0.9975734699379888,32254.1,31429.2,824.9,ORB range 824.9 pips >= max 500. Standing down.,1.0,,,,,,2023,v2_vol1.2_be2R_noRR_shorts
2023-03-21,,111.0,,0.978698906160046,32596.0,32261.8,334.2,,,,,,,,2023,v2_vol1.2_be2R_noRR_shorts
2023-03-22,"KillSwitch already active (now=17:05, kill=16:31).",13928.0,19.0,0.998185117967332,32619.1,32450.6,168.5,,,,,,,,2023,v2_vol1.2_be2R_noRR_shorts
2023-03-23,MaxTradesPerDay reached (1/1).,13917.0,2.0,0.999086201644837,32332.4,32004.4,328.0,,,,,,,,2023,v2_vol1.2_be2R_noRR_shorts
2023-03-24,"KillSwitch already active (now=20:00, kill=16:31).",2818.0,1.0,0.9963861641713992,32216.0,31736.8,479.2,,,,,,,,2023,v2_vol1.2_be2R_noRR_shorts
2023-03-25,,,,,,,,Trading disabled for Saturday.,1.0,,,,,,2023,v2_vol1.2_be2R_noRR_shorts
2023-03-26,,,,,,,,Trading disabled for Sunday.,1.0,,,,,,2023,v2_vol1.2_be2R_noRR_shorts
2023-03-27,"KillSwitch already active (now=19:01, kill=16:31).",783.0,3.0,0.997586484312148,32540.2,32256.2,284.0,,,,,,,,2023,v2_vol1.2_be2R_noRR_shorts
2023-03-28,"KillSwitch already active (now=17:34, kill=16:31).",6944.0,9.0,0.9995240361732508,32544.5,32369.4,175.1,,,,,,,,2023,v2_vol1.2_be2R_noRR_shorts
2023-03-29,"KillSwitch already active (now=19:19, kill=16:31).",3443.0,21.0,0.9982713915298184,32678.9,32540.1,138.8,,,,,,,,2023,v2_vol1.2_be2R_noRR_shorts
2023-03-30,existing open bot position found: ORBV_US30.cash_20230330 vo,7384.0,7.0,0.9972516686297606,32929.4,32758.8,170.6,,,,"Neutral trend, policy=BlockAll",,4.0,,2023,v2_vol1.2_be2R_noRR_shorts
2023-03-31,existing open bot position found: ORBV_US30.cash_20230331 vo,12823.0,32.0,1.0,33054.4,32818.0,236.4,,,,,,,,2023,v2_vol1.2_be2R_noRR_shorts
2023-04-01,,,,,,,,Trading disabled for Saturday.,1.0,,,,,,2023,v2_vol1.2_be2R_noRR_shorts
2023-04-02,,,,,,,,Trading disabled for Sunday.,1.0,,,,,,2023,v2_vol1.2_be2R_noRR_shorts
2023-04-03,,,,,33636.2,33334.7,301.5,,,,,,,,2023,v2_vol1.2_be2R_noRR_shorts
2023-04-04,"KillSwitch already active (now=17:08, kill=16:31).",21541.0,26.0,0.9979454065159964,33689.2,33487.7,201.5,,,,,,,,2023,v2_vol1.2_be2R_noRR_shorts
2023-04-05,,,,,33528.1,33314.1,214.0,,,,,,,,2023,v2_vol1.2_be2R_noRR_shorts
2023-04-06,,173.0,,0.932859909619109,33542.1,33331.1,211.0,,,,,,,,2023,v2_vol1.2_be2R_noRR_shorts
2023-04-08,,,,,,,,Trading disabled for Saturday.,1.0,,,,,,2023,v2_vol1.2_be2R_noRR_shorts
2023-04-09,,,,,,,,Trading disabled for Sunday.,1.0,,,,,,2023,v2_vol1.2_be2R_noRR_shorts
2023-04-10,"KillSwitch already active (now=16:40, kill=16:31).",9111.0,39.0,1.0,33523.6,33331.8,191.8,,,,,,,,2023,v2_vol1.2_be2R_noRR_shorts
2023-04-11,existing open bot position found: ORBV_US30.cash_20230411 vo,10175.0,39.0,0.9994568169473113,33678.1,33555.3,122.8,,,,,,,,2023,v2_vol1.2_be2R_noRR_shorts
2023-04-12,"KillSwitch already active (now=19:04, kill=16:31).",10739.0,28.0,0.9997102289191538,33946.2,33723.0,223.2,,,,"Neutral trend, policy=BlockAll",,51.0,,2023,v2_vol1.2_be2R_noRR_shorts
2023-04-13,"KillSwitch already active (now=17:03, kill=16:31).",14625.0,33.0,0.9982588508415554,33784.1,33583.6,200.5,,,,,,,,2023,v2_vol1.2_be2R_noRR_shorts
2023-04-14,"KillSwitch already active (now=16:46, kill=16:31).",12861.0,7.0,0.9996095275283092,34104.9,33823.4,281.5,,,,,,,,2023,v2_vol1.2_be2R_noRR_shorts
2023-04-15,,,,,,,,Trading disabled for Saturday.,1.0,,,,,,2023,v2_vol1.2_be2R_noRR_shorts
2023-04-16,,,,,,,,Trading disabled for Sunday.,1.0,,,,,,2023,v2_vol1.2_be2R_noRR_shorts
2023-04-17,"KillSwitch already active (now=16:57, kill=16:31).",7340.0,24.0,1.0,33962.9,33868.1,94.8,,,,,,,,2023,v2_vol1.2_be2R_noRR_shorts
2023-04-18,,623.0,,0.9946151409566044,34131.5,33826.3,305.2,,,,,,,,2023,v2_vol1.2_be2R_noRR_shorts
2023-04-19,,1.0,,0.2724458204334365,33948.3,33799.7,148.6,,,,,,,,2023,v2_vol1.2_be2R_noRR_shorts
2023-04-20,existing open bot position found: ORBV_US30.cash_20230420 vo,11676.0,18.0,1.0,33768.9,33661.0,107.9,,,,"Neutral trend, policy=BlockAll",,40.0,,2023,v2_vol1.2_be2R_noRR_shorts
2023-04-21,,1370.0,,0.9974782852339592,33856.5,33706.9,149.6,,,,Bullish trend blocks SHORT,,28.0,,2023,v2_vol1.2_be2R_noRR_shorts
2023-04-22,,,,,,,,Trading disabled for Saturday.,1.0,,,,,,2023,v2_vol1.2_be2R_noRR_shorts
2023-04-23,,,,,,,,Trading disabled for Sunday.,1.0,,,,,,2023,v2_vol1.2_be2R_noRR_shorts
2023-04-24,,302.0,,0.8829712683952349,33883.7,33683.7,200.0,,,,,,,,2023,v2_vol1.2_be2R_noRR_shorts
2023-04-25,"KillSwitch already active (now=16:55, kill=16:31).",12721.0,28.0,0.9988649262202044,33865.6,33690.0,175.6,,,,,,,,2023,v2_vol1.2_be2R_noRR_shorts
2023-04-26,"KillSwitch already active (now=17:58, kill=16:31).",9323.0,22.0,0.998452012383901,33643.2,33356.8,286.4,,,,,,,,2023,v2_vol1.2_be2R_noRR_shorts
2023-04-27,"KillSwitch already active (now=16:31, kill=16:31).",12578.0,35.0,1.0,33568.1,33364.6,203.5,,,1.0,,2.0,,2.0,2023,v2_vol1.2_be2R_noRR_shorts
2023-04-28,"KillSwitch already active (now=17:39, kill=16:31).",14266.0,11.0,0.9995835068721366,33994.9,33644.1,350.8,,,,,,,,2023,v2_vol1.2_be2R_noRR_shorts
2023-04-29,,,,,,,,Trading disabled for Saturday.,1.0,,,,,,2023,v2_vol1.2_be2R_noRR_shorts
2023-04-30,,,,,,,,Trading disabled for Sunday.,1.0,,,,,,2023,v2_vol1.2_be2R_noRR_shorts
2023-05-01,existing open bot position found: ORBV_US30.cash_20230501 vo,6319.0,31.0,1.0,34205.6,34063.3,142.3,,,,,,,,2023,v2_vol1.2_be2R_noRR_shorts
2023-05-02,MaxTradesPerDay reached (1/1).,14095.0,5.0,0.998107852412488,34013.4,33621.1,392.3,,,,,,,,2023,v2_vol1.2_be2R_noRR_shorts
2023-05-03,"KillSwitch already active (now=18:01, kill=16:31).",13066.0,21.0,0.9987113402061856,33756.7,33633.6,123.1,,,,,,,,2023,v2_vol1.2_be2R_noRR_shorts
2023-05-04,,2723.0,,0.9572107765451664,33452.6,33015.5,437.1,,,,,,,,2023,v2_vol1.2_be2R_noRR_shorts
2023-05-05,"KillSwitch already active (now=18:28, kill=16:31).",5149.0,15.0,0.9989875126560918,33612.0,33162.5,449.5,,,,,,,,2023,v2_vol1.2_be2R_noRR_shorts
2023-05-06,,,,,,,,Trading disabled for Saturday.,1.0,,,,,,2023,v2_vol1.2_be2R_noRR_shorts
2023-05-07,,,,,,,,Trading disabled for Sunday.,1.0,,,,,,2023,v2_vol1.2_be2R_noRR_shorts
2023-05-08,"KillSwitch already active (now=18:08, kill=16:31).",1875.0,2.0,0.9991876523151908,33775.1,33571.5,203.6,,,,,,,,2023,v2_vol1.2_be2R_noRR_shorts
2023-05-09,,,,,33650.3,33463.0,187.3,,,,,,,,2023,v2_vol1.2_be2R_noRR_shorts
2023-05-10,MaxTradesPerDay reached (1/1).,13826.0,9.0,0.9992616293379276,33781.6,33442.1,339.5,,,,"Neutral trend, policy=BlockAll",,18.0,,2023,v2_vol1.2_be2R_noRR_shorts
2023-05-11,,,,,33596.3,33105.1,491.2,,,,,,,,2023,v2_vol1.2_be2R_noRR_shorts
2023-05-12,existing open bot position found: ORBV_US30.cash_20230512 vo,17122.0,14.0,0.9996213555471412,33483.8,33293.1,190.7,,,1.0,,,,,2023,v2_vol1.2_be2R_noRR_shorts
2023-05-13,,,,,,,,Trading disabled for Saturday.,1.0,,,,,,2023,v2_vol1.2_be2R_noRR_shorts
2023-05-14,,,,,,,,Trading disabled for Sunday.,1.0,,,,,,2023,v2_vol1.2_be2R_noRR_shorts
2023-05-15,,,,,33447.8,33156.9,290.9,,,,,,,,2023,v2_vol1.2_be2R_noRR_shorts
2023-05-16,"KillSwitch already active (now=18:11, kill=16:31).",3233.0,26.0,0.9985935302390998,33337.9,33077.5,260.4,,,,,,,,2023,v2_vol1.2_be2R_noRR_shorts
2023-05-17,MaxTradesPerDay reached (1/1).,13846.0,41.0,1.0,33185.6,33038.1,147.5,,,,,,,,2023,v2_vol1.2_be2R_noRR_shorts
2023-05-18,"KillSwitch already active (now=17:30, kill=16:31).",6052.0,24.0,1.0,33476.8,33255.9,220.9,,,,,,,,2023,v2_vol1.2_be2R_noRR_shorts
2023-05-19,"KillSwitch already active (now=16:32, kill=16:31).",20085.0,10.0,0.99932478055368,33657.9,33530.3,127.6,,,,Bullish trend blocks SHORT,,128.0,,2023,v2_vol1.2_be2R_noRR_shorts
2023-05-20,,,,,,,,Trading disabled for Saturday.,1.0,,,,,,2023,v2_vol1.2_be2R_noRR_shorts
2023-05-21,,,,,,,,Trading disabled for Sunday.,1.0,,,,,,2023,v2_vol1.2_be2R_noRR_shorts
2023-05-22,,,,,33511.6,33198.6,313.0,,,,,,,,2023,v2_vol1.2_be2R_noRR_shorts
2023-05-23,"KillSwitch already active (now=18:22, kill=16:31).",9372.0,22.0,0.9980430528375732,33288.3,33109.2,179.1,,,,,,,,2023,v2_vol1.2_be2R_noRR_shorts
2023-05-24,existing open bot position found: ORBV_US30.cash_20230524 vo,11974.0,17.0,0.9989297181591152,33058.1,32810.1,248.0,,,,,,,,2023,v2_vol1.2_be2R_noRR_shorts
2023-05-25,"KillSwitch already active (now=16:35, kill=16:31).",2330.0,5.0,0.9973753280839897,32833.3,32659.4,173.9,,,,,,,,2023,v2_vol1.2_be2R_noRR_shorts
2023-05-26,,483.0,,0.9542410714285716,33137.2,32696.4,440.8,,,,,,,,2023,v2_vol1.2_be2R_noRR_shorts
2023-05-27,,,,,,,,Trading disabled for Saturday.,1.0,,,,,,2023,v2_vol1.2_be2R_noRR_shorts
2023-05-28,,,,,,,,Trading disabled for Sunday.,1.0,,,,,,2023,v2_vol1.2_be2R_noRR_shorts
2023-05-29,existing open bot position found: ORBV_US30.cash_20230529 vo,406.0,7.0,1.0,33200.7,33122.1,78.6,,,,,,,,2023,v2_vol1.2_be2R_noRR_shorts
2023-05-30,"KillSwitch already active (now=17:29, kill=16:31).",2590.0,2.0,0.9996048992493086,33187.5,32935.5,252.0,,,,,,,,2023,v2_vol1.2_be2R_noRR_shorts
2023-05-31,,280.0,,0.725181295323831,33000.8,32741.6,259.2,,,,,,,,2023,v2_vol1.2_be2R_noRR_shorts
2023-06-01,"KillSwitch already active (now=17:01, kill=16:31).",14058.0,32.0,1.0,32982.7,32681.0,301.7,,,,,,,,2023,v2_vol1.2_be2R_noRR_shorts
2023-06-02,existing open bot position found: ORBV_US30.cash_20230602 vo,15905.0,19.0,1.0,33527.4,33144.4,383.0,,,1.0,,2.0,,2.0,2023,v2_vol1.2_be2R_noRR_shorts
2023-06-03,,,,,,,,Trading disabled for Saturday.,1.0,,,,,,2023,v2_vol1.2_be2R_noRR_shorts
2023-06-04,,,,,,,,Trading disabled for Sunday.,1.0,,,,,,2023,v2_vol1.2_be2R_noRR_shorts
2023-06-05,"KillSwitch already active (now=17:29, kill=16:31).",12979.0,31.0,0.9982638888888888,33826.8,33654.9,171.9,,,,,,,,2023,v2_vol1.2_be2R_noRR_shorts
2023-06-06,"KillSwitch already active (now=17:26, kill=16:31).",3754.0,11.0,0.9970958373668926,33585.6,33484.3,101.3,,,,,,,,2023,v2_vol1.2_be2R_noRR_shorts
2023-06-07,"KillSwitch already active (now=19:13, kill=16:31).",4148.0,7.0,0.9971711456859972,33668.8,33499.5,169.3,,,,,,,,2023,v2_vol1.2_be2R_noRR_shorts
2023-06-08,MaxTradesPerDay reached (1/1).,11297.0,26.0,1.0,33752.1,33592.6,159.5,,,,,,,,2023,v2_vol1.2_be2R_noRR_shorts
2023-06-09,,1083.0,,0.9318028359216746,33945.3,33740.7,204.6,,,,,,,,2023,v2_vol1.2_be2R_noRR_shorts
2023-06-10,,,,,,,,Trading disabled for Saturday.,1.0,,,,,,2023,v2_vol1.2_be2R_noRR_shorts
2023-06-11,,,,,,,,Trading disabled for Sunday.,1.0,,,,,,2023,v2_vol1.2_be2R_noRR_shorts
2023-06-12,"KillSwitch already active (now=19:02, kill=16:31).",4115.0,22.0,0.9977628635346756,33999.2,33870.0,129.2,,,,,,,,2023,v2_vol1.2_be2R_noRR_shorts
2023-06-13,,,,,34308.6,34038.5,270.1,,,,,,,,2023,v2_vol1.2_be2R_noRR_shorts
2023-06-14,"KillSwitch already active (now=18:01, kill=16:31).",11241.0,36.0,0.9985422740524782,34196.5,34010.7,185.8,,,,,,,,2023,v2_vol1.2_be2R_noRR_shorts
2023-06-15,"KillSwitch already active (now=17:46, kill=16:31).",16787.0,24.0,1.0,34232.1,33853.6,378.5,,,1.0,,1.0,,2.0,2023,v2_vol1.2_be2R_noRR_shorts
2023-06-16,"KillSwitch already active (now=18:33, kill=16:31).",5886.0,12.0,0.9996001599360256,34573.8,34380.6,193.2,,,,,,,,2023,v2_vol1.2_be2R_noRR_shorts
2023-06-17,,,,,,,,Trading disabled for Saturday.,1.0,,,,,,2023,v2_vol1.2_be2R_noRR_shorts
2023-06-18,,,,,,,,Trading disabled for Sunday.,1.0,,,,,,2023,v2_vol1.2_be2R_noRR_shorts
2023-06-19,existing open bot position found: ORBV_US30.cash_20230619 vo,130.0,1.0,0.98159509202454,34307.7,34178.7,129.0,,,,,,,,2023,v2_vol1.2_be2R_noRR_shorts
2023-06-20,,,,,34236.3,33907.5,328.8,,,,,,,,2023,v2_vol1.2_be2R_noRR_shorts
2023-06-21,"KillSwitch already active (now=18:33, kill=16:31).",776.0,1.0,0.9945217024863042,34080.6,33870.4,210.2,,,,,,,,2023,v2_vol1.2_be2R_noRR_shorts
2023-06-22,,,,,34008.3,33821.6,186.7,,,,,,,,2023,v2_vol1.2_be2R_noRR_shorts
2023-06-23,,,,,33868.6,33622.9,245.7,,,,,,,,2023,v2_vol1.2_be2R_noRR_shorts
2023-06-24,,,,,,,,Trading disabled for Saturday.,1.0,,,,,,2023,v2_vol1.2_be2R_noRR_shorts
2023-06-25,,,,,,,,Trading disabled for Sunday.,1.0,,,,,,2023,v2_vol1.2_be2R_noRR_shorts
2023-06-26,,843.0,,0.9960681520314548,33800.7,33644.5,156.2,,,,"Neutral trend, policy=BlockAll",,14.0,,2023,v2_vol1.2_be2R_noRR_shorts
2023-06-27,"KillSwitch already active (now=17:21, kill=16:31).",11181.0,26.0,1.0,33859.5,33653.3,206.2,,,,,,,,2023,v2_vol1.2_be2R_noRR_shorts
2023-06-28,,78.0,,0.9203252032520324,33968.3,33759.1,209.2,,,,,,,,2023,v2_vol1.2_be2R_noRR_shorts
2023-06-29,"KillSwitch already active (now=17:00, kill=16:31).",8381.0,20.0,0.9986382206082616,34078.7,33810.2,268.5,,,,,,,,2023,v2_vol1.2_be2R_noRR_shorts
2023-06-30,"KillSwitch already active (now=17:27, kill=16:31).",6107.0,16.0,0.999375390381012,34401.8,34113.5,288.3,,,,,,,,2023,v2_vol1.2_be2R_noRR_shorts
2023-07-01,,,,,,,,Trading disabled for Saturday.,1.0,,,,,,2023,v2_vol1.2_be2R_noRR_shorts
2023-07-02,,,,,,,,Trading disabled for Sunday.,1.0,,,,,,2023,v2_vol1.2_be2R_noRR_shorts
2023-07-03,"KillSwitch already active (now=16:38, kill=16:31).",4241.0,16.0,1.0,34403.4,34287.6,115.8,,,,,,,,2023,v2_vol1.2_be2R_noRR_shorts
2023-07-04,,,,,34422.0,34365.1,56.9,,,,,,,,2023,v2_vol1.2_be2R_noRR_shorts
2023-07-05,,1343.0,,0.9269311064718164,34347.1,34218.0,129.1,,,,,,,,2023,v2_vol1.2_be2R_noRR_shorts
2023-07-06,,4326.0,,0.9948269001193792,34159.5,33825.2,334.3,,,,,,,,2023,v2_vol1.2_be2R_noRR_shorts
2023-07-07,"KillSwitch already active (now=16:34, kill=16:31).",5635.0,19.0,1.0,33946.5,33764.5,182.0,,,,,,,,2023,v2_vol1.2_be2R_noRR_shorts
2023-07-08,,,,,,,,Trading disabled for Saturday.,1.0,,,,,,2023,v2_vol1.2_be2R_noRR_shorts
2023-07-09,,,,,,,,Trading disabled for Sunday.,1.0,,,,,,2023,v2_vol1.2_be2R_noRR_shorts
2023-07-10,,,,,33966.2,33656.8,309.4,,,,,,,,2023,v2_vol1.2_be2R_noRR_shorts
2023-07-11,MaxTradesPerDay reached (1/1).,9625.0,41.0,1.0,34111.7,33856.7,255.0,,,,,,,,2023,v2_vol1.2_be2R_noRR_shorts
2023-07-12,,,,,34586.7,34282.8,303.9,,,,,,,,2023,v2_vol1.2_be2R_noRR_shorts
2023-07-13,existing open bot position found: ORBV_US30.cash_20230713 vo,1002.0,20.0,0.995475113122172,34471.9,34373.3,98.6,,,,,,,,2023,v2_vol1.2_be2R_noRR_shorts
2023-07-14,,,,,34599.3,34340.9,258.4,,,,,,,,2023,v2_vol1.2_be2R_noRR_shorts
2023-07-15,,,,,,,,Trading disabled for Saturday.,1.0,,,,,,2023,v2_vol1.2_be2R_noRR_shorts
2023-07-16,,,,,,,,Trading disabled for Sunday.,1.0,,,,,,2023,v2_vol1.2_be2R_noRR_shorts
2023-07-17,existing open bot position found: ORBV_US30.cash_20230717 vo,8161.0,42.0,1.0,34566.3,34406.4,159.9,,,,,,,,2023,v2_vol1.2_be2R_noRR_shorts
2023-07-18,existing open bot position found: ORBV_US30.cash_20230718 vo,13227.0,44.0,0.9996064541519089,34826.7,34516.0,310.7,,,1.0,,0.0,,1.0,2023,v2_vol1.2_be2R_noRR_shorts
2023-07-19,,,,,35234.1,34922.9,311.2,,,,,,,,2023,v2_vol1.2_be2R_noRR_shorts
2023-07-20,,8733.0,,0.9995435874030124,35291.6,35041.6,250.0,,,,,,,,2023,v2_vol1.2_be2R_noRR_shorts
2023-07-21,,3.0,,0.6755969714618522,35341.6,35176.1,165.5,,,,,,,,2023,v2_vol1.2_be2R_noRR_shorts
2023-07-22,,,,,,,,Trading disabled for Saturday.,1.0,,,,,,2023,v2_vol1.2_be2R_noRR_shorts
2023-07-23,,,,,,,,Trading disabled for Sunday.,1.0,,,,,,2023,v2_vol1.2_be2R_noRR_shorts
2023-07-24,existing open bot position found: ORBV_US30.cash_20230724 vo,10434.0,20.0,0.9983498349834984,35408.1,35231.5,176.6,,,,,,,,2023,v2_vol1.2_be2R_noRR_shorts
2023-07-25,existing open bot position found: ORBV_US30.cash_20230725 vo,7778.0,23.0,1.0,35447.0,35362.7,84.3,,,,,,,,2023,v2_vol1.2_be2R_noRR_shorts
2023-07-26,existing open bot position found: ORBV_US30.cash_20230726 vo,10351.0,34.0,1.0,35459.5,35309.7,149.8,,,,,,,,2023,v2_vol1.2_be2R_noRR_shorts
2023-07-27,"KillSwitch already active (now=17:21, kill=16:31).",14137.0,34.0,0.999420625724218,35688.0,35543.2,144.8,,,,"Neutral trend, policy=BlockAll",,1.0,,2023,v2_vol1.2_be2R_noRR_shorts
2023-07-28,,2563.0,,0.9438886472379296,35510.0,35310.9,199.1,,,,,,,,2023,v2_vol1.2_be2R_noRR_shorts
2023-07-29,,,,,,,,Trading disabled for Saturday.,1.0,,,,,,2023,v2_vol1.2_be2R_noRR_shorts
2023-07-30,,,,,,,,Trading disabled for Sunday.,1.0,,,,,,2023,v2_vol1.2_be2R_noRR_shorts
2023-07-31,"KillSwitch already active (now=20:00, kill=16:31).",864.0,16.0,0.998829496683574,35541.2,35430.7,110.5,,,,,,,,2023,v2_vol1.2_be2R_noRR_shorts
2023-08-01,,,,,35678.1,35442.3,235.8,,,,,,,,2023,v2_vol1.2_be2R_noRR_shorts
2023-08-02,"KillSwitch already active (now=18:12, kill=16:31).",8069.0,31.0,0.9986743261157754,35564.8,35347.3,217.5,,,,,,,,2023,v2_vol1.2_be2R_noRR_shorts
2023-08-03,"KillSwitch already active (now=16:44, kill=16:31).",7477.0,4.0,0.9986504723346828,35264.2,35112.7,151.5,,,,,,,,2023,v2_vol1.2_be2R_noRR_shorts
2023-08-04,existing open bot position found: ORBV_US30.cash_20230804 vo,11836.0,10.0,1.0,35416.3,35146.8,269.5,,,,,,,,2023,v2_vol1.2_be2R_noRR_shorts
2023-08-05,,,,,,,,Trading disabled for Saturday.,1.0,,,,,,2023,v2_vol1.2_be2R_noRR_shorts
2023-08-06,,,,,,,,Trading disabled for Sunday.,1.0,,,,,,2023,v2_vol1.2_be2R_noRR_shorts
2023-08-07,"KillSwitch already active (now=17:13, kill=16:31).",9926.0,31.0,1.0,35410.5,35093.4,317.1,,,,,,,,2023,v2_vol1.2_be2R_noRR_shorts
2023-08-08,,,,,35417.8,35003.9,413.9,,,,,,,,2023,v2_vol1.2_be2R_noRR_shorts
2023-08-09,existing open bot position found: ORBV_US30.cash_20230809 vo,12146.0,35.0,1.0,35410.7,35260.5,150.2,,,1.0,,,,,2023,v2_vol1.2_be2R_noRR_shorts
2023-08-10,"KillSwitch already active (now=17:56, kill=16:31).",4400.0,4.0,0.9988317757009346,35573.7,35175.7,398.0,,,,,,,,2023,v2_vol1.2_be2R_noRR_shorts
2023-08-11,,221.0,,0.8116545265348596,35342.5,35045.0,297.5,,,,,,,,2023,v2_vol1.2_be2R_noRR_shorts
2023-08-12,,,,,,,,Trading disabled for Saturday.,1.0,,,,,,2023,v2_vol1.2_be2R_noRR_shorts
2023-08-13,,,,,,,,Trading disabled for Sunday.,1.0,,,,,,2023,v2_vol1.2_be2R_noRR_shorts
2023-08-14,,,,,35394.6,35164.7,229.9,,,,,,,,2023,v2_vol1.2_be2R_noRR_shorts
2023-08-15,"KillSwitch already active (now=19:27, kill=16:31).",3498.0,26.0,0.9995240361732508,35188.2,34967.3,220.9,,,,,,,,2023,v2_vol1.2_be2R_noRR_shorts
2023-08-16,"KillSwitch already active (now=17:09, kill=16:31).",8655.0,27.0,0.9996429846483398,35134.5,34882.0,252.5,,,,,,,,2023,v2_vol1.2_be2R_noRR_shorts
2023-08-17,"KillSwitch already active (now=17:21, kill=16:31).",13927.0,36.0,0.9996429846483398,34889.9,34729.5,160.4,,,,,,,,2023,v2_vol1.2_be2R_noRR_shorts
2023-08-18,"KillSwitch already active (now=17:13, kill=16:31).",15892.0,7.0,0.999691453255168,34475.2,34260.7,214.5,,,,,,,,2023,v2_vol1.2_be2R_noRR_shorts
2023-08-19,,,,,,,,Trading disabled for Saturday.,1.0,,,,,,2023,v2_vol1.2_be2R_noRR_shorts
2023-08-20,,,,,,,,Trading disabled for Sunday.,1.0,,,,,,2023,v2_vol1.2_be2R_noRR_shorts
2023-08-21,existing open bot position found: ORBV_US30.cash_20230821 vo,6960.0,1.0,0.9953970080552358,34648.7,34341.9,306.8,,,,,,,,2023,v2_vol1.2_be2R_noRR_shorts
2023-08-22,existing open bot position found: ORBV_US30.cash_20230822 vo,15490.0,38.0,0.9995903318312168,34591.1,34357.4,233.7,,,,,,,,2023,v2_vol1.2_be2R_noRR_shorts
2023-08-23,"KillSwitch already active (now=17:05, kill=16:31).",8928.0,27.0,1.0,34445.1,34288.6,156.5,,,,,,,,2023,v2_vol1.2_be2R_noRR_shorts
2023-08-24,existing open bot position found: ORBV_US30.cash_20230824 vo,21982.0,30.0,1.0,34693.5,34392.0,301.5,,,1.0,,2.0,,2.0,2023,v2_vol1.2_be2R_noRR_shorts
2023-08-25,"KillSwitch already active (now=18:21, kill=16:31).",7945.0,1.0,0.9946151409566044,34359.1,34088.7,270.4,,,,,,,,2023,v2_vol1.2_be2R_noRR_shorts
2023-08-26,,,,,,,,Trading disabled for Saturday.,1.0,,,,,,2023,v2_vol1.2_be2R_noRR_shorts
2023-08-27,,,,,,,,Trading disabled for Sunday.,1.0,,,,,,2023,v2_vol1.2_be2R_noRR_shorts
2023-08-28,,,,,34662.7,34398.3,264.4,,,,,,,,2023,v2_vol1.2_be2R_noRR_shorts
2023-08-29,existing open bot position found: ORBV_US30.cash_20230829 vo,11909.0,40.0,0.9991119005328596,34707.4,34493.0,214.4,,,1.0,,0.0,,1.0,2023,v2_vol1.2_be2R_noRR_shorts
2023-08-30,,,,,35025.6,34793.2,232.4,,,,,,,,2023,v2_vol1.2_be2R_noRR_shorts
2023-08-31,existing open bot position found: ORBV_US30.cash_20230831 vo,16009.0,35.0,0.9990917347865578,35097.4,34940.9,156.5,,,1.0,,1.0,,1.0,2023,v2_vol1.2_be2R_noRR_shorts
2023-09-01,"KillSwitch already active (now=16:54, kill=16:31).",11808.0,10.0,0.9994821336095288,34972.6,34814.3,158.3,,,,,,,,2023,v2_vol1.2_be2R_noRR_shorts
2023-09-02,,,,,,,,Trading disabled for Saturday.,1.0,,,,,,2023,v2_vol1.2_be2R_noRR_shorts
2023-09-03,,,,,,,,Trading disabled for Sunday.,1.0,,,,,,2023,v2_vol1.2_be2R_noRR_shorts
2023-09-04,,917.0,,0.998914223669924,34935.1,34771.8,163.3,,,,,,,,2023,v2_vol1.2_be2R_noRR_shorts
2023-09-05,"KillSwitch already active (now=17:08, kill=16:31).",5992.0,29.0,1.0,34887.7,34724.2,163.5,,,,,,,,2023,v2_vol1.2_be2R_noRR_shorts
2023-09-06,"KillSwitch already active (now=16:31, kill=16:31).",15683.0,31.0,0.9995936611133686,34617.0,34481.8,135.2,,,,,,,,2023,v2_vol1.2_be2R_noRR_shorts
2023-09-07,"KillSwitch already active (now=17:18, kill=16:31).",4792.0,6.0,0.9935760171306208,34517.1,34330.7,186.4,,,,,,,,2023,v2_vol1.2_be2R_noRR_shorts
2023-09-08,,1509.0,,0.9991079393398752,34611.7,34410.6,201.1,,,,,,,,2023,v2_vol1.2_be2R_noRR_shorts
2023-09-09,,,,,,,,Trading disabled for Saturday.,1.0,,,,,,2023,v2_vol1.2_be2R_noRR_shorts
2023-09-10,,,,,,,,Trading disabled for Sunday.,1.0,,,,,,2023,v2_vol1.2_be2R_noRR_shorts
2023-09-11,,1649.0,,0.9939070830159938,34789.8,34601.7,188.1,,,,"Neutral trend, policy=BlockAll",,13.0,,2023,v2_vol1.2_be2R_noRR_shorts
2023-09-12,"KillSwitch already active (now=16:36, kill=16:31).",11332.0,25.0,1.0,34645.5,34531.9,113.6,,,1.0,,1.0,,2.0,2023,v2_vol1.2_be2R_noRR_shorts
2023-09-13,"KillSwitch already active (now=18:55, kill=16:31).",1931.0,4.0,0.9995497523638002,34773.4,34551.0,222.4,,,,,,,,2023,v2_vol1.2_be2R_noRR_shorts
2023-09-14,existing open bot position found: ORBV_US30.cash_20230914 vo,9837.0,35.0,0.9994256174612292,34825.4,34575.8,249.6,,,1.0,,,,,2023,v2_vol1.2_be2R_noRR_shorts
2023-09-15,existing open bot position found: ORBV_US30.cash_20230915 vo,16032.0,22.0,1.0,35012.3,34753.1,259.2,,,1.0,,1.0,,1.0,2023,v2_vol1.2_be2R_noRR_shorts
2023-09-16,,,,,,,,Trading disabled for Saturday.,1.0,,,,,,2023,v2_vol1.2_be2R_noRR_shorts
2023-09-17,,,,,,,,Trading disabled for Sunday.,1.0,,,,,,2023,v2_vol1.2_be2R_noRR_shorts
2023-09-18,"KillSwitch already active (now=16:31, kill=16:31).",5263.0,5.0,1.0,34680.4,34538.3,142.1,,,,"Neutral trend, policy=BlockAll",,37.0,,2023,v2_vol1.2_be2R_noRR_shorts
2023-09-19,existing open bot position found: ORBV_US30.cash_20230919 vo,7645.0,11.0,1.0,34683.6,34416.8,266.8,,,,,,,,2023,v2_vol1.2_be2R_noRR_shorts
2023-09-20,"KillSwitch already active (now=16:53, kill=16:31).",10212.0,43.0,0.9995027349577325,34693.7,34520.3,173.4,,,,,,,,2023,v2_vol1.2_be2R_noRR_shorts
2023-09-21,"KillSwitch already active (now=19:29, kill=16:31).",4230.0,26.0,1.0,34406.5,34163.9,242.6,,,,,,,,2023,v2_vol1.2_be2R_noRR_shorts
2023-09-22,"KillSwitch already active (now=17:39, kill=16:31).",3109.0,5.0,0.9985096870342772,34146.5,34000.5,146.0,,,,,,,,2023,v2_vol1.2_be2R_noRR_shorts
2023-09-23,,,,,,,,Trading disabled for Saturday.,1.0,,,,,,2023,v2_vol1.2_be2R_noRR_shorts
2023-09-24,,,,,,,,Trading disabled for Sunday.,1.0,,,,,,2023,v2_vol1.2_be2R_noRR_shorts
2023-09-25,,651.0,,0.9198913781398506,34087.6,33803.8,283.8,,,,,,,,2023,v2_vol1.2_be2R_noRR_shorts
2023-09-26,existing open bot position found: ORBV_US30.cash_20230926 vo,11936.0,25.0,1.0,33921.7,33696.6,225.1,,,,,,,,2023,v2_vol1.2_be2R_noRR_shorts
2023-09-27,existing open bot position found: ORBV_US30.cash_20230927 vo,18117.0,17.0,0.9996001599360256,33761.6,33570.8,190.8,,,1.0,,2.0,,2.0,2023,v2_vol1.2_be2R_noRR_shorts
2023-09-28,"KillSwitch already active (now=16:51, kill=16:31).",13177.0,29.0,0.999650471862985,33654.3,33453.7,200.6,,,,,,,,2023,v2_vol1.2_be2R_noRR_shorts
2023-09-29,"KillSwitch already active (now=16:53, kill=16:31).",19950.0,9.0,0.9994256174612292,33898.9,33679.3,219.6,,,,,,,,2023,v2_vol1.2_be2R_noRR_shorts
2023-09-30,,,,,,,,Trading disabled for Saturday.,1.0,,,,,,2023,v2_vol1.2_be2R_noRR_shorts
2023-10-01,,,,,,,,Trading disabled for Sunday.,1.0,,,,,,2023,v2_vol1.2_be2R_noRR_shorts
2023-10-02,"KillSwitch already active (now=16:50, kill=16:31).",12626.0,5.0,1.0,33706.7,33349.8,356.9,,,,,,,,2023,v2_vol1.2_be2R_noRR_shorts
2023-10-03,"KillSwitch already active (now=18:53, kill=16:31).",23138.0,20.0,1.0,33489.4,33110.8,378.6,,,,,,,,2023,v2_vol1.2_be2R_noRR_shorts
2023-10-04,"KillSwitch already active (now=19:18, kill=16:31).",5865.0,4.0,1.0,33091.5,32877.8,213.7,,,,,,,,2023,v2_vol1.2_be2R_noRR_shorts
2023-10-05,"KillSwitch already active (now=17:03, kill=16:31).",3991.0,4.0,0.9971408148677626,33145.9,32969.1,176.8,,,,,,,,2023,v2_vol1.2_be2R_noRR_shorts
2023-10-06,"KillSwitch already active (now=17:14, kill=16:31).",16864.0,11.0,0.9992254066615028,33219.4,32843.3,376.1,,,,,,,,2023,v2_vol1.2_be2R_noRR_shorts
2023-10-07,,,,,,,,Trading disabled for Saturday.,1.0,,,,,,2023,v2_vol1.2_be2R_noRR_shorts
2023-10-08,,,,,,,,Trading disabled for Sunday.,1.0,,,,,,2023,v2_vol1.2_be2R_noRR_shorts
2023-10-09,existing open bot position found: ORBV_US30.cash_20231009 vo,10611.0,28.0,0.9996213555471412,33419.8,33158.8,261.0,,,,,,,,2023,v2_vol1.2_be2R_noRR_shorts
2023-10-10,existing open bot position found: ORBV_US30.cash_20231010 vo,8144.0,3.0,0.9988982739625412,33792.6,33592.4,200.2,,,,,,,,2023,v2_vol1.2_be2R_noRR_shorts
2023-10-11,existing open bot position found: ORBV_US30.cash_20231011 vo,11878.0,13.0,0.9994900560938296,33886.6,33736.1,150.5,,,,"Neutral trend, policy=BlockAll",,16.0,,2023,v2_vol1.2_be2R_noRR_shorts
2023-10-12,"KillSwitch already active (now=17:09, kill=16:31).",11435.0,28.0,1.0,33973.6,33660.2,313.4,,,,,,,,2023,v2_vol1.2_be2R_noRR_shorts
2023-10-13,,570.0,,0.8600337268128162,33963.2,33574.2,389.0,,,,,,,,2023,v2_vol1.2_be2R_noRR_shorts
2023-10-14,,,,,,,,Trading disabled for Saturday.,1.0,,,,,,2023,v2_vol1.2_be2R_noRR_shorts
2023-10-15,,,,,,,,Trading disabled for Sunday.,1.0,,,,,,2023,v2_vol1.2_be2R_noRR_shorts
2023-10-16,"KillSwitch already active (now=16:59, kill=16:31).",14255.0,34.0,0.9994385176866928,33958.8,33700.3,258.5,,,,,,,,2023,v2_vol1.2_be2R_noRR_shorts
2023-10-17,"KillSwitch already active (now=17:26, kill=16:31).",8456.0,2.0,0.9973353635325468,33985.5,33810.0,175.5,,,,,,,,2023,v2_vol1.2_be2R_noRR_shorts
2023-10-18,"KillSwitch already active (now=18:42, kill=16:31).",20931.0,17.0,0.9971051785139916,33993.9,33830.3,163.6,,,1.0,,,,,2023,v2_vol1.2_be2R_noRR_shorts
2023-10-19,"KillSwitch already active (now=20:47, kill=16:31).",16888.0,20.0,1.0,33707.5,33544.3,163.2,,,,"Neutral trend, policy=BlockAll",,24.0,,2023,v2_vol1.2_be2R_noRR_shorts
2023-10-20,"KillSwitch already active (now=19:10, kill=16:31).",4019.0,4.0,0.9992810927390368,33422.0,33206.0,216.0,,,,,,,,2023,v2_vol1.2_be2R_noRR_shorts
2023-10-21,,,,,,,,Trading disabled for Saturday.,1.0,,,,,,2023,v2_vol1.2_be2R_noRR_shorts
2023-10-22,,,,,,,,Trading disabled for Sunday.,1.0,,,,,,2023,v2_vol1.2_be2R_noRR_shorts
2023-10-23,"KillSwitch already active (now=16:56, kill=16:31).",6776.0,4.0,0.9969088098918084,33132.3,32885.3,247.0,,,,,,,,2023,v2_vol1.2_be2R_noRR_shorts
2023-10-24,,538.0,,0.8628571428571429,33260.3,32947.8,312.5,,,,,,,,2023,v2_vol1.2_be2R_noRR_shorts
2023-10-25,"ClosePositionsTime already reached (now=23:23, close=20:50).",484.0,1.0,0.9734513274336284,33252.3,32990.9,261.4,,,,,,,,2023,v2_vol1.2_be2R_noRR_shorts
2023-10-26,"KillSwitch already active (now=20:02, kill=16:31).",10776.0,6.0,0.9983361064891846,33105.1,32854.5,250.6,,,,,,,,2023,v2_vol1.2_be2R_noRR_shorts
2023-10-27,"KillSwitch already active (now=17:06, kill=16:31).",21607.0,4.0,0.9993489583333334,32911.5,32662.0,249.5,,,,,,,,2023,v2_vol1.2_be2R_noRR_shorts
2023-10-28,,,,,,,,Trading disabled for Saturday.,1.0,,,,,,2023,v2_vol1.2_be2R_noRR_shorts
2023-10-29,,,,,,,,Trading disabled for Sunday.,1.0,,,,,,2023,v2_vol1.2_be2R_noRR_shorts
2023-10-30,"KillSwitch already active (now=17:30, kill=16:31).",15987.0,26.0,0.9971393543114018,32755.1,32528.6,226.5,,,,,,,,2023,v2_vol1.2_be2R_noRR_shorts
2023-10-31,,,,,33138.7,32787.6,351.1,,,,,,,,2023,v2_vol1.2_be2R_noRR_shorts
2023-11-01,"KillSwitch already active (now=19:52, kill=16:31).",7773.0,22.0,0.99932478055368,33226.4,32911.0,315.4,,,,,,,,2023,v2_vol1.2_be2R_noRR_shorts
2023-11-02,"KillSwitch already active (now=17:02, kill=16:31).",18150.0,27.0,1.0,33616.7,33294.0,322.7,,,1.0,,2.0,,3.0,2023,v2_vol1.2_be2R_noRR_shorts
2023-11-03,"KillSwitch already active (now=17:05, kill=16:31).",12907.0,3.0,0.9978308026030368,34071.9,33827.1,244.8,,,,,,,,2023,v2_vol1.2_be2R_noRR_shorts
2023-11-04,,,,,,,,Trading disabled for Saturday.,1.0,,,,,,2023,v2_vol1.2_be2R_noRR_shorts
2023-11-05,,,,,,,,Trading disabled for Sunday.,1.0,,,,,,2023,v2_vol1.2_be2R_noRR_shorts
2023-11-06,"KillSwitch already active (now=18:20, kill=16:31).",8362.0,21.0,1.0,34132.3,34067.2,65.1,,,,Bearish trend blocks LONG,,137.0,,2023,v2_vol1.2_be2R_noRR_shorts
2023-11-07,"KillSwitch already active (now=16:49, kill=16:31).",18045.0,29.0,0.998613037447989,34077.9,33973.9,104.0,,,1.0,,,,,2023,v2_vol1.2_be2R_noRR_shorts
2023-11-08,existing open bot position found: ORBV_US30.cash_20231108 vo,13462.0,20.0,0.9976470588235294,34219.2,34113.5,105.7,,,,,,,,2023,v2_vol1.2_be2R_noRR_shorts
2023-11-09,"KillSwitch already active (now=18:02, kill=16:31).",17760.0,24.0,1.0,34218.7,34079.7,139.0,,,,,,,,2023,v2_vol1.2_be2R_noRR_shorts
2023-11-10,"KillSwitch already active (now=17:33, kill=16:31).",11408.0,23.0,0.9995635093845484,34062.1,33891.3,170.8,,,,,,,,2023,v2_vol1.2_be2R_noRR_shorts
2023-11-11,,,,,,,,Trading disabled for Saturday.,1.0,,,,,,2023,v2_vol1.2_be2R_noRR_shorts
2023-11-12,,,,,,,,Trading disabled for Sunday.,1.0,,,,,,2023,v2_vol1.2_be2R_noRR_shorts
2023-11-13,"KillSwitch already active (now=16:48, kill=16:31).",12210.0,19.0,0.9987618654560462,34302.5,34187.0,115.5,,,,,,,,2023,v2_vol1.2_be2R_noRR_shorts
2023-11-14,"KillSwitch already active (now=16:53, kill=16:31).",18325.0,25.0,0.999505195447798,34741.5,34285.7,455.8,,,,,,,,2023,v2_vol1.2_be2R_noRR_shorts
2023-11-15,"KillSwitch already active (now=19:02, kill=16:31).",6263.0,4.0,0.9976617303195634,34984.6,34862.8,121.8,,,,,,,,2023,v2_vol1.2_be2R_noRR_shorts
2023-11-16,"KillSwitch already active (now=19:55, kill=16:31).",9151.0,1.0,0.9957446808510638,35001.7,34870.9,130.8,,,,,,,,2023,v2_vol1.2_be2R_noRR_shorts
2023-11-17,"KillSwitch already active (now=17:57, kill=16:31).",14236.0,11.0,0.9996480112636394,35098.9,34948.9,150.0,,,,"Neutral trend, policy=BlockAll",,221.0,,2023,v2_vol1.2_be2R_noRR_shorts
2023-11-18,,,,,,,,Trading disabled for Saturday.,1.0,,,,,,2023,v2_vol1.2_be2R_noRR_shorts
2023-11-19,,,,,,,,Trading disabled for Sunday.,1.0,,,,,,2023,v2_vol1.2_be2R_noRR_shorts
2023-11-20,"KillSwitch already active (now=16:36, kill=16:31).",14760.0,36.0,1.0,34988.1,34893.0,95.1,,,1.0,"Neutral trend, policy=BlockAll",2.0,25.0,2.0,2023,v2_vol1.2_be2R_noRR_shorts
2023-11-21,"KillSwitch already active (now=17:18, kill=16:31).",11438.0,23.0,0.9994051160023796,35150.7,35078.0,72.7,,,,"Neutral trend, policy=BlockAll",,173.0,,2023,v2_vol1.2_be2R_noRR_shorts
2023-11-22,existing open bot position found: ORBV_US30.cash_20231122 vo,15731.0,30.0,0.9992429977289932,35197.0,35087.7,109.3,,,,,,,,2023,v2_vol1.2_be2R_noRR_shorts
2023-11-23,existing open bot position found: ORBV_US30.cash_20231123 vo,995.0,6.0,0.9972299168975068,35322.4,35261.4,61.0,,,,,,,,2023,v2_vol1.2_be2R_noRR_shorts
2023-11-24,"KillSwitch already active (now=17:57, kill=16:31).",2711.0,2.0,0.996216897856242,35376.8,35302.2,74.6,,,,,,,,2023,v2_vol1.2_be2R_noRR_shorts
2023-11-25,,,,,,,,Trading disabled for Saturday.,1.0,,,,,,2023,v2_vol1.2_be2R_noRR_shorts
2023-11-26,,,,,,,,Trading disabled for Sunday.,1.0,,,,,,2023,v2_vol1.2_be2R_noRR_shorts
2023-11-27,,1022.0,,0.9968051118210862,35377.7,35300.3,77.4,,,,,,,,2023,v2_vol1.2_be2R_noRR_shorts
2023-11-28,"KillSwitch already active (now=16:31, kill=16:31).",13991.0,30.0,0.999569151227919,35366.5,35288.2,78.3,,,,"Neutral trend, policy=BlockAll",,152.0,,2023,v2_vol1.2_be2R_noRR_shorts
2023-11-29,"KillSwitch already active (now=18:04, kill=16:31).",6573.0,13.0,0.9994051160023796,35532.2,35432.9,99.3,,,,"Neutral trend, policy=BlockAll",,7.0,,2023,v2_vol1.2_be2R_noRR_shorts
2023-11-30,"KillSwitch already active (now=18:06, kill=16:31).",19028.0,23.0,1.0,35676.4,35510.1,166.3,,,,,,,,2023,v2_vol1.2_be2R_noRR_shorts
2023-12-01,"KillSwitch already active (now=17:33, kill=16:31).",13908.0,14.0,0.998914223669924,36035.0,35896.0,139.0,,,1.0,"Neutral trend, policy=BlockAll",2.0,8.0,3.0,2023,v2_vol1.2_be2R_noRR_shorts
2023-12-02,,,,,,,,Trading disabled for Saturday.,1.0,,,,,,2023,v2_vol1.2_be2R_noRR_shorts
2023-12-03,,,,,,,,Trading disabled for Sunday.,1.0,,,,,,2023,v2_vol1.2_be2R_noRR_shorts
2023-12-04,"ClosePositionsTime already reached (now=20:51, close=20:50).",978.0,2.0,0.9955201592832256,36206.7,36026.3,180.4,,,,,,,,2023,v2_vol1.2_be2R_noRR_shorts
2023-12-05,"KillSwitch already active (now=16:54, kill=16:31).",3690.0,3.0,0.9996351696461144,36187.1,36060.0,127.1,,,,"Neutral trend, policy=BlockAll",,131.0,,2023,v2_vol1.2_be2R_noRR_shorts
2023-12-06,existing open bot position found: ORBV_US30.cash_20231206 vo,6432.0,33.0,1.0,36242.8,36136.3,106.5,,,,,,,,2023,v2_vol1.2_be2R_noRR_shorts
2023-12-07,existing open bot position found: ORBV_US30.cash_20231207 vo,5087.0,12.0,1.0,36123.6,35977.4,146.2,,,,,,,,2023,v2_vol1.2_be2R_noRR_shorts
2023-12-08,"KillSwitch already active (now=18:25, kill=16:31).",12073.0,16.0,0.999684642068748,36156.7,35963.5,193.2,,,,"Neutral trend, policy=BlockAll",,10.0,,2023,v2_vol1.2_be2R_noRR_shorts
2023-12-09,,,,,,,,Trading disabled for Saturday.,1.0,,,,,,2023,v2_vol1.2_be2R_noRR_shorts
2023-12-10,,,,,,,,Trading disabled for Sunday.,1.0,,,,,,2023,v2_vol1.2_be2R_noRR_shorts
2023-12-11,"KillSwitch already active (now=16:33, kill=16:31).",15771.0,36.0,0.998894213048286,36262.6,36203.1,59.5,,,,"Neutral trend, policy=BlockAll",,316.0,,2023,v2_vol1.2_be2R_noRR_shorts
2023-12-12,"KillSwitch already active (now=20:06, kill=16:31).",4045.0,14.0,1.0,36574.2,36420.4,153.8,,,,"Neutral trend, policy=BlockAll",,290.0,,2023,v2_vol1.2_be2R_noRR_shorts
2023-12-13,"KillSwitch already active (now=18:18, kill=16:31).",14627.0,25.0,0.999586947542338,36660.5,36577.9,82.6,,,,"Neutral trend, policy=BlockAll",,317.0,,2023,v2_vol1.2_be2R_noRR_shorts
2023-12-14,"KillSwitch already active (now=18:49, kill=16:31).",3823.0,7.0,1.0,37313.8,37142.0,171.8,,,,"Neutral trend, policy=BlockAll",,52.0,,2023,v2_vol1.2_be2R_noRR_shorts
2023-12-15,MaxTradesPerDay reached (1/1).,2365.0,3.0,0.9962049335863375,37402.2,37173.5,228.7,,,,,,,,2023,v2_vol1.2_be2R_noRR_shorts
2023-12-16,,,,,,,,Trading disabled for Saturday.,1.0,,,,,,2023,v2_vol1.2_be2R_noRR_shorts
2023-12-17,,,,,,,,Trading disabled for Sunday.,1.0,,,,,,2023,v2_vol1.2_be2R_noRR_shorts
2023-12-18,"KillSwitch already active (now=19:31, kill=16:31).",2082.0,14.0,1.0,37375.5,37295.2,80.3,,,,"Neutral trend, policy=BlockAll",,10.0,,2023,v2_vol1.2_be2R_noRR_shorts
2023-12-19,existing open bot position found: ORBV_US30.cash_20231219 vo,12846.0,35.0,1.0,37399.5,37300.0,99.5,,,,,,,,2023,v2_vol1.2_be2R_noRR_shorts
2023-12-20,"KillSwitch already active (now=16:34, kill=16:31).",12890.0,25.0,0.9988249118683902,37572.0,37458.0,114.0,,,,"Neutral trend, policy=BlockAll",,10.0,,2023,v2_vol1.2_be2R_noRR_shorts
2023-12-21,MaxTradesPerDay reached (1/1).,7897.0,5.0,0.9992887624466572,37381.8,37212.5,169.3,,,,,,,,2023,v2_vol1.2_be2R_noRR_shorts
2023-12-22,existing open bot position found: ORBV_US30.cash_20231222 vo,16125.0,23.0,0.999383096853794,37379.0,37247.2,131.8,,,1.0,,1.0,,2.0,2023,v2_vol1.2_be2R_noRR_shorts
2023-12-23,,,,,,,,Trading disabled for Saturday.,1.0,,,,,,2023,v2_vol1.2_be2R_noRR_shorts
2023-12-24,,,,,,,,Trading disabled for Sunday.,1.0,,,,,,2023,v2_vol1.2_be2R_noRR_shorts
2023-12-26,existing open bot position found: ORBV_US30.cash_20231226 vo,9521.0,40.0,1.0,37466.7,37375.1,91.6,,,1.0,,,,,2023,v2_vol1.2_be2R_noRR_shorts
2023-12-27,MaxTradesPerDay reached (1/1).,14913.0,36.0,1.0,37563.5,37506.9,56.6,,,,,,,,2023,v2_vol1.2_be2R_noRR_shorts
2023-12-28,existing open bot position found: ORBV_US30.cash_20231228 vo,13756.0,34.0,1.0,37691.2,37603.6,87.6,,,,"Neutral trend, policy=BlockAll",,175.0,,2023,v2_vol1.2_be2R_noRR_shorts
2023-12-29,existing open bot position found: ORBV_US30.cash_20231229 vo,15024.0,24.0,0.9993906154783668,37787.2,37698.2,89.0,,,1.0,,1.0,,1.0,2023,v2_vol1.2_be2R_noRR_shorts
2025-01-02,"KillSwitch already active (now=17:29, kill=16:31).",39718.0,19.0,0.9987195902688861,42907.36,42624.46,282.9,,,,,,,,2025,v2_vol1.2_be2R_noRR_shorts
2025-01-03,existing open bot position found: ORBV_US30.cash_20250103 vo,19574.0,30.0,0.999537251272559,42553.16,42391.16,162.0,,,,,,,,2025,v2_vol1.2_be2R_noRR_shorts
2025-01-04,,,,,,,,Trading disabled for Saturday.,1.0,,,,,,2025,v2_vol1.2_be2R_noRR_shorts
2025-01-05,,,,,,,,Trading disabled for Sunday.,1.0,,,,,,2025,v2_vol1.2_be2R_noRR_shorts
2025-01-06,"KillSwitch already active (now=17:15, kill=16:31).",12548.0,8.0,0.9986577181208054,42949.26,42664.76,284.5,,,,,,,,2025,v2_vol1.2_be2R_noRR_shorts
2025-01-07,existing open bot position found: ORBV_US30.cash_20250107 vo,18497.0,21.0,0.9992234015014237,42880.36,42642.66,237.7,,,,,,,,2025,v2_vol1.2_be2R_noRR_shorts
2025-01-08,"KillSwitch already active (now=17:30, kill=16:31).",6570.0,1.0,0.9984259051045649,42658.16,42387.96,270.2,,,,,,,,2025,v2_vol1.2_be2R_noRR_shorts
2025-01-09,"ClosePositionsTime already reached (now=23:40, close=20:50).",84.0,1.0,0.9910802775024776,42641.96,42460.76,181.2,,,,,,,,2025,v2_vol1.2_be2R_noRR_shorts
2025-01-10,"KillSwitch already active (now=18:26, kill=16:31).",39300.0,16.0,0.9986065954482117,42653.06,42198.32,454.7,,,,,,,,2025,v2_vol1.2_be2R_noRR_shorts
2025-01-11,,,,,,,,Trading disabled for Saturday.,1.0,,,,,,2025,v2_vol1.2_be2R_noRR_shorts
2025-01-12,,,,,,,,Trading disabled for Sunday.,1.0,,,,,,2025,v2_vol1.2_be2R_noRR_shorts
2025-01-13,existing open bot position found: ORBV_US30.cash_20250113 vo,36296.0,20.0,0.999495204442201,41922.36,41734.36,188.0,,,1.0,,2.0,,2.0,2025,v2_vol1.2_be2R_noRR_shorts
2025-01-14,"KillSwitch already active (now=16:39, kill=16:31).",8440.0,9.0,1.0,42552.26,42296.26,256.0,,,,,,,,2025,v2_vol1.2_be2R_noRR_shorts
2025-01-15,_noTradeToday=true (range/day filter).,9196.0,21.0,0.9989665862900448,43227.26,42530.36,696.9,ORB range 696.9 pips >= max 500. Standing down.,1.0,,,,,,2025,v2_vol1.2_be2R_noRR_shorts
2025-01-16,,,,,43335.86,43051.36,284.5,,,,,,,,2025,v2_vol1.2_be2R_noRR_shorts
2025-01-17,"KillSwitch already active (now=16:34, kill=16:31).",21647.0,14.0,1.0,43482.06,43224.06,258.0,,,,,,,,2025,v2_vol1.2_be2R_noRR_shorts
2025-01-18,,,,,,,,Trading disabled for Saturday.,1.0,,,,,,2025,v2_vol1.2_be2R_noRR_shorts
2025-01-19,,,,,,,,Trading disabled for Sunday.,1.0,,,,,,2025,v2_vol1.2_be2R_noRR_shorts
2025-01-20,existing open bot position found: ORBV_US30.cash_20250120 vo,2306.0,7.0,1.0,43715.9,43428.46,287.4,,,,,,,,2025,v2_vol1.2_be2R_noRR_shorts
2025-01-21,"KillSwitch already active (now=16:42, kill=16:31).",24610.0,25.0,0.9991742361684559,43719.3,43577.8,141.5,,,,"Neutral trend, policy=BlockAll",,3.0,,2025,v2_vol1.2_be2R_noRR_shorts
2025-01-22,,137.0,,0.9025787965616047,44200.36,44020.16,180.2,,,,,,,,2025,v2_vol1.2_be2R_noRR_shorts
2025-01-23,existing open bot position found: ORBV_US30.cash_20250123 vo,20121.0,47.0,1.0,44221.96,44106.76,115.2,,,1.0,"Neutral trend, policy=BlockAll",2.0,199.0,2.0,2025,v2_vol1.2_be2R_noRR_shorts
2025-01-24,"KillSwitch already active (now=20:21, kill=16:31).",6026.0,8.0,0.999057492931197,44562.26,44408.46,153.8,,,,,,,,2025,v2_vol1.2_be2R_noRR_shorts
2025-01-25,,,,,,,,Trading disabled for Saturday.,1.0,,,,,,2025,v2_vol1.2_be2R_noRR_shorts
2025-01-26,,,,,,,,Trading disabled for Sunday.,1.0,,,,,,2025,v2_vol1.2_be2R_noRR_shorts
2025-01-27,"KillSwitch already active (now=16:47, kill=16:31).",39717.0,27.0,1.0,44146.26,43820.76,325.5,,,,"Neutral trend, policy=BlockAll",,818.0,,2025,v2_vol1.2_be2R_noRR_shorts
2025-01-28,"KillSwitch already active (now=17:42, kill=16:31).",19621.0,25.0,0.9990485252140818,44776.96,44598.36,178.6,,,,"Neutral trend, policy=BlockAll",,41.0,,2025,v2_vol1.2_be2R_noRR_shorts
2025-01-29,"KillSwitch already active (now=18:02, kill=16:31).",17774.0,17.0,1.0,44871.56,44748.66,122.9,,,,"Neutral trend, policy=BlockAll",,451.0,,2025,v2_vol1.2_be2R_noRR_shorts
2025-01-30,"KillSwitch already active (now=18:30, kill=16:31).",6657.0,10.0,0.9982638888888888,44917.56,44610.76,306.8,,,,,,,,2025,v2_vol1.2_be2R_noRR_shorts
2025-01-31,"KillSwitch already active (now=16:36, kill=16:31).",35074.0,20.0,0.9996733093760208,45061.86,44951.86,110.0,,,,"Neutral trend, policy=BlockAll",,142.0,,2025,v2_vol1.2_be2R_noRR_shorts
2025-02-01,,,,,,,,Trading disabled for Saturday.,1.0,,,,,,2025,v2_vol1.2_be2R_noRR_shorts
2025-02-02,,,,,,,,Trading disabled for Sunday.,1.0,,,,,,2025,v2_vol1.2_be2R_noRR_shorts
2025-02-03,"KillSwitch already active (now=16:59, kill=16:31).",37521.0,17.0,0.9996628455832771,44043.66,43845.16,198.5,,,1.0,"Neutral trend, policy=BlockAll",1.0,347.0,1.0,2025,v2_vol1.2_be2R_noRR_shorts
2025-02-04,"KillSwitch already active (now=16:52, kill=16:31).",23376.0,32.0,0.9993868792152054,44424.26,44223.76,200.5,,,,,,,,2025,v2_vol1.2_be2R_noRR_shorts
2025-02-05,existing open bot position found: ORBV_US30.cash_20250205 vo,16310.0,40.0,1.0,44588.46,44392.16,196.3,,,,,,,,2025,v2_vol1.2_be2R_noRR_shorts
2025-02-06,existing open bot position found: ORBV_US30.cash_20250206 vo,20431.0,36.0,0.9996836444163238,45049.96,44852.86,197.1,,,1.0,,3.0,,3.0,2025,v2_vol1.2_be2R_noRR_shorts
2025-02-07,existing open bot position found: ORBV_US30.cash_20250207 vo,30544.0,19.0,1.0,44812.35,44660.05,152.3,,,,Bullish trend blocks SHORT,,5.0,,2025,v2_vol1.2_be2R_noRR_shorts
2025-02-08,,,,,,,,Trading disabled for Saturday.,1.0,,,,,,2025,v2_vol1.2_be2R_noRR_shorts
2025-02-09,,,,,,,,Trading disabled for Sunday.,1.0,,,,,,2025,v2_vol1.2_be2R_noRR_shorts
2025-02-10,MaxTradesPerDay reached (1/1).,3486.0,4.0,0.999346832135859,44579.46,44354.96,224.5,,,,,,,,2025,v2_vol1.2_be2R_noRR_shorts
2025-02-11,"KillSwitch already active (now=16:32, kill=16:31).",18123.0,36.0,1.0,44409.46,44278.76,130.7,,,1.0,,1.0,,1.0,2025,v2_vol1.2_be2R_noRR_shorts
2025-02-12,MaxTradesPerDay reached (1/1).,1655.0,4.0,0.9993123997249599,44585.56,44125.56,460.0,,,,,,,,2025,v2_vol1.2_be2R_noRR_shorts
2025-02-13,"KillSwitch already active (now=19:53, kill=16:31).",8768.0,14.0,0.9981785063752276,44506.56,44227.06,279.5,,,,,,,,2025,v2_vol1.2_be2R_noRR_shorts
2025-02-14,"KillSwitch already active (now=20:29, kill=16:31).",2713.0,10.0,0.9961261759822911,44706.76,44515.06,191.7,,,,"Neutral trend, policy=BlockAll",,25.0,,2025,v2_vol1.2_be2R_noRR_shorts
2025-02-15,,,,,,,,Trading disabled for Saturday.,1.0,,,,,,2025,v2_vol1.2_be2R_noRR_shorts
2025-02-16,,,,,,,,Trading disabled for Sunday.,1.0,,,,,,2025,v2_vol1.2_be2R_noRR_shorts
2025-02-17,"KillSwitch already active (now=17:32, kill=16:31).",167.0,5.0,0.9944751381215469,44639.16,44536.16,103.0,,,,,,,,2025,v2_vol1.2_be2R_noRR_shorts
2025-02-18,existing open bot position found: ORBV_US30.cash_20250218 vo,15557.0,15.0,0.9996733093760208,44643.26,44465.26,178.0,,,,,,,,2025,v2_vol1.2_be2R_noRR_shorts
2025-02-19,existing open bot position found: ORBV_US30.cash_20250219 vo,9372.0,20.0,0.9996875976257419,44589.46,44407.66,181.8,,,,,,,,2025,v2_vol1.2_be2R_noRR_shorts
2025-02-20,MaxTradesPerDay reached (1/1).,28310.0,24.0,1.0,44583.36,44457.86,125.5,,,,,,,,2025,v2_vol1.2_be2R_noRR_shorts
2025-02-21,existing open bot position found: ORBV_US30.cash_20250221 vo,37249.0,16.0,0.9997845291962939,44247.06,43899.96,347.1,,,1.0,,9.0,,9.0,2025,v2_vol1.2_be2R_noRR_shorts
2025-02-22,,,,,,,,Trading disabled for Saturday.,1.0,,,,,,2025,v2_vol1.2_be2R_noRR_shorts
2025-02-23,,,,,,,,Trading disabled for Sunday.,1.0,,,,,,2025,v2_vol1.2_be2R_noRR_shorts
2025-02-24,"ClosePositionsTime already reached (now=20:51, close=20:50).",14395.0,19.0,0.9997436554729556,43755.66,43537.06,218.6,,,,"Neutral trend, policy=BlockAll",,22.0,,2025,v2_vol1.2_be2R_noRR_shorts
2025-02-25,existing open bot position found: ORBV_US30.cash_20250225 vo,18921.0,16.0,0.9997890740350137,43584.86,43321.26,263.6,,,,,,,,2025,v2_vol1.2_be2R_noRR_shorts
2025-02-26,existing open bot position found: ORBV_US30.cash_20250226 vo,33297.0,19.0,0.999791710060404,43780.53,43653.43,127.1,,,,,,,,2025,v2_vol1.2_be2R_noRR_shorts
2025-02-27,"KillSwitch already active (now=17:28, kill=16:31).",33701.0,12.0,0.9994874423372629,43604.53,43338.03,266.5,,,,"Neutral trend, policy=BlockAll",,318.0,,2025,v2_vol1.2_be2R_noRR_shorts
2025-02-28,"KillSwitch already active (now=17:47, kill=16:31).",22419.0,4.0,0.9996001599360256,43468.36,43262.43,205.9,,,,"Neutral trend, policy=BlockAll",,129.0,,2025,v2_vol1.2_be2R_noRR_shorts
2025-03-01,,,,,,,,Trading disabled for Saturday.,1.0,,,,,,2025,v2_vol1.2_be2R_noRR_shorts
2025-03-02,,,,,,,,Trading disabled for Sunday.,1.0,,,,,,2025,v2_vol1.2_be2R_noRR_shorts
2025-03-03,"KillSwitch already active (now=17:56, kill=16:31).",30728.0,16.0,0.999820820641462,44022.56,43738.06,284.5,,,,"Neutral trend, policy=BlockAll",,80.0,,2025,v2_vol1.2_be2R_noRR_shorts
2025-03-04,existing open bot position found: ORBV_US30.cash_20250304 vo,52446.0,13.0,0.9995800083998321,43272.56,42924.56,348.0,,,1.0,,7.0,,7.0,2025,v2_vol1.2_be2R_noRR_shorts
2025-03-05,"KillSwitch already active (now=20:19, kill=16:31).",19237.0,7.0,0.9982788296041308,42862.56,42457.56,405.0,,,,,,,,2025,v2_vol1.2_be2R_noRR_shorts
2025-03-06,,25907.0,,1.0,42890.56,42523.56,367.0,,,,"Neutral trend, policy=BlockAll",,286.0,,2025,v2_vol1.2_be2R_noRR_shorts
2025-03-07,,11067.0,,0.9373020899303356,42849.14,42362.96,486.2,,,,,,,,2025,v2_vol1.2_be2R_noRR_shorts
2025-03-08,,,,,,,,Trading disabled for Saturday.,1.0,,,,,,2025,v2_vol1.2_be2R_noRR_shorts
2025-03-09,,,,,,,,Trading disabled for Sunday.,1.0,,,,,,2025,v2_vol1.2_be2R_noRR_shorts
2025-03-10,"KillSwitch already active (now=20:31, kill=16:31).",30997.0,17.0,0.9992069785884219,42625.26,42252.26,373.0,,,,,,,,2025,v2_vol1.2_be2R_noRR_shorts
2025-03-11,,21367.0,,0.9215817694369974,42075.76,41416.06,659.7,ORB range 659.7 pips >= max 500. Standing down.,1.0,,,,,,2025,v2_vol1.2_be2R_noRR_shorts
2025-03-12,,8541.0,,0.9244242620823873,41977.05,41222.36,754.7,ORB range 754.7 pips >= max 500. Standing down.,1.0,,,,,,2025,v2_vol1.2_be2R_noRR_shorts
2025-03-13,"KillSwitch already active (now=20:36, kill=16:31).",40199.0,16.0,0.998492209750377,41386.21,41095.71,290.5,,,1.0,,,,,2025,v2_vol1.2_be2R_noRR_shorts
2025-03-14,"KillSwitch already active (now=18:43, kill=16:31).",31945.0,3.0,1.0,41245.81,40905.31,340.5,,,,,,,,2025,v2_vol1.2_be2R_noRR_shorts
2025-03-15,,,,,,,,Trading disabled for Saturday.,1.0,,,,,,2025,v2_vol1.2_be2R_noRR_shorts
2025-03-16,,,,,,,,Trading disabled for Sunday.,1.0,,,,,,2025,v2_vol1.2_be2R_noRR_shorts
2025-03-17,_noTradeToday=true (range/day filter).,15713.0,23.0,0.9989200863930886,41762.11,41217.81,544.3,ORB range 544.3 pips >= max 500. Standing down.,1.0,,,,,,2025,v2_vol1.2_be2R_noRR_shorts
2025-03-18,existing open bot position found: ORBV_US30.cash_20250318 vo,22911.0,18.0,0.9997817070508622,41873.61,41575.71,297.9,,,1.0,,,,,2025,v2_vol1.2_be2R_noRR_shorts
2025-03-19,"KillSwitch already active (now=20:48, kill=16:31).",18173.0,22.0,0.9985528219971057,41846.91,41540.11,306.8,,,,,,,,2025,v2_vol1.2_be2R_noRR_shorts
2025-03-20,,2794.0,,0.9230180007659899,42200.81,41678.51,522.3,ORB range 522.3 pips >= max 500. Standing down.,1.0,,,,,,2025,v2_vol1.2_be2R_noRR_shorts
2025-03-21,_noTradeToday=true (range/day filter).,5764.0,2.0,0.9991708126036485,41921.41,41417.81,503.6,ORB range 503.6 pips >= max 500. Standing down.,1.0,,,,,,2025,v2_vol1.2_be2R_noRR_shorts
2025-03-22,,,,,,,,Trading disabled for Saturday.,1.0,,,,,,2025,v2_vol1.2_be2R_noRR_shorts
2025-03-23,,,,,,,,Trading disabled for Sunday.,1.0,,,,,,2025,v2_vol1.2_be2R_noRR_shorts
2025-03-24,existing open bot position found: ORBV_US30.cash_20250324 vo,6463.0,17.0,0.9996001599360256,42546.41,42271.61,274.8,,,,,,,,2025,v2_vol1.2_be2R_noRR_shorts
2025-03-25,"KillSwitch already active (now=18:07, kill=16:31).",827.0,2.0,0.9957545349285989,42698.71,42482.41,216.3,,,,,,,,2025,v2_vol1.2_be2R_noRR_shorts
2025-03-26,"KillSwitch already active (now=16:57, kill=16:31).",19415.0,18.0,0.9998039600078416,42825.41,42511.41,314.0,,,,,,,,2025,v2_vol1.2_be2R_noRR_shorts
2025-03-27,,,,,42561.11,42148.41,412.7,,,,,,,,2025,v2_vol1.2_be2R_noRR_shorts
2025-03-28,existing open bot position found: ORBV_US30.cash_20250328 vo,30992.0,9.0,0.9997826559443599,42303.31,41820.31,483.0,,,1.0,,2.0,,2.0,2025,v2_vol1.2_be2R_noRR_shorts
2025-03-29,,,,,,,,Trading disabled for Saturday.,1.0,,,,,,2025,v2_vol1.2_be2R_noRR_shorts
2025-03-30,,,,,,,,Trading disabled for Sunday.,1.0,,,,,,2025,v2_vol1.2_be2R_noRR_shorts
2025-03-31,"KillSwitch already active (now=18:10, kill=16:31).",36467.0,25.0,1.0,41491.01,41145.51,345.5,,,,,,,,2025,v2_vol1.2_be2R_noRR_shorts
2025-04-01,"KillSwitch already active (now=16:33, kill=16:31).",12495.0,12.0,1.0,41977.91,41498.01,479.9,,,,,,,,2025,v2_vol1.2_be2R_noRR_shorts
2025-04-02,"KillSwitch already active (now=16:50, kill=16:31).",39381.0,27.0,0.99953509995351,41999.71,41603.71,396.0,,,,,,,,2025,v2_vol1.2_be2R_noRR_shorts
2025-04-03,_noTradeToday=true (range/day filter).,9113.0,24.0,0.9987720016373312,41250.41,40599.21,651.2,ORB range 651.2 pips >= max 500. Standing down.,1.0,,,,,,2025,v2_vol1.2_be2R_noRR_shorts
2025-04-04,,33674.0,,0.9916630100921456,40275.51,38935.01,1340.5,ORB range 1340.5 pips >= max 500. Standing down.,1.0,,,,,,2025,v2_vol1.2_be2R_noRR_shorts
2025-04-05,,,,,,,,Trading disabled for Saturday.,1.0,,,,,,2025,v2_vol1.2_be2R_noRR_shorts
2025-04-06,,,,,,,,Trading disabled for Sunday.,1.0,,,,,,2025,v2_vol1.2_be2R_noRR_shorts
2025-04-07,,,,,39212.1,36604.71,2607.4,ORB range 2607.4 pips >= max 500. Standing down.,1.0,,,,,,2025,v2_vol1.2_be2R_noRR_shorts
2025-04-08,_noTradeToday=true (range/day filter).,38759.0,17.0,1.0,39438.71,38573.91,864.8,ORB range 864.8 pips >= max 500. Standing down.,1.0,,,,,,2025,v2_vol1.2_be2R_noRR_shorts
2025-04-09,_noTradeToday=true (range/day filter).,27037.0,41.0,0.9998270195467912,38021.51,36724.21,1297.3,ORB range 1297.3 pips >= max 500. Standing down.,1.0,,,,,,2025,v2_vol1.2_be2R_noRR_shorts
2025-04-10,_noTradeToday=true (range/day filter).,36840.0,7.0,0.9992069785884219,40269.41,39536.21,733.2,ORB range 733.2 pips >= max 500. Standing down.,1.0,,,,,,2025,v2_vol1.2_be2R_noRR_shorts
2025-04-11,,27684.0,,0.936007640878701,39924.61,39256.41,668.2,ORB range 668.2 pips >= max 500. Standing down.,1.0,,,,,,2025,v2_vol1.2_be2R_noRR_shorts
2025-04-12,,,,,,,,Trading disabled for Saturday.,1.0,,,,,,2025,v2_vol1.2_be2R_noRR_shorts
2025-04-13,,,,,,,,Trading disabled for Sunday.,1.0,,,,,,2025,v2_vol1.2_be2R_noRR_shorts
2025-04-14,"KillSwitch already active (now=20:20, kill=16:31).",20694.0,16.0,0.99967958987504,40771.71,40457.51,314.2,,,,,,,,2025,v2_vol1.2_be2R_noRR_shorts
2025-04-15,"KillSwitch already active (now=20:29, kill=16:31).",1765.0,20.0,1.0,40802.41,40330.61,471.8,,,,,,,,2025,v2_vol1.2_be2R_noRR_shorts
2025-04-16,_noTradeToday=true (range/day filter).,24441.0,22.0,1.0,40512.81,40002.31,510.5,ORB range 510.5 pips >= max 500. Standing down.,1.0,,,,,,2025,v2_vol1.2_be2R_noRR_shorts
2025-04-17,,2463.0,,0.8893994092550049,40044.91,39025.01,1019.9,ORB range 1019.9 pips >= max 500. Standing down.,1.0,,,,,,2025,v2_vol1.2_be2R_noRR_shorts
2025-04-19,,,,,,,,Trading disabled for Saturday.,1.0,,,,,,2025,v2_vol1.2_be2R_noRR_shorts
2025-04-20,,,,,,,,Trading disabled for Sunday.,1.0,,,,,,2025,v2_vol1.2_be2R_noRR_shorts
2025-04-21,_noTradeToday=true (range/day filter).,35569.0,21.0,0.9989373007438895,38887.01,38373.41,513.6,ORB range 513.6 pips >= max 500. Standing down.,1.0,,,,,,2025,v2_vol1.2_be2R_noRR_shorts
2025-04-22,existing open bot position found: ORBV_US30.cash_20250422 vo,34369.0,30.0,1.0,38871.11,38413.11,458.0,,,1.0,,3.0,,4.0,2025,v2_vol1.2_be2R_noRR_shorts
2025-04-23,_noTradeToday=true (range/day filter).,26605.0,15.0,0.9981515711645101,40378.21,39738.41,639.8,ORB range 639.8 pips >= max 500. Standing down.,1.0,,,,,,2025,v2_vol1.2_be2R_noRR_shorts
2025-04-24,_noTradeToday=true (range/day filter).,29124.0,23.0,0.9995414947271893,39828.71,39237.41,591.3,ORB range 591.3 pips >= max 500. Standing down.,1.0,,,,,,2025,v2_vol1.2_be2R_noRR_shorts
2025-04-25,,41.0,,0.5009183503088996,40166.21,39699.51,466.7,,,,,,,,2025,v2_vol1.2_be2R_noRR_shorts
2025-04-26,,,,,,,,Trading disabled for Saturday.,1.0,,,,,,2025,v2_vol1.2_be2R_noRR_shorts
2025-04-27,,,,,,,,Trading disabled for Sunday.,1.0,,,,,,2025,v2_vol1.2_be2R_noRR_shorts
2025-04-28,"KillSwitch already active (now=17:31, kill=16:31).",7554.0,1.0,0.9989969909729187,40419.11,39986.31,432.8,,,,,,,,2025,v2_vol1.2_be2R_noRR_shorts
2025-04-29,"KillSwitch already active (now=17:41, kill=16:31).",23138.0,23.0,1.0,40466.71,40187.41,279.3,,,,,,,,2025,v2_vol1.2_be2R_noRR_shorts
2025-04-30,_noTradeToday=true (range/day filter).,5526.0,16.0,0.998766954377312,40615.01,39731.81,883.2,ORB range 883.2 pips >= max 500. Standing down.,1.0,,,,,,2025,v2_vol1.2_be2R_noRR_shorts
2025-05-01,existing open bot position found: ORBV_US30.cash_20250501 vo,6935.0,20.0,1.0,41015.51,40755.31,260.2,,,,,,,,2025,v2_vol1.2_be2R_noRR_shorts
2025-05-02,existing open bot position found: ORBV_US30.cash_20250502 vo,21829.0,13.0,0.9987141020145734,41264.61,40855.31,409.3,,,,,,,,2025,v2_vol1.2_be2R_noRR_shorts
2025-05-03,,,,,,,,Trading disabled for Saturday.,1.0,,,,,,2025,v2_vol1.2_be2R_noRR_shorts
2025-05-04,,,,,,,,Trading disabled for Sunday.,1.0,,,,,,2025,v2_vol1.2_be2R_noRR_shorts
2025-05-05,"KillSwitch already active (now=16:33, kill=16:31).",21679.0,13.0,1.0,41279.01,40999.61,279.4,,,,,,,,2025,v2_vol1.2_be2R_noRR_shorts
2025-05-06,"KillSwitch already active (now=20:29, kill=16:31).",7330.0,19.0,0.9995240361732508,41068.31,40748.91,319.4,,,,"Neutral trend, policy=BlockAll",,100.0,,2025,v2_vol1.2_be2R_noRR_shorts
2025-05-07,"KillSwitch already active (now=17:01, kill=16:31).",8459.0,11.0,0.9988462172408109,41142.31,40945.31,197.0,,,,"Neutral trend, policy=BlockAll",,1.0,,2025,v2_vol1.2_be2R_noRR_shorts
2025-05-08,existing open bot position found: ORBV_US30.cash_20250508 vo,23383.0,11.0,0.9996170049789352,41525.21,41165.01,360.2,,,1.0,"Neutral trend, policy=BlockAll",2.0,1.0,2.0,2025,v2_vol1.2_be2R_noRR_shorts
2025-05-09,"KillSwitch already active (now=16:40, kill=16:31).",19507.0,4.0,0.9993454069386865,41523.31,41266.61,256.7,,,,"Neutral trend, policy=BlockAll",,18.0,,2025,v2_vol1.2_be2R_noRR_shorts
2025-05-10,,,,,,,,Trading disabled for Saturday.,1.0,,,,,,2025,v2_vol1.2_be2R_noRR_shorts
2025-05-11,,,,,,,,Trading disabled for Sunday.,1.0,,,,,,2025,v2_vol1.2_be2R_noRR_shorts
2025-05-12,"KillSwitch already active (now=20:00, kill=16:31).",4010.0,19.0,0.9967186218211649,42375.41,42005.41,370.0,,,,,,,,2025,v2_vol1.2_be2R_noRR_shorts
2025-05-13,,302.0,,0.9108998452354632,42381.51,42129.21,252.3,,,,,,,,2025,v2_vol1.2_be2R_noRR_shorts
2025-05-14,"KillSwitch already active (now=16:39, kill=16:31).",19968.0,32.0,0.9997462572951027,42257.61,42089.91,167.7,,,,"Neutral trend, policy=BlockAll",,35.0,,2025,v2_vol1.2_be2R_noRR_shorts
2025-05-15,"KillSwitch already active (now=17:04, kill=16:31).",27514.0,30.0,1.0,41978.41,41772.11,206.3,,,,,,,,2025,v2_vol1.2_be2R_noRR_shorts
2025-05-16,"KillSwitch already active (now=16:51, kill=16:31).",13010.0,26.0,0.9996711608023676,42459.51,42230.61,228.9,,,,,,,,2025,v2_vol1.2_be2R_noRR_shorts
2025-05-17,,,,,,,,Trading disabled for Saturday.,1.0,,,,,,2025,v2_vol1.2_be2R_noRR_shorts
2025-05-18,,,,,,,,Trading disabled for Sunday.,1.0,,,,,,2025,v2_vol1.2_be2R_noRR_shorts
2025-05-19,"KillSwitch already active (now=16:52, kill=16:31).",16634.0,33.0,0.9996599795987758,42675.71,42235.91,439.8,,,,,,,,2025,v2_vol1.2_be2R_noRR_shorts
2025-05-20,existing open bot position found: ORBV_US30.cash_20250520 vo,8679.0,21.0,0.9997619614377529,42814.81,42636.61,178.2,,,,,,,,2025,v2_vol1.2_be2R_noRR_shorts
2025-05-21,"KillSwitch already active (now=17:17, kill=16:31).",24805.0,20.0,0.999104744852283,42508.31,42224.61,283.7,,,,,,,,2025,v2_vol1.2_be2R_noRR_shorts
2025-05-22,"KillSwitch already active (now=17:56, kill=16:31).",16805.0,8.0,0.9992912827781715,41933.11,41612.94,320.2,,,,,,,,2025,v2_vol1.2_be2R_noRR_shorts
2025-05-23,,,,,41942.11,41167.61,774.5,ORB range 774.5 pips >= max 500. Standing down.,1.0,,,,,,2025,v2_vol1.2_be2R_noRR_shorts
2025-05-24,,,,,,,,Trading disabled for Saturday.,1.0,,,,,,2025,v2_vol1.2_be2R_noRR_shorts
2025-05-25,,,,,,,,Trading disabled for Sunday.,1.0,,,,,,2025,v2_vol1.2_be2R_noRR_shorts
2025-05-26,"ClosePositionsTime already reached (now=23:05, close=20:50).",1761.0,10.0,1.0,42104.21,41999.91,104.3,,,,"Neutral trend, policy=BlockAll",,160.0,,2025,v2_vol1.2_be2R_noRR_shorts
2025-05-27,existing open bot position found: ORBV_US30.cash_20250527 vo,14609.0,42.0,1.0,42188.21,41874.41,313.8,,,1.0,,1.0,,1.0,2025,v2_vol1.2_be2R_noRR_shorts
2025-05-28,existing open bot position found: ORBV_US30.cash_20250528 vo,18063.0,26.0,0.9995497523638002,42446.01,42212.81,233.2,,,,,,,,2025,v2_vol1.2_be2R_noRR_shorts
2025-05-29,_noTradeToday=true (range/day filter).,7097.0,5.0,0.9970014992503747,42685.41,42054.21,631.2,ORB range 631.2 pips >= max 500. Standing down.,1.0,,,,,,2025,v2_vol1.2_be2R_noRR_shorts
2025-05-30,"KillSwitch already active (now=16:34, kill=16:31).",6530.0,3.0,0.9988340458608628,42279.31,41933.51,345.8,,,,,,,,2025,v2_vol1.2_be2R_noRR_shorts
2025-05-31,,,,,,,,Trading disabled for Saturday.,1.0,,,,,,2025,v2_vol1.2_be2R_noRR_shorts
2025-06-01,,,,,,,,Trading disabled for Sunday.,1.0,,,,,,2025,v2_vol1.2_be2R_noRR_shorts
2025-06-02,"KillSwitch already active (now=18:17, kill=16:31).",9411.0,25.0,0.9989594172736733,42161.41,41838.21,323.2,,,,,,,,2025,v2_vol1.2_be2R_noRR_shorts
2025-06-03,existing open bot position found: ORBV_US30.cash_20250603 vo,19010.0,51.0,1.0,42367.11,42061.41,305.7,,,1.0,,,,,2025,v2_vol1.2_be2R_noRR_shorts
2025-06-04,"KillSwitch already active (now=19:41, kill=16:31).",2827.0,28.0,0.9991484530229917,42648.71,42480.41,168.3,,,,,,,,2025,v2_vol1.2_be2R_noRR_shorts
2025-06-05,"KillSwitch already active (now=19:24, kill=16:31).",928.0,1.0,0.9971557637610841,42670.11,42228.91,441.2,,,,,,,,2025,v2_vol1.2_be2R_noRR_shorts
2025-06-06,,,,,42930.21,42406.41,523.8,ORB range 523.8 pips >= max 500. Standing down.,1.0,,,,,,2025,v2_vol1.2_be2R_noRR_shorts
2025-06-07,,,,,,,,Trading disabled for Saturday.,1.0,,,,,,2025,v2_vol1.2_be2R_noRR_shorts
2025-06-08,,,,,,,,Trading disabled for Sunday.,1.0,,,,,,2025,v2_vol1.2_be2R_noRR_shorts
2025-06-09,"KillSwitch already active (now=18:02, kill=16:31).",6597.0,9.0,0.9995100440960314,42840.31,42610.61,229.7,,,,,,,,2025,v2_vol1.2_be2R_noRR_shorts
2025-06-10,MaxTradesPerDay reached (1/1).,14044.0,39.0,1.0,42805.41,42644.11,161.3,,,,,,,,2025,v2_vol1.2_be2R_noRR_shorts
2025-06-11,"KillSwitch already active (now=17:36, kill=16:31).",2387.0,3.0,0.9996184662342616,43051.54,42717.31,334.2,,,,,,,,2025,v2_vol1.2_be2R_noRR_shorts
2025-06-12,MaxTradesPerDay reached (1/1).,15774.0,44.0,0.9996184662342616,42870.91,42557.11,313.8,,,,,,,,2025,v2_vol1.2_be2R_noRR_shorts
2025-06-13,"KillSwitch already active (now=18:16, kill=16:31).",13696.0,2.0,0.9967320261437908,42597.61,42255.21,342.4,,,,,,,,2025,v2_vol1.2_be2R_noRR_shorts
2025-06-14,,,,,,,,Trading disabled for Saturday.,1.0,,,,,,2025,v2_vol1.2_be2R_noRR_shorts
2025-06-15,,,,,,,,Trading disabled for Sunday.,1.0,,,,,,2025,v2_vol1.2_be2R_noRR_shorts
2025-06-16,"ClosePositionsTime already reached (now=23:51, close=20:50).",339.0,2.0,0.9995100440960314,42710.71,42302.91,407.8,,,,,,,,2025,v2_vol1.2_be2R_noRR_shorts
2025-06-17,"KillSwitch already active (now=19:41, kill=16:31).",9420.0,22.0,1.0,42494.11,42204.21,289.9,,,,,,,,2025,v2_vol1.2_be2R_noRR_shorts
2025-06-18,"KillSwitch already active (now=19:01, kill=16:31).",3327.0,17.0,1.0,42485.71,42156.81,328.9,,,,,,,,2025,v2_vol1.2_be2R_noRR_shorts
2025-06-19,"ClosePositionsTime already reached (now=22:48, close=20:50).",132.0,1.0,0.9884467265725289,42046.31,41749.61,296.7,,,,,,,,2025,v2_vol1.2_be2R_noRR_shorts
2025-06-20,,,,,42426.21,42040.91,385.3,,,,,,,,2025,v2_vol1.2_be2R_noRR_shorts
2025-06-21,,,,,,,,Trading disabled for Saturday.,1.0,,,,,,2025,v2_vol1.2_be2R_noRR_shorts
2025-06-22,,,,,,,,Trading disabled for Sunday.,1.0,,,,,,2025,v2_vol1.2_be2R_noRR_shorts
2025-06-23,"KillSwitch already active (now=16:35, kill=16:31).",15449.0,37.0,0.9996184662342616,42431.91,42070.21,361.7,,,,,,,,2025,v2_vol1.2_be2R_noRR_shorts
2025-06-24,existing open bot position found: ORBV_US30.cash_20250624 vo,12854.0,37.0,0.9995615957913196,42987.51,42785.51,202.0,,,1.0,,,,,2025,v2_vol1.2_be2R_noRR_shorts
2025-06-25,"KillSwitch already active (now=16:49, kill=16:31).",14044.0,34.0,1.0,43124.31,42993.91,130.4,,,,,,,,2025,v2_vol1.2_be2R_noRR_shorts
2025-06-26,existing open bot position found: ORBV_US30.cash_20250626 vo,15061.0,57.0,1.0,43251.41,43044.01,207.4,,,1.0,,1.0,,2.0,2025,v2_vol1.2_be2R_noRR_shorts
2025-06-27,existing open bot position found: ORBV_US30.cash_20250627 vo,12380.0,27.0,1.0,43737.91,43506.51,231.4,,,1.0,,2.0,,2.0,2025,v2_vol1.2_be2R_noRR_shorts
2025-06-28,,,,,,,,Trading disabled for Saturday.,1.0,,,,,,2025,v2_vol1.2_be2R_noRR_shorts
2025-06-29,,,,,,,,Trading disabled for Sunday.,1.0,,,,,,2025,v2_vol1.2_be2R_noRR_shorts
2025-06-30,"KillSwitch already active (now=17:58, kill=16:31).",2949.0,8.0,0.9988038277511962,44075.71,43920.71,155.0,,,,,,,,2025,v2_vol1.2_be2R_noRR_shorts
2025-07-01,existing open bot position found: ORBV_US30.cash_20250701 vo,25290.0,31.0,1.0,44331.71,43987.51,344.2,,,1.0,,2.0,,2.0,2025,v2_vol1.2_be2R_noRR_shorts
2025-07-02,,,,,44618.31,44339.41,278.9,,,,,,,,2025,v2_vol1.2_be2R_noRR_shorts
2025-07-03,existing open bot position found: ORBV_US30.cash_20250703 vo,7593.0,9.0,1.0,44802.31,44457.31,345.0,,,,,,,,2025,v2_vol1.2_be2R_noRR_shorts
2025-07-04,,142.0,,0.9923664122137404,44618.61,44500.21,118.4,,,,"Neutral trend, policy=BlockAll",,49.0,,2025,v2_vol1.2_be2R_noRR_shorts
2025-07-05,,,,,,,,Trading disabled for Saturday.,1.0,,,,,,2025,v2_vol1.2_be2R_noRR_shorts
2025-07-06,,,,,,,,Trading disabled for Sunday.,1.0,,,,,,2025,v2_vol1.2_be2R_noRR_shorts
2025-07-07,existing open bot position found: ORBV_US30.cash_20250707 vo,24246.0,62.0,1.0,44849.21,44613.31,235.9,,,1.0,,4.0,,4.0,2025,v2_vol1.2_be2R_noRR_shorts
2025-07-08,existing open bot position found: ORBV_US30.cash_20250708 vo,4170.0,21.0,1.0,44435.71,44242.21,193.5,,,,,,,,2025,v2_vol1.2_be2R_noRR_shorts
2025-07-09,,600.0,,0.8606173994387277,44563.21,44256.01,307.2,,,,,,,,2025,v2_vol1.2_be2R_noRR_shorts
2025-07-10,existing open bot position found: ORBV_US30.cash_20250710 vo,15380.0,31.0,1.0,44595.51,44318.41,277.1,,,1.0,,,,,2025,v2_vol1.2_be2R_noRR_shorts
2025-07-11,,,,,44433.51,44258.91,174.6,,,,,,,,2025,v2_vol1.2_be2R_noRR_shorts
2025-07-12,,,,,,,,Trading disabled for Saturday.,1.0,,,,,,2025,v2_vol1.2_be2R_noRR_shorts
2025-07-13,,,,,,,,Trading disabled for Sunday.,1.0,,,,,,2025,v2_vol1.2_be2R_noRR_shorts
2025-07-14,"KillSwitch already active (now=18:31, kill=16:31).",1603.0,8.0,1.0,44442.11,44154.11,288.0,,,,,,,,2025,v2_vol1.2_be2R_noRR_shorts
2025-07-15,existing open bot position found: ORBV_US30.cash_20250715 vo,22768.0,39.0,1.0,44513.11,44241.21,271.9,,,1.0,,2.0,,2.0,2025,v2_vol1.2_be2R_noRR_shorts
2025-07-16,"KillSwitch already active (now=19:01, kill=16:31).",6068.0,5.0,1.0,44237.41,43965.41,272.0,,,,"Neutral trend, policy=BlockAll",,218.0,,2025,v2_vol1.2_be2R_noRR_shorts
2025-07-17,"KillSwitch already active (now=18:25, kill=16:31).",5672.0,35.0,0.9994447529150472,44479.01,44133.11,345.9,,,,,,,,2025,v2_vol1.2_be2R_noRR_shorts
2025-07-18,existing open bot position found: ORBV_US30.cash_20250718 vo,9518.0,12.0,0.9991673605328893,44607.11,44293.61,313.5,,,,,,,,2025,v2_vol1.2_be2R_noRR_shorts
2025-07-19,,,,,,,,Trading disabled for Saturday.,1.0,,,,,,2025,v2_vol1.2_be2R_noRR_shorts
2025-07-20,,,,,,,,Trading disabled for Sunday.,1.0,,,,,,2025,v2_vol1.2_be2R_noRR_shorts
2025-07-21,existing open bot position found: ORBV_US30.cash_20250721 vo,9221.0,11.0,0.9991603694374476,44528.51,44358.91,169.6,,,,,,,,2025,v2_vol1.2_be2R_noRR_shorts
2025-07-22,"KillSwitch already active (now=17:29, kill=16:31).",6096.0,26.0,0.9968968192397206,44465.31,44218.41,246.9,,,,,,,,2025,v2_vol1.2_be2R_noRR_shorts
2025-07-23,existing open bot position found: ORBV_US30.cash_20250723 vo,15850.0,41.0,1.0,44788.81,44611.21,177.6,,,1.0,"Neutral trend, policy=BlockAll",1.0,372.0,1.0,2025,v2_vol1.2_be2R_noRR_shorts
2025-07-24,,,,,44929.61,44662.61,267.0,,,,,,,,2025,v2_vol1.2_be2R_noRR_shorts
2025-07-25,"KillSwitch already active (now=16:56, kill=16:31).",9100.0,22.0,0.9987357774968395,44801.41,44634.51,166.9,,,,"Neutral trend, policy=BlockAll",,2.0,,2025,v2_vol1.2_be2R_noRR_shorts
2025-07-26,,,,,,,,Trading disabled for Saturday.,1.0,,,,,,2025,v2_vol1.2_be2R_noRR_shorts
2025-07-27,,,,,,,,Trading disabled for Sunday.,1.0,,,,,,2025,v2_vol1.2_be2R_noRR_shorts
2025-07-28,"KillSwitch already active (now=17:59, kill=16:31).",2427.0,14.0,0.9981740718198416,45031.31,44783.31,248.0,,,,,,,,2025,v2_vol1.2_be2R_noRR_shorts
2025-07-29,existing open bot position found: ORBV_US30.cash_20250729 vo,18817.0,44.0,1.0,44947.11,44758.51,188.6,,,,,,,,2025,v2_vol1.2_be2R_noRR_shorts
2025-07-30,"KillSwitch already active (now=18:36, kill=16:31).",9757.0,16.0,0.9996645420999664,44736.91,44561.81,175.1,,,,,,,,2025,v2_vol1.2_be2R_noRR_shorts
2025-07-31,"KillSwitch already active (now=17:25, kill=16:31).",20584.0,38.0,0.999776835527784,44682.01,44428.51,253.5,,,,,,,,2025,v2_vol1.2_be2R_noRR_shorts
2025-08-01,,,,,43882.91,43315.71,567.2,ORB range 567.2 pips >= max 500. Standing down.,1.0,,,,,,2025,v2_vol1.2_be2R_noRR_shorts
2025-08-02,,,,,,,,Trading disabled for Saturday.,1.0,,,,,,2025,v2_vol1.2_be2R_noRR_shorts
2025-08-03,,,,,,,,Trading disabled for Sunday.,1.0,,,,,,2025,v2_vol1.2_be2R_noRR_shorts
2025-08-04,existing open bot position found: ORBV_US30.cash_20250804 vo,18934.0,39.0,1.0,44034.51,43754.61,279.9,,,1.0,,,,,2025,v2_vol1.2_be2R_noRR_shorts
2025-08-05,,2989.0,,0.9685430463576159,44295.81,44005.91,289.9,,,,,,,,2025,v2_vol1.2_be2R_noRR_shorts
2025-08-06,,,,,44356.51,44007.01,349.5,,,,,,,,2025,v2_vol1.2_be2R_noRR_shorts
2025-08-07,"KillSwitch already active (now=16:41, kill=16:31).",26400.0,26.0,0.9997275946608553,44501.41,44040.91,460.5,,,,,,,,2025,v2_vol1.2_be2R_noRR_shorts
2025-08-08,,,,,44277.81,44011.31,266.5,,,,,,,,2025,v2_vol1.2_be2R_noRR_shorts
2025-08-09,,,,,,,,Trading disabled for Saturday.,1.0,,,,,,2025,v2_vol1.2_be2R_noRR_shorts
2025-08-10,,,,,,,,Trading disabled for Sunday.,1.0,,,,,,2025,v2_vol1.2_be2R_noRR_shorts
2025-08-11,existing open bot position found: ORBV_US30.cash_20250811 vo,15176.0,38.0,1.0,44316.41,44062.41,254.0,,,,,,,,2025,v2_vol1.2_be2R_noRR_shorts
2025-08-12,"KillSwitch already active (now=16:56, kill=16:31).",7955.0,36.0,1.0,44444.21,43948.91,495.3,,,,,,,,2025,v2_vol1.2_be2R_noRR_shorts
2025-08-13,"KillSwitch already active (now=19:22, kill=16:31).",4030.0,28.0,1.0,44892.11,44503.11,389.0,,,,,,,,2025,v2_vol1.2_be2R_noRR_shorts
2025-08-14,"KillSwitch already active (now=20:12, kill=16:31).",3878.0,17.0,0.9997537552327013,44972.41,44706.31,266.1,,,,,,,,2025,v2_vol1.2_be2R_noRR_shorts
2025-08-15,,,,,45270.31,44893.61,376.7,,,,,,,,2025,v2_vol1.2_be2R_noRR_shorts
2025-08-16,,,,,,,,Trading disabled for Saturday.,1.0,,,,,,2025,v2_vol1.2_be2R_noRR_shorts
2025-08-17,,,,,,,,Trading disabled for Sunday.,1.0,,,,,,2025,v2_vol1.2_be2R_noRR_shorts
2025-08-18,,,,,44998.31,44821.91,176.4,,,,,,,,2025,v2_vol1.2_be2R_noRR_shorts
2025-08-19,,738.0,,0.921970818354832,45186.61,44759.21,427.4,,,,,,,,2025,v2_vol1.2_be2R_noRR_shorts
2025-08-20,,492.0,,0.9326718639262934,45048.21,44779.71,268.5,,,,,,,,2025,v2_vol1.2_be2R_noRR_shorts
2025-08-21,,52.0,,0.7402149665382275,44888.81,44566.11,322.7,,,,,,,,2025,v2_vol1.2_be2R_noRR_shorts
2025-08-22,_noTradeToday=true (range/day filter).,26478.0,24.0,1.0,45559.91,44833.11,726.8,ORB range 726.8 pips >= max 500. Standing down.,1.0,,,,,,2025,v2_vol1.2_be2R_noRR_shorts
2025-08-23,,,,,,,,Trading disabled for Saturday.,1.0,,,,,,2025,v2_vol1.2_be2R_noRR_shorts
2025-08-24,,,,,,,,Trading disabled for Sunday.,1.0,,,,,,2025,v2_vol1.2_be2R_noRR_shorts
2025-08-25,MaxTradesPerDay reached (1/1).,12447.0,51.0,1.0,45579.61,45407.61,172.0,,,,,,,,2025,v2_vol1.2_be2R_noRR_shorts
2025-08-26,"KillSwitch already active (now=18:31, kill=16:31).",5444.0,31.0,1.0,45317.31,45157.91,159.4,,,,,,,,2025,v2_vol1.2_be2R_noRR_shorts
2025-08-27,"KillSwitch already active (now=17:33, kill=16:31).",5699.0,20.0,0.9985387238188017,45560.61,45379.21,181.4,,,,,,,,2025,v2_vol1.2_be2R_noRR_shorts
2025-08-28,,2074.0,,0.9829376854599405,45730.51,45459.81,270.7,,,,,,,,2025,v2_vol1.2_be2R_noRR_shorts
2025-08-29,,194.0,,0.9590030702546505,45609.41,45383.21,226.2,,,,,,,,2025,v2_vol1.2_be2R_noRR_shorts
2025-08-30,,,,,,,,Trading disabled for Saturday.,1.0,,,,,,2025,v2_vol1.2_be2R_noRR_shorts
2025-08-31,,,,,,,,Trading disabled for Sunday.,1.0,,,,,,2025,v2_vol1.2_be2R_noRR_shorts
2025-09-01,,,,,45629.51,45470.11,159.4,,,,,,,,2025,v2_vol1.2_be2R_noRR_shorts
2025-09-02,,,,,45379.31,44934.41,444.9,,,,,,,,2025,v2_vol1.2_be2R_noRR_shorts
2025-09-03,"KillSwitch already active (now=17:45, kill=16:31).",5717.0,5.0,0.999689537410742,45317.01,45069.91,247.1,,,,,,,,2025,v2_vol1.2_be2R_noRR_shorts
2025-09-04,"KillSwitch already active (now=16:31, kill=16:31).",18955.0,39.0,0.9995936611133686,45354.11,45167.61,186.5,,,,,,,,2025,v2_vol1.2_be2R_noRR_shorts
2025-09-05,existing open bot position found: ORBV_US30.cash_20250905 vo,16389.0,4.0,0.999165623696287,45772.51,45352.01,420.5,,,,,,,,2025,v2_vol1.2_be2R_noRR_shorts
2025-09-06,,,,,,,,Trading disabled for Saturday.,1.0,,,,,,2025,v2_vol1.2_be2R_noRR_shorts
2025-09-07,,,,,,,,Trading disabled for Sunday.,1.0,,,,,,2025,v2_vol1.2_be2R_noRR_shorts
2025-09-08,"KillSwitch already active (now=19:56, kill=16:31).",1373.0,22.0,0.9978917779339423,45521.91,45275.71,246.2,,,,,,,,2025,v2_vol1.2_be2R_noRR_shorts
2025-09-09,"KillSwitch already active (now=16:52, kill=16:31).",14755.0,27.0,0.9996576514892159,45598.81,45466.11,132.7,,,,,,,,2025,v2_vol1.2_be2R_noRR_shorts
2025-09-10,existing open bot position found: ORBV_US30.cash_20250910 vo,22635.0,39.0,0.9996213555471412,45796.04,45584.71,211.3,,,,,,,,2025,v2_vol1.2_be2R_noRR_shorts
2025-09-11,_noTradeToday=true (range/day filter).,20229.0,38.0,0.9996213555471412,46011.41,45501.17,510.2,ORB range 510.2 pips >= max 500. Standing down.,1.0,,,,,,2025,v2_vol1.2_be2R_noRR_shorts
2025-09-12,"KillSwitch already active (now=17:01, kill=16:31).",17195.0,17.0,0.9995497523638002,46074.91,45948.41,126.5,,,,,,,,2025,v2_vol1.2_be2R_noRR_shorts
2025-09-13,,,,,,,,Trading disabled for Saturday.,1.0,,,,,,2025,v2_vol1.2_be2R_noRR_shorts
2025-09-14,,,,,,,,Trading disabled for Sunday.,1.0,,,,,,2025,v2_vol1.2_be2R_noRR_shorts
2025-09-15,"KillSwitch already active (now=17:22, kill=16:31).",2367.0,2.0,0.9983361064891847,45945.81,45800.81,145.0,,,,,,,,2025,v2_vol1.2_be2R_noRR_shorts
2025-09-16,,,,,45964.21,45655.81,308.4,,,,,,,,2025,v2_vol1.2_be2R_noRR_shorts
2025-09-17,"KillSwitch already active (now=18:01, kill=16:31).",5803.0,27.0,1.0,46080.31,45718.51,361.8,,,,,,,,2025,v2_vol1.2_be2R_noRR_shorts
2025-09-18,,,,,46365.81,45943.11,422.7,,,,,,,,2025,v2_vol1.2_be2R_noRR_shorts
2025-09-19,"KillSwitch already active (now=19:28, kill=16:31).",1056.0,4.0,0.9991435912075364,46337.31,46103.61,233.7,,,,,,,,2025,v2_vol1.2_be2R_noRR_shorts
2025-09-20,,,,,,,,Trading disabled for Saturday.,1.0,,,,,,2025,v2_vol1.2_be2R_noRR_shorts
2025-09-21,,,,,,,,Trading disabled for Sunday.,1.0,,,,,,2025,v2_vol1.2_be2R_noRR_shorts
2025-09-22,existing open bot position found: ORBV_US30.cash_20250922 vo,17693.0,39.0,1.0,46239.41,46023.81,215.6,,,1.0,"Neutral trend, policy=BlockAll",,9.0,,2025,v2_vol1.2_be2R_noRR_shorts
2025-09-23,"KillSwitch already active (now=16:37, kill=16:31).",13534.0,36.0,1.0,46724.41,46380.91,343.5,,,,,,,,2025,v2_vol1.2_be2R_noRR_shorts
2025-09-24,existing open bot position found: ORBV_US30.cash_20250924 vo,18899.0,43.0,0.9996283909327387,46461.41,46288.51,172.9,,,1.0,,,,,2025,v2_vol1.2_be2R_noRR_shorts
2025-09-25,"KillSwitch already active (now=17:59, kill=16:31).",1608.0,6.0,0.9997207483943032,46173.71,45881.21,292.5,,,,,,,,2025,v2_vol1.2_be2R_noRR_shorts
2025-09-26,,,,,46360.51,45994.91,365.6,,,,,,,,2025,v2_vol1.2_be2R_noRR_shorts
2025-09-27,,,,,,,,Trading disabled for Saturday.,1.0,,,,,,2025,v2_vol1.2_be2R_noRR_shorts
2025-09-28,,,,,,,,Trading disabled for Sunday.,1.0,,,,,,2025,v2_vol1.2_be2R_noRR_shorts
2025-09-29,existing open bot position found: ORBV_US30.cash_20250929 vo,2860.0,1.0,0.9977578475336323,46484.21,46170.11,314.1,,,,,,,,2025,v2_vol1.2_be2R_noRR_shorts
2025-09-30,"KillSwitch already active (now=17:32, kill=16:31).",6183.0,7.0,0.9997519225998511,46376.8,46160.31,216.5,,,,,,,,2025,v2_vol1.2_be2R_noRR_shorts
2025-10-01,"KillSwitch already active (now=18:14, kill=16:31).",8200.0,10.0,0.999569151227919,46444.21,46071.91,372.3,,,,,,,,2025,v2_vol1.2_be2R_noRR_shorts
2025-10-02,,2542.0,,0.9961685823754789,46583.81,46330.91,252.9,,,,,,,,2025,v2_vol1.2_be2R_noRR_shorts
2025-10-03,"KillSwitch already active (now=16:45, kill=16:31).",9197.0,5.0,0.9997042295178941,46923.31,46567.91,355.4,,,,,,,,2025,v2_vol1.2_be2R_noRR_shorts
2025-10-04,,,,,,,,Trading disabled for Saturday.,1.0,,,,,,2025,v2_vol1.2_be2R_noRR_shorts
2025-10-05,,,,,,,,Trading disabled for Sunday.,1.0,,,,,,2025,v2_vol1.2_be2R_noRR_shorts
2025-10-06,,,,,46881.31,46422.61,458.7,,,,,,,,2025,v2_vol1.2_be2R_noRR_shorts
2025-10-07,"KillSwitch already active (now=17:27, kill=16:31).",12324.0,5.0,1.0,46875.41,46546.31,329.1,,,,,,,,2025,v2_vol1.2_be2R_noRR_shorts
2025-10-08,MaxTradesPerDay reached (1/1).,3304.0,1.0,0.9977989728539984,46757.91,46504.71,253.2,,,,,,,,2025,v2_vol1.2_be2R_noRR_shorts
2025-10-09,"KillSwitch already active (now=16:42, kill=16:31).",16945.0,30.0,0.999731255038968,46686.91,46405.41,281.5,,,1.0,,,,,2025,v2_vol1.2_be2R_noRR_shorts
2025-10-10,existing open bot position found: ORBV_US30.cash_20251010 vo,42687.0,9.0,0.9993131868131868,46643.21,46351.61,291.6,,,1.0,"Neutral trend, policy=BlockAll",2.0,166.0,2.0,2025,v2_vol1.2_be2R_noRR_shorts
2025-10-11,,,,,,,,Trading disabled for Saturday.,1.0,,,,,,2025,v2_vol1.2_be2R_noRR_shorts
2025-10-12,,,,,,,,Trading disabled for Sunday.,1.0,,,,,,2025,v2_vol1.2_be2R_noRR_shorts
2025-10-13,existing open bot position found: ORBV_US30.cash_20251013 vo,17269.0,34.0,1.0,46037.51,45779.51,258.0,,,,,,,,2025,v2_vol1.2_be2R_noRR_shorts
2025-10-14,existing open bot position found: ORBV_US30.cash_20251014 vo,33259.0,17.0,1.0,45935.71,45452.21,483.5,,,1.0,,5.0,,5.0,2025,v2_vol1.2_be2R_noRR_shorts
2025-10-15,"KillSwitch already active (now=17:01, kill=16:31).",28118.0,35.0,1.0,46705.41,46408.11,297.3,,,,,,,,2025,v2_vol1.2_be2R_noRR_shorts
2025-10-16,"KillSwitch already active (now=20:38, kill=16:31).",39100.0,21.0,0.9988294966835739,46489.61,46237.41,252.2,,,1.0,"Neutral trend, policy=BlockAll",,31.0,,2025,v2_vol1.2_be2R_noRR_shorts
2025-10-17,_noTradeToday=true (range/day filter).,7535.0,5.0,0.9991336991048224,46220.01,45441.21,778.8,ORB range 778.8 pips >= max 500. Standing down.,1.0,,,,,,2025,v2_vol1.2_be2R_noRR_shorts
2025-10-18,,,,,,,,Trading disabled for Saturday.,1.0,,,,,,2025,v2_vol1.2_be2R_noRR_shorts
2025-10-19,,,,,,,,Trading disabled for Sunday.,1.0,,,,,,2025,v2_vol1.2_be2R_noRR_shorts
2025-10-20,existing open bot position found: ORBV_US30.cash_20251020 vo,19323.0,34.0,0.9995329285380663,46520.71,46219.31,301.4,,,1.0,,2.0,,2.0,2025,v2_vol1.2_be2R_noRR_shorts
2025-10-21,MaxTradesPerDay reached (1/1).,22031.0,30.0,1.0,46937.81,46617.91,319.9,,,,,,,,2025,v2_vol1.2_be2R_noRR_shorts
2025-10-22,existing open bot position found: ORBV_US30.cash_20251022 vo,31188.0,34.0,1.0,46969.91,46785.81,184.1,,,,,,,,2025,v2_vol1.2_be2R_noRR_shorts
2025-10-23,"KillSwitch already active (now=18:17, kill=16:31).",7726.0,23.0,1.0,46721.61,46456.81,264.8,,,,,,,,2025,v2_vol1.2_be2R_noRR_shorts
2025-10-24,"KillSwitch already active (now=17:22, kill=16:31).",15581.0,15.0,0.9982788296041308,47177.51,46715.71,461.8,,,,,,,,2025,v2_vol1.2_be2R_noRR_shorts
2025-10-25,,,,,,,,Trading disabled for Saturday.,1.0,,,,,,2025,v2_vol1.2_be2R_noRR_shorts
2025-10-26,,,,,,,,Trading disabled for Sunday.,1.0,,,,,,2025,v2_vol1.2_be2R_noRR_shorts
2025-10-27,"KillSwitch already active (now=19:47, kill=16:31).",2403.0,28.0,1.0,47528.71,47369.01,159.7,,,,,,,,2025,v2_vol1.2_be2R_noRR_shorts
2025-10-28,"KillSwitch already active (now=18:17, kill=16:31).",1104.0,1.0,0.9967939376275138,47915.91,47512.51,403.4,,,,,,,,2025,v2_vol1.2_be2R_noRR_shorts
2025-10-29,"KillSwitch already active (now=18:40, kill=16:31).",5796.0,17.0,1.0,48042.41,47566.01,476.4,,,,,,,,2025,v2_vol1.2_be2R_noRR_shorts
2025-10-30,,5950.0,,0.9071196241416697,47910.81,47392.51,518.3,ORB range 518.3 pips >= max 500. Standing down.,1.0,,,,,,2025,v2_vol1.2_be2R_noRR_shorts
2025-10-31,"KillSwitch already active (now=19:51, kill=16:31).",9220.0,1.0,0.9968354430379747,47660.11,47473.31,186.8,,,,,,,,2025,v2_vol1.2_be2R_noRR_shorts
2025-11-01,,,,,,,,Trading disabled for Saturday.,1.0,,,,,,2025,v2_vol1.2_be2R_noRR_shorts
2025-11-02,,,,,,,,Trading disabled for Sunday.,1.0,,,,,,2025,v2_vol1.2_be2R_noRR_shorts
2025-11-03,"KillSwitch already active (now=17:17, kill=16:31).",28290.0,24.0,1.0,47687.01,47515.71,171.3,,,1.0,"Neutral trend, policy=BlockAll",4.0,203.0,4.0,2025,v2_vol1.2_be2R_noRR_shorts
2025-11-04,"KillSwitch already active (now=16:35, kill=16:31).",18619.0,14.0,0.9984480082772891,47092.11,46845.61,246.5,,,,,,,,2025,v2_vol1.2_be2R_noRR_shorts
2025-11-05,"KillSwitch already active (now=18:02, kill=16:31).",21095.0,27.0,0.9980506822612085,47184.41,47016.41,168.0,,,,,,,,2025,v2_vol1.2_be2R_noRR_shorts
2025-11-06,"KillSwitch already active (now=18:47, kill=16:31).",36704.0,12.0,0.9995477159656264,47384.91,47188.61,196.3,,,,,,,,2025,v2_vol1.2_be2R_noRR_shorts
2025-11-07,,21186.0,,1.0,47044.21,46740.91,303.3,,,,"Neutral trend, policy=BlockAll",,429.0,,2025,v2_vol1.2_be2R_noRR_shorts
2025-11-08,,,,,,,,Trading disabled for Saturday.,1.0,,,,,,2025,v2_vol1.2_be2R_noRR_shorts
2025-11-09,,,,,,,,Trading disabled for Sunday.,1.0,,,,,,2025,v2_vol1.2_be2R_noRR_shorts
2025-11-10,existing open bot position found: ORBV_US30.cash_20251110 vo,19854.0,39.0,0.9996351696461144,47211.91,47041.21,170.7,,,,,,,,2025,v2_vol1.2_be2R_noRR_shorts
2025-11-11,MaxTradesPerDay reached (1/1).,29825.0,34.0,0.9997717416115042,47428.81,47318.81,110.0,,,,,,,,2025,v2_vol1.2_be2R_noRR_shorts
2025-11-12,existing open bot position found: ORBV_US30.cash_20251112 vo,35012.0,31.0,1.0,48065.31,47962.91,102.4,,,1.0,,4.0,,4.0,2025,v2_vol1.2_be2R_noRR_shorts
2025-11-13,"KillSwitch already active (now=16:36, kill=16:31).",47108.0,13.0,0.9987071751777635,48373.11,48110.91,262.2,,,,,,,,2025,v2_vol1.2_be2R_noRR_shorts
2025-11-14,MaxTradesPerDay reached (1/1).,10092.0,6.0,0.9995002498750625,47454.81,47060.31,394.5,,,,,,,,2025,v2_vol1.2_be2R_noRR_shorts
2025-11-15,,,,,,,,Trading disabled for Saturday.,1.0,,,,,,2025,v2_vol1.2_be2R_noRR_shorts
2025-11-16,,,,,,,,Trading disabled for Sunday.,1.0,,,,,,2025,v2_vol1.2_be2R_noRR_shorts
2025-11-17,"KillSwitch already active (now=18:04, kill=16:31).",33523.0,18.0,0.9992732558139535,47291.11,47028.41,262.7,,,,,,,,2025,v2_vol1.2_be2R_noRR_shorts
2025-11-18,existing open bot position found: ORBV_US30.cash_20251118 vo,26973.0,5.0,0.9998520928856678,46535.91,46141.91,394.0,,,,,,,,2025,v2_vol1.2_be2R_noRR_shorts
2025-11-19,"KillSwitch already active (now=17:04, kill=16:31).",30996.0,4.0,0.9996095275283091,46223.81,46049.11,174.7,,,,"Neutral trend, policy=BlockAll",,150.0,,2025,v2_vol1.2_be2R_noRR_shorts
2025-11-20,existing open bot position found: ORBV_US30.cash_20251120 vo,63187.0,15.0,1.0,46634.41,46304.41,330.0,,,1.0,,,,,2025,v2_vol1.2_be2R_noRR_shorts
2025-11-21,"KillSwitch already active (now=18:49, kill=16:31).",40982.0,3.0,0.9990300678952473,46090.71,45752.21,338.5,,,,,,,,2025,v2_vol1.2_be2R_noRR_shorts
2025-11-22,,,,,,,,Trading disabled for Saturday.,1.0,,,,,,2025,v2_vol1.2_be2R_noRR_shorts
2025-11-23,,,,,,,,Trading disabled for Sunday.,1.0,,,,,,2025,v2_vol1.2_be2R_noRR_shorts
2025-11-24,"KillSwitch already active (now=17:00, kill=16:31).",26740.0,30.0,1.0,46438.31,46156.01,282.3,,,,,,,,2025,v2_vol1.2_be2R_noRR_shorts
2025-11-25,existing open bot position found: ORBV_US30.cash_20251125 vo,37827.0,34.0,1.0,46549.21,46344.91,204.3,,,1.0,,1.0,,1.0,2025,v2_vol1.2_be2R_noRR_shorts
2025-11-26,existing open bot position found: ORBV_US30.cash_20251126 vo,29852.0,45.0,0.9996213555471412,47255.91,47116.01,139.9,,,1.0,,,,,2025,v2_vol1.2_be2R_noRR_shorts
2025-11-27,"ClosePositionsTime already reached (now=23:22, close=20:50).",199.0,7.0,0.9818181818181818,47463.51,47381.51,82.0,,,,,,,,2025,v2_vol1.2_be2R_noRR_shorts
2025-11-28,existing open bot position found: ORBV_US30.cash_20251128 vo,11754.0,8.0,1.0,47541.71,47461.21,80.5,,,,"Neutral trend, policy=BlockAll",,117.0,,2025,v2_vol1.2_be2R_noRR_shorts
2025-11-29,,,,,,,,Trading disabled for Saturday.,1.0,,,,,,2025,v2_vol1.2_be2R_noRR_shorts
2025-11-30,,,,,,,,Trading disabled for Sunday.,1.0,,,,,,2025,v2_vol1.2_be2R_noRR_shorts
2025-12-01,"KillSwitch already active (now=18:40, kill=16:31).",13261.0,27.0,1.0,47539.41,47388.81,150.6,,,,,,,,2025,v2_vol1.2_be2R_noRR_shorts
2025-12-02,existing open bot position found: ORBV_US30.cash_20251202 vo,18813.0,29.0,0.9996970614965162,47442.21,47203.01,239.2,,,,,,,,2025,v2_vol1.2_be2R_noRR_shorts
2025-12-03,MaxTradesPerDay reached (1/1).,25906.0,30.0,0.9991742361684559,47616.61,47369.71,246.9,,,,,,,,2025,v2_vol1.2_be2R_noRR_shorts
2025-12-04,existing open bot position found: ORBV_US30.cash_20251204 vo,28360.0,29.0,0.9998276159282882,47954.71,47884.51,70.2,,,,Bearish trend blocks LONG,,598.0,,2025,v2_vol1.2_be2R_noRR_shorts
2025-12-05,existing open bot position found: ORBV_US30.cash_20251205 vo,25632.0,15.0,1.0,47927.51,47759.51,168.0,,,,"Neutral trend, policy=BlockAll",,669.0,,2025,v2_vol1.2_be2R_noRR_shorts
2025-12-06,,,,,,,,Trading disabled for Saturday.,1.0,,,,,,2025,v2_vol1.2_be2R_noRR_shorts
2025-12-07,,,,,,,,Trading disabled for Sunday.,1.0,,,,,,2025,v2_vol1.2_be2R_noRR_shorts
2025-12-08,existing open bot position found: ORBV_US30.cash_20251208 vo,31322.0,43.0,1.0,48006.21,47921.81,84.4,,,,Bullish trend blocks SHORT,,846.0,,2025,v2_vol1.2_be2R_noRR_shorts
2025-12-09,"KillSwitch already active (now=16:46, kill=16:31).",30885.0,21.0,0.9997253501785224,47813.81,47672.01,141.8,,,,Bearish trend blocks LONG,,691.0,,2025,v2_vol1.2_be2R_noRR_shorts
2025-12-10,existing open bot position found: ORBV_US30.cash_20251210 vo,41814.0,26.0,1.0,47611.81,47472.31,139.5,,,,,,,,2025,v2_vol1.2_be2R_noRR_shorts
2025-12-11,existing open bot position found: ORBV_US30.cash_20251211 vo,42323.0,38.0,1.0,48145.91,47829.91,316.0,,,1.0,,3.0,,3.0,2025,v2_vol1.2_be2R_noRR_shorts
2025-12-12,existing open bot position found: ORBV_US30.cash_20251212 vo,40830.0,19.0,0.9998141609366288,48877.28,48756.01,121.3,,,1.0,"Neutral trend, policy=BlockAll",2.0,141.0,2.0,2025,v2_vol1.2_be2R_noRR_shorts
2025-12-13,,,,,,,,Trading disabled for Saturday.,1.0,,,,,,2025,v2_vol1.2_be2R_noRR_shorts
2025-12-14,,,,,,,,Trading disabled for Sunday.,1.0,,,,,,2025,v2_vol1.2_be2R_noRR_shorts
2025-12-15,"KillSwitch already active (now=16:43, kill=16:31).",40218.0,23.0,0.999754962019113,48719.73,48562.41,157.3,,,,,,,,2025,v2_vol1.2_be2R_noRR_shorts
2025-12-16,"KillSwitch already active (now=17:11, kill=16:31).",42645.0,27.0,0.999810641923878,48516.51,48271.01,245.5,,,,,,,,2025,v2_vol1.2_be2R_noRR_shorts
2025-12-17,"KillSwitch already active (now=18:41, kill=16:31).",44284.0,23.0,0.9993217273343884,48264.81,48093.81,171.0,,,,"Neutral trend, policy=BlockAll",,1132.0,,2025,v2_vol1.2_be2R_noRR_shorts
2025-12-18,existing open bot position found: ORBV_US30.cash_20251218 vo,15699.0,4.0,0.9981515711645101,48170.31,47848.31,322.0,,,,,,,,2025,v2_vol1.2_be2R_noRR_shorts
2025-12-19,existing open bot position found: ORBV_US30.cash_20251219 vo,32116.0,24.0,0.9994977398292316,48074.31,47897.91,176.4,,,1.0,,,,,2025,v2_vol1.2_be2R_noRR_shorts
2025-12-20,,,,,,,,Trading disabled for Saturday.,1.0,,,,,,2025,v2_vol1.2_be2R_noRR_shorts
2025-12-21,,,,,,,,Trading disabled for Sunday.,1.0,,,,,,2025,v2_vol1.2_be2R_noRR_shorts
2025-12-22,"KillSwitch already active (now=17:02, kill=16:31).",24993.0,24.0,1.0,48228.51,48123.21,105.3,,,1.0,"Neutral trend, policy=BlockAll",1.0,826.0,1.0,2025,v2_vol1.2_be2R_noRR_shorts
2025-12-23,"KillSwitch already active (now=16:35, kill=16:31).",13147.0,34.0,0.9994568169473113,48402.93,48206.11,196.8,,,,,,,,2025,v2_vol1.2_be2R_noRR_shorts
2025-12-24,existing open bot position found: ORBV_US30.cash_20251224 vo,11717.0,19.0,0.9996351696461144,48458.03,48391.53,66.5,,,1.0,,4.0,,4.0,2025,v2_vol1.2_be2R_noRR_shorts
2025-12-26,"KillSwitch already active (now=17:11, kill=16:31).",5332.0,7.0,0.9997722614438624,48708.73,48613.68,95.1,,,,"Neutral trend, policy=BlockAll",,188.0,,2025,v2_vol1.2_be2R_noRR_shorts
2025-12-27,,,,,,,,Trading disabled for Saturday.,1.0,,,,,,2025,v2_vol1.2_be2R_noRR_shorts
2025-12-28,,,,,,,,Trading disabled for Sunday.,1.0,,,,,,2025,v2_vol1.2_be2R_noRR_shorts
2025-12-29,MaxTradesPerDay reached (1/1).,19240.0,46.0,0.999495204442201,48735.1,48539.01,196.1,,,,,,,,2025,v2_vol1.2_be2R_noRR_shorts
2025-12-30,"KillSwitch already active (now=16:38, kill=16:31).",16647.0,41.0,0.9987304274227676,48491.7,48419.65,72.0,,,,"Neutral trend, policy=BlockAll",,903.0,,2025,v2_vol1.2_be2R_noRR_shorts
2025-12-31,existing open bot position found: ORBV_US30.cash_20251231 vo,19909.0,39.0,1.0,48398.41,48284.8,113.6,,,,Bullish trend blocks SHORT,,305.0,,2025,v2_vol1.2_be2R_noRR_shorts
