date,reason,range_width,clock,dst,year
2023-07-03,vol_filter_rejected,113.89999999999418,as-is,summer (EDT),2023
2023-07-04,no_breakout,57.200000000004366,as-is,summer (EDT),2023
2023-07-05,vol_filter_rejected,128.90000000000146,as-is,summer (EDT),2023
2023-07-06,no_breakout,355.1999999999971,as-is,summer (EDT),2023
2023-07-07,vol_filter_rejected,183.0,as-is,summer (EDT),2023
2023-07-10,no_breakout,310.0,as-is,summer (EDT),2023
2023-07-11,vol_filter_rejected,252.90000000000146,as-is,summer (EDT),2023
2023-07-12,no_breakout,309.5,as-is,summer (EDT),2023
2023-07-13,no_breakout,98.0,as-is,summer (EDT),2023
2023-07-14,no_breakout,257.90000000000146,as-is,summer (EDT),2023
2023-07-17,vol_filter_rejected,159.90000000000146,as-is,summer (EDT),2023
2023-07-18,vol_filter_rejected,310.1000000000058,as-is,summer (EDT),2023
2023-07-19,no_breakout,305.6000000000058,as-is,summer (EDT),2023
2023-07-20,vol_filter_rejected,243.0,as-is,summer (EDT),2023
2023-07-21,no_breakout,164.90000000000146,as-is,summer (EDT),2023
2023-07-24,vol_filter_rejected,183.59999999999854,as-is,summer (EDT),2023
2023-07-25,vol_filter_rejected,83.79999999999563,as-is,summer (EDT),2023
2023-07-26,vol_filter_rejected,149.5,as-is,summer (EDT),2023
2023-07-27,no_breakout,147.8000000000029,as-is,summer (EDT),2023
2023-07-28,vol_filter_rejected,198.10000000000582,as-is,summer (EDT),2023
2023-07-31,no_breakout,109.40000000000146,as-is,summer (EDT),2023
2023-08-01,no_breakout,235.79999999999563,as-is,summer (EDT),2023
2023-08-02,no_breakout,217.5,as-is,summer (EDT),2023
2023-08-03,vol_filter_rejected,157.3000000000029,as-is,summer (EDT),2023
2023-08-04,vol_filter_rejected,270.20000000000437,as-is,summer (EDT),2023
2023-08-07,vol_filter_rejected,318.40000000000146,as-is,summer (EDT),2023
2023-08-08,no_breakout,421.40000000000146,as-is,summer (EDT),2023
2023-08-09,no_breakout,148.8000000000029,as-is,summer (EDT),2023
2023-08-10,no_breakout,397.79999999999563,as-is,summer (EDT),2023
2023-08-11,vol_filter_rejected,298.6000000000058,as-is,summer (EDT),2023
2023-08-14,no_breakout,229.59999999999854,as-is,summer (EDT),2023
2023-08-15,no_breakout,217.59999999999854,as-is,summer (EDT),2023
2023-08-16,no_breakout,253.09999999999854,as-is,summer (EDT),2023
2023-08-17,no_breakout,147.6999999999971,as-is,summer (EDT),2023
2023-08-18,vol_filter_rejected,214.09999999999854,as-is,summer (EDT),2023
2023-08-21,no_breakout,304.1999999999971,as-is,summer (EDT),2023
2023-08-22,no_breakout,243.5,as-is,summer (EDT),2023
2023-08-23,no_breakout,155.59999999999854,as-is,summer (EDT),2023
2023-08-24,no_breakout,292.29999999999563,as-is,summer (EDT),2023
2023-08-25,no_breakout,268.90000000000146,as-is,summer (EDT),2023
2023-08-28,no_breakout,265.6999999999971,as-is,summer (EDT),2023
2023-08-29,vol_filter_rejected,214.90000000000146,as-is,summer (EDT),2023
2023-08-30,no_breakout,233.40000000000146,as-is,summer (EDT),2023
2023-08-31,no_breakout,156.79999999999563,as-is,summer (EDT),2023
2023-09-01,no_breakout,159.09999999999854,as-is,summer (EDT),2023
2023-09-04,no_breakout,162.90000000000146,as-is,summer (EDT),2023
2023-09-05,no_breakout,163.59999999999854,as-is,summer (EDT),2023
2023-09-06,no_breakout,134.09999999999854,as-is,summer (EDT),2023
2023-09-07,vol_filter_rejected,185.59999999999854,as-is,summer (EDT),2023
2023-09-08,vol_filter_rejected,198.10000000000582,as-is,summer (EDT),2023
2023-09-11,no_breakout,187.1999999999971,as-is,summer (EDT),2023
2023-09-12,vol_filter_rejected,118.69999999999709,as-is,summer (EDT),2023
2023-09-13,no_breakout,223.1999999999971,as-is,summer (EDT),2023
2023-09-14,vol_filter_rejected,243.59999999999854,as-is,summer (EDT),2023
2023-09-15,no_breakout,259.0,as-is,summer (EDT),2023
2023-09-18,vol_filter_rejected,144.1999999999971,as-is,summer (EDT),2023
2023-09-19,no_breakout,269.8000000000029,as-is,summer (EDT),2023
2023-09-20,vol_filter_rejected,174.0,as-is,summer (EDT),2023
2023-09-21,no_breakout,241.39999999999418,as-is,summer (EDT),2023
2023-09-22,vol_filter_rejected,142.40000000000146,as-is,summer (EDT),2023
2023-09-25,no_breakout,279.70000000000437,as-is,summer (EDT),2023
2023-09-26,no_breakout,232.6999999999971,as-is,summer (EDT),2023
2023-09-27,no_breakout,199.1999999999971,as-is,summer (EDT),2023
2023-09-28,vol_filter_rejected,200.6999999999971,as-is,summer (EDT),2023
2023-09-29,no_breakout,224.6999999999971,as-is,summer (EDT),2023
2023-10-02,no_breakout,356.90000000000146,as-is,summer (EDT),2023
2023-10-03,no_breakout,378.09999999999854,as-is,summer (EDT),2023
2023-10-04,vol_filter_rejected,219.0,as-is,summer (EDT),2023
2023-10-05,no_breakout,172.5,as-is,summer (EDT),2023
2023-10-06,vol_filter_rejected,375.8000000000029,as-is,summer (EDT),2023
2023-10-09,vol_filter_rejected,261.29999999999563,as-is,summer (EDT),2023
2023-10-10,vol_filter_rejected,194.90000000000146,as-is,summer (EDT),2023
2023-10-11,no_breakout,150.3000000000029,as-is,summer (EDT),2023
2023-10-12,no_breakout,324.5,as-is,summer (EDT),2023
2023-10-13,no_breakout,388.40000000000146,as-is,summer (EDT),2023
2023-10-16,vol_filter_rejected,268.5,as-is,summer (EDT),2023
2023-10-17,vol_filter_rejected,175.40000000000146,as-is,summer (EDT),2023
2023-10-18,no_breakout,167.29999999999563,as-is,summer (EDT),2023
2023-10-19,vol_filter_rejected,175.90000000000146,as-is,summer (EDT),2023
2023-10-20,no_breakout,215.29999999999563,as-is,summer (EDT),2023
2023-10-23,vol_filter_rejected,246.09999999999854,as-is,summer (EDT),2023
2023-10-24,vol_filter_rejected,309.90000000000146,as-is,summer (EDT),2023
2023-10-25,no_breakout,264.0,as-is,summer (EDT),2023
2023-10-26,no_breakout,244.40000000000146,as-is,summer (EDT),2023
2023-10-27,no_breakout,253.79999999999927,as-is,summer (EDT),2023
2023-10-30,vol_filter_rejected,226.0,as-is,summer (EDT),2023
2023-10-31,no_breakout,350.0,as-is,summer (EDT),2023
2023-11-01,vol_filter_rejected,316.09999999999854,as-is,summer (EDT),2023
2023-11-02,vol_filter_rejected,319.40000000000146,as-is,summer (EDT),2023
2023-11-03,vol_filter_rejected,246.09999999999854,as-is,summer (EDT),2023
2023-11-06,no_breakout,64.5,as-is,winter (EST),2023
2023-11-07,vol_filter_rejected,103.30000000000291,as-is,winter (EST),2023
2023-11-08,vol_filter_rejected,105.5,as-is,winter (EST),2023
2023-11-09,no_breakout,138.59999999999854,as-is,winter (EST),2023
2023-11-10,no_breakout,171.5,as-is,winter (EST),2023
2023-11-13,vol_filter_rejected,115.0,as-is,winter (EST),2023
2023-11-14,vol_filter_rejected,422.1999999999971,as-is,winter (EST),2023
2023-11-15,no_breakout,122.90000000000146,as-is,winter (EST),2023
2023-11-16,vol_filter_rejected,130.3000000000029,as-is,winter (EST),2023
2023-11-17,no_breakout,151.89999999999418,as-is,winter (EST),2023
2023-11-20,vol_filter_rejected,94.80000000000291,as-is,winter (EST),2023
2023-11-21,no_breakout,73.90000000000146,as-is,winter (EST),2023
2023-11-24,vol_filter_rejected,73.89999999999418,as-is,winter (EST),2023
2023-11-27,no_breakout,77.69999999999709,as-is,winter (EST),2023
2023-11-28,vol_filter_rejected,78.09999999999854,as-is,winter (EST),2023
2023-11-29,no_breakout,100.0,as-is,winter (EST),2023
2023-11-30,vol_filter_rejected,166.20000000000437,as-is,winter (EST),2023
2023-12-01,vol_filter_rejected,137.90000000000146,as-is,winter (EST),2023
2023-12-04,vol_filter_rejected,181.59999999999854,as-is,winter (EST),2023
2023-12-05,no_breakout,127.19999999999709,as-is,winter (EST),2023
2023-12-06,vol_filter_rejected,106.69999999999709,as-is,winter (EST),2023
2023-12-07,no_breakout,145.8000000000029,as-is,winter (EST),2023
2023-12-08,vol_filter_rejected,192.3000000000029,as-is,winter (EST),2023
2023-12-12,no_breakout,217.90000000000146,as-is,winter (EST),2023
2023-12-13,no_breakout,81.90000000000146,as-is,winter (EST),2023
2023-12-14,no_breakout,170.8000000000029,as-is,winter (EST),2023
2023-12-15,no_breakout,228.70000000000437,as-is,winter (EST),2023
2023-12-18,vol_filter_rejected,78.90000000000146,as-is,winter (EST),2023
2023-12-19,vol_filter_rejected,99.90000000000146,as-is,winter (EST),2023
2023-12-20,vol_filter_rejected,114.30000000000291,as-is,winter (EST),2023
2023-12-25,no_range_data,,as-is,winter (EST),2023
2023-12-26,vol_filter_rejected,91.89999999999418,as-is,winter (EST),2023
2023-12-27,vol_filter_rejected,57.099999999998545,as-is,winter (EST),2023
2023-12-28,vol_filter_rejected,89.19999999999709,as-is,winter (EST),2023
2023-12-29,no_breakout,88.89999999999418,as-is,winter (EST),2023
2024-01-01,no_range_data,,as-is,winter (EST),2024
2024-01-02,no_breakout,353.6000000000058,as-is,winter (EST),2024
2024-01-03,no_breakout,173.39999999999418,as-is,winter (EST),2024
2024-01-04,vol_filter_rejected,89.5,as-is,winter (EST),2024
2024-01-05,vol_filter_rejected,206.0,as-is,winter (EST),2024
2024-01-08,vol_filter_rejected,155.8000000000029,as-is,winter (EST),2024
2024-01-09,no_breakout,174.79999999999563,as-is,winter (EST),2024
2024-01-11,no_breakout,221.6999999999971,as-is,winter (EST),2024
2024-01-12,vol_filter_rejected,353.20000000000437,as-is,winter (EST),2024
2024-01-15,no_breakout,106.59999999999854,as-is,winter (EST),2024
2024-01-16,no_breakout,168.0,as-is,winter (EST),2024
2024-01-17,vol_filter_rejected,116.09999999999854,as-is,winter (EST),2024
2024-01-18,no_breakout,153.0,as-is,winter (EST),2024
2024-01-19,no_breakout,245.59999999999854,as-is,winter (EST),2024
2024-01-23,no_breakout,100.79999999999563,as-is,winter (EST),2024
2024-01-24,no_breakout,141.3000000000029,as-is,winter (EST),2024
2024-01-25,vol_filter_rejected,183.70000000000437,as-is,winter (EST),2024
2024-01-30,vol_filter_rejected,66.29999999999563,as-is,winter (EST),2024
2024-01-31,no_breakout,97.0,as-is,winter (EST),2024
2024-02-01,vol_filter_rejected,118.5,as-is,winter (EST),2024
2024-02-02,no_breakout,244.0,as-is,winter (EST),2024
2024-02-05,no_breakout,172.6999999999971,as-is,winter (EST),2024
2024-02-08,no_breakout,119.0,as-is,winter (EST),2024
2024-02-09,no_breakout,199.5,as-is,winter (EST),2024
2024-02-13,no_breakout,434.8000000000029,as-is,winter (EST),2024
2024-02-14,no_breakout,132.0,as-is,winter (EST),2024
2024-02-15,vol_filter_rejected,96.5,as-is,winter (EST),2024
2024-02-16,no_breakout,150.5,as-is,winter (EST),2024
2024-02-19,no_breakout,68.69999999999709,as-is,winter (EST),2024
2024-02-21,no_breakout,75.29999999999563,as-is,winter (EST),2024
2024-02-22,vol_filter_rejected,192.0,as-is,winter (EST),2024
2024-02-23,vol_filter_rejected,151.5,as-is,winter (EST),2024
2024-02-27,no_breakout,85.5,as-is,winter (EST),2024
2024-02-28,vol_filter_rejected,143.5,as-is,winter (EST),2024
2024-02-29,no_breakout,273.0,as-is,winter (EST),2024
2024-03-01,vol_filter_rejected,128.5,as-is,winter (EST),2024
2024-03-04,no_breakout,183.0,as-is,winter (EST),2024
2024-03-05,no_breakout,130.0,as-is,winter (EST),2024
2024-03-06,vol_filter_rejected,228.5,as-is,winter (EST),2024
2024-03-08,vol_filter_rejected,226.0,as-is,winter (EST),2024
2024-03-11,no_breakout,222.8000000000029,as-is,summer (EDT),2024
2024-03-12,vol_filter_rejected,333.09999999999854,as-is,summer (EDT),2024
2024-03-13,vol_filter_rejected,167.29999999999563,as-is,summer (EDT),2024
2024-03-14,no_breakout,390.1999999999971,as-is,summer (EDT),2024
2024-03-15,no_breakout,266.90000000000146,as-is,summer (EDT),2024
2024-03-18,vol_filter_rejected,235.5,as-is,summer (EDT),2024
2024-03-19,vol_filter_rejected,205.79999999999563,as-is,summer (EDT),2024
2024-03-20,vol_filter_rejected,141.29999999999563,as-is,summer (EDT),2024
2024-03-21,vol_filter_rejected,272.8000000000029,as-is,summer (EDT),2024
2024-03-22,no_breakout,213.1999999999971,as-is,summer (EDT),2024
2024-03-25,no_breakout,115.5,as-is,summer (EDT),2024
2024-03-26,vol_filter_rejected,125.20000000000437,as-is,summer (EDT),2024
2024-03-27,no_breakout,196.79999999999563,as-is,summer (EDT),2024
2024-03-28,no_breakout,142.0,as-is,summer (EDT),2024
2024-04-01,no_breakout,390.1999999999971,as-is,summer (EDT),2024
2024-04-02,no_breakout,428.5,as-is,summer (EDT),2024
2024-04-03,no_breakout,195.09999999999854,as-is,summer (EDT),2024
2024-04-04,no_breakout,198.0,as-is,summer (EDT),2024
2024-04-05,vol_filter_rejected,174.8000000000029,as-is,summer (EDT),2024
2024-04-08,no_breakout,213.8000000000029,as-is,summer (EDT),2024
2024-04-09,no_breakout,200.6999999999971,as-is,summer (EDT),2024
2024-04-10,range_too_wide,703.5,as-is,summer (EDT),2024
2024-04-11,no_breakout,367.5,as-is,summer (EDT),2024
2024-04-12,no_breakout,447.0,as-is,summer (EDT),2024
2024-04-15,no_breakout,330.8000000000029,as-is,summer (EDT),2024
2024-04-16,no_breakout,379.20000000000437,as-is,summer (EDT),2024
2024-04-17,no_breakout,201.79999999999563,as-is,summer (EDT),2024
2024-04-18,vol_filter_rejected,262.29999999999563,as-is,summer (EDT),2024
2024-04-19,no_breakout,409.3000000000029,as-is,summer (EDT),2024
2024-04-22,no_breakout,222.1999999999971,as-is,summer (EDT),2024
2024-04-23,vol_filter_rejected,192.5,as-is,summer (EDT),2024
2024-04-24,no_breakout,120.5,as-is,summer (EDT),2024
2024-04-25,range_too_wide,647.5,as-is,summer (EDT),2024
2024-04-26,no_breakout,258.8000000000029,as-is,summer (EDT),2024
2024-04-29,no_breakout,133.70000000000437,as-is,summer (EDT),2024
2024-04-30,no_breakout,259.1999999999971,as-is,summer (EDT),2024
2024-05-01,vol_filter_rejected,234.8000000000029,as-is,summer (EDT),2024
2024-05-02,no_breakout,281.40000000000146,as-is,summer (EDT),2024
2024-05-03,no_breakout,346.0,as-is,summer (EDT),2024
2024-05-06,no_breakout,170.5,as-is,summer (EDT),2024
2024-05-07,no_breakout,137.09999999999854,as-is,summer (EDT),2024
2024-05-08,vol_filter_rejected,120.29999999999563,as-is,summer (EDT),2024
2024-05-09,vol_filter_rejected,274.1000000000058,as-is,summer (EDT),2024
2024-05-10,no_breakout,128.09999999999854,as-is,summer (EDT),2024
2024-05-13,no_breakout,136.5,as-is,summer (EDT),2024
2024-05-14,no_breakout,262.3000000000029,as-is,summer (EDT),2024
2024-05-15,vol_filter_rejected,265.3000000000029,as-is,summer (EDT),2024
2024-05-17,no_breakout,111.69999999999709,as-is,summer (EDT),2024
2024-05-20,vol_filter_rejected,148.5,as-is,summer (EDT),2024
2024-05-21,vol_filter_rejected,93.0,as-is,summer (EDT),2024
2024-05-22,no_breakout,104.80000000000291,as-is,summer (EDT),2024
2024-05-23,no_breakout,400.0,as-is,summer (EDT),2024
2024-05-24,vol_filter_rejected,114.0,as-is,summer (EDT),2024
2024-05-28,no_breakout,208.0,as-is,summer (EDT),2024
2024-05-29,no_breakout,295.70000000000437,as-is,summer (EDT),2024
2024-05-30,no_breakout,180.5,as-is,summer (EDT),2024
2024-05-31,no_breakout,233.0,as-is,summer (EDT),2024
2024-06-03,no_breakout,175.90000000000146,as-is,summer (EDT),2024
2024-06-04,no_breakout,333.79999999999563,as-is,summer (EDT),2024
2024-06-05,no_breakout,288.0,as-is,summer (EDT),2024
2024-06-06,no_breakout,279.3000000000029,as-is,summer (EDT),2024
2024-06-07,vol_filter_rejected,335.59999999999854,as-is,summer (EDT),2024
2024-06-10,no_breakout,194.29999999999563,as-is,summer (EDT),2024
2024-06-11,no_breakout,399.20000000000437,as-is,summer (EDT),2024
2024-06-12,no_breakout,383.5,as-is,summer (EDT),2024
2024-06-13,no_breakout,293.40000000000146,as-is,summer (EDT),2024
2024-06-14,vol_filter_rejected,255.5,as-is,summer (EDT),2024
2024-06-18,no_breakout,218.0,as-is,summer (EDT),2024
2024-06-19,no_breakout,61.700000000004366,as-is,summer (EDT),2024
2024-06-20,no_breakout,255.8000000000029,as-is,summer (EDT),2024
2024-06-21,no_breakout,209.8000000000029,as-is,summer (EDT),2024
2024-06-24,vol_filter_rejected,323.3000000000029,as-is,summer (EDT),2024
2024-06-25,no_breakout,240.1999999999971,as-is,summer (EDT),2024
2024-06-26,vol_filter_rejected,252.0,as-is,summer (EDT),2024
2024-06-27,vol_filter_rejected,176.79999999999563,as-is,summer (EDT),2024
2024-06-28,vol_filter_rejected,340.79999999999563,as-is,summer (EDT),2024
2024-07-01,no_breakout,310.29999999999563,as-is,summer (EDT),2024
2024-07-02,no_breakout,224.09999999999854,as-is,summer (EDT),2024
2024-07-03,no_breakout,129.89999999999418,as-is,summer (EDT),2024
2024-07-04,no_breakout,149.5,as-is,summer (EDT),2024
2024-07-05,no_breakout,225.6999999999971,as-is,summer (EDT),2024
2024-07-08,no_breakout,327.5,as-is,summer (EDT),2024
2024-07-09,no_breakout,266.1999999999971,as-is,summer (EDT),2024
2024-07-10,vol_filter_rejected,97.70000000000437,as-is,summer (EDT),2024
2024-07-11,no_breakout,261.5,as-is,summer (EDT),2024
2024-07-12,vol_filter_rejected,242.8000000000029,as-is,summer (EDT),2024
2024-07-15,vol_filter_rejected,184.0,as-is,summer (EDT),2024
2024-07-16,range_too_wide,610.8000000000029,as-is,summer (EDT),2024
2024-07-17,vol_filter_rejected,335.5,as-is,summer (EDT),2024
2024-07-18,no_breakout,350.3000000000029,as-is,summer (EDT),2024
2024-07-19,no_breakout,297.8999999999942,as-is,summer (EDT),2024
2024-07-22,no_breakout,253.8000000000029,as-is,summer (EDT),2024
2024-07-23,vol_filter_rejected,191.8000000000029,as-is,summer (EDT),2024
2024-07-24,no_breakout,323.0,as-is,summer (EDT),2024
2024-07-25,vol_filter_rejected,270.29999999999563,as-is,summer (EDT),2024
2024-07-26,vol_filter_rejected,474.0,as-is,summer (EDT),2024
2024-07-29,no_breakout,387.70000000000437,as-is,summer (EDT),2024
2024-07-30,no_breakout,281.3000000000029,as-is,summer (EDT),2024
2024-07-31,vol_filter_rejected,290.6999999999971,as-is,summer (EDT),2024
2024-08-01,range_too_wide,509.20000000000437,as-is,summer (EDT),2024
2024-08-02,range_too_wide,546.9000000000015,as-is,summer (EDT),2024
2024-08-05,range_too_wide,849.6999999999971,as-is,summer (EDT),2024
2024-08-06,range_too_wide,525.8000000000029,as-is,summer (EDT),2024
2024-08-07,no_breakout,323.5,as-is,summer (EDT),2024
2024-08-08,range_too_wide,747.7999999999956,as-is,summer (EDT),2024
2024-08-09,no_breakout,361.5,as-is,summer (EDT),2024
2024-08-12,no_breakout,371.1999999999971,as-is,summer (EDT),2024
2024-08-13,vol_filter_rejected,418.79999999999563,as-is,summer (EDT),2024
2024-08-14,vol_filter_rejected,201.0,as-is,summer (EDT),2024
2024-08-15,range_too_wide,547.0,as-is,summer (EDT),2024
2024-08-16,vol_filter_rejected,218.5,as-is,summer (EDT),2024
2024-08-20,no_breakout,158.39999999999418,as-is,summer (EDT),2024
2024-08-21,vol_filter_rejected,193.6999999999971,as-is,summer (EDT),2024
2024-08-22,no_breakout,252.70000000000437,as-is,summer (EDT),2024
2024-08-23,vol_filter_rejected,349.79999999999563,as-is,summer (EDT),2024
2024-08-26,no_breakout,230.79999999999563,as-is,summer (EDT),2024
2024-08-27,no_breakout,206.5,as-is,summer (EDT),2024
2024-08-28,no_breakout,194.5,as-is,summer (EDT),2024
2024-08-29,vol_filter_rejected,332.40000000000146,as-is,summer (EDT),2024
2024-08-30,no_breakout,185.1999999999971,as-is,summer (EDT),2024
2024-09-02,vol_filter_rejected,74.69999999999709,as-is,summer (EDT),2024
2024-09-03,no_breakout,477.6999999999971,as-is,summer (EDT),2024
2024-09-04,vol_filter_rejected,262.59999999999854,as-is,summer (EDT),2024
2024-09-05,no_breakout,263.1999999999971,as-is,summer (EDT),2024
2024-09-06,no_breakout,447.09999999999854,as-is,summer (EDT),2024
2024-09-09,vol_filter_rejected,302.29999999999563,as-is,summer (EDT),2024
2024-09-10,no_breakout,382.70000000000437,as-is,summer (EDT),2024
2024-09-11,range_too_wide,644.0,as-is,summer (EDT),2024
2024-09-12,no_breakout,392.6999999999971,as-is,summer (EDT),2024
2024-09-13,vol_filter_rejected,309.8000000000029,as-is,summer (EDT),2024
2024-09-16,no_breakout,347.3000000000029,as-is,summer (EDT),2024
2024-09-17,no_breakout,194.5,as-is,summer (EDT),2024
2024-09-18,no_breakout,200.1999999999971,as-is,summer (EDT),2024
2024-09-19,no_breakout,279.0,as-is,summer (EDT),2024
2024-09-20,no_breakout,236.6999999999971,as-is,summer (EDT),2024
2024-09-23,no_breakout,177.70000000000437,as-is,summer (EDT),2024
2024-09-24,vol_filter_rejected,165.70000000000437,as-is,summer (EDT),2024
2024-09-25,no_breakout,297.6999999999971,as-is,summer (EDT),2024
2024-09-26,no_breakout,168.1999999999971,as-is,summer (EDT),2024
2024-09-30,no_breakout,252.6999999999971,as-is,summer (EDT),2024
2024-10-01,no_breakout,349.0,as-is,summer (EDT),2024
2024-10-02,vol_filter_rejected,233.5,as-is,summer (EDT),2024
2024-10-03,no_breakout,306.20000000000437,as-is,summer (EDT),2024
2024-10-04,no_breakout,372.5,as-is,summer (EDT),2024
2024-10-07,no_breakout,172.29999999999563,as-is,summer (EDT),2024
2024-10-08,no_breakout,216.20000000000437,as-is,summer (EDT),2024
2024-10-09,vol_filter_rejected,336.29999999999563,as-is,summer (EDT),2024
2024-10-10,no_breakout,159.1999999999971,as-is,summer (EDT),2024
2024-10-11,vol_filter_rejected,393.8000000000029,as-is,summer (EDT),2024
2024-10-14,vol_filter_rejected,191.5,as-is,summer (EDT),2024
2024-10-15,no_breakout,420.90000000000146,as-is,summer (EDT),2024
2024-10-16,vol_filter_rejected,271.3000000000029,as-is,summer (EDT),2024
2024-10-17,no_breakout,234.5,as-is,summer (EDT),2024
2024-10-18,no_breakout,268.8999999999942,as-is,summer (EDT),2024
2024-10-21,no_breakout,208.0,as-is,summer (EDT),2024
2024-10-22,vol_filter_rejected,146.5,as-is,summer (EDT),2024
2024-10-23,no_breakout,202.70000000000437,as-is,summer (EDT),2024
2024-10-24,no_breakout,172.0,as-is,summer (EDT),2024
2024-10-25,no_breakout,199.3000000000029,as-is,summer (EDT),2024
2024-10-28,vol_filter_rejected,270.29999999999563,as-is,summer (EDT),2024
2024-10-29,no_breakout,331.3000000000029,as-is,summer (EDT),2024
2024-10-30,vol_filter_rejected,323.5,as-is,summer (EDT),2024
2024-10-31,no_breakout,185.5,as-is,summer (EDT),2024
2024-11-01,vol_filter_rejected,479.0,as-is,summer (EDT),2024
2024-11-04,no_breakout,180.70000000000437,as-is,winter (EST),2024
2024-11-06,range_too_wide,566.6999999999971,as-is,winter (EST),2024
2024-11-07,no_breakout,155.0,as-is,winter (EST),2024
2024-11-08,vol_filter_rejected,123.0,as-is,winter (EST),2024
2024-11-12,vol_filter_rejected,185.0,as-is,winter (EST),2024
2024-11-13,vol_filter_rejected,276.0,as-is,winter (EST),2024
2024-11-14,no_breakout,141.0,as-is,winter (EST),2024
2024-11-15,no_breakout,177.0,as-is,winter (EST),2024
2024-11-18,vol_filter_rejected,152.0,as-is,winter (EST),2024
2024-11-19,range_too_wide,619.0,as-is,winter (EST),2024
2024-11-20,no_breakout,180.0,as-is,winter (EST),2024
2024-11-21,vol_filter_rejected,367.0,as-is,winter (EST),2024
2024-11-26,no_breakout,284.0,as-is,winter (EST),2024
2024-11-29,vol_filter_rejected,151.79999999999563,as-is,winter (EST),2024
2024-12-02,no_breakout,144.0,as-is,winter (EST),2024
2024-12-03,no_breakout,99.0,as-is,winter (EST),2024
2024-12-05,no_breakout,127.5,as-is,winter (EST),2024
2024-12-09,no_breakout,121.80000000000291,as-is,winter (EST),2024
2024-12-10,vol_filter_rejected,151.0,as-is,winter (EST),2024
2024-12-11,no_breakout,191.5,as-is,winter (EST),2024
2024-12-12,vol_filter_rejected,126.29999999999563,as-is,winter (EST),2024
2024-12-13,no_breakout,133.5,as-is,winter (EST),2024
2024-12-16,no_breakout,105.5,as-is,winter (EST),2024
2024-12-17,no_breakout,132.1999999999971,as-is,winter (EST),2024
2024-12-18,vol_filter_rejected,177.1999999999971,as-is,winter (EST),2024
2024-12-23,no_breakout,364.5,as-is,winter (EST),2024
2024-12-24,vol_filter_rejected,74.0,as-is,winter (EST),2024
2024-12-25,no_range_data,,as-is,winter (EST),2024
2024-12-27,no_breakout,207.5,as-is,winter (EST),2024
2024-12-30,no_breakout,443.5,as-is,winter (EST),2024
2024-12-31,vol_filter_rejected,171.0,as-is,winter (EST),2024
2025-01-01,no_range_data,,as-is,winter (EST),2025
2025-01-02,no_breakout,281.8000000000029,as-is,winter (EST),2025
2025-01-06,vol_filter_rejected,285.0,as-is,winter (EST),2025
2025-01-08,no_breakout,268.5,as-is,winter (EST),2025
2025-01-09,no_scan_bars,181.3000000000029,as-is,winter (EST),2025
2025-01-10,no_breakout,451.5,as-is,winter (EST),2025
2025-01-14,no_breakout,255.29999999999563,as-is,winter (EST),2025
2025-01-15,range_too_wide,693.0,as-is,winter (EST),2025
2025-01-16,no_breakout,283.0,as-is,winter (EST),2025
2025-01-17,vol_filter_rejected,257.0,as-is,winter (EST),2025
2025-01-20,vol_filter_rejected,286.0,as-is,winter (EST),2025
2025-01-21,vol_filter_rejected,141.6999999999971,as-is,winter (EST),2025
2025-01-22,no_breakout,178.8000000000029,as-is,winter (EST),2025
2025-01-24,no_breakout,153.8000000000029,as-is,winter (EST),2025
2025-01-28,vol_filter_rejected,178.5,as-is,winter (EST),2025
2025-01-30,no_breakout,306.5,as-is,winter (EST),2025
2025-01-31,no_breakout,112.20000000000437,as-is,winter (EST),2025
2025-02-04,vol_filter_rejected,199.6999999999971,as-is,winter (EST),2025
2025-02-06,no_breakout,196.3000000000029,as-is,winter (EST),2025
2025-02-07,vol_filter_rejected,146.6999999999971,as-is,winter (EST),2025
2025-02-10,no_breakout,224.1999999999971,as-is,winter (EST),2025
2025-02-11,vol_filter_rejected,127.0,as-is,winter (EST),2025
2025-02-12,no_breakout,458.6999999999971,as-is,winter (EST),2025
2025-02-13,no_breakout,270.3000000000029,as-is,winter (EST),2025
2025-02-14,vol_filter_rejected,195.0,as-is,winter (EST),2025
2025-02-17,no_breakout,103.0,as-is,winter (EST),2025
2025-02-18,no_breakout,178.5,as-is,winter (EST),2025
2025-02-19,no_breakout,190.0,as-is,winter (EST),2025
2025-02-20,no_breakout,125.79999999999563,as-is,winter (EST),2025
2025-02-21,no_breakout,344.3000000000029,as-is,winter (EST),2025
2025-02-24,no_breakout,219.0,as-is,winter (EST),2025
2025-02-26,vol_filter_rejected,127.0,as-is,winter (EST),2025
2025-02-28,vol_filter_rejected,205.70000000000437,as-is,winter (EST),2025
2025-03-03,no_breakout,284.5,as-is,winter (EST),2025
2025-03-04,no_breakout,344.20000000000437,as-is,winter (EST),2025
2025-03-05,no_breakout,405.6999999999971,as-is,winter (EST),2025
2025-03-06,vol_filter_rejected,367.0,as-is,winter (EST),2025
2025-03-07,no_breakout,469.5,as-is,winter (EST),2025
2025-03-10,no_breakout,373.0,as-is,summer (EDT),2025
2025-03-11,range_too_wide,659.7000000000044,as-is,summer (EDT),2025
2025-03-12,range_too_wide,751.5999999999985,as-is,summer (EDT),2025
2025-03-13,no_breakout,289.79999999999563,as-is,summer (EDT),2025
2025-03-14,vol_filter_rejected,342.3000000000029,as-is,summer (EDT),2025
2025-03-17,range_too_wide,544.2999999999956,as-is,summer (EDT),2025
2025-03-18,no_breakout,299.90000000000146,as-is,summer (EDT),2025
2025-03-19,vol_filter_rejected,307.1000000000058,as-is,summer (EDT),2025
2025-03-20,range_too_wide,523.2999999999956,as-is,summer (EDT),2025
2025-03-21,range_too_wide,505.6999999999971,as-is,summer (EDT),2025
2025-03-24,vol_filter_rejected,278.79999999999563,as-is,summer (EDT),2025
2025-03-25,no_breakout,216.0,as-is,summer (EDT),2025
2025-03-26,no_breakout,312.3000000000029,as-is,summer (EDT),2025
2025-03-27,no_breakout,412.70000000000437,as-is,summer (EDT),2025
2025-03-28,no_breakout,482.1999999999971,as-is,summer (EDT),2025
2025-03-31,vol_filter_rejected,343.5,as-is,summer (EDT),2025
2025-04-01,vol_filter_rejected,478.70000000000437,as-is,summer (EDT),2025
2025-04-02,vol_filter_rejected,395.29999999999563,as-is,summer (EDT),2025
2025-04-03,range_too_wide,652.1999999999971,as-is,summer (EDT),2025
2025-04-04,range_too_wide,1335.0,as-is,summer (EDT),2025
2025-04-07,range_too_wide,2605.9000000000015,as-is,summer (EDT),2025
2025-04-08,range_too_wide,864.5999999999985,as-is,summer (EDT),2025
2025-04-09,range_too_wide,1292.0999999999985,as-is,summer (EDT),2025
2025-04-10,range_too_wide,732.9000000000015,as-is,summer (EDT),2025
2025-04-11,range_too_wide,667.7000000000044,as-is,summer (EDT),2025
2025-04-14,vol_filter_rejected,316.0,as-is,summer (EDT),2025
2025-04-15,no_breakout,471.59999999999854,as-is,summer (EDT),2025
2025-04-16,range_too_wide,510.6999999999971,as-is,summer (EDT),2025
2025-04-17,range_too_wide,1024.300000000003,as-is,summer (EDT),2025
2025-04-21,range_too_wide,509.6999999999971,as-is,summer (EDT),2025
2025-04-23,range_too_wide,641.8000000000029,as-is,summer (EDT),2025
2025-04-24,range_too_wide,591.3000000000029,as-is,summer (EDT),2025
2025-04-25,no_breakout,469.1999999999971,as-is,summer (EDT),2025
2025-04-28,no_breakout,431.8000000000029,as-is,summer (EDT),2025
2025-04-29,vol_filter_rejected,278.29999999999563,as-is,summer (EDT),2025
2025-04-30,range_too_wide,883.5,as-is,summer (EDT),2025
2025-05-01,vol_filter_rejected,259.5,as-is,summer (EDT),2025
2025-05-05,vol_filter_rejected,279.8000000000029,as-is,summer (EDT),2025
2025-05-06,vol_filter_rejected,317.5,as-is,summer (EDT),2025
2025-05-07,no_breakout,197.0,as-is,summer (EDT),2025
2025-05-08,vol_filter_rejected,359.5,as-is,summer (EDT),2025
2025-05-09,no_breakout,258.20000000000437,as-is,summer (EDT),2025
2025-05-12,no_breakout,370.0,as-is,summer (EDT),2025
2025-05-13,no_breakout,252.09999999999854,as-is,summer (EDT),2025
2025-05-14,no_breakout,167.5,as-is,summer (EDT),2025
2025-05-15,vol_filter_rejected,213.09999999999854,as-is,summer (EDT),2025
2025-05-16,no_breakout,228.5,as-is,summer (EDT),2025
2025-05-19,vol_filter_rejected,440.1000000000058,as-is,summer (EDT),2025
2025-05-20,no_breakout,177.89999999999418,as-is,summer (EDT),2025
2025-05-21,no_breakout,283.0,as-is,summer (EDT),2025
2025-05-22,vol_filter_rejected,319.79999999999563,as-is,summer (EDT),2025
2025-05-23,range_too_wide,774.6999999999971,as-is,summer (EDT),2025
2025-05-26,no_breakout,100.0,as-is,summer (EDT),2025
2025-05-27,vol_filter_rejected,314.1999999999971,as-is,summer (EDT),2025
2025-05-28,no_breakout,232.5,as-is,summer (EDT),2025
2025-05-29,range_too_wide,631.1999999999971,as-is,summer (EDT),2025
2025-05-30,no_breakout,347.5,as-is,summer (EDT),2025
2025-06-02,no_breakout,321.3000000000029,as-is,summer (EDT),2025
2025-06-03,vol_filter_rejected,307.0,as-is,summer (EDT),2025
2025-06-04,no_breakout,168.0,as-is,summer (EDT),2025
2025-06-05,no_breakout,439.20000000000437,as-is,summer (EDT),2025
2025-06-06,range_too_wide,523.5999999999985,as-is,summer (EDT),2025
2025-06-09,no_breakout,231.20000000000437,as-is,summer (EDT),2025
2025-06-10,vol_filter_rejected,161.5,as-is,summer (EDT),2025
2025-06-11,no_breakout,380.70000000000437,as-is,summer (EDT),2025
2025-06-12,vol_filter_rejected,313.8000000000029,as-is,summer (EDT),2025
2025-06-13,vol_filter_rejected,343.1999999999971,as-is,summer (EDT),2025
2025-06-16,no_breakout,407.0,as-is,summer (EDT),2025
2025-06-17,vol_filter_rejected,286.3000000000029,as-is,summer (EDT),2025
2025-06-18,vol_filter_rejected,328.79999999999563,as-is,summer (EDT),2025
2025-06-19,no_breakout,296.20000000000437,as-is,summer (EDT),2025
2025-06-20,no_breakout,384.79999999999563,as-is,summer (EDT),2025
2025-06-23,no_breakout,363.29999999999563,as-is,summer (EDT),2025
2025-06-24,vol_filter_rejected,199.3000000000029,as-is,summer (EDT),2025
2025-06-25,no_breakout,131.6999999999971,as-is,summer (EDT),2025
2025-06-26,vol_filter_rejected,206.59999999999854,as-is,summer (EDT),2025
2025-06-27,vol_filter_rejected,236.29999999999563,as-is,summer (EDT),2025
2025-06-30,no_breakout,154.70000000000437,as-is,summer (EDT),2025
2025-07-01,vol_filter_rejected,343.79999999999563,as-is,summer (EDT),2025
2025-07-02,no_breakout,276.90000000000146,as-is,summer (EDT),2025
2025-07-03,vol_filter_rejected,333.59999999999854,as-is,summer (EDT),2025
2025-07-04,no_breakout,117.79999999999563,as-is,summer (EDT),2025
2025-07-07,no_breakout,235.90000000000146,as-is,summer (EDT),2025
2025-07-08,no_breakout,192.5,as-is,summer (EDT),2025
2025-07-09,no_breakout,306.3000000000029,as-is,summer (EDT),2025
2025-07-10,vol_filter_rejected,276.09999999999854,as-is,summer (EDT),2025
2025-07-11,no_breakout,175.0,as-is,summer (EDT),2025
2025-07-14,no_breakout,288.3000000000029,as-is,summer (EDT),2025
2025-07-15,no_breakout,272.70000000000437,as-is,summer (EDT),2025
2025-07-16,no_breakout,271.8000000000029,as-is,summer (EDT),2025
2025-07-17,no_breakout,345.79999999999563,as-is,summer (EDT),2025
2025-07-18,no_breakout,314.90000000000146,as-is,summer (EDT),2025
2025-07-21,vol_filter_rejected,169.0,as-is,summer (EDT),2025
2025-07-22,no_breakout,246.29999999999563,as-is,summer (EDT),2025
2025-07-24,no_breakout,264.0,as-is,summer (EDT),2025
2025-07-25,vol_filter_rejected,165.6999999999971,as-is,summer (EDT),2025
2025-07-28,no_breakout,246.6999999999971,as-is,summer (EDT),2025
2025-07-29,no_breakout,189.70000000000437,as-is,summer (EDT),2025
2025-07-30,no_breakout,174.5,as-is,summer (EDT),2025
2025-07-31,no_breakout,254.20000000000437,as-is,summer (EDT),2025
2025-08-01,range_too_wide,567.9000000000015,as-is,summer (EDT),2025
2025-08-04,vol_filter_rejected,282.3000000000029,as-is,summer (EDT),2025
2025-08-05,no_breakout,289.0,as-is,summer (EDT),2025
2025-08-06,no_breakout,349.20000000000437,as-is,summer (EDT),2025
2025-08-07,no_breakout,457.6999999999971,as-is,summer (EDT),2025
2025-08-08,no_breakout,266.8000000000029,as-is,summer (EDT),2025
2025-08-11,no_breakout,251.90000000000146,as-is,summer (EDT),2025
2025-08-12,vol_filter_rejected,495.29999999999563,as-is,summer (EDT),2025
2025-08-13,no_breakout,389.3000000000029,as-is,summer (EDT),2025
2025-08-14,no_breakout,266.0,as-is,summer (EDT),2025
2025-08-15,no_breakout,375.20000000000437,as-is,summer (EDT),2025
2025-08-18,no_breakout,175.3000000000029,as-is,summer (EDT),2025
2025-08-19,no_breakout,423.29999999999563,as-is,summer (EDT),2025
2025-08-20,no_breakout,267.8000000000029,as-is,summer (EDT),2025
2025-08-21,no_breakout,322.5,as-is,summer (EDT),2025
2025-08-22,range_too_wide,726.2999999999956,as-is,summer (EDT),2025
2025-08-25,no_breakout,172.0,as-is,summer (EDT),2025
2025-08-26,no_breakout,159.29999999999563,as-is,summer (EDT),2025
2025-08-27,no_breakout,180.3000000000029,as-is,summer (EDT),2025
2025-08-28,no_breakout,270.0,as-is,summer (EDT),2025
2025-08-29,no_breakout,236.1999999999971,as-is,summer (EDT),2025
2025-09-01,no_breakout,159.70000000000437,as-is,summer (EDT),2025
2025-09-02,no_breakout,443.6999999999971,as-is,summer (EDT),2025
2025-09-03,no_breakout,246.5,as-is,summer (EDT),2025
2025-09-04,vol_filter_rejected,186.10000000000582,as-is,summer (EDT),2025
2025-09-05,no_breakout,420.6999999999971,as-is,summer (EDT),2025
2025-09-08,no_breakout,245.40000000000146,as-is,summer (EDT),2025
2025-09-09,vol_filter_rejected,132.6999999999971,as-is,summer (EDT),2025
2025-09-10,no_breakout,209.6999999999971,as-is,summer (EDT),2025
2025-09-11,range_too_wide,507.3000000000029,as-is,summer (EDT),2025
2025-09-12,no_breakout,126.0,as-is,summer (EDT),2025
2025-09-15,vol_filter_rejected,144.0,as-is,summer (EDT),2025
2025-09-16,no_breakout,306.90000000000146,as-is,summer (EDT),2025
2025-09-17,vol_filter_rejected,361.3000000000029,as-is,summer (EDT),2025
2025-09-18,no_breakout,422.6999999999971,as-is,summer (EDT),2025
2025-09-19,no_breakout,233.70000000000437,as-is,summer (EDT),2025
2025-09-22,vol_filter_rejected,214.0,as-is,summer (EDT),2025
2025-09-23,no_breakout,341.09999999999854,as-is,summer (EDT),2025
2025-09-24,no_breakout,173.29999999999563,as-is,summer (EDT),2025
2025-09-25,no_breakout,293.1999999999971,as-is,summer (EDT),2025
2025-09-26,no_range_data,,as-is,summer (EDT),2025
2025-09-29,no_breakout,313.40000000000146,as-is,summer (EDT),2025
2025-09-30,no_breakout,215.60000000000582,as-is,summer (EDT),2025
2025-10-01,vol_filter_rejected,372.5,as-is,summer (EDT),2025
2025-10-02,no_breakout,252.5,as-is,summer (EDT),2025
2025-10-03,vol_filter_rejected,355.3000000000029,as-is,summer (EDT),2025
2025-10-06,no_breakout,458.6999999999971,as-is,summer (EDT),2025
2025-10-07,no_breakout,327.09999999999854,as-is,summer (EDT),2025
2025-10-08,vol_filter_rejected,253.8000000000029,as-is,summer (EDT),2025
2025-10-09,no_breakout,279.90000000000146,as-is,summer (EDT),2025
2025-10-10,no_breakout,291.8000000000029,as-is,summer (EDT),2025
2025-10-13,vol_filter_rejected,258.8000000000029,as-is,summer (EDT),2025
2025-10-14,vol_filter_rejected,486.5,as-is,summer (EDT),2025
2025-10-15,no_breakout,297.5,as-is,summer (EDT),2025
2025-10-16,no_breakout,251.6999999999971,as-is,summer (EDT),2025
2025-10-17,range_too_wide,779.0999999999985,as-is,summer (EDT),2025
2025-10-20,vol_filter_rejected,301.3000000000029,as-is,summer (EDT),2025
2025-10-21,vol_filter_rejected,320.0,as-is,summer (EDT),2025
2025-10-22,no_breakout,183.6999999999971,as-is,summer (EDT),2025
2025-10-23,no_breakout,264.5,as-is,summer (EDT),2025
2025-10-24,vol_filter_rejected,459.79999999999563,as-is,summer (EDT),2025
2025-10-27,no_breakout,159.90000000000146,as-is,summer (EDT),2025
2025-10-28,no_breakout,403.0,as-is,summer (EDT),2025
2025-10-29,no_breakout,476.1000000000058,as-is,summer (EDT),2025
2025-10-30,range_too_wide,517.4000000000015,as-is,summer (EDT),2025
2025-10-31,no_breakout,186.70000000000437,as-is,summer (EDT),2025
2025-11-03,no_breakout,171.1999999999971,as-is,winter (EST),2025
2025-11-04,vol_filter_rejected,246.29999999999563,as-is,winter (EST),2025
2025-11-05,vol_filter_rejected,168.40000000000146,as-is,winter (EST),2025
2025-11-06,no_breakout,196.09999999999854,as-is,winter (EST),2025
2025-11-07,no_breakout,308.8999999999942,as-is,winter (EST),2025
2025-11-13,no_breakout,261.8999999999942,as-is,winter (EST),2025
2025-11-14,no_breakout,394.90000000000146,as-is,winter (EST),2025
2025-11-17,no_breakout,261.70000000000437,as-is,winter (EST),2025
2025-11-18,no_breakout,393.6000000000058,as-is,winter (EST),2025
2025-11-19,vol_filter_rejected,173.79999999999563,as-is,winter (EST),2025
2025-11-20,vol_filter_rejected,329.6999999999971,as-is,winter (EST),2025
2025-11-21,vol_filter_rejected,337.29999999999563,as-is,winter (EST),2025
2025-11-24,vol_filter_rejected,281.70000000000437,as-is,winter (EST),2025
2025-11-25,vol_filter_rejected,200.0,as-is,winter (EST),2025
2025-11-27,no_breakout,82.40000000000146,as-is,winter (EST),2025
2025-11-28,vol_filter_rejected,129.6999999999971,as-is,winter (EST),2025
2025-12-01,vol_filter_rejected,150.70000000000437,as-is,winter (EST),2025
2025-12-02,vol_filter_rejected,239.0,as-is,winter (EST),2025
2025-12-03,vol_filter_rejected,245.39999999999418,as-is,winter (EST),2025
2025-12-04,no_breakout,70.20000000000437,as-is,winter (EST),2025
2025-12-08,no_breakout,84.5,as-is,winter (EST),2025
2025-12-10,vol_filter_rejected,139.8000000000029,as-is,winter (EST),2025
2025-12-11,vol_filter_rejected,315.8000000000029,as-is,winter (EST),2025
2025-12-12,no_breakout,120.5,as-is,winter (EST),2025
2025-12-15,no_breakout,162.89999999999418,as-is,winter (EST),2025
2025-12-16,no_breakout,248.0,as-is,winter (EST),2025
2025-12-17,vol_filter_rejected,170.5,as-is,winter (EST),2025
2025-12-18,vol_filter_rejected,321.8999999999942,as-is,winter (EST),2025
2025-12-19,vol_filter_rejected,173.5,as-is,winter (EST),2025
2025-12-22,vol_filter_rejected,104.20000000000437,as-is,winter (EST),2025
2025-12-23,vol_filter_rejected,197.8000000000029,as-is,winter (EST),2025
2025-12-25,no_range_data,,as-is,winter (EST),2025
2025-12-29,no_breakout,195.5,as-is,winter (EST),2025
2025-12-30,no_breakout,72.30000000000291,as-is,winter (EST),2025
2025-12-31,no_breakout,113.59999999999854,as-is,winter (EST),2025
2026-01-01,no_range_data,,as-is,winter (EST),2026
2026-01-02,no_breakout,150.59999999999854,as-is,winter (EST),2026
2026-01-05,vol_filter_rejected,166.40000000000146,as-is,winter (EST),2026
2026-01-06,vol_filter_rejected,136.5,as-is,winter (EST),2026
2026-01-07,no_breakout,101.90000000000146,as-is,winter (EST),2026
2026-01-09,vol_filter_rejected,222.8000000000029,as-is,winter (EST),2026
2026-01-12,vol_filter_rejected,221.90000000000146,as-is,winter (EST),2026
2026-01-13,no_breakout,226.40000000000146,as-is,winter (EST),2026
2026-01-14,vol_filter_rejected,134.1999999999971,as-is,winter (EST),2026
2026-01-16,no_breakout,130.89999999999418,as-is,winter (EST),2026
2026-01-19,no_breakout,200.6999999999971,as-is,winter (EST),2026
2026-01-20,vol_filter_rejected,277.1000000000058,as-is,winter (EST),2026
2026-01-21,vol_filter_rejected,334.29999999999563,as-is,winter (EST),2026
2026-01-23,no_breakout,299.29999999999563,as-is,winter (EST),2026
2026-01-27,no_breakout,382.6000000000058,as-is,winter (EST),2026
2026-01-28,vol_filter_rejected,125.19999999999709,as-is,winter (EST),2026
2026-01-29,no_breakout,337.40000000000146,as-is,winter (EST),2026
2026-01-30,vol_filter_rejected,384.3000000000029,as-is,winter (EST),2026
2026-02-02,vol_filter_rejected,401.90000000000146,as-is,winter (EST),2026
2026-02-03,vol_filter_rejected,193.40000000000146,as-is,winter (EST),2026
2026-02-04,vol_filter_rejected,169.59999999999854,as-is,winter (EST),2026
2026-02-05,no_breakout,361.40000000000146,as-is,winter (EST),2026
2026-02-06,vol_filter_rejected,406.8000000000029,as-is,winter (EST),2026
2026-02-09,no_breakout,258.0,as-is,winter (EST),2026
2026-02-11,no_breakout,281.6999999999971,as-is,winter (EST),2026
2026-02-12,vol_filter_rejected,123.69999999999709,as-is,winter (EST),2026
2026-02-13,vol_filter_rejected,283.5,as-is,winter (EST),2026
2026-02-16,no_breakout,141.59999999999854,as-is,winter (EST),2026
2026-02-17,vol_filter_rejected,258.5,as-is,winter (EST),2026
2026-02-18,vol_filter_rejected,249.8000000000029,as-is,winter (EST),2026
2026-02-19,no_breakout,269.6999999999971,as-is,winter (EST),2026
2026-02-20,vol_filter_rejected,316.1000000000058,as-is,winter (EST),2026
2026-02-23,vol_filter_rejected,197.8000000000029,as-is,winter (EST),2026
2026-02-24,vol_filter_rejected,197.79999999999563,as-is,winter (EST),2026
2026-02-25,no_breakout,272.5,as-is,winter (EST),2026
2026-02-27,no_breakout,469.90000000000146,as-is,winter (EST),2026
2026-03-02,vol_filter_rejected,412.1999999999971,as-is,winter (EST),2026
2026-03-03,no_breakout,488.20000000000437,as-is,winter (EST),2026
2026-03-04,vol_filter_rejected,414.6999999999971,as-is,winter (EST),2026
2026-03-05,range_too_wide,522.2000000000044,as-is,winter (EST),2026
2026-03-06,range_too_wide,816.4000000000015,as-is,winter (EST),2026
2026-03-09,range_too_wide,522.2000000000044,as-is,summer (EDT),2026
2026-03-10,range_too_wide,515.4000000000015,as-is,summer (EDT),2026
2026-03-11,range_too_wide,559.3000000000029,as-is,summer (EDT),2026
2026-03-12,no_breakout,483.79999999999563,as-is,summer (EDT),2026
2026-03-13,range_too_wide,699.0999999999985,as-is,summer (EDT),2026
2026-03-16,range_too_wide,619.2999999999956,as-is,summer (EDT),2026
2026-03-17,range_too_wide,697.5999999999985,as-is,summer (EDT),2026
2026-03-18,range_too_wide,763.8000000000029,as-is,summer (EDT),2026
2026-03-19,range_too_wide,526.4000000000015,as-is,summer (EDT),2026
2026-03-20,no_breakout,477.8000000000029,as-is,summer (EDT),2026
2026-03-23,range_too_wide,1731.199999999997,as-is,summer (EDT),2026
2026-03-24,range_too_wide,597.3000000000029,as-is,summer (EDT),2026
2026-03-25,no_breakout,424.90000000000146,as-is,summer (EDT),2026
2026-03-26,range_too_wide,552.9000000000015,as-is,summer (EDT),2026
2026-03-27,range_too_wide,695.5,as-is,summer (EDT),2026
2026-03-30,no_breakout,373.20000000000437,as-is,summer (EDT),2026
2026-03-31,no_breakout,399.59999999999854,as-is,summer (EDT),2026
2026-04-01,no_breakout,335.59999999999854,as-is,summer (EDT),2026
2026-04-02,vol_filter_rejected,365.0,as-is,summer (EDT),2026
2026-04-03,no_scan_bars,260.1999999999971,as-is,summer (EDT),2026
2026-04-06,no_breakout,353.09999999999854,as-is,summer (EDT),2026
2026-04-07,range_too_wide,587.4000000000015,as-is,summer (EDT),2026
2026-04-08,no_breakout,422.0,as-is,summer (EDT),2026
2026-04-09,vol_filter_rejected,198.40000000000146,as-is,summer (EDT),2026
2026-04-10,no_breakout,355.59999999999854,as-is,summer (EDT),2026
2026-04-13,vol_filter_rejected,369.0,as-is,summer (EDT),2026
2026-04-14,vol_filter_rejected,359.0,as-is,summer (EDT),2026
2026-04-15,no_breakout,341.3000000000029,as-is,summer (EDT),2026
2026-04-16,no_breakout,339.0,as-is,summer (EDT),2026
2026-04-17,range_too_wide,845.5,as-is,summer (EDT),2026
2026-04-20,no_breakout,439.59999999999854,as-is,summer (EDT),2026
2026-04-21,no_breakout,363.0,as-is,summer (EDT),2026
2026-04-22,no_breakout,307.0,as-is,summer (EDT),2026
2026-04-23,vol_filter_rejected,414.0,as-is,summer (EDT),2026
2026-04-24,no_breakout,355.0,as-is,summer (EDT),2026
2026-04-27,no_breakout,258.0,as-is,summer (EDT),2026
2026-04-28,no_breakout,312.0,as-is,summer (EDT),2026
2026-04-29,no_breakout,388.0,as-is,summer (EDT),2026
2026-04-30,range_too_wide,818.0,as-is,summer (EDT),2026
2026-05-01,no_breakout,276.0,as-is,summer (EDT),2026
2026-05-04,no_breakout,355.0,as-is,summer (EDT),2026
2026-05-05,vol_filter_rejected,246.0,as-is,summer (EDT),2026
2026-05-06,range_too_wide,556.0,as-is,summer (EDT),2026
2026-05-07,no_breakout,417.0,as-is,summer (EDT),2026
2026-05-08,no_breakout,229.0,as-is,summer (EDT),2026
2026-05-11,no_breakout,250.0,as-is,summer (EDT),2026
2026-05-12,no_breakout,434.0,as-is,summer (EDT),2026
2026-05-13,no_breakout,341.0,as-is,summer (EDT),2026
2026-05-14,vol_filter_rejected,366.0,as-is,summer (EDT),2026
2026-05-15,no_breakout,365.0,as-is,summer (EDT),2026
2026-05-18,range_too_wide,649.0,as-is,summer (EDT),2026
2026-05-19,range_too_wide,513.6999999999971,as-is,summer (EDT),2026
2026-05-20,vol_filter_rejected,398.0,as-is,summer (EDT),2026
2026-05-21,range_too_wide,506.0,as-is,summer (EDT),2026
2026-05-22,no_breakout,421.0,as-is,summer (EDT),2026
2026-05-25,no_breakout,144.0,as-is,summer (EDT),2026
2026-05-26,no_breakout,351.0,as-is,summer (EDT),2026
2026-05-27,no_breakout,364.0,as-is,summer (EDT),2026
2026-05-28,no_breakout,465.0,as-is,summer (EDT),2026
2026-05-29,vol_filter_rejected,237.0,as-is,summer (EDT),2026
2026-06-01,range_too_wide,525.5,as-is,summer (EDT),2026
2026-06-02,vol_filter_rejected,466.0,as-is,summer (EDT),2026
2026-06-03,no_breakout,360.0,as-is,summer (EDT),2026
2026-06-04,range_too_wide,685.0,as-is,summer (EDT),2026
2026-06-05,no_breakout,389.0,as-is,summer (EDT),2026
2026-06-08,range_too_wide,593.0,as-is,summer (EDT),2026
2026-06-09,no_breakout,471.0,as-is,summer (EDT),2026
2026-06-10,range_too_wide,509.0,as-is,summer (EDT),2026
2026-06-11,no_breakout,322.0,as-is,summer (EDT),2026
2026-06-12,vol_filter_rejected,490.0,as-is,summer (EDT),2026
2026-06-15,vol_filter_rejected,299.59999999999854,as-is,summer (EDT),2026
2026-06-16,vol_filter_rejected,401.0,as-is,summer (EDT),2026
2026-06-17,no_breakout,338.59999999999854,as-is,summer (EDT),2026
2026-06-18,no_breakout,371.0,as-is,summer (EDT),2026
2026-06-19,no_breakout,205.0,as-is,summer (EDT),2026
2026-06-22,no_breakout,388.0,as-is,summer (EDT),2026
2026-06-23,range_too_wide,518.0,as-is,summer (EDT),2026
2026-06-24,vol_filter_rejected,378.0,as-is,summer (EDT),2026
2026-06-25,range_too_wide,752.5,as-is,summer (EDT),2026
2026-06-26,vol_filter_rejected,447.0,as-is,summer (EDT),2026
2026-06-29,no_breakout,358.0,as-is,summer (EDT),2026
2026-06-30,vol_filter_rejected,329.0,as-is,summer (EDT),2026
2026-07-01,vol_filter_rejected,423.0,as-is,summer (EDT),2026
2026-07-02,range_too_wide,525.0,as-is,summer (EDT),2026
2026-07-03,vol_filter_rejected,155.0,as-is,summer (EDT),2026
2023-07-03,vol_filter_rejected,97.39999999999418,dst_open,summer (EDT),2023
2023-07-04,no_breakout,57.200000000004366,dst_open,summer (EDT),2023
2023-07-05,vol_filter_rejected,128.90000000000146,dst_open,summer (EDT),2023
2023-07-06,no_breakout,163.59999999999854,dst_open,summer (EDT),2023
2023-07-07,no_breakout,157.8000000000029,dst_open,summer (EDT),2023
2023-07-12,vol_filter_rejected,233.59999999999854,dst_open,summer (EDT),2023
2023-07-13,vol_filter_rejected,69.80000000000291,dst_open,summer (EDT),2023
2023-07-14,no_breakout,257.90000000000146,dst_open,summer (EDT),2023
2023-07-17,vol_filter_rejected,89.0,dst_open,summer (EDT),2023
2023-07-21,no_breakout,128.8000000000029,dst_open,summer (EDT),2023
2023-07-25,vol_filter_rejected,76.0,dst_open,summer (EDT),2023
2023-07-27,no_breakout,145.3000000000029,dst_open,summer (EDT),2023
2023-07-28,vol_filter_rejected,166.5,dst_open,summer (EDT),2023
2023-07-31,vol_filter_rejected,86.90000000000146,dst_open,summer (EDT),2023
2023-08-02,no_breakout,217.5,dst_open,summer (EDT),2023
2023-08-03,no_breakout,134.09999999999854,dst_open,summer (EDT),2023
2023-08-04,vol_filter_rejected,184.20000000000437,dst_open,summer (EDT),2023
2023-08-08,no_breakout,228.59999999999854,dst_open,summer (EDT),2023
2023-08-09,no_breakout,136.70000000000437,dst_open,summer (EDT),2023
2023-08-10,vol_filter_rejected,207.1999999999971,dst_open,summer (EDT),2023
2023-08-11,vol_filter_rejected,146.79999999999563,dst_open,summer (EDT),2023
2023-08-14,no_breakout,169.09999999999854,dst_open,summer (EDT),2023
2023-08-15,no_breakout,177.29999999999563,dst_open,summer (EDT),2023
2023-08-17,vol_filter_rejected,120.09999999999854,dst_open,summer (EDT),2023
2023-08-18,vol_filter_rejected,213.0,dst_open,summer (EDT),2023
2023-08-21,no_breakout,137.1999999999971,dst_open,summer (EDT),2023
2023-08-22,no_breakout,140.20000000000437,dst_open,summer (EDT),2023
2023-08-23,no_breakout,155.59999999999854,dst_open,summer (EDT),2023
2023-08-24,vol_filter_rejected,105.19999999999709,dst_open,summer (EDT),2023
2023-08-29,vol_filter_rejected,118.60000000000582,dst_open,summer (EDT),2023
2023-08-31,no_breakout,128.59999999999854,dst_open,summer (EDT),2023
2023-09-01,vol_filter_rejected,111.40000000000146,dst_open,summer (EDT),2023
2023-09-04,no_breakout,57.30000000000291,dst_open,summer (EDT),2023
2023-09-05,no_breakout,163.59999999999854,dst_open,summer (EDT),2023
2023-09-06,no_breakout,82.69999999999709,dst_open,summer (EDT),2023
2023-09-07,vol_filter_rejected,161.6999999999971,dst_open,summer (EDT),2023
2023-09-08,vol_filter_rejected,154.0,dst_open,summer (EDT),2023
2023-09-12,vol_filter_rejected,118.69999999999709,dst_open,summer (EDT),2023
2023-09-14,vol_filter_rejected,240.09999999999854,dst_open,summer (EDT),2023
2023-09-15,no_breakout,259.0,dst_open,summer (EDT),2023
2023-09-18,vol_filter_rejected,103.0,dst_open,summer (EDT),2023
2023-09-19,no_breakout,158.60000000000582,dst_open,summer (EDT),2023
2023-09-20,vol_filter_rejected,137.20000000000437,dst_open,summer (EDT),2023
2023-09-21,no_breakout,211.0,dst_open,summer (EDT),2023
2023-09-22,vol_filter_rejected,92.69999999999709,dst_open,summer (EDT),2023
2023-09-25,no_breakout,255.5,dst_open,summer (EDT),2023
2023-09-26,no_breakout,137.59999999999854,dst_open,summer (EDT),2023
2023-09-27,no_breakout,75.69999999999709,dst_open,summer (EDT),2023
2023-09-28,vol_filter_rejected,190.79999999999563,dst_open,summer (EDT),2023
2023-09-29,no_breakout,125.0,dst_open,summer (EDT),2023
2023-10-02,no_breakout,297.1999999999971,dst_open,summer (EDT),2023
2023-10-03,no_breakout,254.79999999999563,dst_open,summer (EDT),2023
2023-10-04,no_breakout,168.29999999999563,dst_open,summer (EDT),2023
2023-10-05,no_breakout,149.0,dst_open,summer (EDT),2023
2023-10-06,vol_filter_rejected,370.20000000000437,dst_open,summer (EDT),2023
2023-10-10,vol_filter_rejected,113.90000000000146,dst_open,summer (EDT),2023
2023-10-11,no_breakout,150.3000000000029,dst_open,summer (EDT),2023
2023-10-12,no_breakout,139.0,dst_open,summer (EDT),2023
2023-10-13,vol_filter_rejected,195.40000000000146,dst_open,summer (EDT),2023
2023-10-16,vol_filter_rejected,205.90000000000146,dst_open,summer (EDT),2023
2023-10-17,vol_filter_rejected,174.90000000000146,dst_open,summer (EDT),2023
2023-10-18,no_breakout,134.29999999999563,dst_open,summer (EDT),2023
2023-10-19,no_breakout,158.29999999999563,dst_open,summer (EDT),2023
2023-10-20,no_breakout,155.6999999999971,dst_open,summer (EDT),2023
2023-10-23,vol_filter_rejected,192.5,dst_open,summer (EDT),2023
2023-10-25,no_breakout,136.3000000000029,dst_open,summer (EDT),2023
2023-10-26,vol_filter_rejected,215.1999999999971,dst_open,summer (EDT),2023
2023-10-27,no_breakout,224.09999999999854,dst_open,summer (EDT),2023
2023-10-31,no_breakout,251.10000000000582,dst_open,summer (EDT),2023
2023-11-01,vol_filter_rejected,213.09999999999854,dst_open,summer (EDT),2023
2023-11-03,no_breakout,240.1999999999971,dst_open,summer (EDT),2023
2023-11-06,no_breakout,64.5,dst_open,winter (EST),2023
2023-11-07,vol_filter_rejected,103.30000000000291,dst_open,winter (EST),2023
2023-11-08,vol_filter_rejected,105.5,dst_open,winter (EST),2023
2023-11-09,no_breakout,138.59999999999854,dst_open,winter (EST),2023
2023-11-10,no_breakout,171.5,dst_open,winter (EST),2023
2023-11-13,vol_filter_rejected,115.0,dst_open,winter (EST),2023
2023-11-14,vol_filter_rejected,422.1999999999971,dst_open,winter (EST),2023
2023-11-15,no_breakout,122.90000000000146,dst_open,winter (EST),2023
2023-11-16,vol_filter_rejected,130.3000000000029,dst_open,winter (EST),2023
2023-11-17,no_breakout,151.89999999999418,dst_open,winter (EST),2023
2023-11-20,vol_filter_rejected,94.80000000000291,dst_open,winter (EST),2023
2023-11-21,no_breakout,73.90000000000146,dst_open,winter (EST),2023
2023-11-24,vol_filter_rejected,73.89999999999418,dst_open,winter (EST),2023
2023-11-27,no_breakout,77.69999999999709,dst_open,winter (EST),2023
2023-11-28,vol_filter_rejected,78.09999999999854,dst_open,winter (EST),2023
2023-11-29,no_breakout,100.0,dst_open,winter (EST),2023
2023-11-30,vol_filter_rejected,166.20000000000437,dst_open,winter (EST),2023
2023-12-01,vol_filter_rejected,137.90000000000146,dst_open,winter (EST),2023
2023-12-04,vol_filter_rejected,181.59999999999854,dst_open,winter (EST),2023
2023-12-05,no_breakout,127.19999999999709,dst_open,winter (EST),2023
2023-12-06,vol_filter_rejected,106.69999999999709,dst_open,winter (EST),2023
2023-12-07,no_breakout,145.8000000000029,dst_open,winter (EST),2023
2023-12-08,vol_filter_rejected,192.3000000000029,dst_open,winter (EST),2023
2023-12-12,no_breakout,217.90000000000146,dst_open,winter (EST),2023
2023-12-13,no_breakout,81.90000000000146,dst_open,winter (EST),2023
2023-12-14,no_breakout,170.8000000000029,dst_open,winter (EST),2023
2023-12-15,no_breakout,228.70000000000437,dst_open,winter (EST),2023
2023-12-18,vol_filter_rejected,78.90000000000146,dst_open,winter (EST),2023
2023-12-19,vol_filter_rejected,99.90000000000146,dst_open,winter (EST),2023
2023-12-20,vol_filter_rejected,114.30000000000291,dst_open,winter (EST),2023
2023-12-25,no_range_data,,dst_open,winter (EST),2023
2023-12-26,vol_filter_rejected,91.89999999999418,dst_open,winter (EST),2023
2023-12-27,vol_filter_rejected,57.099999999998545,dst_open,winter (EST),2023
2023-12-28,vol_filter_rejected,89.19999999999709,dst_open,winter (EST),2023
2023-12-29,no_breakout,88.89999999999418,dst_open,winter (EST),2023
2024-01-01,no_range_data,,dst_open,winter (EST),2024
2024-01-02,no_breakout,353.6000000000058,dst_open,winter (EST),2024
2024-01-03,no_breakout,173.39999999999418,dst_open,winter (EST),2024
2024-01-04,vol_filter_rejected,89.5,dst_open,winter (EST),2024
2024-01-05,vol_filter_rejected,206.0,dst_open,winter (EST),2024
2024-01-08,vol_filter_rejected,155.8000000000029,dst_open,winter (EST),2024
2024-01-09,no_breakout,174.79999999999563,dst_open,winter (EST),2024
2024-01-11,no_breakout,221.6999999999971,dst_open,winter (EST),2024
2024-01-12,vol_filter_rejected,353.20000000000437,dst_open,winter (EST),2024
2024-01-15,no_breakout,106.59999999999854,dst_open,winter (EST),2024
2024-01-16,no_breakout,168.0,dst_open,winter (EST),2024
2024-01-17,vol_filter_rejected,116.09999999999854,dst_open,winter (EST),2024
2024-01-18,no_breakout,153.0,dst_open,winter (EST),2024
2024-01-19,no_breakout,245.59999999999854,dst_open,winter (EST),2024
2024-01-23,no_breakout,100.79999999999563,dst_open,winter (EST),2024
2024-01-24,no_breakout,141.3000000000029,dst_open,winter (EST),2024
2024-01-25,vol_filter_rejected,183.70000000000437,dst_open,winter (EST),2024
2024-01-30,vol_filter_rejected,66.29999999999563,dst_open,winter (EST),2024
2024-01-31,no_breakout,97.0,dst_open,winter (EST),2024
2024-02-01,vol_filter_rejected,118.5,dst_open,winter (EST),2024
2024-02-02,no_breakout,244.0,dst_open,winter (EST),2024
2024-02-05,no_breakout,172.6999999999971,dst_open,winter (EST),2024
2024-02-08,no_breakout,119.0,dst_open,winter (EST),2024
2024-02-09,no_breakout,199.5,dst_open,winter (EST),2024
2024-02-13,no_breakout,434.8000000000029,dst_open,winter (EST),2024
2024-02-14,no_breakout,132.0,dst_open,winter (EST),2024
2024-02-15,vol_filter_rejected,96.5,dst_open,winter (EST),2024
2024-02-16,no_breakout,150.5,dst_open,winter (EST),2024
2024-02-19,no_breakout,68.69999999999709,dst_open,winter (EST),2024
2024-02-21,no_breakout,75.29999999999563,dst_open,winter (EST),2024
2024-02-22,vol_filter_rejected,192.0,dst_open,winter (EST),2024
2024-02-23,vol_filter_rejected,151.5,dst_open,winter (EST),2024
2024-02-27,no_breakout,85.5,dst_open,winter (EST),2024
2024-02-28,vol_filter_rejected,143.5,dst_open,winter (EST),2024
2024-02-29,no_breakout,273.0,dst_open,winter (EST),2024
2024-03-01,vol_filter_rejected,128.5,dst_open,winter (EST),2024
2024-03-04,no_breakout,183.0,dst_open,winter (EST),2024
2024-03-05,no_breakout,130.0,dst_open,winter (EST),2024
2024-03-06,vol_filter_rejected,228.5,dst_open,winter (EST),2024
2024-03-08,vol_filter_rejected,226.0,dst_open,winter (EST),2024
2024-03-11,no_breakout,150.79999999999563,dst_open,summer (EDT),2024
2024-03-12,vol_filter_rejected,277.79999999999563,dst_open,summer (EDT),2024
2024-03-13,vol_filter_rejected,100.5,dst_open,summer (EDT),2024
2024-03-14,no_breakout,109.29999999999563,dst_open,summer (EDT),2024
2024-03-15,no_breakout,216.0,dst_open,summer (EDT),2024
2024-03-18,vol_filter_rejected,190.29999999999563,dst_open,summer (EDT),2024
2024-03-20,vol_filter_rejected,86.0,dst_open,summer (EDT),2024
2024-03-22,no_breakout,113.79999999999563,dst_open,summer (EDT),2024
2024-03-25,no_breakout,97.0,dst_open,summer (EDT),2024
2024-03-26,no_breakout,104.70000000000437,dst_open,summer (EDT),2024
2024-03-28,no_breakout,122.5,dst_open,summer (EDT),2024
2024-04-01,no_breakout,195.0,dst_open,summer (EDT),2024
2024-04-02,no_breakout,278.0,dst_open,summer (EDT),2024
2024-04-03,vol_filter_rejected,91.0,dst_open,summer (EDT),2024
2024-04-04,no_breakout,181.0,dst_open,summer (EDT),2024
2024-04-05,vol_filter_rejected,174.8000000000029,dst_open,summer (EDT),2024
2024-04-08,vol_filter_rejected,178.5,dst_open,summer (EDT),2024
2024-04-09,no_breakout,132.0,dst_open,summer (EDT),2024
2024-04-10,range_too_wide,670.7999999999956,dst_open,summer (EDT),2024
2024-04-11,no_breakout,293.5,dst_open,summer (EDT),2024
2024-04-12,no_breakout,447.0,dst_open,summer (EDT),2024
2024-04-16,no_breakout,379.20000000000437,dst_open,summer (EDT),2024
2024-04-17,no_breakout,186.0,dst_open,summer (EDT),2024
2024-04-18,vol_filter_rejected,165.5,dst_open,summer (EDT),2024
2024-04-22,no_breakout,164.79999999999563,dst_open,summer (EDT),2024
2024-04-23,vol_filter_rejected,139.5,dst_open,summer (EDT),2024
2024-04-24,no_breakout,105.0,dst_open,summer (EDT),2024
2024-04-25,no_breakout,447.5,dst_open,summer (EDT),2024
2024-04-26,vol_filter_rejected,224.20000000000437,dst_open,summer (EDT),2024
2024-04-30,no_breakout,200.29999999999563,dst_open,summer (EDT),2024
2024-05-02,no_breakout,140.0,dst_open,summer (EDT),2024
2024-05-03,no_breakout,322.29999999999563,dst_open,summer (EDT),2024
2024-05-06,no_breakout,139.5,dst_open,summer (EDT),2024
2024-05-07,vol_filter_rejected,91.79999999999563,dst_open,summer (EDT),2024
2024-05-08,vol_filter_rejected,118.0,dst_open,summer (EDT),2024
2024-05-13,no_breakout,134.0,dst_open,summer (EDT),2024
2024-05-14,vol_filter_rejected,217.5,dst_open,summer (EDT),2024
2024-05-15,vol_filter_rejected,243.3000000000029,dst_open,summer (EDT),2024
2024-05-16,vol_filter_rejected,71.19999999999709,dst_open,summer (EDT),2024
2024-05-17,vol_filter_rejected,95.0,dst_open,summer (EDT),2024
2024-05-20,vol_filter_rejected,68.20000000000437,dst_open,summer (EDT),2024
2024-05-21,vol_filter_rejected,66.0,dst_open,summer (EDT),2024
2024-05-22,vol_filter_rejected,88.0,dst_open,summer (EDT),2024
2024-05-23,no_breakout,108.79999999999563,dst_open,summer (EDT),2024
2024-05-28,no_breakout,134.29999999999563,dst_open,summer (EDT),2024
2024-05-29,no_breakout,180.0,dst_open,summer (EDT),2024
2024-05-30,vol_filter_rejected,70.5,dst_open,summer (EDT),2024
2024-06-03,no_breakout,107.0,dst_open,summer (EDT),2024
2024-06-05,no_breakout,100.0,dst_open,summer (EDT),2024
2024-06-06,vol_filter_rejected,88.0,dst_open,summer (EDT),2024
2024-06-07,vol_filter_rejected,270.5,dst_open,summer (EDT),2024
2024-06-10,vol_filter_rejected,120.0,dst_open,summer (EDT),2024
2024-06-11,no_breakout,136.5,dst_open,summer (EDT),2024
2024-06-12,no_breakout,383.5,dst_open,summer (EDT),2024
2024-06-13,no_breakout,176.0,dst_open,summer (EDT),2024
2024-06-14,no_breakout,255.5,dst_open,summer (EDT),2024
2024-06-17,vol_filter_rejected,143.1999999999971,dst_open,summer (EDT),2024
2024-06-19,no_breakout,39.5,dst_open,summer (EDT),2024
2024-06-20,vol_filter_rejected,110.5,dst_open,summer (EDT),2024
2024-06-21,vol_filter_rejected,128.70000000000437,dst_open,summer (EDT),2024
2024-06-24,vol_filter_rejected,114.0,dst_open,summer (EDT),2024
2024-06-25,no_breakout,129.0,dst_open,summer (EDT),2024
2024-06-26,no_breakout,175.0,dst_open,summer (EDT),2024
2024-07-03,no_breakout,98.0,dst_open,summer (EDT),2024
2024-07-04,no_breakout,92.80000000000291,dst_open,summer (EDT),2024
2024-07-05,no_breakout,119.0,dst_open,summer (EDT),2024
2024-07-09,no_breakout,87.0,dst_open,summer (EDT),2024
2024-07-10,vol_filter_rejected,69.0,dst_open,summer (EDT),2024
2024-07-11,vol_filter_rejected,202.29999999999563,dst_open,summer (EDT),2024
2024-07-15,vol_filter_rejected,158.6999999999971,dst_open,summer (EDT),2024
2024-07-18,vol_filter_rejected,177.0,dst_open,summer (EDT),2024
2024-07-19,no_breakout,204.0,dst_open,summer (EDT),2024
2024-07-22,vol_filter_rejected,109.0,dst_open,summer (EDT),2024
2024-07-23,vol_filter_rejected,162.5,dst_open,summer (EDT),2024
2024-07-25,vol_filter_rejected,192.0,dst_open,summer (EDT),2024
2024-07-29,no_breakout,187.0,dst_open,summer (EDT),2024
2024-07-31,vol_filter_rejected,224.0,dst_open,summer (EDT),2024
2024-08-02,no_breakout,364.5,dst_open,summer (EDT),2024
2024-08-05,range_too_wide,849.6999999999971,dst_open,summer (EDT),2024
2024-08-06,vol_filter_rejected,344.70000000000437,dst_open,summer (EDT),2024
2024-08-07,vol_filter_rejected,199.20000000000437,dst_open,summer (EDT),2024
2024-08-09,no_breakout,248.29999999999563,dst_open,summer (EDT),2024
2024-08-12,no_breakout,137.0,dst_open,summer (EDT),2024
2024-08-14,vol_filter_rejected,174.0,dst_open,summer (EDT),2024
2024-08-16,no_breakout,218.5,dst_open,summer (EDT),2024
2024-08-20,no_breakout,113.19999999999709,dst_open,summer (EDT),2024
2024-08-21,vol_filter_rejected,77.0,dst_open,summer (EDT),2024
2024-08-23,vol_filter_rejected,126.0,dst_open,summer (EDT),2024
2024-08-27,no_breakout,206.5,dst_open,summer (EDT),2024
2024-08-28,vol_filter_rejected,70.5,dst_open,summer (EDT),2024
2024-08-29,no_breakout,183.0,dst_open,summer (EDT),2024
2024-09-02,vol_filter_rejected,74.69999999999709,dst_open,summer (EDT),2024
2024-09-03,no_breakout,224.3000000000029,dst_open,summer (EDT),2024
2024-09-05,no_breakout,128.1999999999971,dst_open,summer (EDT),2024
2024-09-06,vol_filter_rejected,252.0,dst_open,summer (EDT),2024
2024-09-09,vol_filter_rejected,174.1999999999971,dst_open,summer (EDT),2024
2024-09-10,no_breakout,207.8000000000029,dst_open,summer (EDT),2024
2024-09-11,no_breakout,206.3000000000029,dst_open,summer (EDT),2024
2024-09-12,no_breakout,196.5,dst_open,summer (EDT),2024
2024-09-13,vol_filter_rejected,131.0,dst_open,summer (EDT),2024
2024-09-17,vol_filter_rejected,108.69999999999709,dst_open,summer (EDT),2024
2024-09-18,no_breakout,83.30000000000291,dst_open,summer (EDT),2024
2024-09-19,no_breakout,260.0,dst_open,summer (EDT),2024
2024-09-20,no_breakout,154.0,dst_open,summer (EDT),2024
2024-09-23,no_breakout,104.80000000000291,dst_open,summer (EDT),2024
2024-09-24,vol_filter_rejected,144.0,dst_open,summer (EDT),2024
2024-09-25,no_breakout,102.0,dst_open,summer (EDT),2024
2024-09-26,vol_filter_rejected,91.5,dst_open,summer (EDT),2024
2024-09-30,no_breakout,97.69999999999709,dst_open,summer (EDT),2024
2024-10-01,no_breakout,102.29999999999563,dst_open,summer (EDT),2024
2024-10-02,vol_filter_rejected,233.5,dst_open,summer (EDT),2024
2024-10-03,no_breakout,151.0,dst_open,summer (EDT),2024
2024-10-04,vol_filter_rejected,328.6999999999971,dst_open,summer (EDT),2024
2024-10-07,vol_filter_rejected,112.0,dst_open,summer (EDT),2024
2024-10-08,no_breakout,169.5,dst_open,summer (EDT),2024
2024-10-10,no_breakout,142.09999999999854,dst_open,summer (EDT),2024
2024-10-14,vol_filter_rejected,107.19999999999709,dst_open,summer (EDT),2024
2024-10-15,no_breakout,285.0,dst_open,summer (EDT),2024
2024-10-17,no_breakout,207.70000000000437,dst_open,summer (EDT),2024
2024-10-18,no_breakout,164.1999999999971,dst_open,summer (EDT),2024
2024-10-21,no_breakout,158.79999999999563,dst_open,summer (EDT),2024
2024-10-22,vol_filter_rejected,146.5,dst_open,summer (EDT),2024
2024-10-23,no_breakout,164.0,dst_open,summer (EDT),2024
2024-10-24,no_breakout,106.0,dst_open,summer (EDT),2024
2024-10-25,vol_filter_rejected,150.0,dst_open,summer (EDT),2024
2024-10-29,vol_filter_rejected,225.3000000000029,dst_open,summer (EDT),2024
2024-10-30,vol_filter_rejected,205.6999999999971,dst_open,summer (EDT),2024
2024-10-31,no_breakout,124.0,dst_open,summer (EDT),2024
2024-11-04,no_breakout,180.70000000000437,dst_open,winter (EST),2024
2024-11-06,range_too_wide,566.6999999999971,dst_open,winter (EST),2024
2024-11-07,no_breakout,155.0,dst_open,winter (EST),2024
2024-11-08,vol_filter_rejected,123.0,dst_open,winter (EST),2024
2024-11-12,vol_filter_rejected,185.0,dst_open,winter (EST),2024
2024-11-13,vol_filter_rejected,276.0,dst_open,winter (EST),2024
2024-11-14,no_breakout,141.0,dst_open,winter (EST),2024
2024-11-15,no_breakout,177.0,dst_open,winter (EST),2024
2024-11-18,vol_filter_rejected,152.0,dst_open,winter (EST),2024
2024-11-19,range_too_wide,619.0,dst_open,winter (EST),2024
2024-11-20,no_breakout,180.0,dst_open,winter (EST),2024
2024-11-21,vol_filter_rejected,367.0,dst_open,winter (EST),2024
2024-11-26,no_breakout,284.0,dst_open,winter (EST),2024
2024-11-29,vol_filter_rejected,151.79999999999563,dst_open,winter (EST),2024
2024-12-02,no_breakout,144.0,dst_open,winter (EST),2024
2024-12-03,no_breakout,99.0,dst_open,winter (EST),2024
2024-12-05,no_breakout,127.5,dst_open,winter (EST),2024
2024-12-09,no_breakout,121.80000000000291,dst_open,winter (EST),2024
2024-12-10,vol_filter_rejected,151.0,dst_open,winter (EST),2024
2024-12-11,no_breakout,191.5,dst_open,winter (EST),2024
2024-12-12,vol_filter_rejected,126.29999999999563,dst_open,winter (EST),2024
2024-12-13,no_breakout,133.5,dst_open,winter (EST),2024
2024-12-16,no_breakout,105.5,dst_open,winter (EST),2024
2024-12-17,no_breakout,132.1999999999971,dst_open,winter (EST),2024
2024-12-18,vol_filter_rejected,177.1999999999971,dst_open,winter (EST),2024
2024-12-23,no_breakout,364.5,dst_open,winter (EST),2024
2024-12-24,vol_filter_rejected,74.0,dst_open,winter (EST),2024
2024-12-25,no_range_data,,dst_open,winter (EST),2024
2024-12-27,no_breakout,207.5,dst_open,winter (EST),2024
2024-12-30,no_breakout,443.5,dst_open,winter (EST),2024
2024-12-31,vol_filter_rejected,171.0,dst_open,winter (EST),2024
2025-01-01,no_range_data,,dst_open,winter (EST),2025
2025-01-02,no_breakout,281.8000000000029,dst_open,winter (EST),2025
2025-01-06,vol_filter_rejected,285.0,dst_open,winter (EST),2025
2025-01-08,no_breakout,268.5,dst_open,winter (EST),2025
2025-01-09,no_scan_bars,181.3000000000029,dst_open,winter (EST),2025
2025-01-10,no_breakout,451.5,dst_open,winter (EST),2025
2025-01-14,no_breakout,255.29999999999563,dst_open,winter (EST),2025
2025-01-15,range_too_wide,693.0,dst_open,winter (EST),2025
2025-01-16,no_breakout,283.0,dst_open,winter (EST),2025
2025-01-17,vol_filter_rejected,257.0,dst_open,winter (EST),2025
2025-01-20,vol_filter_rejected,286.0,dst_open,winter (EST),2025
2025-01-21,vol_filter_rejected,141.6999999999971,dst_open,winter (EST),2025
2025-01-22,no_breakout,178.8000000000029,dst_open,winter (EST),2025
2025-01-24,no_breakout,153.8000000000029,dst_open,winter (EST),2025
2025-01-28,vol_filter_rejected,178.5,dst_open,winter (EST),2025
2025-01-30,no_breakout,306.5,dst_open,winter (EST),2025
2025-01-31,no_breakout,112.20000000000437,dst_open,winter (EST),2025
2025-02-04,vol_filter_rejected,199.6999999999971,dst_open,winter (EST),2025
2025-02-06,no_breakout,196.3000000000029,dst_open,winter (EST),2025
2025-02-07,vol_filter_rejected,146.6999999999971,dst_open,winter (EST),2025
2025-02-10,no_breakout,224.1999999999971,dst_open,winter (EST),2025
2025-02-11,vol_filter_rejected,127.0,dst_open,winter (EST),2025
2025-02-12,no_breakout,458.6999999999971,dst_open,winter (EST),2025
2025-02-13,no_breakout,270.3000000000029,dst_open,winter (EST),2025
2025-02-14,vol_filter_rejected,195.0,dst_open,winter (EST),2025
2025-02-17,no_breakout,103.0,dst_open,winter (EST),2025
2025-02-18,no_breakout,178.5,dst_open,winter (EST),2025
2025-02-19,no_breakout,190.0,dst_open,winter (EST),2025
2025-02-20,no_breakout,125.79999999999563,dst_open,winter (EST),2025
2025-02-21,no_breakout,344.3000000000029,dst_open,winter (EST),2025
2025-02-24,no_breakout,219.0,dst_open,winter (EST),2025
2025-02-26,vol_filter_rejected,127.0,dst_open,winter (EST),2025
2025-02-28,vol_filter_rejected,205.70000000000437,dst_open,winter (EST),2025
2025-03-03,no_breakout,284.5,dst_open,winter (EST),2025
2025-03-04,no_breakout,344.20000000000437,dst_open,winter (EST),2025
2025-03-05,no_breakout,405.6999999999971,dst_open,winter (EST),2025
2025-03-06,vol_filter_rejected,367.0,dst_open,winter (EST),2025
2025-03-07,no_breakout,469.5,dst_open,winter (EST),2025
2025-03-10,no_breakout,373.0,dst_open,summer (EDT),2025
2025-03-11,no_breakout,311.5,dst_open,summer (EDT),2025
2025-03-12,range_too_wide,510.90000000000146,dst_open,summer (EDT),2025
2025-03-13,no_breakout,289.79999999999563,dst_open,summer (EDT),2025
2025-03-14,vol_filter_rejected,164.0,dst_open,summer (EDT),2025
2025-03-18,no_breakout,208.0,dst_open,summer (EDT),2025
2025-03-20,vol_filter_rejected,455.0,dst_open,summer (EDT),2025
2025-03-21,no_breakout,392.5,dst_open,summer (EDT),2025
2025-03-24,vol_filter_rejected,167.5,dst_open,summer (EDT),2025
2025-03-25,no_breakout,202.1999999999971,dst_open,summer (EDT),2025
2025-03-27,no_breakout,199.0,dst_open,summer (EDT),2025
2025-03-28,no_breakout,162.0,dst_open,summer (EDT),2025
2025-03-31,vol_filter_rejected,219.5,dst_open,summer (EDT),2025
2025-04-01,vol_filter_rejected,283.8000000000029,dst_open,summer (EDT),2025
2025-04-02,vol_filter_rejected,321.0,dst_open,summer (EDT),2025
2025-04-03,no_breakout,356.79999999999563,dst_open,summer (EDT),2025
2025-04-04,range_too_wide,1335.0,dst_open,summer (EDT),2025
2025-04-07,range_too_wide,1011.0,dst_open,summer (EDT),2025
2025-04-08,range_too_wide,829.0,dst_open,summer (EDT),2025
2025-04-09,range_too_wide,1083.300000000003,dst_open,summer (EDT),2025
2025-04-10,no_breakout,419.20000000000437,dst_open,summer (EDT),2025
2025-04-11,range_too_wide,663.0,dst_open,summer (EDT),2025
2025-04-14,vol_filter_rejected,308.5,dst_open,summer (EDT),2025
2025-04-16,range_too_wide,510.6999999999971,dst_open,summer (EDT),2025
2025-04-17,range_too_wide,1024.300000000003,dst_open,summer (EDT),2025
2025-04-21,no_breakout,215.6999999999971,dst_open,summer (EDT),2025
2025-04-24,vol_filter_rejected,323.5,dst_open,summer (EDT),2025
2025-04-25,no_breakout,335.8000000000029,dst_open,summer (EDT),2025
2025-04-29,vol_filter_rejected,241.5,dst_open,summer (EDT),2025
2025-04-30,no_breakout,499.3000000000029,dst_open,summer (EDT),2025
2025-05-01,vol_filter_rejected,213.0,dst_open,summer (EDT),2025
2025-05-02,vol_filter_rejected,394.6999999999971,dst_open,summer (EDT),2025
2025-05-06,vol_filter_rejected,256.5,dst_open,summer (EDT),2025
2025-05-07,no_breakout,197.0,dst_open,summer (EDT),2025
2025-05-08,no_breakout,259.29999999999563,dst_open,summer (EDT),2025
2025-05-09,no_breakout,251.8000000000029,dst_open,summer (EDT),2025
2025-05-12,no_breakout,370.0,dst_open,summer (EDT),2025
2025-05-13,no_breakout,251.5,dst_open,summer (EDT),2025
2025-05-14,no_breakout,149.5,dst_open,summer (EDT),2025
2025-05-15,vol_filter_rejected,191.5,dst_open,summer (EDT),2025
2025-05-16,no_breakout,171.3000000000029,dst_open,summer (EDT),2025
2025-05-20,no_breakout,141.6999999999971,dst_open,summer (EDT),2025
2025-05-21,no_breakout,283.0,dst_open,summer (EDT),2025
2025-05-22,vol_filter_rejected,275.0,dst_open,summer (EDT),2025
2025-05-23,range_too_wide,774.6999999999971,dst_open,summer (EDT),2025
2025-05-26,no_breakout,100.0,dst_open,summer (EDT),2025
2025-05-27,no_breakout,165.5,dst_open,summer (EDT),2025
2025-05-29,range_too_wide,538.3000000000029,dst_open,summer (EDT),2025
2025-05-30,vol_filter_rejected,276.1999999999971,dst_open,summer (EDT),2025
2025-06-02,no_breakout,184.90000000000146,dst_open,summer (EDT),2025
2025-06-04,no_breakout,153.0,dst_open,summer (EDT),2025
2025-06-05,no_breakout,274.3000000000029,dst_open,summer (EDT),2025
2025-06-06,vol_filter_rejected,332.5,dst_open,summer (EDT),2025
2025-06-09,no_breakout,75.0,dst_open,summer (EDT),2025
2025-06-10,vol_filter_rejected,149.29999999999563,dst_open,summer (EDT),2025
2025-06-11,no_breakout,380.70000000000437,dst_open,summer (EDT),2025
2025-06-12,vol_filter_rejected,213.5,dst_open,summer (EDT),2025
2025-06-13,no_breakout,193.1999999999971,dst_open,summer (EDT),2025
2025-06-18,vol_filter_rejected,170.79999999999563,dst_open,summer (EDT),2025
2025-06-19,no_breakout,181.70000000000437,dst_open,summer (EDT),2025
2025-06-20,vol_filter_rejected,364.6999999999971,dst_open,summer (EDT),2025
2025-06-23,vol_filter_rejected,226.5,dst_open,summer (EDT),2025
2025-06-25,no_breakout,77.69999999999709,dst_open,summer (EDT),2025
2025-06-30,no_breakout,80.0,dst_open,summer (EDT),2025
2025-07-02,no_breakout,173.6999999999971,dst_open,summer (EDT),2025
2025-07-04,vol_filter_rejected,100.0,dst_open,summer (EDT),2025
2025-07-07,no_breakout,159.0,dst_open,summer (EDT),2025
2025-07-08,no_breakout,114.29999999999563,dst_open,summer (EDT),2025
2025-07-10,vol_filter_rejected,135.79999999999563,dst_open,summer (EDT),2025
2025-07-11,no_breakout,140.29999999999563,dst_open,summer (EDT),2025
2025-07-15,no_breakout,139.0,dst_open,summer (EDT),2025
2025-07-18,no_breakout,110.5,dst_open,summer (EDT),2025
2025-07-21,vol_filter_rejected,86.5,dst_open,summer (EDT),2025
2025-07-23,no_breakout,153.5,dst_open,summer (EDT),2025
2025-07-24,no_breakout,263.5,dst_open,summer (EDT),2025
2025-07-25,vol_filter_rejected,65.0,dst_open,summer (EDT),2025
2025-07-28,no_breakout,166.1999999999971,dst_open,summer (EDT),2025
2025-07-29,no_breakout,158.0,dst_open,summer (EDT),2025
2025-07-30,vol_filter_rejected,91.5,dst_open,summer (EDT),2025
2025-07-31,no_breakout,180.5,dst_open,summer (EDT),2025
2025-08-01,no_breakout,247.20000000000437,dst_open,summer (EDT),2025
2025-08-05,no_breakout,176.0,dst_open,summer (EDT),2025
2025-08-06,no_breakout,150.0,dst_open,summer (EDT),2025
2025-08-07,no_breakout,217.5,dst_open,summer (EDT),2025
2025-08-08,vol_filter_rejected,101.5,dst_open,summer (EDT),2025
2025-08-11,no_breakout,103.0,dst_open,summer (EDT),2025
2025-08-12,vol_filter_rejected,321.1999999999971,dst_open,summer (EDT),2025
2025-08-14,no_breakout,250.0,dst_open,summer (EDT),2025
2025-08-15,no_breakout,144.8000000000029,dst_open,summer (EDT),2025
2025-08-18,vol_filter_rejected,156.0,dst_open,summer (EDT),2025
2025-08-21,no_breakout,175.3000000000029,dst_open,summer (EDT),2025
2025-08-25,no_breakout,106.5,dst_open,summer (EDT),2025
2025-08-26,vol_filter_rejected,101.0,dst_open,summer (EDT),2025
2025-08-28,no_breakout,126.5,dst_open,summer (EDT),2025
2025-08-29,vol_filter_rejected,111.19999999999709,dst_open,summer (EDT),2025
2025-09-01,no_breakout,153.5,dst_open,summer (EDT),2025
2025-09-02,no_breakout,332.5,dst_open,summer (EDT),2025
2025-09-03,no_breakout,144.0,dst_open,summer (EDT),2025
2025-09-04,vol_filter_rejected,90.0,dst_open,summer (EDT),2025
2025-09-05,vol_filter_rejected,259.5,dst_open,summer (EDT),2025
2025-09-08,no_breakout,101.5,dst_open,summer (EDT),2025
2025-09-09,vol_filter_rejected,92.69999999999709,dst_open,summer (EDT),2025
2025-09-10,no_breakout,209.6999999999971,dst_open,summer (EDT),2025
2025-09-11,vol_filter_rejected,147.5,dst_open,summer (EDT),2025
2025-09-12,no_breakout,84.79999999999563,dst_open,summer (EDT),2025
2025-09-15,vol_filter_rejected,110.5,dst_open,summer (EDT),2025
2025-09-16,no_breakout,114.19999999999709,dst_open,summer (EDT),2025
2025-09-18,no_breakout,373.6999999999971,dst_open,summer (EDT),2025
2025-09-19,no_breakout,228.0,dst_open,summer (EDT),2025
2025-09-22,vol_filter_rejected,125.5,dst_open,summer (EDT),2025
2025-09-25,no_breakout,221.5,dst_open,summer (EDT),2025
2025-09-26,no_range_data,,dst_open,summer (EDT),2025
2025-09-29,no_breakout,108.19999999999709,dst_open,summer (EDT),2025
2025-10-06,no_breakout,75.19999999999709,dst_open,summer (EDT),2025
2025-10-08,no_breakout,124.0,dst_open,summer (EDT),2025
2025-10-13,vol_filter_rejected,258.8000000000029,dst_open,summer (EDT),2025
2025-10-14,vol_filter_rejected,326.0,dst_open,summer (EDT),2025
2025-10-15,vol_filter_rejected,144.20000000000437,dst_open,summer (EDT),2025
2025-10-16,no_breakout,188.29999999999563,dst_open,summer (EDT),2025
2025-10-17,range_too_wide,631.0,dst_open,summer (EDT),2025
2025-10-21,vol_filter_rejected,136.6999999999971,dst_open,summer (EDT),2025
2025-10-22,no_breakout,84.0,dst_open,summer (EDT),2025
2025-10-24,vol_filter_rejected,369.1999999999971,dst_open,summer (EDT),2025
2025-10-27,no_breakout,113.70000000000437,dst_open,summer (EDT),2025
2025-10-28,no_breakout,366.5,dst_open,summer (EDT),2025
2025-10-30,vol_filter_rejected,241.09999999999854,dst_open,summer (EDT),2025
2025-10-31,no_breakout,186.70000000000437,dst_open,summer (EDT),2025
2025-11-03,no_breakout,171.1999999999971,dst_open,winter (EST),2025
2025-11-04,vol_filter_rejected,246.29999999999563,dst_open,winter (EST),2025
2025-11-05,vol_filter_rejected,168.40000000000146,dst_open,winter (EST),2025
2025-11-06,no_breakout,196.09999999999854,dst_open,winter (EST),2025
2025-11-07,no_breakout,308.8999999999942,dst_open,winter (EST),2025
2025-11-13,no_breakout,261.8999999999942,dst_open,winter (EST),2025
2025-11-14,no_breakout,394.90000000000146,dst_open,winter (EST),2025
2025-11-17,no_breakout,261.70000000000437,dst_open,winter (EST),2025
2025-11-18,no_breakout,393.6000000000058,dst_open,winter (EST),2025
2025-11-19,vol_filter_rejected,173.79999999999563,dst_open,winter (EST),2025
2025-11-20,vol_filter_rejected,329.6999999999971,dst_open,winter (EST),2025
2025-11-21,vol_filter_rejected,337.29999999999563,dst_open,winter (EST),2025
2025-11-24,vol_filter_rejected,281.70000000000437,dst_open,winter (EST),2025
2025-11-25,vol_filter_rejected,200.0,dst_open,winter (EST),2025
2025-11-27,no_breakout,82.40000000000146,dst_open,winter (EST),2025
2025-11-28,vol_filter_rejected,129.6999999999971,dst_open,winter (EST),2025
2025-12-01,vol_filter_rejected,150.70000000000437,dst_open,winter (EST),2025
2025-12-02,vol_filter_rejected,239.0,dst_open,winter (EST),2025
2025-12-03,vol_filter_rejected,245.39999999999418,dst_open,winter (EST),2025
2025-12-04,no_breakout,70.20000000000437,dst_open,winter (EST),2025
2025-12-08,no_breakout,84.5,dst_open,winter (EST),2025
2025-12-10,vol_filter_rejected,139.8000000000029,dst_open,winter (EST),2025
2025-12-11,vol_filter_rejected,315.8000000000029,dst_open,winter (EST),2025
2025-12-12,no_breakout,120.5,dst_open,winter (EST),2025
2025-12-15,no_breakout,162.89999999999418,dst_open,winter (EST),2025
2025-12-16,no_breakout,248.0,dst_open,winter (EST),2025
2025-12-17,vol_filter_rejected,170.5,dst_open,winter (EST),2025
2025-12-18,vol_filter_rejected,321.8999999999942,dst_open,winter (EST),2025
2025-12-19,vol_filter_rejected,173.5,dst_open,winter (EST),2025
2025-12-22,vol_filter_rejected,104.20000000000437,dst_open,winter (EST),2025
2025-12-23,vol_filter_rejected,197.8000000000029,dst_open,winter (EST),2025
2025-12-25,no_range_data,,dst_open,winter (EST),2025
2025-12-29,no_breakout,195.5,dst_open,winter (EST),2025
2025-12-30,no_breakout,72.30000000000291,dst_open,winter (EST),2025
2025-12-31,no_breakout,113.59999999999854,dst_open,winter (EST),2025
2026-01-01,no_range_data,,dst_open,winter (EST),2026
2026-01-02,no_breakout,150.59999999999854,dst_open,winter (EST),2026
2026-01-05,vol_filter_rejected,166.40000000000146,dst_open,winter (EST),2026
2026-01-06,vol_filter_rejected,136.5,dst_open,winter (EST),2026
2026-01-07,no_breakout,101.90000000000146,dst_open,winter (EST),2026
2026-01-09,vol_filter_rejected,222.8000000000029,dst_open,winter (EST),2026
2026-01-12,vol_filter_rejected,221.90000000000146,dst_open,winter (EST),2026
2026-01-13,no_breakout,226.40000000000146,dst_open,winter (EST),2026
2026-01-14,vol_filter_rejected,134.1999999999971,dst_open,winter (EST),2026
2026-01-16,no_breakout,130.89999999999418,dst_open,winter (EST),2026
2026-01-19,no_breakout,200.6999999999971,dst_open,winter (EST),2026
2026-01-20,vol_filter_rejected,277.1000000000058,dst_open,winter (EST),2026
2026-01-21,vol_filter_rejected,334.29999999999563,dst_open,winter (EST),2026
2026-01-23,no_breakout,299.29999999999563,dst_open,winter (EST),2026
2026-01-27,no_breakout,382.6000000000058,dst_open,winter (EST),2026
2026-01-28,vol_filter_rejected,125.19999999999709,dst_open,winter (EST),2026
2026-01-29,no_breakout,337.40000000000146,dst_open,winter (EST),2026
2026-01-30,vol_filter_rejected,384.3000000000029,dst_open,winter (EST),2026
2026-02-02,vol_filter_rejected,401.90000000000146,dst_open,winter (EST),2026
2026-02-03,vol_filter_rejected,193.40000000000146,dst_open,winter (EST),2026
2026-02-04,vol_filter_rejected,169.59999999999854,dst_open,winter (EST),2026
2026-02-05,no_breakout,361.40000000000146,dst_open,winter (EST),2026
2026-02-06,vol_filter_rejected,406.8000000000029,dst_open,winter (EST),2026
2026-02-09,no_breakout,258.0,dst_open,winter (EST),2026
2026-02-11,no_breakout,281.6999999999971,dst_open,winter (EST),2026
2026-02-12,vol_filter_rejected,123.69999999999709,dst_open,winter (EST),2026
2026-02-13,vol_filter_rejected,283.5,dst_open,winter (EST),2026
2026-02-16,no_breakout,141.59999999999854,dst_open,winter (EST),2026
2026-02-17,vol_filter_rejected,258.5,dst_open,winter (EST),2026
2026-02-18,vol_filter_rejected,249.8000000000029,dst_open,winter (EST),2026
2026-02-19,no_breakout,269.6999999999971,dst_open,winter (EST),2026
2026-02-20,vol_filter_rejected,316.1000000000058,dst_open,winter (EST),2026
2026-02-23,vol_filter_rejected,197.8000000000029,dst_open,winter (EST),2026
2026-02-24,vol_filter_rejected,197.79999999999563,dst_open,winter (EST),2026
2026-02-25,no_breakout,272.5,dst_open,winter (EST),2026
2026-02-27,no_breakout,469.90000000000146,dst_open,winter (EST),2026
2026-03-02,vol_filter_rejected,412.1999999999971,dst_open,winter (EST),2026
2026-03-03,no_breakout,488.20000000000437,dst_open,winter (EST),2026
2026-03-04,vol_filter_rejected,414.6999999999971,dst_open,winter (EST),2026
2026-03-05,range_too_wide,522.2000000000044,dst_open,winter (EST),2026
2026-03-06,range_too_wide,816.4000000000015,dst_open,winter (EST),2026
2026-03-09,vol_filter_rejected,493.5,dst_open,summer (EDT),2026
2026-03-10,vol_filter_rejected,451.0,dst_open,summer (EDT),2026
2026-03-11,no_breakout,370.59999999999854,dst_open,summer (EDT),2026
2026-03-12,no_breakout,328.59999999999854,dst_open,summer (EDT),2026
2026-03-13,range_too_wide,592.0,dst_open,summer (EDT),2026
2026-03-16,vol_filter_rejected,384.1999999999971,dst_open,summer (EDT),2026
2026-03-17,range_too_wide,535.0,dst_open,summer (EDT),2026
2026-03-18,range_too_wide,591.4000000000015,dst_open,summer (EDT),2026
2026-03-19,no_breakout,444.90000000000146,dst_open,summer (EDT),2026
2026-03-20,no_breakout,467.6000000000058,dst_open,summer (EDT),2026
2026-03-23,range_too_wide,1731.199999999997,dst_open,summer (EDT),2026
2026-03-24,range_too_wide,544.2000000000044,dst_open,summer (EDT),2026
2026-03-25,no_breakout,299.8000000000029,dst_open,summer (EDT),2026
2026-03-26,vol_filter_rejected,333.40000000000146,dst_open,summer (EDT),2026
2026-03-27,no_breakout,446.40000000000146,dst_open,summer (EDT),2026
2026-03-30,no_breakout,371.3000000000029,dst_open,summer (EDT),2026
2026-03-31,vol_filter_rejected,331.8000000000029,dst_open,summer (EDT),2026
2026-04-01,no_breakout,335.59999999999854,dst_open,summer (EDT),2026
2026-04-02,vol_filter_rejected,337.0,dst_open,summer (EDT),2026
2026-04-03,no_scan_bars,260.1999999999971,dst_open,summer (EDT),2026
2026-04-06,vol_filter_rejected,247.5,dst_open,summer (EDT),2026
2026-04-07,no_breakout,431.0,dst_open,summer (EDT),2026
2026-04-08,vol_filter_rejected,304.40000000000146,dst_open,summer (EDT),2026
2026-04-09,vol_filter_rejected,108.0,dst_open,summer (EDT),2026
2026-04-10,no_breakout,227.90000000000146,dst_open,summer (EDT),2026
2026-04-13,no_breakout,369.0,dst_open,summer (EDT),2026
2026-04-15,no_breakout,189.90000000000146,dst_open,summer (EDT),2026
2026-04-17,vol_filter_rejected,484.5,dst_open,summer (EDT),2026
2026-04-21,vol_filter_rejected,302.0,dst_open,summer (EDT),2026
2026-04-22,vol_filter_rejected,230.5,dst_open,summer (EDT),2026
2026-04-23,vol_filter_rejected,275.0,dst_open,summer (EDT),2026
2026-04-24,no_breakout,342.0,dst_open,summer (EDT),2026
2026-04-28,no_breakout,227.0,dst_open,summer (EDT),2026
2026-04-29,no_breakout,179.0,dst_open,summer (EDT),2026
2026-04-30,range_too_wide,659.0,dst_open,summer (EDT),2026
2026-05-01,vol_filter_rejected,230.0,dst_open,summer (EDT),2026
2026-05-04,no_breakout,355.0,dst_open,summer (EDT),2026
2026-05-05,vol_filter_rejected,172.90000000000146,dst_open,summer (EDT),2026
2026-05-06,range_too_wide,556.0,dst_open,summer (EDT),2026
2026-05-07,no_breakout,157.0,dst_open,summer (EDT),2026
2026-05-08,no_breakout,208.5,dst_open,summer (EDT),2026
2026-05-11,vol_filter_rejected,112.0,dst_open,summer (EDT),2026
2026-05-12,no_breakout,125.0,dst_open,summer (EDT),2026
2026-05-13,no_breakout,284.0,dst_open,summer (EDT),2026
2026-05-14,no_breakout,366.0,dst_open,summer (EDT),2026
2026-05-15,no_breakout,321.0,dst_open,summer (EDT),2026
2026-05-18,range_too_wide,504.0,dst_open,summer (EDT),2026
2026-05-19,no_breakout,332.0,dst_open,summer (EDT),2026
2026-05-20,vol_filter_rejected,297.0,dst_open,summer (EDT),2026
2026-05-21,no_breakout,384.0,dst_open,summer (EDT),2026
2026-05-22,no_breakout,421.0,dst_open,summer (EDT),2026
2026-05-25,no_breakout,144.0,dst_open,summer (EDT),2026
2026-05-26,no_breakout,189.5,dst_open,summer (EDT),2026
2026-05-27,vol_filter_rejected,289.0,dst_open,summer (EDT),2026
2026-05-28,vol_filter_rejected,161.0,dst_open,summer (EDT),2026
2026-05-29,vol_filter_rejected,138.0,dst_open,summer (EDT),2026
2026-06-01,no_breakout,412.5,dst_open,summer (EDT),2026
2026-06-03,no_breakout,211.0,dst_open,summer (EDT),2026
2026-06-04,vol_filter_rejected,465.0,dst_open,summer (EDT),2026
2026-06-05,no_breakout,180.0,dst_open,summer (EDT),2026
2026-06-08,vol_filter_rejected,385.0,dst_open,summer (EDT),2026
2026-06-10,vol_filter_rejected,447.0,dst_open,summer (EDT),2026
2026-06-11,vol_filter_rejected,279.0,dst_open,summer (EDT),2026
2026-06-12,vol_filter_rejected,377.0,dst_open,summer (EDT),2026
2026-06-18,no_breakout,281.5,dst_open,summer (EDT),2026
2026-06-19,no_breakout,205.0,dst_open,summer (EDT),2026
2026-06-23,vol_filter_rejected,273.0,dst_open,summer (EDT),2026
2026-06-24,vol_filter_rejected,240.0,dst_open,summer (EDT),2026
2026-06-26,vol_filter_rejected,378.0,dst_open,summer (EDT),2026
2026-06-29,vol_filter_rejected,190.0,dst_open,summer (EDT),2026
2026-06-30,vol_filter_rejected,221.0,dst_open,summer (EDT),2026
2026-07-01,vol_filter_rejected,147.0,dst_open,summer (EDT),2026
2026-07-02,vol_filter_rejected,348.5,dst_open,summer (EDT),2026
2026-07-03,vol_filter_rejected,155.0,dst_open,summer (EDT),2026
2023-07-03,vol_filter_rejected,97.39999999999418,dst_30,summer (EDT),2023
2023-07-04,no_breakout,57.200000000004366,dst_30,summer (EDT),2023
2023-07-05,vol_filter_rejected,128.90000000000146,dst_30,summer (EDT),2023
2023-07-06,no_breakout,163.59999999999854,dst_30,summer (EDT),2023
2023-07-07,no_breakout,157.8000000000029,dst_30,summer (EDT),2023
2023-07-10,vol_filter_rejected,142.59999999999854,dst_30,summer (EDT),2023
2023-07-11,vol_filter_rejected,214.60000000000582,dst_30,summer (EDT),2023
2023-07-12,vol_filter_rejected,233.59999999999854,dst_30,summer (EDT),2023
2023-07-13,vol_filter_rejected,69.80000000000291,dst_30,summer (EDT),2023
2023-07-14,no_breakout,257.90000000000146,dst_30,summer (EDT),2023
2023-07-17,vol_filter_rejected,89.0,dst_30,summer (EDT),2023
2023-07-18,vol_filter_rejected,86.19999999999709,dst_30,summer (EDT),2023
2023-07-19,vol_filter_rejected,109.10000000000582,dst_30,summer (EDT),2023
2023-07-20,vol_filter_rejected,95.69999999999709,dst_30,summer (EDT),2023
2023-07-21,no_breakout,128.8000000000029,dst_30,summer (EDT),2023
2023-07-24,vol_filter_rejected,85.59999999999854,dst_30,summer (EDT),2023
2023-07-25,vol_filter_rejected,76.0,dst_30,summer (EDT),2023
2023-07-26,vol_filter_rejected,124.19999999999709,dst_30,summer (EDT),2023
2023-07-27,no_breakout,145.3000000000029,dst_30,summer (EDT),2023
2023-07-28,vol_filter_rejected,166.5,dst_30,summer (EDT),2023
2023-07-31,vol_filter_rejected,86.90000000000146,dst_30,summer (EDT),2023
2023-08-01,vol_filter_rejected,96.0,dst_30,summer (EDT),2023
2023-08-02,no_breakout,217.5,dst_30,summer (EDT),2023
2023-08-03,no_breakout,134.09999999999854,dst_30,summer (EDT),2023
2023-08-04,vol_filter_rejected,184.20000000000437,dst_30,summer (EDT),2023
2023-08-07,vol_filter_rejected,133.90000000000146,dst_30,summer (EDT),2023
2023-08-08,no_breakout,228.59999999999854,dst_30,summer (EDT),2023
2023-08-09,no_breakout,136.70000000000437,dst_30,summer (EDT),2023
2023-08-10,vol_filter_rejected,207.1999999999971,dst_30,summer (EDT),2023
2023-08-11,vol_filter_rejected,146.79999999999563,dst_30,summer (EDT),2023
2023-08-14,no_breakout,169.09999999999854,dst_30,summer (EDT),2023
2023-08-15,no_breakout,177.29999999999563,dst_30,summer (EDT),2023
2023-08-16,vol_filter_rejected,163.90000000000146,dst_30,summer (EDT),2023
2023-08-17,vol_filter_rejected,120.09999999999854,dst_30,summer (EDT),2023
2023-08-18,vol_filter_rejected,213.0,dst_30,summer (EDT),2023
2023-08-21,no_breakout,137.1999999999971,dst_30,summer (EDT),2023
2023-08-22,no_breakout,140.20000000000437,dst_30,summer (EDT),2023
2023-08-23,no_breakout,155.59999999999854,dst_30,summer (EDT),2023
2023-08-24,vol_filter_rejected,105.19999999999709,dst_30,summer (EDT),2023
2023-08-25,vol_filter_rejected,131.1999999999971,dst_30,summer (EDT),2023
2023-08-28,vol_filter_rejected,128.0,dst_30,summer (EDT),2023
2023-08-29,vol_filter_rejected,118.60000000000582,dst_30,summer (EDT),2023
2023-08-30,vol_filter_rejected,115.0,dst_30,summer (EDT),2023
2023-08-31,no_breakout,128.59999999999854,dst_30,summer (EDT),2023
2023-09-01,vol_filter_rejected,111.40000000000146,dst_30,summer (EDT),2023
2023-09-04,no_breakout,57.30000000000291,dst_30,summer (EDT),2023
2023-09-05,no_breakout,163.59999999999854,dst_30,summer (EDT),2023
2023-09-06,no_breakout,82.69999999999709,dst_30,summer (EDT),2023
2023-09-07,vol_filter_rejected,161.6999999999971,dst_30,summer (EDT),2023
2023-09-08,vol_filter_rejected,154.0,dst_30,summer (EDT),2023
2023-09-11,no_breakout,120.40000000000146,dst_30,summer (EDT),2023
2023-09-12,vol_filter_rejected,118.69999999999709,dst_30,summer (EDT),2023
2023-09-13,vol_filter_rejected,137.79999999999563,dst_30,summer (EDT),2023
2023-09-14,vol_filter_rejected,240.09999999999854,dst_30,summer (EDT),2023
2023-09-15,no_breakout,259.0,dst_30,summer (EDT),2023
2023-09-18,vol_filter_rejected,103.0,dst_30,summer (EDT),2023
2023-09-19,no_breakout,158.60000000000582,dst_30,summer (EDT),2023
2023-09-20,vol_filter_rejected,137.20000000000437,dst_30,summer (EDT),2023
2023-09-21,no_breakout,211.0,dst_30,summer (EDT),2023
2023-09-22,vol_filter_rejected,92.69999999999709,dst_30,summer (EDT),2023
2023-09-25,no_breakout,255.5,dst_30,summer (EDT),2023
2023-09-26,no_breakout,137.59999999999854,dst_30,summer (EDT),2023
2023-09-27,no_breakout,75.69999999999709,dst_30,summer (EDT),2023
2023-09-28,vol_filter_rejected,190.79999999999563,dst_30,summer (EDT),2023
2023-09-29,no_breakout,125.0,dst_30,summer (EDT),2023
2023-10-02,no_breakout,297.1999999999971,dst_30,summer (EDT),2023
2023-10-03,no_breakout,254.79999999999563,dst_30,summer (EDT),2023
2023-10-04,vol_filter_rejected,168.29999999999563,dst_30,summer (EDT),2023
2023-10-05,no_breakout,149.0,dst_30,summer (EDT),2023
2023-10-06,vol_filter_rejected,370.20000000000437,dst_30,summer (EDT),2023
2023-10-09,vol_filter_rejected,150.89999999999418,dst_30,summer (EDT),2023
2023-10-10,vol_filter_rejected,113.90000000000146,dst_30,summer (EDT),2023
2023-10-11,no_breakout,150.3000000000029,dst_30,summer (EDT),2023
2023-10-12,no_breakout,139.0,dst_30,summer (EDT),2023
2023-10-13,vol_filter_rejected,195.40000000000146,dst_30,summer (EDT),2023
2023-10-16,vol_filter_rejected,205.90000000000146,dst_30,summer (EDT),2023
2023-10-17,vol_filter_rejected,174.90000000000146,dst_30,summer (EDT),2023
2023-10-18,no_breakout,134.29999999999563,dst_30,summer (EDT),2023
2023-10-19,no_breakout,158.29999999999563,dst_30,summer (EDT),2023
2023-10-20,no_breakout,155.6999999999971,dst_30,summer (EDT),2023
2023-10-23,vol_filter_rejected,192.5,dst_30,summer (EDT),2023
2023-10-24,vol_filter_rejected,171.0,dst_30,summer (EDT),2023
2023-10-25,no_breakout,136.3000000000029,dst_30,summer (EDT),2023
2023-10-26,no_breakout,215.1999999999971,dst_30,summer (EDT),2023
2023-10-27,no_breakout,224.09999999999854,dst_30,summer (EDT),2023
2023-10-30,vol_filter_rejected,127.30000000000291,dst_30,summer (EDT),2023
2023-10-31,no_breakout,251.10000000000582,dst_30,summer (EDT),2023
2023-11-01,vol_filter_rejected,213.09999999999854,dst_30,summer (EDT),2023
2023-11-02,vol_filter_rejected,229.3000000000029,dst_30,summer (EDT),2023
2023-11-03,vol_filter_rejected,240.1999999999971,dst_30,summer (EDT),2023
2023-11-06,no_breakout,64.5,dst_30,winter (EST),2023
2023-11-07,vol_filter_rejected,103.30000000000291,dst_30,winter (EST),2023
2023-11-08,no_breakout,105.5,dst_30,winter (EST),2023
2023-11-09,no_breakout,138.59999999999854,dst_30,winter (EST),2023
2023-11-10,no_breakout,171.5,dst_30,winter (EST),2023
2023-11-13,vol_filter_rejected,115.0,dst_30,winter (EST),2023
2023-11-14,vol_filter_rejected,422.1999999999971,dst_30,winter (EST),2023
2023-11-15,no_breakout,122.90000000000146,dst_30,winter (EST),2023
2023-11-16,no_breakout,130.3000000000029,dst_30,winter (EST),2023
2023-11-17,no_breakout,151.89999999999418,dst_30,winter (EST),2023
2023-11-20,vol_filter_rejected,94.80000000000291,dst_30,winter (EST),2023
2023-11-21,no_breakout,73.90000000000146,dst_30,winter (EST),2023
2023-11-22,vol_filter_rejected,109.20000000000437,dst_30,winter (EST),2023
2023-11-24,vol_filter_rejected,73.89999999999418,dst_30,winter (EST),2023
2023-11-27,no_breakout,77.69999999999709,dst_30,winter (EST),2023
2023-11-28,vol_filter_rejected,78.09999999999854,dst_30,winter (EST),2023
2023-11-29,no_breakout,100.0,dst_30,winter (EST),2023
2023-11-30,vol_filter_rejected,166.20000000000437,dst_30,winter (EST),2023
2023-12-01,vol_filter_rejected,137.90000000000146,dst_30,winter (EST),2023
2023-12-04,no_breakout,181.59999999999854,dst_30,winter (EST),2023
2023-12-05,no_breakout,127.19999999999709,dst_30,winter (EST),2023
2023-12-06,vol_filter_rejected,106.69999999999709,dst_30,winter (EST),2023
2023-12-07,no_breakout,145.8000000000029,dst_30,winter (EST),2023
2023-12-08,vol_filter_rejected,192.3000000000029,dst_30,winter (EST),2023
2023-12-11,vol_filter_rejected,59.0,dst_30,winter (EST),2023
2023-12-12,no_breakout,217.90000000000146,dst_30,winter (EST),2023
2023-12-13,no_breakout,81.90000000000146,dst_30,winter (EST),2023
2023-12-14,no_breakout,170.8000000000029,dst_30,winter (EST),2023
2023-12-15,no_breakout,228.70000000000437,dst_30,winter (EST),2023
2023-12-18,vol_filter_rejected,78.90000000000146,dst_30,winter (EST),2023
2023-12-19,vol_filter_rejected,99.90000000000146,dst_30,winter (EST),2023
2023-12-20,vol_filter_rejected,114.30000000000291,dst_30,winter (EST),2023
2023-12-21,vol_filter_rejected,169.70000000000437,dst_30,winter (EST),2023
2023-12-22,vol_filter_rejected,132.39999999999418,dst_30,winter (EST),2023
2023-12-25,no_range_data,,dst_30,winter (EST),2023
2023-12-26,vol_filter_rejected,91.89999999999418,dst_30,winter (EST),2023
2023-12-27,vol_filter_rejected,57.099999999998545,dst_30,winter (EST),2023
2023-12-28,vol_filter_rejected,89.19999999999709,dst_30,winter (EST),2023
2023-12-29,no_breakout,88.89999999999418,dst_30,winter (EST),2023
2024-01-01,no_range_data,,dst_30,winter (EST),2024
2024-01-02,no_breakout,353.6000000000058,dst_30,winter (EST),2024
2024-01-03,no_breakout,173.39999999999418,dst_30,winter (EST),2024
2024-01-04,vol_filter_rejected,89.5,dst_30,winter (EST),2024
2024-01-05,vol_filter_rejected,206.0,dst_30,winter (EST),2024
2024-01-08,vol_filter_rejected,155.8000000000029,dst_30,winter (EST),2024
2024-01-09,no_breakout,174.79999999999563,dst_30,winter (EST),2024
2024-01-10,vol_filter_rejected,84.79999999999563,dst_30,winter (EST),2024
2024-01-11,no_breakout,221.6999999999971,dst_30,winter (EST),2024
2024-01-12,no_breakout,353.20000000000437,dst_30,winter (EST),2024
2024-01-15,no_breakout,106.59999999999854,dst_30,winter (EST),2024
2024-01-16,no_breakout,168.0,dst_30,winter (EST),2024
2024-01-17,vol_filter_rejected,116.09999999999854,dst_30,winter (EST),2024
2024-01-18,no_breakout,153.0,dst_30,winter (EST),2024
2024-01-19,no_breakout,245.59999999999854,dst_30,winter (EST),2024
2024-01-22,vol_filter_rejected,111.5,dst_30,winter (EST),2024
2024-01-23,no_breakout,100.79999999999563,dst_30,winter (EST),2024
2024-01-24,no_breakout,141.3000000000029,dst_30,winter (EST),2024
2024-01-25,vol_filter_rejected,183.70000000000437,dst_30,winter (EST),2024
2024-01-26,vol_filter_rejected,164.5,dst_30,winter (EST),2024
2024-01-29,vol_filter_rejected,73.69999999999709,dst_30,winter (EST),2024
2024-01-30,vol_filter_rejected,66.29999999999563,dst_30,winter (EST),2024
2024-01-31,no_breakout,97.0,dst_30,winter (EST),2024
2024-02-01,vol_filter_rejected,118.5,dst_30,winter (EST),2024
2024-02-02,vol_filter_rejected,244.0,dst_30,winter (EST),2024
2024-02-05,no_breakout,172.6999999999971,dst_30,winter (EST),2024
2024-02-06,vol_filter_rejected,127.19999999999709,dst_30,winter (EST),2024
2024-02-07,vol_filter_rejected,196.70000000000437,dst_30,winter (EST),2024
2024-02-08,no_breakout,119.0,dst_30,winter (EST),2024
2024-02-09,no_breakout,199.5,dst_30,winter (EST),2024
2024-02-12,vol_filter_rejected,59.0,dst_30,winter (EST),2024
2024-02-13,no_breakout,434.8000000000029,dst_30,winter (EST),2024
2024-02-14,no_breakout,132.0,dst_30,winter (EST),2024
2024-02-15,vol_filter_rejected,96.5,dst_30,winter (EST),2024
2024-02-16,vol_filter_rejected,150.5,dst_30,winter (EST),2024
2024-02-19,no_breakout,68.69999999999709,dst_30,winter (EST),2024
2024-02-20,vol_filter_rejected,128.79999999999563,dst_30,winter (EST),2024
2024-02-21,no_breakout,75.29999999999563,dst_30,winter (EST),2024
2024-02-22,vol_filter_rejected,192.0,dst_30,winter (EST),2024
2024-02-23,vol_filter_rejected,151.5,dst_30,winter (EST),2024
2024-02-26,vol_filter_rejected,109.5,dst_30,winter (EST),2024
2024-02-27,no_breakout,85.5,dst_30,winter (EST),2024
2024-02-28,vol_filter_rejected,143.5,dst_30,winter (EST),2024
2024-02-29,no_breakout,273.0,dst_30,winter (EST),2024
2024-03-01,vol_filter_rejected,128.5,dst_30,winter (EST),2024
2024-03-04,no_breakout,183.0,dst_30,winter (EST),2024
2024-03-05,no_breakout,130.0,dst_30,winter (EST),2024
2024-03-06,vol_filter_rejected,228.5,dst_30,winter (EST),2024
2024-03-07,vol_filter_rejected,338.8000000000029,dst_30,winter (EST),2024
2024-03-08,vol_filter_rejected,226.0,dst_30,winter (EST),2024
2024-03-11,no_breakout,150.79999999999563,dst_30,summer (EDT),2024
2024-03-12,vol_filter_rejected,277.79999999999563,dst_30,summer (EDT),2024
2024-03-13,vol_filter_rejected,100.5,dst_30,summer (EDT),2024
2024-03-14,no_breakout,109.29999999999563,dst_30,summer (EDT),2024
2024-03-15,no_breakout,216.0,dst_30,summer (EDT),2024
2024-03-18,vol_filter_rejected,190.29999999999563,dst_30,summer (EDT),2024
2024-03-19,vol_filter_rejected,147.0,dst_30,summer (EDT),2024
2024-03-20,vol_filter_rejected,86.0,dst_30,summer (EDT),2024
2024-03-21,vol_filter_rejected,98.0,dst_30,summer (EDT),2024
2024-03-22,no_breakout,113.79999999999563,dst_30,summer (EDT),2024
2024-03-25,no_breakout,97.0,dst_30,summer (EDT),2024
2024-03-26,vol_filter_rejected,104.70000000000437,dst_30,summer (EDT),2024
2024-03-27,vol_filter_rejected,101.69999999999709,dst_30,summer (EDT),2024
2024-03-28,no_breakout,122.5,dst_30,summer (EDT),2024
2024-04-01,no_breakout,195.0,dst_30,summer (EDT),2024
2024-04-02,no_breakout,278.0,dst_30,summer (EDT),2024
2024-04-03,vol_filter_rejected,91.0,dst_30,summer (EDT),2024
2024-04-04,no_breakout,181.0,dst_30,summer (EDT),2024
2024-04-05,vol_filter_rejected,174.8000000000029,dst_30,summer (EDT),2024
2024-04-08,vol_filter_rejected,178.5,dst_30,summer (EDT),2024
2024-04-09,no_breakout,132.0,dst_30,summer (EDT),2024
2024-04-10,range_too_wide,670.7999999999956,dst_30,summer (EDT),2024
2024-04-11,no_breakout,293.5,dst_30,summer (EDT),2024
2024-04-12,no_breakout,447.0,dst_30,summer (EDT),2024
2024-04-15,no_breakout,296.0,dst_30,summer (EDT),2024
2024-04-16,no_breakout,379.20000000000437,dst_30,summer (EDT),2024
2024-04-17,no_breakout,186.0,dst_30,summer (EDT),2024
2024-04-18,vol_filter_rejected,165.5,dst_30,summer (EDT),2024
2024-04-19,vol_filter_rejected,277.0,dst_30,summer (EDT),2024
2024-04-22,no_breakout,164.79999999999563,dst_30,summer (EDT),2024
2024-04-23,vol_filter_rejected,139.5,dst_30,summer (EDT),2024
2024-04-24,no_breakout,105.0,dst_30,summer (EDT),2024
2024-04-25,no_breakout,447.5,dst_30,summer (EDT),2024
2024-04-26,vol_filter_rejected,224.20000000000437,dst_30,summer (EDT),2024
2024-04-29,vol_filter_rejected,65.5,dst_30,summer (EDT),2024
2024-04-30,no_breakout,200.29999999999563,dst_30,summer (EDT),2024
2024-05-01,vol_filter_rejected,138.5,dst_30,summer (EDT),2024
2024-05-02,no_breakout,140.0,dst_30,summer (EDT),2024
2024-05-03,no_breakout,322.29999999999563,dst_30,summer (EDT),2024
2024-05-06,no_breakout,139.5,dst_30,summer (EDT),2024
2024-05-07,vol_filter_rejected,91.79999999999563,dst_30,summer (EDT),2024
2024-05-08,vol_filter_rejected,118.0,dst_30,summer (EDT),2024
2024-05-09,vol_filter_rejected,76.80000000000291,dst_30,summer (EDT),2024
2024-05-10,vol_filter_rejected,82.5,dst_30,summer (EDT),2024
2024-05-13,no_breakout,134.0,dst_30,summer (EDT),2024
2024-05-14,vol_filter_rejected,217.5,dst_30,summer (EDT),2024
2024-05-15,vol_filter_rejected,243.3000000000029,dst_30,summer (EDT),2024
2024-05-16,vol_filter_rejected,71.19999999999709,dst_30,summer (EDT),2024
2024-05-17,vol_filter_rejected,95.0,dst_30,summer (EDT),2024
2024-05-20,vol_filter_rejected,68.20000000000437,dst_30,summer (EDT),2024
2024-05-21,vol_filter_rejected,66.0,dst_30,summer (EDT),2024
2024-05-22,vol_filter_rejected,88.0,dst_30,summer (EDT),2024
2024-05-23,no_breakout,108.79999999999563,dst_30,summer (EDT),2024
2024-05-24,vol_filter_rejected,74.30000000000291,dst_30,summer (EDT),2024
2024-05-28,no_breakout,134.29999999999563,dst_30,summer (EDT),2024
2024-05-29,no_breakout,180.0,dst_30,summer (EDT),2024
2024-05-30,vol_filter_rejected,70.5,dst_30,summer (EDT),2024
2024-05-31,no_breakout,196.5,dst_30,summer (EDT),2024
2024-06-03,no_breakout,107.0,dst_30,summer (EDT),2024
2024-06-05,no_breakout,100.0,dst_30,summer (EDT),2024
2024-06-06,vol_filter_rejected,88.0,dst_30,summer (EDT),2024
2024-06-07,vol_filter_rejected,270.5,dst_30,summer (EDT),2024
2024-06-10,vol_filter_rejected,120.0,dst_30,summer (EDT),2024
2024-06-11,no_breakout,136.5,dst_30,summer (EDT),2024
2024-06-12,no_breakout,383.5,dst_30,summer (EDT),2024
2024-06-13,no_breakout,176.0,dst_30,summer (EDT),2024
2024-06-14,vol_filter_rejected,255.5,dst_30,summer (EDT),2024
2024-06-17,vol_filter_rejected,143.1999999999971,dst_30,summer (EDT),2024
2024-06-18,vol_filter_rejected,96.20000000000437,dst_30,summer (EDT),2024
2024-06-19,no_breakout,39.5,dst_30,summer (EDT),2024
2024-06-20,vol_filter_rejected,110.5,dst_30,summer (EDT),2024
2024-06-21,vol_filter_rejected,128.70000000000437,dst_30,summer (EDT),2024
2024-06-24,vol_filter_rejected,114.0,dst_30,summer (EDT),2024
2024-06-25,no_breakout,129.0,dst_30,summer (EDT),2024
2024-06-26,no_breakout,175.0,dst_30,summer (EDT),2024
2024-06-27,vol_filter_rejected,71.0,dst_30,summer (EDT),2024
2024-06-28,vol_filter_rejected,112.5,dst_30,summer (EDT),2024
2024-07-01,vol_filter_rejected,94.0,dst_30,summer (EDT),2024
2024-07-02,vol_filter_rejected,101.0,dst_30,summer (EDT),2024
2024-07-03,no_breakout,98.0,dst_30,summer (EDT),2024
2024-07-04,no_breakout,92.80000000000291,dst_30,summer (EDT),2024
2024-07-05,no_breakout,119.0,dst_30,summer (EDT),2024
2024-07-08,vol_filter_rejected,125.19999999999709,dst_30,summer (EDT),2024
2024-07-09,no_breakout,87.0,dst_30,summer (EDT),2024
2024-07-10,vol_filter_rejected,69.0,dst_30,summer (EDT),2024
2024-07-11,vol_filter_rejected,202.29999999999563,dst_30,summer (EDT),2024
2024-07-12,vol_filter_rejected,174.8000000000029,dst_30,summer (EDT),2024
2024-07-15,vol_filter_rejected,158.6999999999971,dst_30,summer (EDT),2024
2024-07-16,vol_filter_rejected,244.0,dst_30,summer (EDT),2024
2024-07-17,vol_filter_rejected,111.19999999999709,dst_30,summer (EDT),2024
2024-07-18,vol_filter_rejected,177.0,dst_30,summer (EDT),2024
2024-07-19,no_breakout,204.0,dst_30,summer (EDT),2024
2024-07-22,vol_filter_rejected,109.0,dst_30,summer (EDT),2024
2024-07-23,vol_filter_rejected,162.5,dst_30,summer (EDT),2024
2024-07-24,no_breakout,109.0,dst_30,summer (EDT),2024
2024-07-25,vol_filter_rejected,192.0,dst_30,summer (EDT),2024
2024-07-26,vol_filter_rejected,137.20000000000437,dst_30,summer (EDT),2024
2024-07-29,no_breakout,187.0,dst_30,summer (EDT),2024
2024-07-30,vol_filter_rejected,131.0,dst_30,summer (EDT),2024
2024-07-31,vol_filter_rejected,224.0,dst_30,summer (EDT),2024
2024-08-01,no_breakout,231.1999999999971,dst_30,summer (EDT),2024
2024-08-02,no_breakout,364.5,dst_30,summer (EDT),2024
2024-08-05,range_too_wide,849.6999999999971,dst_30,summer (EDT),2024
2024-08-06,vol_filter_rejected,344.70000000000437,dst_30,summer (EDT),2024
2024-08-07,vol_filter_rejected,199.20000000000437,dst_30,summer (EDT),2024
2024-08-08,vol_filter_rejected,399.29999999999563,dst_30,summer (EDT),2024
2024-08-09,no_breakout,248.29999999999563,dst_30,summer (EDT),2024
2024-08-12,no_breakout,137.0,dst_30,summer (EDT),2024
2024-08-13,vol_filter_rejected,301.5,dst_30,summer (EDT),2024
2024-08-14,vol_filter_rejected,174.0,dst_30,summer (EDT),2024
2024-08-15,vol_filter_rejected,478.0,dst_30,summer (EDT),2024
2024-08-16,no_breakout,218.5,dst_30,summer (EDT),2024
2024-08-20,no_breakout,113.19999999999709,dst_30,summer (EDT),2024
2024-08-21,vol_filter_rejected,77.0,dst_30,summer (EDT),2024
2024-08-22,no_breakout,83.0,dst_30,summer (EDT),2024
2024-08-23,vol_filter_rejected,126.0,dst_30,summer (EDT),2024
2024-08-26,vol_filter_rejected,76.5,dst_30,summer (EDT),2024
2024-08-27,no_breakout,206.5,dst_30,summer (EDT),2024
2024-08-28,vol_filter_rejected,70.5,dst_30,summer (EDT),2024
2024-08-29,vol_filter_rejected,183.0,dst_30,summer (EDT),2024
2024-08-30,no_breakout,95.0,dst_30,summer (EDT),2024
2024-09-02,vol_filter_rejected,74.69999999999709,dst_30,summer (EDT),2024
2024-09-03,no_breakout,224.3000000000029,dst_30,summer (EDT),2024
2024-09-04,vol_filter_rejected,124.0,dst_30,summer (EDT),2024
2024-09-05,no_breakout,128.1999999999971,dst_30,summer (EDT),2024
2024-09-06,vol_filter_rejected,252.0,dst_30,summer (EDT),2024
2024-09-09,vol_filter_rejected,174.1999999999971,dst_30,summer (EDT),2024
2024-09-10,no_breakout,207.8000000000029,dst_30,summer (EDT),2024
2024-09-11,no_breakout,206.3000000000029,dst_30,summer (EDT),2024
2024-09-12,no_breakout,196.5,dst_30,summer (EDT),2024
2024-09-13,vol_filter_rejected,131.0,dst_30,summer (EDT),2024
2024-09-16,vol_filter_rejected,141.5,dst_30,summer (EDT),2024
2024-09-17,vol_filter_rejected,108.69999999999709,dst_30,summer (EDT),2024
2024-09-18,no_breakout,83.30000000000291,dst_30,summer (EDT),2024
2024-09-19,no_breakout,260.0,dst_30,summer (EDT),2024
2024-09-20,no_breakout,154.0,dst_30,summer (EDT),2024
2024-09-23,no_breakout,104.80000000000291,dst_30,summer (EDT),2024
2024-09-24,vol_filter_rejected,144.0,dst_30,summer (EDT),2024
2024-09-25,no_breakout,102.0,dst_30,summer (EDT),2024
2024-09-26,vol_filter_rejected,91.5,dst_30,summer (EDT),2024
2024-09-30,no_breakout,97.69999999999709,dst_30,summer (EDT),2024
2024-10-01,no_breakout,102.29999999999563,dst_30,summer (EDT),2024
2024-10-02,vol_filter_rejected,233.5,dst_30,summer (EDT),2024
2024-10-03,no_breakout,151.0,dst_30,summer (EDT),2024
2024-10-04,no_breakout,328.6999999999971,dst_30,summer (EDT),2024
2024-10-07,vol_filter_rejected,112.0,dst_30,summer (EDT),2024
2024-10-08,no_breakout,169.5,dst_30,summer (EDT),2024
2024-10-09,vol_filter_rejected,163.6999999999971,dst_30,summer (EDT),2024
2024-10-10,no_breakout,142.09999999999854,dst_30,summer (EDT),2024
2024-10-11,vol_filter_rejected,136.5,dst_30,summer (EDT),2024
2024-10-14,vol_filter_rejected,107.19999999999709,dst_30,summer (EDT),2024
2024-10-15,no_breakout,285.0,dst_30,summer (EDT),2024
2024-10-16,vol_filter_rejected,81.69999999999709,dst_30,summer (EDT),2024
2024-10-17,no_breakout,207.70000000000437,dst_30,summer (EDT),2024
2024-10-18,no_breakout,164.1999999999971,dst_30,summer (EDT),2024
2024-10-21,no_breakout,158.79999999999563,dst_30,summer (EDT),2024
2024-10-22,vol_filter_rejected,146.5,dst_30,summer (EDT),2024
2024-10-23,no_breakout,164.0,dst_30,summer (EDT),2024
2024-10-24,no_breakout,106.0,dst_30,summer (EDT),2024
2024-10-25,vol_filter_rejected,150.0,dst_30,summer (EDT),2024
2024-10-28,vol_filter_rejected,171.29999999999563,dst_30,summer (EDT),2024
2024-10-29,vol_filter_rejected,225.3000000000029,dst_30,summer (EDT),2024
2024-10-30,vol_filter_rejected,205.6999999999971,dst_30,summer (EDT),2024
2024-10-31,no_breakout,124.0,dst_30,summer (EDT),2024
2024-11-01,vol_filter_rejected,209.5,dst_30,summer (EDT),2024
2024-11-04,no_breakout,180.70000000000437,dst_30,winter (EST),2024
2024-11-05,vol_filter_rejected,89.30000000000291,dst_30,winter (EST),2024
2024-11-06,range_too_wide,566.6999999999971,dst_30,winter (EST),2024
2024-11-07,no_breakout,155.0,dst_30,winter (EST),2024
2024-11-08,vol_filter_rejected,123.0,dst_30,winter (EST),2024
2024-11-11,vol_filter_rejected,142.0,dst_30,winter (EST),2024
2024-11-12,no_breakout,185.0,dst_30,winter (EST),2024
2024-11-13,vol_filter_rejected,276.0,dst_30,winter (EST),2024
2024-11-14,no_breakout,141.0,dst_30,winter (EST),2024
2024-11-15,no_breakout,177.0,dst_30,winter (EST),2024
2024-11-19,range_too_wide,619.0,dst_30,winter (EST),2024
2024-11-20,no_breakout,180.0,dst_30,winter (EST),2024
2024-11-21,vol_filter_rejected,367.0,dst_30,winter (EST),2024
2024-11-22,vol_filter_rejected,235.0,dst_30,winter (EST),2024
2024-11-25,vol_filter_rejected,183.0,dst_30,winter (EST),2024
2024-11-26,no_breakout,284.0,dst_30,winter (EST),2024
2024-11-27,vol_filter_rejected,150.0,dst_30,winter (EST),2024
2024-11-29,vol_filter_rejected,151.79999999999563,dst_30,winter (EST),2024
2024-12-02,no_breakout,144.0,dst_30,winter (EST),2024
2024-12-03,no_breakout,99.0,dst_30,winter (EST),2024
2024-12-04,vol_filter_rejected,160.5,dst_30,winter (EST),2024
2024-12-05,no_breakout,127.5,dst_30,winter (EST),2024
2024-12-06,no_breakout,173.59999999999854,dst_30,winter (EST),2024
2024-12-09,no_breakout,121.80000000000291,dst_30,winter (EST),2024
2024-12-10,vol_filter_rejected,151.0,dst_30,winter (EST),2024
2024-12-11,no_breakout,191.5,dst_30,winter (EST),2024
2024-12-12,vol_filter_rejected,126.29999999999563,dst_30,winter (EST),2024
2024-12-13,no_breakout,133.5,dst_30,winter (EST),2024
2024-12-16,no_breakout,105.5,dst_30,winter (EST),2024
2024-12-17,no_breakout,132.1999999999971,dst_30,winter (EST),2024
2024-12-18,vol_filter_rejected,177.1999999999971,dst_30,winter (EST),2024
2024-12-19,no_breakout,292.5,dst_30,winter (EST),2024
2024-12-20,vol_filter_rejected,258.8000000000029,dst_30,winter (EST),2024
2024-12-23,no_breakout,364.5,dst_30,winter (EST),2024
2024-12-24,vol_filter_rejected,74.0,dst_30,winter (EST),2024
2024-12-25,no_range_data,,dst_30,winter (EST),2024
2024-12-27,no_breakout,207.5,dst_30,winter (EST),2024
2024-12-30,no_breakout,443.5,dst_30,winter (EST),2024
2024-12-31,vol_filter_rejected,171.0,dst_30,winter (EST),2024
2025-01-01,no_range_data,,dst_30,winter (EST),2025
2025-01-02,no_breakout,281.8000000000029,dst_30,winter (EST),2025
2025-01-03,vol_filter_rejected,161.79999999999563,dst_30,winter (EST),2025
2025-01-06,vol_filter_rejected,285.0,dst_30,winter (EST),2025
2025-01-07,no_breakout,227.20000000000437,dst_30,winter (EST),2025
2025-01-08,no_breakout,268.5,dst_30,winter (EST),2025
2025-01-09,no_scan_bars,181.3000000000029,dst_30,winter (EST),2025
2025-01-10,no_breakout,451.5,dst_30,winter (EST),2025
2025-01-13,vol_filter_rejected,188.0,dst_30,winter (EST),2025
2025-01-14,no_breakout,255.29999999999563,dst_30,winter (EST),2025
2025-01-15,range_too_wide,693.0,dst_30,winter (EST),2025
2025-01-16,no_breakout,283.0,dst_30,winter (EST),2025
2025-01-17,vol_filter_rejected,257.0,dst_30,winter (EST),2025
2025-01-20,vol_filter_rejected,286.0,dst_30,winter (EST),2025
2025-01-21,vol_filter_rejected,141.6999999999971,dst_30,winter (EST),2025
2025-01-22,no_breakout,178.8000000000029,dst_30,winter (EST),2025
2025-01-24,no_breakout,153.8000000000029,dst_30,winter (EST),2025
2025-01-27,vol_filter_rejected,325.29999999999563,dst_30,winter (EST),2025
2025-01-28,vol_filter_rejected,178.5,dst_30,winter (EST),2025
2025-01-29,vol_filter_rejected,122.5,dst_30,winter (EST),2025
2025-01-30,no_breakout,306.5,dst_30,winter (EST),2025
2025-01-31,no_breakout,112.20000000000437,dst_30,winter (EST),2025
2025-02-03,vol_filter_rejected,199.29999999999563,dst_30,winter (EST),2025
2025-02-04,vol_filter_rejected,199.6999999999971,dst_30,winter (EST),2025
2025-02-05,vol_filter_rejected,196.0,dst_30,winter (EST),2025
2025-02-06,no_breakout,196.3000000000029,dst_30,winter (EST),2025
2025-02-07,no_breakout,146.6999999999971,dst_30,winter (EST),2025
2025-02-10,no_breakout,224.1999999999971,dst_30,winter (EST),2025
2025-02-11,vol_filter_rejected,127.0,dst_30,winter (EST),2025
2025-02-12,no_breakout,458.6999999999971,dst_30,winter (EST),2025
2025-02-13,no_breakout,270.3000000000029,dst_30,winter (EST),2025
2025-02-14,vol_filter_rejected,195.0,dst_30,winter (EST),2025
2025-02-17,no_breakout,103.0,dst_30,winter (EST),2025
2025-02-18,no_breakout,178.5,dst_30,winter (EST),2025
2025-02-19,no_breakout,190.0,dst_30,winter (EST),2025
2025-02-20,no_breakout,125.79999999999563,dst_30,winter (EST),2025
2025-02-21,no_breakout,344.3000000000029,dst_30,winter (EST),2025
2025-02-24,no_breakout,219.0,dst_30,winter (EST),2025
2025-02-25,no_breakout,262.0,dst_30,winter (EST),2025
2025-02-26,vol_filter_rejected,127.0,dst_30,winter (EST),2025
2025-02-27,vol_filter_rejected,266.0,dst_30,winter (EST),2025
2025-02-28,vol_filter_rejected,205.70000000000437,dst_30,winter (EST),2025
2025-03-03,no_breakout,284.5,dst_30,winter (EST),2025
2025-03-04,no_breakout,344.20000000000437,dst_30,winter (EST),2025
2025-03-05,no_breakout,405.6999999999971,dst_30,winter (EST),2025
2025-03-06,vol_filter_rejected,367.0,dst_30,winter (EST),2025
2025-03-07,no_breakout,469.5,dst_30,winter (EST),2025
2025-03-10,no_breakout,373.0,dst_30,summer (EDT),2025
2025-03-11,no_breakout,311.5,dst_30,summer (EDT),2025
2025-03-12,range_too_wide,510.90000000000146,dst_30,summer (EDT),2025
2025-03-13,no_breakout,289.79999999999563,dst_30,summer (EDT),2025
2025-03-14,vol_filter_rejected,164.0,dst_30,summer (EDT),2025
2025-03-17,vol_filter_rejected,228.1999999999971,dst_30,summer (EDT),2025
2025-03-18,no_breakout,208.0,dst_30,summer (EDT),2025
2025-03-19,vol_filter_rejected,144.5,dst_30,summer (EDT),2025
2025-03-20,vol_filter_rejected,455.0,dst_30,summer (EDT),2025
2025-03-21,no_breakout,392.5,dst_30,summer (EDT),2025
2025-03-24,vol_filter_rejected,167.5,dst_30,summer (EDT),2025
2025-03-25,no_breakout,202.1999999999971,dst_30,summer (EDT),2025
2025-03-26,vol_filter_rejected,181.0,dst_30,summer (EDT),2025
2025-03-27,no_breakout,199.0,dst_30,summer (EDT),2025
2025-03-28,no_breakout,162.0,dst_30,summer (EDT),2025
2025-03-31,vol_filter_rejected,219.5,dst_30,summer (EDT),2025
2025-04-01,vol_filter_rejected,283.8000000000029,dst_30,summer (EDT),2025
2025-04-02,vol_filter_rejected,321.0,dst_30,summer (EDT),2025
2025-04-03,no_breakout,356.79999999999563,dst_30,summer (EDT),2025
2025-04-04,range_too_wide,1335.0,dst_30,summer (EDT),2025
2025-04-07,range_too_wide,1011.0,dst_30,summer (EDT),2025
2025-04-08,range_too_wide,829.0,dst_30,summer (EDT),2025
2025-04-09,range_too_wide,1083.300000000003,dst_30,summer (EDT),2025
2025-04-10,no_breakout,419.20000000000437,dst_30,summer (EDT),2025
2025-04-11,range_too_wide,663.0,dst_30,summer (EDT),2025
2025-04-14,vol_filter_rejected,308.5,dst_30,summer (EDT),2025
2025-04-15,vol_filter_rejected,335.79999999999563,dst_30,summer (EDT),2025
2025-04-16,range_too_wide,510.6999999999971,dst_30,summer (EDT),2025
2025-04-17,range_too_wide,1024.300000000003,dst_30,summer (EDT),2025
2025-04-21,no_breakout,215.6999999999971,dst_30,summer (EDT),2025
2025-04-22,vol_filter_rejected,213.20000000000437,dst_30,summer (EDT),2025
2025-04-23,vol_filter_rejected,255.0,dst_30,summer (EDT),2025
2025-04-24,vol_filter_rejected,323.5,dst_30,summer (EDT),2025
2025-04-25,no_breakout,335.8000000000029,dst_30,summer (EDT),2025
2025-04-28,vol_filter_rejected,259.0,dst_30,summer (EDT),2025
2025-04-29,vol_filter_rejected,241.5,dst_30,summer (EDT),2025
2025-04-30,no_breakout,499.3000000000029,dst_30,summer (EDT),2025
2025-05-01,vol_filter_rejected,213.0,dst_30,summer (EDT),2025
2025-05-02,vol_filter_rejected,394.6999999999971,dst_30,summer (EDT),2025
2025-05-05,vol_filter_rejected,118.80000000000291,dst_30,summer (EDT),2025
2025-05-06,vol_filter_rejected,256.5,dst_30,summer (EDT),2025
2025-05-07,no_breakout,197.0,dst_30,summer (EDT),2025
2025-05-08,vol_filter_rejected,259.29999999999563,dst_30,summer (EDT),2025
2025-05-09,no_breakout,251.8000000000029,dst_30,summer (EDT),2025
2025-05-12,no_breakout,370.0,dst_30,summer (EDT),2025
2025-05-13,no_breakout,251.5,dst_30,summer (EDT),2025
2025-05-14,no_breakout,149.5,dst_30,summer (EDT),2025
2025-05-15,vol_filter_rejected,191.5,dst_30,summer (EDT),2025
2025-05-16,no_breakout,171.3000000000029,dst_30,summer (EDT),2025
2025-05-19,vol_filter_rejected,193.0,dst_30,summer (EDT),2025
2025-05-20,no_breakout,141.6999999999971,dst_30,summer (EDT),2025
2025-05-21,no_breakout,283.0,dst_30,summer (EDT),2025
2025-05-22,vol_filter_rejected,275.0,dst_30,summer (EDT),2025
2025-05-23,range_too_wide,774.6999999999971,dst_30,summer (EDT),2025
2025-05-26,no_breakout,100.0,dst_30,summer (EDT),2025
2025-05-27,vol_filter_rejected,165.5,dst_30,summer (EDT),2025
2025-05-28,no_breakout,159.5,dst_30,summer (EDT),2025
2025-05-29,range_too_wide,538.3000000000029,dst_30,summer (EDT),2025
2025-05-30,vol_filter_rejected,276.1999999999971,dst_30,summer (EDT),2025
2025-06-02,no_breakout,184.90000000000146,dst_30,summer (EDT),2025
2025-06-03,vol_filter_rejected,205.0,dst_30,summer (EDT),2025
2025-06-04,no_breakout,153.0,dst_30,summer (EDT),2025
2025-06-05,no_breakout,274.3000000000029,dst_30,summer (EDT),2025
2025-06-06,vol_filter_rejected,332.5,dst_30,summer (EDT),2025
2025-06-09,no_breakout,75.0,dst_30,summer (EDT),2025
2025-06-10,vol_filter_rejected,149.29999999999563,dst_30,summer (EDT),2025
2025-06-11,no_breakout,380.70000000000437,dst_30,summer (EDT),2025
2025-06-12,vol_filter_rejected,213.5,dst_30,summer (EDT),2025
2025-06-13,vol_filter_rejected,193.1999999999971,dst_30,summer (EDT),2025
2025-06-16,vol_filter_rejected,165.1999999999971,dst_30,summer (EDT),2025
2025-06-17,vol_filter_rejected,155.8000000000029,dst_30,summer (EDT),2025
2025-06-18,vol_filter_rejected,170.79999999999563,dst_30,summer (EDT),2025
2025-06-19,no_breakout,181.70000000000437,dst_30,summer (EDT),2025
2025-06-20,no_breakout,364.6999999999971,dst_30,summer (EDT),2025
2025-06-23,vol_filter_rejected,226.5,dst_30,summer (EDT),2025
2025-06-24,vol_filter_rejected,132.3000000000029,dst_30,summer (EDT),2025
2025-06-25,no_breakout,77.69999999999709,dst_30,summer (EDT),2025
2025-06-26,vol_filter_rejected,90.30000000000291,dst_30,summer (EDT),2025
2025-06-27,vol_filter_rejected,83.0,dst_30,summer (EDT),2025
2025-06-30,no_breakout,80.0,dst_30,summer (EDT),2025
2025-07-01,vol_filter_rejected,91.5,dst_30,summer (EDT),2025
2025-07-02,no_breakout,173.6999999999971,dst_30,summer (EDT),2025
2025-07-03,vol_filter_rejected,153.5,dst_30,summer (EDT),2025
2025-07-04,vol_filter_rejected,100.0,dst_30,summer (EDT),2025
2025-07-07,no_breakout,159.0,dst_30,summer (EDT),2025
2025-07-08,no_breakout,114.29999999999563,dst_30,summer (EDT),2025
2025-07-09,vol_filter_rejected,184.0,dst_30,summer (EDT),2025
2025-07-10,vol_filter_rejected,135.79999999999563,dst_30,summer (EDT),2025
2025-07-11,no_breakout,140.29999999999563,dst_30,summer (EDT),2025
2025-07-14,vol_filter_rejected,161.5,dst_30,summer (EDT),2025
2025-07-15,no_breakout,139.0,dst_30,summer (EDT),2025
2025-07-16,no_breakout,241.8000000000029,dst_30,summer (EDT),2025
2025-07-17,vol_filter_rejected,141.0,dst_30,summer (EDT),2025
2025-07-18,no_breakout,110.5,dst_30,summer (EDT),2025
2025-07-21,vol_filter_rejected,86.5,dst_30,summer (EDT),2025
2025-07-22,vol_filter_rejected,153.0,dst_30,summer (EDT),2025
2025-07-24,no_breakout,263.5,dst_30,summer (EDT),2025
2025-07-25,vol_filter_rejected,65.0,dst_30,summer (EDT),2025
2025-07-28,no_breakout,166.1999999999971,dst_30,summer (EDT),2025
2025-07-29,no_breakout,158.0,dst_30,summer (EDT),2025
2025-07-30,vol_filter_rejected,91.5,dst_30,summer (EDT),2025
2025-07-31,no_breakout,180.5,dst_30,summer (EDT),2025
2025-08-01,no_breakout,247.20000000000437,dst_30,summer (EDT),2025
2025-08-04,vol_filter_rejected,140.0,dst_30,summer (EDT),2025
2025-08-05,no_breakout,176.0,dst_30,summer (EDT),2025
2025-08-06,no_breakout,150.0,dst_30,summer (EDT),2025
2025-08-07,no_breakout,217.5,dst_30,summer (EDT),2025
2025-08-08,vol_filter_rejected,101.5,dst_30,summer (EDT),2025
2025-08-11,no_breakout,103.0,dst_30,summer (EDT),2025
2025-08-12,vol_filter_rejected,321.1999999999971,dst_30,summer (EDT),2025
2025-08-13,vol_filter_rejected,136.0,dst_30,summer (EDT),2025
2025-08-14,no_breakout,250.0,dst_30,summer (EDT),2025
2025-08-15,no_breakout,144.8000000000029,dst_30,summer (EDT),2025
2025-08-18,vol_filter_rejected,156.0,dst_30,summer (EDT),2025
2025-08-19,vol_filter_rejected,262.5,dst_30,summer (EDT),2025
2025-08-20,no_breakout,185.0,dst_30,summer (EDT),2025
2025-08-21,no_breakout,175.3000000000029,dst_30,summer (EDT),2025
2025-08-22,vol_filter_rejected,186.0,dst_30,summer (EDT),2025
2025-08-25,no_breakout,106.5,dst_30,summer (EDT),2025
2025-08-26,vol_filter_rejected,101.0,dst_30,summer (EDT),2025
2025-08-27,vol_filter_rejected,93.0,dst_30,summer (EDT),2025
2025-08-28,no_breakout,126.5,dst_30,summer (EDT),2025
2025-08-29,no_breakout,111.19999999999709,dst_30,summer (EDT),2025
2025-09-01,no_breakout,153.5,dst_30,summer (EDT),2025
2025-09-02,no_breakout,332.5,dst_30,summer (EDT),2025
2025-09-03,no_breakout,144.0,dst_30,summer (EDT),2025
2025-09-04,vol_filter_rejected,90.0,dst_30,summer (EDT),2025
2025-09-05,no_breakout,259.5,dst_30,summer (EDT),2025
2025-09-08,no_breakout,101.5,dst_30,summer (EDT),2025
2025-09-09,vol_filter_rejected,92.69999999999709,dst_30,summer (EDT),2025
2025-09-10,no_breakout,209.6999999999971,dst_30,summer (EDT),2025
2025-09-11,vol_filter_rejected,147.5,dst_30,summer (EDT),2025
2025-09-12,no_breakout,84.79999999999563,dst_30,summer (EDT),2025
2025-09-15,vol_filter_rejected,110.5,dst_30,summer (EDT),2025
2025-09-16,no_breakout,114.19999999999709,dst_30,summer (EDT),2025
2025-09-17,vol_filter_rejected,144.5,dst_30,summer (EDT),2025
2025-09-18,no_breakout,373.6999999999971,dst_30,summer (EDT),2025
2025-09-19,no_breakout,228.0,dst_30,summer (EDT),2025
2025-09-22,vol_filter_rejected,125.5,dst_30,summer (EDT),2025
2025-09-23,vol_filter_rejected,82.29999999999563,dst_30,summer (EDT),2025
2025-09-24,no_breakout,107.0,dst_30,summer (EDT),2025
2025-09-25,no_breakout,221.5,dst_30,summer (EDT),2025
2025-09-26,no_range_data,,dst_30,summer (EDT),2025
2025-09-29,no_breakout,108.19999999999709,dst_30,summer (EDT),2025
2025-09-30,vol_filter_rejected,124.0,dst_30,summer (EDT),2025
2025-10-01,vol_filter_rejected,236.6999999999971,dst_30,summer (EDT),2025
2025-10-02,vol_filter_rejected,76.69999999999709,dst_30,summer (EDT),2025
2025-10-03,vol_filter_rejected,122.0,dst_30,summer (EDT),2025
2025-10-06,no_breakout,75.19999999999709,dst_30,summer (EDT),2025
2025-10-07,no_breakout,246.8000000000029,dst_30,summer (EDT),2025
2025-10-08,vol_filter_rejected,124.0,dst_30,summer (EDT),2025
2025-10-09,no_breakout,65.5,dst_30,summer (EDT),2025
2025-10-10,vol_filter_rejected,153.0,dst_30,summer (EDT),2025
2025-10-13,vol_filter_rejected,258.8000000000029,dst_30,summer (EDT),2025
2025-10-14,vol_filter_rejected,326.0,dst_30,summer (EDT),2025
2025-10-15,vol_filter_rejected,144.20000000000437,dst_30,summer (EDT),2025
2025-10-16,no_breakout,188.29999999999563,dst_30,summer (EDT),2025
2025-10-17,range_too_wide,631.0,dst_30,summer (EDT),2025
2025-10-20,vol_filter_rejected,163.0,dst_30,summer (EDT),2025
2025-10-21,vol_filter_rejected,136.6999999999971,dst_30,summer (EDT),2025
2025-10-22,no_breakout,84.0,dst_30,summer (EDT),2025
2025-10-23,vol_filter_rejected,115.5,dst_30,summer (EDT),2025
2025-10-24,vol_filter_rejected,369.1999999999971,dst_30,summer (EDT),2025
2025-10-27,no_breakout,113.70000000000437,dst_30,summer (EDT),2025
2025-10-28,no_breakout,366.5,dst_30,summer (EDT),2025
2025-10-29,vol_filter_rejected,308.6000000000058,dst_30,summer (EDT),2025
2025-10-30,vol_filter_rejected,241.09999999999854,dst_30,summer (EDT),2025
2025-10-31,no_breakout,186.70000000000437,dst_30,summer (EDT),2025
2025-11-03,no_breakout,171.1999999999971,dst_30,winter (EST),2025
2025-11-04,vol_filter_rejected,246.29999999999563,dst_30,winter (EST),2025
2025-11-05,vol_filter_rejected,168.40000000000146,dst_30,winter (EST),2025
2025-11-06,no_breakout,196.09999999999854,dst_30,winter (EST),2025
2025-11-07,no_breakout,308.8999999999942,dst_30,winter (EST),2025
2025-11-10,no_breakout,170.8000000000029,dst_30,winter (EST),2025
2025-11-11,vol_filter_rejected,109.09999999999854,dst_30,winter (EST),2025
2025-11-12,vol_filter_rejected,101.69999999999709,dst_30,winter (EST),2025
2025-11-13,no_breakout,261.8999999999942,dst_30,winter (EST),2025
2025-11-14,no_breakout,394.90000000000146,dst_30,winter (EST),2025
2025-11-17,no_breakout,261.70000000000437,dst_30,winter (EST),2025
2025-11-18,no_breakout,393.6000000000058,dst_30,winter (EST),2025
2025-11-19,vol_filter_rejected,173.79999999999563,dst_30,winter (EST),2025
2025-11-20,vol_filter_rejected,329.6999999999971,dst_30,winter (EST),2025
2025-11-21,vol_filter_rejected,337.29999999999563,dst_30,winter (EST),2025
2025-11-24,vol_filter_rejected,281.70000000000437,dst_30,winter (EST),2025
2025-11-25,vol_filter_rejected,200.0,dst_30,winter (EST),2025
2025-11-26,vol_filter_rejected,144.6999999999971,dst_30,winter (EST),2025
2025-11-27,no_breakout,82.40000000000146,dst_30,winter (EST),2025
2025-11-28,vol_filter_rejected,129.6999999999971,dst_30,winter (EST),2025
2025-12-01,vol_filter_rejected,150.70000000000437,dst_30,winter (EST),2025
2025-12-02,vol_filter_rejected,239.0,dst_30,winter (EST),2025
2025-12-03,vol_filter_rejected,245.39999999999418,dst_30,winter (EST),2025
2025-12-04,no_breakout,70.20000000000437,dst_30,winter (EST),2025
2025-12-05,vol_filter_rejected,167.09999999999854,dst_30,winter (EST),2025
2025-12-08,no_breakout,84.5,dst_30,winter (EST),2025
2025-12-09,vol_filter_rejected,137.8000000000029,dst_30,winter (EST),2025
2025-12-10,vol_filter_rejected,139.8000000000029,dst_30,winter (EST),2025
2025-12-11,vol_filter_rejected,315.8000000000029,dst_30,winter (EST),2025
2025-12-12,no_breakout,120.5,dst_30,winter (EST),2025
2025-12-15,no_breakout,162.89999999999418,dst_30,winter (EST),2025
2025-12-16,no_breakout,248.0,dst_30,winter (EST),2025
2025-12-17,vol_filter_rejected,170.5,dst_30,winter (EST),2025
2025-12-18,vol_filter_rejected,321.8999999999942,dst_30,winter (EST),2025
2025-12-19,vol_filter_rejected,173.5,dst_30,winter (EST),2025
2025-12-22,vol_filter_rejected,104.20000000000437,dst_30,winter (EST),2025
2025-12-23,vol_filter_rejected,197.8000000000029,dst_30,winter (EST),2025
2025-12-24,vol_filter_rejected,66.30000000000291,dst_30,winter (EST),2025
2025-12-25,no_range_data,,dst_30,winter (EST),2025
2025-12-26,vol_filter_rejected,95.10000000000582,dst_30,winter (EST),2025
2025-12-29,no_breakout,195.5,dst_30,winter (EST),2025
2025-12-30,no_breakout,72.30000000000291,dst_30,winter (EST),2025
2025-12-31,no_breakout,113.59999999999854,dst_30,winter (EST),2025
2026-01-01,no_range_data,,dst_30,winter (EST),2026
2026-01-02,no_breakout,150.59999999999854,dst_30,winter (EST),2026
2026-01-05,vol_filter_rejected,166.40000000000146,dst_30,winter (EST),2026
2026-01-06,vol_filter_rejected,136.5,dst_30,winter (EST),2026
2026-01-07,no_breakout,101.90000000000146,dst_30,winter (EST),2026
2026-01-08,vol_filter_rejected,145.90000000000146,dst_30,winter (EST),2026
2026-01-09,vol_filter_rejected,222.8000000000029,dst_30,winter (EST),2026
2026-01-12,vol_filter_rejected,221.90000000000146,dst_30,winter (EST),2026
2026-01-13,no_breakout,226.40000000000146,dst_30,winter (EST),2026
2026-01-14,vol_filter_rejected,134.1999999999971,dst_30,winter (EST),2026
2026-01-15,vol_filter_rejected,219.90000000000146,dst_30,winter (EST),2026
2026-01-16,no_breakout,130.89999999999418,dst_30,winter (EST),2026
2026-01-19,no_breakout,200.6999999999971,dst_30,winter (EST),2026
2026-01-20,vol_filter_rejected,277.1000000000058,dst_30,winter (EST),2026
2026-01-21,vol_filter_rejected,334.29999999999563,dst_30,winter (EST),2026
2026-01-22,vol_filter_rejected,215.60000000000582,dst_30,winter (EST),2026
2026-01-23,no_breakout,299.29999999999563,dst_30,winter (EST),2026
2026-01-26,vol_filter_rejected,187.29999999999563,dst_30,winter (EST),2026
2026-01-27,no_breakout,382.6000000000058,dst_30,winter (EST),2026
2026-01-28,vol_filter_rejected,125.19999999999709,dst_30,winter (EST),2026
2026-01-29,no_breakout,337.40000000000146,dst_30,winter (EST),2026
2026-01-30,no_breakout,384.3000000000029,dst_30,winter (EST),2026
2026-02-02,vol_filter_rejected,401.90000000000146,dst_30,winter (EST),2026
2026-02-03,no_breakout,193.40000000000146,dst_30,winter (EST),2026
2026-02-04,vol_filter_rejected,169.59999999999854,dst_30,winter (EST),2026
2026-02-05,no_breakout,361.40000000000146,dst_30,winter (EST),2026
2026-02-06,vol_filter_rejected,406.8000000000029,dst_30,winter (EST),2026
2026-02-09,no_breakout,258.0,dst_30,winter (EST),2026
2026-02-10,vol_filter_rejected,203.5,dst_30,winter (EST),2026
2026-02-11,no_breakout,281.6999999999971,dst_30,winter (EST),2026
2026-02-12,vol_filter_rejected,123.69999999999709,dst_30,winter (EST),2026
2026-02-13,vol_filter_rejected,283.5,dst_30,winter (EST),2026
2026-02-16,no_breakout,141.59999999999854,dst_30,winter (EST),2026
2026-02-17,vol_filter_rejected,258.5,dst_30,winter (EST),2026
2026-02-18,vol_filter_rejected,249.8000000000029,dst_30,winter (EST),2026
2026-02-19,no_breakout,269.6999999999971,dst_30,winter (EST),2026
2026-02-20,vol_filter_rejected,316.1000000000058,dst_30,winter (EST),2026
2026-02-23,no_breakout,197.8000000000029,dst_30,winter (EST),2026
2026-02-24,vol_filter_rejected,197.79999999999563,dst_30,winter (EST),2026
2026-02-25,no_breakout,272.5,dst_30,winter (EST),2026
2026-02-26,no_breakout,350.8000000000029,dst_30,winter (EST),2026
2026-02-27,no_breakout,469.90000000000146,dst_30,winter (EST),2026
2026-03-02,vol_filter_rejected,412.1999999999971,dst_30,winter (EST),2026
2026-03-03,no_breakout,488.20000000000437,dst_30,winter (EST),2026
2026-03-04,vol_filter_rejected,414.6999999999971,dst_30,winter (EST),2026
2026-03-05,range_too_wide,522.2000000000044,dst_30,winter (EST),2026
2026-03-06,range_too_wide,816.4000000000015,dst_30,winter (EST),2026
2026-03-09,vol_filter_rejected,493.5,dst_30,summer (EDT),2026
2026-03-10,vol_filter_rejected,451.0,dst_30,summer (EDT),2026
2026-03-11,no_breakout,370.59999999999854,dst_30,summer (EDT),2026
2026-03-12,no_breakout,328.59999999999854,dst_30,summer (EDT),2026
2026-03-13,range_too_wide,592.0,dst_30,summer (EDT),2026
2026-03-16,vol_filter_rejected,384.1999999999971,dst_30,summer (EDT),2026
2026-03-17,range_too_wide,535.0,dst_30,summer (EDT),2026
2026-03-18,range_too_wide,591.4000000000015,dst_30,summer (EDT),2026
2026-03-19,no_breakout,444.90000000000146,dst_30,summer (EDT),2026
2026-03-20,no_breakout,467.6000000000058,dst_30,summer (EDT),2026
2026-03-23,range_too_wide,1731.199999999997,dst_30,summer (EDT),2026
2026-03-24,range_too_wide,544.2000000000044,dst_30,summer (EDT),2026
2026-03-25,no_breakout,299.8000000000029,dst_30,summer (EDT),2026
2026-03-26,vol_filter_rejected,333.40000000000146,dst_30,summer (EDT),2026
2026-03-27,no_breakout,446.40000000000146,dst_30,summer (EDT),2026
2026-03-30,no_breakout,371.3000000000029,dst_30,summer (EDT),2026
2026-03-31,vol_filter_rejected,331.8000000000029,dst_30,summer (EDT),2026
2026-04-01,no_breakout,335.59999999999854,dst_30,summer (EDT),2026
2026-04-02,vol_filter_rejected,337.0,dst_30,summer (EDT),2026
2026-04-03,no_scan_bars,260.1999999999971,dst_30,summer (EDT),2026
2026-04-06,vol_filter_rejected,247.5,dst_30,summer (EDT),2026
2026-04-07,no_breakout,431.0,dst_30,summer (EDT),2026
2026-04-08,vol_filter_rejected,304.40000000000146,dst_30,summer (EDT),2026
2026-04-09,vol_filter_rejected,108.0,dst_30,summer (EDT),2026
2026-04-10,no_breakout,227.90000000000146,dst_30,summer (EDT),2026
2026-04-13,no_breakout,369.0,dst_30,summer (EDT),2026
2026-04-14,vol_filter_rejected,187.0,dst_30,summer (EDT),2026
2026-04-15,no_breakout,189.90000000000146,dst_30,summer (EDT),2026
2026-04-16,no_breakout,153.0,dst_30,summer (EDT),2026
2026-04-17,vol_filter_rejected,484.5,dst_30,summer (EDT),2026
2026-04-20,vol_filter_rejected,299.8000000000029,dst_30,summer (EDT),2026
2026-04-21,vol_filter_rejected,302.0,dst_30,summer (EDT),2026
2026-04-22,vol_filter_rejected,230.5,dst_30,summer (EDT),2026
2026-04-23,vol_filter_rejected,275.0,dst_30,summer (EDT),2026
2026-04-24,no_breakout,342.0,dst_30,summer (EDT),2026
2026-04-27,vol_filter_rejected,97.0,dst_30,summer (EDT),2026
2026-04-28,no_breakout,227.0,dst_30,summer (EDT),2026
2026-04-29,no_breakout,179.0,dst_30,summer (EDT),2026
2026-04-30,range_too_wide,659.0,dst_30,summer (EDT),2026
2026-05-01,vol_filter_rejected,230.0,dst_30,summer (EDT),2026
2026-05-04,no_breakout,355.0,dst_30,summer (EDT),2026
2026-05-05,vol_filter_rejected,172.90000000000146,dst_30,summer (EDT),2026
2026-05-06,range_too_wide,556.0,dst_30,summer (EDT),2026
2026-05-07,no_breakout,157.0,dst_30,summer (EDT),2026
2026-05-08,no_breakout,208.5,dst_30,summer (EDT),2026
2026-05-11,vol_filter_rejected,112.0,dst_30,summer (EDT),2026
2026-05-12,no_breakout,125.0,dst_30,summer (EDT),2026
2026-05-13,no_breakout,284.0,dst_30,summer (EDT),2026
2026-05-14,vol_filter_rejected,366.0,dst_30,summer (EDT),2026
2026-05-15,no_breakout,321.0,dst_30,summer (EDT),2026
2026-05-18,range_too_wide,504.0,dst_30,summer (EDT),2026
2026-05-19,no_breakout,332.0,dst_30,summer (EDT),2026
2026-05-20,vol_filter_rejected,297.0,dst_30,summer (EDT),2026
2026-05-21,no_breakout,384.0,dst_30,summer (EDT),2026
2026-05-22,no_breakout,421.0,dst_30,summer (EDT),2026
2026-05-25,no_breakout,144.0,dst_30,summer (EDT),2026
2026-05-26,no_breakout,189.5,dst_30,summer (EDT),2026
2026-05-27,vol_filter_rejected,289.0,dst_30,summer (EDT),2026
2026-05-28,vol_filter_rejected,161.0,dst_30,summer (EDT),2026
2026-05-29,vol_filter_rejected,138.0,dst_30,summer (EDT),2026
2026-06-01,no_breakout,412.5,dst_30,summer (EDT),2026
2026-06-02,vol_filter_rejected,240.0,dst_30,summer (EDT),2026
2026-06-03,no_breakout,211.0,dst_30,summer (EDT),2026
2026-06-04,vol_filter_rejected,465.0,dst_30,summer (EDT),2026
2026-06-05,no_breakout,180.0,dst_30,summer (EDT),2026
2026-06-08,vol_filter_rejected,385.0,dst_30,summer (EDT),2026
2026-06-09,vol_filter_rejected,277.0,dst_30,summer (EDT),2026
2026-06-10,no_breakout,447.0,dst_30,summer (EDT),2026
2026-06-11,no_breakout,279.0,dst_30,summer (EDT),2026
2026-06-12,vol_filter_rejected,377.0,dst_30,summer (EDT),2026
2026-06-15,vol_filter_rejected,224.0,dst_30,summer (EDT),2026
2026-06-16,vol_filter_rejected,197.0,dst_30,summer (EDT),2026
2026-06-17,vol_filter_rejected,97.0,dst_30,summer (EDT),2026
2026-06-18,no_breakout,281.5,dst_30,summer (EDT),2026
2026-06-19,no_breakout,205.0,dst_30,summer (EDT),2026
2026-06-22,vol_filter_rejected,212.0,dst_30,summer (EDT),2026
2026-06-23,vol_filter_rejected,273.0,dst_30,summer (EDT),2026
2026-06-24,vol_filter_rejected,240.0,dst_30,summer (EDT),2026
2026-06-25,vol_filter_rejected,265.5,dst_30,summer (EDT),2026
2026-06-26,vol_filter_rejected,378.0,dst_30,summer (EDT),2026
2026-06-29,vol_filter_rejected,190.0,dst_30,summer (EDT),2026
2026-06-30,vol_filter_rejected,221.0,dst_30,summer (EDT),2026
2026-07-01,vol_filter_rejected,147.0,dst_30,summer (EDT),2026
2026-07-02,vol_filter_rejected,348.5,dst_30,summer (EDT),2026
2026-07-03,vol_filter_rejected,155.0,dst_30,summer (EDT),2026
2023-07-03,vol_filter_rejected,97.39999999999418,dst_60,summer (EDT),2023
2023-07-04,no_breakout,57.200000000004366,dst_60,summer (EDT),2023
2023-07-05,vol_filter_rejected,128.90000000000146,dst_60,summer (EDT),2023
2023-07-06,no_breakout,163.59999999999854,dst_60,summer (EDT),2023
2023-07-07,no_breakout,157.8000000000029,dst_60,summer (EDT),2023
2023-07-10,vol_filter_rejected,142.59999999999854,dst_60,summer (EDT),2023
2023-07-11,vol_filter_rejected,214.60000000000582,dst_60,summer (EDT),2023
2023-07-12,vol_filter_rejected,233.59999999999854,dst_60,summer (EDT),2023
2023-07-13,no_breakout,69.80000000000291,dst_60,summer (EDT),2023
2023-07-14,no_breakout,257.90000000000146,dst_60,summer (EDT),2023
2023-07-17,vol_filter_rejected,89.0,dst_60,summer (EDT),2023
2023-07-18,vol_filter_rejected,86.19999999999709,dst_60,summer (EDT),2023
2023-07-19,vol_filter_rejected,109.10000000000582,dst_60,summer (EDT),2023
2023-07-20,vol_filter_rejected,95.69999999999709,dst_60,summer (EDT),2023
2023-07-21,no_breakout,128.8000000000029,dst_60,summer (EDT),2023
2023-07-24,vol_filter_rejected,85.59999999999854,dst_60,summer (EDT),2023
2023-07-25,vol_filter_rejected,76.0,dst_60,summer (EDT),2023
2023-07-26,vol_filter_rejected,124.19999999999709,dst_60,summer (EDT),2023
2023-07-27,no_breakout,145.3000000000029,dst_60,summer (EDT),2023
2023-07-28,vol_filter_rejected,166.5,dst_60,summer (EDT),2023
2023-07-31,vol_filter_rejected,86.90000000000146,dst_60,summer (EDT),2023
2023-08-01,vol_filter_rejected,96.0,dst_60,summer (EDT),2023
2023-08-02,no_breakout,217.5,dst_60,summer (EDT),2023
2023-08-03,vol_filter_rejected,134.09999999999854,dst_60,summer (EDT),2023
2023-08-04,vol_filter_rejected,184.20000000000437,dst_60,summer (EDT),2023
2023-08-07,vol_filter_rejected,133.90000000000146,dst_60,summer (EDT),2023
2023-08-08,no_breakout,228.59999999999854,dst_60,summer (EDT),2023
2023-08-09,no_breakout,136.70000000000437,dst_60,summer (EDT),2023
2023-08-10,vol_filter_rejected,207.1999999999971,dst_60,summer (EDT),2023
2023-08-11,vol_filter_rejected,146.79999999999563,dst_60,summer (EDT),2023
2023-08-14,no_breakout,169.09999999999854,dst_60,summer (EDT),2023
2023-08-15,no_breakout,177.29999999999563,dst_60,summer (EDT),2023
2023-08-16,vol_filter_rejected,163.90000000000146,dst_60,summer (EDT),2023
2023-08-17,vol_filter_rejected,120.09999999999854,dst_60,summer (EDT),2023
2023-08-18,vol_filter_rejected,213.0,dst_60,summer (EDT),2023
2023-08-21,no_breakout,137.1999999999971,dst_60,summer (EDT),2023
2023-08-22,no_breakout,140.20000000000437,dst_60,summer (EDT),2023
2023-08-23,no_breakout,155.59999999999854,dst_60,summer (EDT),2023
2023-08-24,no_breakout,105.19999999999709,dst_60,summer (EDT),2023
2023-08-25,vol_filter_rejected,131.1999999999971,dst_60,summer (EDT),2023
2023-08-28,vol_filter_rejected,128.0,dst_60,summer (EDT),2023
2023-08-29,vol_filter_rejected,118.60000000000582,dst_60,summer (EDT),2023
2023-08-30,vol_filter_rejected,115.0,dst_60,summer (EDT),2023
2023-08-31,no_breakout,128.59999999999854,dst_60,summer (EDT),2023
2023-09-01,no_breakout,111.40000000000146,dst_60,summer (EDT),2023
2023-09-04,no_breakout,57.30000000000291,dst_60,summer (EDT),2023
2023-09-05,no_breakout,163.59999999999854,dst_60,summer (EDT),2023
2023-09-06,no_breakout,82.69999999999709,dst_60,summer (EDT),2023
2023-09-07,vol_filter_rejected,161.6999999999971,dst_60,summer (EDT),2023
2023-09-08,vol_filter_rejected,154.0,dst_60,summer (EDT),2023
2023-09-11,no_breakout,120.40000000000146,dst_60,summer (EDT),2023
2023-09-12,vol_filter_rejected,118.69999999999709,dst_60,summer (EDT),2023
2023-09-13,vol_filter_rejected,137.79999999999563,dst_60,summer (EDT),2023
2023-09-14,vol_filter_rejected,240.09999999999854,dst_60,summer (EDT),2023
2023-09-15,no_breakout,259.0,dst_60,summer (EDT),2023
2023-09-18,vol_filter_rejected,103.0,dst_60,summer (EDT),2023
2023-09-19,no_breakout,158.60000000000582,dst_60,summer (EDT),2023
2023-09-20,vol_filter_rejected,137.20000000000437,dst_60,summer (EDT),2023
2023-09-21,no_breakout,211.0,dst_60,summer (EDT),2023
2023-09-22,vol_filter_rejected,92.69999999999709,dst_60,summer (EDT),2023
2023-09-25,no_breakout,255.5,dst_60,summer (EDT),2023
2023-09-26,no_breakout,137.59999999999854,dst_60,summer (EDT),2023
2023-09-27,no_breakout,75.69999999999709,dst_60,summer (EDT),2023
2023-09-28,vol_filter_rejected,190.79999999999563,dst_60,summer (EDT),2023
2023-09-29,no_breakout,125.0,dst_60,summer (EDT),2023
2023-10-02,no_breakout,297.1999999999971,dst_60,summer (EDT),2023
2023-10-03,no_breakout,254.79999999999563,dst_60,summer (EDT),2023
2023-10-04,vol_filter_rejected,168.29999999999563,dst_60,summer (EDT),2023
2023-10-05,no_breakout,149.0,dst_60,summer (EDT),2023
2023-10-06,vol_filter_rejected,370.20000000000437,dst_60,summer (EDT),2023
2023-10-09,vol_filter_rejected,150.89999999999418,dst_60,summer (EDT),2023
2023-10-10,vol_filter_rejected,113.90000000000146,dst_60,summer (EDT),2023
2023-10-11,no_breakout,150.3000000000029,dst_60,summer (EDT),2023
2023-10-12,no_breakout,139.0,dst_60,summer (EDT),2023
2023-10-13,vol_filter_rejected,195.40000000000146,dst_60,summer (EDT),2023
2023-10-16,vol_filter_rejected,205.90000000000146,dst_60,summer (EDT),2023
2023-10-17,vol_filter_rejected,174.90000000000146,dst_60,summer (EDT),2023
2023-10-18,no_breakout,134.29999999999563,dst_60,summer (EDT),2023
2023-10-19,vol_filter_rejected,158.29999999999563,dst_60,summer (EDT),2023
2023-10-20,no_breakout,155.6999999999971,dst_60,summer (EDT),2023
2023-10-23,vol_filter_rejected,192.5,dst_60,summer (EDT),2023
2023-10-24,vol_filter_rejected,171.0,dst_60,summer (EDT),2023
2023-10-25,no_breakout,136.3000000000029,dst_60,summer (EDT),2023
2023-10-26,no_breakout,215.1999999999971,dst_60,summer (EDT),2023
2023-10-27,no_breakout,224.09999999999854,dst_60,summer (EDT),2023
2023-10-30,vol_filter_rejected,127.30000000000291,dst_60,summer (EDT),2023
2023-10-31,no_breakout,251.10000000000582,dst_60,summer (EDT),2023
2023-11-01,vol_filter_rejected,213.09999999999854,dst_60,summer (EDT),2023
2023-11-02,vol_filter_rejected,229.3000000000029,dst_60,summer (EDT),2023
2023-11-03,vol_filter_rejected,240.1999999999971,dst_60,summer (EDT),2023
2023-11-06,no_breakout,64.5,dst_60,winter (EST),2023
2023-11-07,vol_filter_rejected,103.30000000000291,dst_60,winter (EST),2023
2023-11-08,no_breakout,105.5,dst_60,winter (EST),2023
2023-11-09,no_breakout,138.59999999999854,dst_60,winter (EST),2023
2023-11-10,vol_filter_rejected,171.5,dst_60,winter (EST),2023
2023-11-13,vol_filter_rejected,115.0,dst_60,winter (EST),2023
2023-11-14,vol_filter_rejected,422.1999999999971,dst_60,winter (EST),2023
2023-11-15,no_breakout,122.90000000000146,dst_60,winter (EST),2023
2023-11-16,no_breakout,130.3000000000029,dst_60,winter (EST),2023
2023-11-17,no_breakout,151.89999999999418,dst_60,winter (EST),2023
2023-11-20,vol_filter_rejected,94.80000000000291,dst_60,winter (EST),2023
2023-11-21,no_breakout,73.90000000000146,dst_60,winter (EST),2023
2023-11-22,vol_filter_rejected,109.20000000000437,dst_60,winter (EST),2023
2023-11-24,vol_filter_rejected,73.89999999999418,dst_60,winter (EST),2023
2023-11-27,no_breakout,77.69999999999709,dst_60,winter (EST),2023
2023-11-28,vol_filter_rejected,78.09999999999854,dst_60,winter (EST),2023
2023-11-29,no_breakout,100.0,dst_60,winter (EST),2023
2023-11-30,vol_filter_rejected,166.20000000000437,dst_60,winter (EST),2023
2023-12-01,vol_filter_rejected,137.90000000000146,dst_60,winter (EST),2023
2023-12-04,no_breakout,181.59999999999854,dst_60,winter (EST),2023
2023-12-05,no_breakout,127.19999999999709,dst_60,winter (EST),2023
2023-12-06,no_breakout,106.69999999999709,dst_60,winter (EST),2023
2023-12-07,no_breakout,145.8000000000029,dst_60,winter (EST),2023
2023-12-08,vol_filter_rejected,192.3000000000029,dst_60,winter (EST),2023
2023-12-11,vol_filter_rejected,59.0,dst_60,winter (EST),2023
2023-12-12,no_breakout,217.90000000000146,dst_60,winter (EST),2023
2023-12-13,no_breakout,81.90000000000146,dst_60,winter (EST),2023
2023-12-14,no_breakout,170.8000000000029,dst_60,winter (EST),2023
2023-12-15,no_breakout,228.70000000000437,dst_60,winter (EST),2023
2023-12-18,vol_filter_rejected,78.90000000000146,dst_60,winter (EST),2023
2023-12-19,vol_filter_rejected,99.90000000000146,dst_60,winter (EST),2023
2023-12-20,vol_filter_rejected,114.30000000000291,dst_60,winter (EST),2023
2023-12-21,no_breakout,169.70000000000437,dst_60,winter (EST),2023
2023-12-22,vol_filter_rejected,132.39999999999418,dst_60,winter (EST),2023
2023-12-25,no_range_data,,dst_60,winter (EST),2023
2023-12-26,vol_filter_rejected,91.89999999999418,dst_60,winter (EST),2023
2023-12-27,vol_filter_rejected,57.099999999998545,dst_60,winter (EST),2023
2023-12-28,vol_filter_rejected,89.19999999999709,dst_60,winter (EST),2023
2023-12-29,no_breakout,88.89999999999418,dst_60,winter (EST),2023
2024-01-01,no_range_data,,dst_60,winter (EST),2024
2024-01-02,no_breakout,353.6000000000058,dst_60,winter (EST),2024
2024-01-03,no_breakout,173.39999999999418,dst_60,winter (EST),2024
2024-01-04,vol_filter_rejected,89.5,dst_60,winter (EST),2024
2024-01-05,vol_filter_rejected,206.0,dst_60,winter (EST),2024
2024-01-08,vol_filter_rejected,155.8000000000029,dst_60,winter (EST),2024
2024-01-09,no_breakout,174.79999999999563,dst_60,winter (EST),2024
2024-01-10,vol_filter_rejected,84.79999999999563,dst_60,winter (EST),2024
2024-01-11,no_breakout,221.6999999999971,dst_60,winter (EST),2024
2024-01-12,no_breakout,353.20000000000437,dst_60,winter (EST),2024
2024-01-15,no_breakout,106.59999999999854,dst_60,winter (EST),2024
2024-01-16,no_breakout,168.0,dst_60,winter (EST),2024
2024-01-17,vol_filter_rejected,116.09999999999854,dst_60,winter (EST),2024
2024-01-18,no_breakout,153.0,dst_60,winter (EST),2024
2024-01-19,no_breakout,245.59999999999854,dst_60,winter (EST),2024
2024-01-22,vol_filter_rejected,111.5,dst_60,winter (EST),2024
2024-01-23,no_breakout,100.79999999999563,dst_60,winter (EST),2024
2024-01-24,no_breakout,141.3000000000029,dst_60,winter (EST),2024
2024-01-25,no_breakout,183.70000000000437,dst_60,winter (EST),2024
2024-01-26,vol_filter_rejected,164.5,dst_60,winter (EST),2024
2024-01-29,vol_filter_rejected,73.69999999999709,dst_60,winter (EST),2024
2024-01-31,no_breakout,97.0,dst_60,winter (EST),2024
2024-02-01,vol_filter_rejected,118.5,dst_60,winter (EST),2024
2024-02-02,vol_filter_rejected,244.0,dst_60,winter (EST),2024
2024-02-05,no_breakout,172.6999999999971,dst_60,winter (EST),2024
2024-02-06,vol_filter_rejected,127.19999999999709,dst_60,winter (EST),2024
2024-02-07,vol_filter_rejected,196.70000000000437,dst_60,winter (EST),2024
2024-02-08,no_breakout,119.0,dst_60,winter (EST),2024
2024-02-09,no_breakout,199.5,dst_60,winter (EST),2024
2024-02-12,vol_filter_rejected,59.0,dst_60,winter (EST),2024
2024-02-13,no_breakout,434.8000000000029,dst_60,winter (EST),2024
2024-02-14,no_breakout,132.0,dst_60,winter (EST),2024
2024-02-15,vol_filter_rejected,96.5,dst_60,winter (EST),2024
2024-02-16,vol_filter_rejected,150.5,dst_60,winter (EST),2024
2024-02-19,no_breakout,68.69999999999709,dst_60,winter (EST),2024
2024-02-20,vol_filter_rejected,128.79999999999563,dst_60,winter (EST),2024
2024-02-21,no_breakout,75.29999999999563,dst_60,winter (EST),2024
2024-02-22,vol_filter_rejected,192.0,dst_60,winter (EST),2024
2024-02-23,vol_filter_rejected,151.5,dst_60,winter (EST),2024
2024-02-26,vol_filter_rejected,109.5,dst_60,winter (EST),2024
2024-02-27,no_breakout,85.5,dst_60,winter (EST),2024
2024-02-28,vol_filter_rejected,143.5,dst_60,winter (EST),2024
2024-02-29,no_breakout,273.0,dst_60,winter (EST),2024
2024-03-01,vol_filter_rejected,128.5,dst_60,winter (EST),2024
2024-03-04,vol_filter_rejected,183.0,dst_60,winter (EST),2024
2024-03-05,no_breakout,130.0,dst_60,winter (EST),2024
2024-03-06,vol_filter_rejected,228.5,dst_60,winter (EST),2024
2024-03-07,vol_filter_rejected,338.8000000000029,dst_60,winter (EST),2024
2024-03-08,vol_filter_rejected,226.0,dst_60,winter (EST),2024
2024-03-11,no_breakout,150.79999999999563,dst_60,summer (EDT),2024
2024-03-12,vol_filter_rejected,277.79999999999563,dst_60,summer (EDT),2024
2024-03-13,vol_filter_rejected,100.5,dst_60,summer (EDT),2024
2024-03-14,no_breakout,109.29999999999563,dst_60,summer (EDT),2024
2024-03-15,no_breakout,216.0,dst_60,summer (EDT),2024
2024-03-18,vol_filter_rejected,190.29999999999563,dst_60,summer (EDT),2024
2024-03-19,vol_filter_rejected,147.0,dst_60,summer (EDT),2024
2024-03-20,vol_filter_rejected,86.0,dst_60,summer (EDT),2024
2024-03-21,vol_filter_rejected,98.0,dst_60,summer (EDT),2024
2024-03-22,no_breakout,113.79999999999563,dst_60,summer (EDT),2024
2024-03-25,no_breakout,97.0,dst_60,summer (EDT),2024
2024-03-26,vol_filter_rejected,104.70000000000437,dst_60,summer (EDT),2024
2024-03-27,vol_filter_rejected,101.69999999999709,dst_60,summer (EDT),2024
2024-03-28,no_breakout,122.5,dst_60,summer (EDT),2024
2024-04-01,no_breakout,195.0,dst_60,summer (EDT),2024
2024-04-02,no_breakout,278.0,dst_60,summer (EDT),2024
2024-04-03,vol_filter_rejected,91.0,dst_60,summer (EDT),2024
2024-04-04,no_breakout,181.0,dst_60,summer (EDT),2024
2024-04-05,vol_filter_rejected,174.8000000000029,dst_60,summer (EDT),2024
2024-04-08,vol_filter_rejected,178.5,dst_60,summer (EDT),2024
2024-04-09,no_breakout,132.0,dst_60,summer (EDT),2024
2024-04-10,range_too_wide,670.7999999999956,dst_60,summer (EDT),2024
2024-04-11,no_breakout,293.5,dst_60,summer (EDT),2024
2024-04-12,no_breakout,447.0,dst_60,summer (EDT),2024
2024-04-15,no_breakout,296.0,dst_60,summer (EDT),2024
2024-04-16,no_breakout,379.20000000000437,dst_60,summer (EDT),2024
2024-04-17,no_breakout,186.0,dst_60,summer (EDT),2024
2024-04-18,vol_filter_rejected,165.5,dst_60,summer (EDT),2024
2024-04-19,vol_filter_rejected,277.0,dst_60,summer (EDT),2024
2024-04-22,no_breakout,164.79999999999563,dst_60,summer (EDT),2024
2024-04-23,vol_filter_rejected,139.5,dst_60,summer (EDT),2024
2024-04-24,no_breakout,105.0,dst_60,summer (EDT),2024
2024-04-25,no_breakout,447.5,dst_60,summer (EDT),2024
2024-04-26,vol_filter_rejected,224.20000000000437,dst_60,summer (EDT),2024
2024-04-29,vol_filter_rejected,65.5,dst_60,summer (EDT),2024
2024-04-30,no_breakout,200.29999999999563,dst_60,summer (EDT),2024
2024-05-01,vol_filter_rejected,138.5,dst_60,summer (EDT),2024
2024-05-02,no_breakout,140.0,dst_60,summer (EDT),2024
2024-05-03,no_breakout,322.29999999999563,dst_60,summer (EDT),2024
2024-05-06,no_breakout,139.5,dst_60,summer (EDT),2024
2024-05-07,vol_filter_rejected,91.79999999999563,dst_60,summer (EDT),2024
2024-05-08,vol_filter_rejected,118.0,dst_60,summer (EDT),2024
2024-05-09,vol_filter_rejected,76.80000000000291,dst_60,summer (EDT),2024
2024-05-10,no_breakout,82.5,dst_60,summer (EDT),2024
2024-05-13,no_breakout,134.0,dst_60,summer (EDT),2024
2024-05-14,no_breakout,217.5,dst_60,summer (EDT),2024
2024-05-15,vol_filter_rejected,243.3000000000029,dst_60,summer (EDT),2024
2024-05-17,no_breakout,95.0,dst_60,summer (EDT),2024
2024-05-20,vol_filter_rejected,68.20000000000437,dst_60,summer (EDT),2024
2024-05-21,vol_filter_rejected,66.0,dst_60,summer (EDT),2024
2024-05-22,vol_filter_rejected,88.0,dst_60,summer (EDT),2024
2024-05-23,no_breakout,108.79999999999563,dst_60,summer (EDT),2024
2024-05-24,vol_filter_rejected,74.30000000000291,dst_60,summer (EDT),2024
2024-05-28,no_breakout,134.29999999999563,dst_60,summer (EDT),2024
2024-05-29,no_breakout,180.0,dst_60,summer (EDT),2024
2024-05-30,vol_filter_rejected,70.5,dst_60,summer (EDT),2024
2024-05-31,no_breakout,196.5,dst_60,summer (EDT),2024
2024-06-03,no_breakout,107.0,dst_60,summer (EDT),2024
2024-06-04,vol_filter_rejected,191.1999999999971,dst_60,summer (EDT),2024
2024-06-05,no_breakout,100.0,dst_60,summer (EDT),2024
2024-06-06,vol_filter_rejected,88.0,dst_60,summer (EDT),2024
2024-06-07,vol_filter_rejected,270.5,dst_60,summer (EDT),2024
2024-06-10,vol_filter_rejected,120.0,dst_60,summer (EDT),2024
2024-06-11,no_breakout,136.5,dst_60,summer (EDT),2024
2024-06-12,no_breakout,383.5,dst_60,summer (EDT),2024
2024-06-13,no_breakout,176.0,dst_60,summer (EDT),2024
2024-06-14,vol_filter_rejected,255.5,dst_60,summer (EDT),2024
2024-06-18,vol_filter_rejected,96.20000000000437,dst_60,summer (EDT),2024
2024-06-19,no_breakout,39.5,dst_60,summer (EDT),2024
2024-06-21,vol_filter_rejected,128.70000000000437,dst_60,summer (EDT),2024
2024-06-24,vol_filter_rejected,114.0,dst_60,summer (EDT),2024
2024-06-25,no_breakout,129.0,dst_60,summer (EDT),2024
2024-06-26,no_breakout,175.0,dst_60,summer (EDT),2024
2024-06-27,vol_filter_rejected,71.0,dst_60,summer (EDT),2024
2024-06-28,vol_filter_rejected,112.5,dst_60,summer (EDT),2024
2024-07-01,no_breakout,94.0,dst_60,summer (EDT),2024
2024-07-02,vol_filter_rejected,101.0,dst_60,summer (EDT),2024
2024-07-03,no_breakout,98.0,dst_60,summer (EDT),2024
2024-07-04,no_breakout,92.80000000000291,dst_60,summer (EDT),2024
2024-07-05,no_breakout,119.0,dst_60,summer (EDT),2024
2024-07-08,vol_filter_rejected,125.19999999999709,dst_60,summer (EDT),2024
2024-07-09,no_breakout,87.0,dst_60,summer (EDT),2024
2024-07-10,vol_filter_rejected,69.0,dst_60,summer (EDT),2024
2024-07-11,no_breakout,202.29999999999563,dst_60,summer (EDT),2024
2024-07-12,vol_filter_rejected,174.8000000000029,dst_60,summer (EDT),2024
2024-07-15,vol_filter_rejected,158.6999999999971,dst_60,summer (EDT),2024
2024-07-16,vol_filter_rejected,244.0,dst_60,summer (EDT),2024
2024-07-17,vol_filter_rejected,111.19999999999709,dst_60,summer (EDT),2024
2024-07-18,vol_filter_rejected,177.0,dst_60,summer (EDT),2024
2024-07-19,no_breakout,204.0,dst_60,summer (EDT),2024
2024-07-22,vol_filter_rejected,109.0,dst_60,summer (EDT),2024
2024-07-23,vol_filter_rejected,162.5,dst_60,summer (EDT),2024
2024-07-24,no_breakout,109.0,dst_60,summer (EDT),2024
2024-07-25,vol_filter_rejected,192.0,dst_60,summer (EDT),2024
2024-07-26,vol_filter_rejected,137.20000000000437,dst_60,summer (EDT),2024
2024-07-29,no_breakout,187.0,dst_60,summer (EDT),2024
2024-07-30,vol_filter_rejected,131.0,dst_60,summer (EDT),2024
2024-07-31,vol_filter_rejected,224.0,dst_60,summer (EDT),2024
2024-08-01,no_breakout,231.1999999999971,dst_60,summer (EDT),2024
2024-08-02,no_breakout,364.5,dst_60,summer (EDT),2024
2024-08-05,range_too_wide,849.6999999999971,dst_60,summer (EDT),2024
2024-08-06,vol_filter_rejected,344.70000000000437,dst_60,summer (EDT),2024
2024-08-07,vol_filter_rejected,199.20000000000437,dst_60,summer (EDT),2024
2024-08-08,vol_filter_rejected,399.29999999999563,dst_60,summer (EDT),2024
2024-08-09,no_breakout,248.29999999999563,dst_60,summer (EDT),2024
2024-08-12,no_breakout,137.0,dst_60,summer (EDT),2024
2024-08-13,vol_filter_rejected,301.5,dst_60,summer (EDT),2024
2024-08-14,vol_filter_rejected,174.0,dst_60,summer (EDT),2024
2024-08-15,vol_filter_rejected,478.0,dst_60,summer (EDT),2024
2024-08-16,vol_filter_rejected,218.5,dst_60,summer (EDT),2024
2024-08-20,no_breakout,113.19999999999709,dst_60,summer (EDT),2024
2024-08-21,vol_filter_rejected,77.0,dst_60,summer (EDT),2024
2024-08-22,no_breakout,83.0,dst_60,summer (EDT),2024
2024-08-23,vol_filter_rejected,126.0,dst_60,summer (EDT),2024
2024-08-26,vol_filter_rejected,76.5,dst_60,summer (EDT),2024
2024-08-27,no_breakout,206.5,dst_60,summer (EDT),2024
2024-08-28,vol_filter_rejected,70.5,dst_60,summer (EDT),2024
2024-08-29,vol_filter_rejected,183.0,dst_60,summer (EDT),2024
2024-08-30,no_breakout,95.0,dst_60,summer (EDT),2024
2024-09-02,vol_filter_rejected,74.69999999999709,dst_60,summer (EDT),2024
2024-09-03,no_breakout,224.3000000000029,dst_60,summer (EDT),2024
2024-09-04,vol_filter_rejected,124.0,dst_60,summer (EDT),2024
2024-09-05,no_breakout,128.1999999999971,dst_60,summer (EDT),2024
2024-09-06,no_breakout,252.0,dst_60,summer (EDT),2024
2024-09-09,vol_filter_rejected,174.1999999999971,dst_60,summer (EDT),2024
2024-09-10,no_breakout,207.8000000000029,dst_60,summer (EDT),2024
2024-09-11,no_breakout,206.3000000000029,dst_60,summer (EDT),2024
2024-09-12,no_breakout,196.5,dst_60,summer (EDT),2024
2024-09-13,vol_filter_rejected,131.0,dst_60,summer (EDT),2024
2024-09-16,vol_filter_rejected,141.5,dst_60,summer (EDT),2024
2024-09-17,vol_filter_rejected,108.69999999999709,dst_60,summer (EDT),2024
2024-09-18,no_breakout,83.30000000000291,dst_60,summer (EDT),2024
2024-09-19,no_breakout,260.0,dst_60,summer (EDT),2024
2024-09-20,no_breakout,154.0,dst_60,summer (EDT),2024
2024-09-23,no_breakout,104.80000000000291,dst_60,summer (EDT),2024
2024-09-24,vol_filter_rejected,144.0,dst_60,summer (EDT),2024
2024-09-25,no_breakout,102.0,dst_60,summer (EDT),2024
2024-09-26,vol_filter_rejected,91.5,dst_60,summer (EDT),2024
2024-09-30,no_breakout,97.69999999999709,dst_60,summer (EDT),2024
2024-10-01,no_breakout,102.29999999999563,dst_60,summer (EDT),2024
2024-10-02,vol_filter_rejected,233.5,dst_60,summer (EDT),2024
2024-10-03,no_breakout,151.0,dst_60,summer (EDT),2024
2024-10-04,no_breakout,328.6999999999971,dst_60,summer (EDT),2024
2024-10-07,no_breakout,112.0,dst_60,summer (EDT),2024
2024-10-08,no_breakout,169.5,dst_60,summer (EDT),2024
2024-10-09,vol_filter_rejected,163.6999999999971,dst_60,summer (EDT),2024
2024-10-10,no_breakout,142.09999999999854,dst_60,summer (EDT),2024
2024-10-11,vol_filter_rejected,136.5,dst_60,summer (EDT),2024
2024-10-14,vol_filter_rejected,107.19999999999709,dst_60,summer (EDT),2024
2024-10-15,no_breakout,285.0,dst_60,summer (EDT),2024
2024-10-16,vol_filter_rejected,81.69999999999709,dst_60,summer (EDT),2024
2024-10-17,no_breakout,207.70000000000437,dst_60,summer (EDT),2024
2024-10-18,no_breakout,164.1999999999971,dst_60,summer (EDT),2024
2024-10-21,no_breakout,158.79999999999563,dst_60,summer (EDT),2024
2024-10-22,vol_filter_rejected,146.5,dst_60,summer (EDT),2024
2024-10-23,no_breakout,164.0,dst_60,summer (EDT),2024
2024-10-24,no_breakout,106.0,dst_60,summer (EDT),2024
2024-10-25,no_breakout,150.0,dst_60,summer (EDT),2024
2024-10-28,vol_filter_rejected,171.29999999999563,dst_60,summer (EDT),2024
2024-10-29,no_breakout,225.3000000000029,dst_60,summer (EDT),2024
2024-10-30,vol_filter_rejected,205.6999999999971,dst_60,summer (EDT),2024
2024-10-31,no_breakout,124.0,dst_60,summer (EDT),2024
2024-11-01,vol_filter_rejected,209.5,dst_60,summer (EDT),2024
2024-11-04,no_breakout,180.70000000000437,dst_60,winter (EST),2024
2024-11-05,vol_filter_rejected,89.30000000000291,dst_60,winter (EST),2024
2024-11-06,range_too_wide,566.6999999999971,dst_60,winter (EST),2024
2024-11-07,no_breakout,155.0,dst_60,winter (EST),2024
2024-11-08,vol_filter_rejected,123.0,dst_60,winter (EST),2024
2024-11-11,vol_filter_rejected,142.0,dst_60,winter (EST),2024
2024-11-12,no_breakout,185.0,dst_60,winter (EST),2024
2024-11-13,vol_filter_rejected,276.0,dst_60,winter (EST),2024
2024-11-14,no_breakout,141.0,dst_60,winter (EST),2024
2024-11-15,no_breakout,177.0,dst_60,winter (EST),2024
2024-11-19,range_too_wide,619.0,dst_60,winter (EST),2024
2024-11-20,no_breakout,180.0,dst_60,winter (EST),2024
2024-11-21,vol_filter_rejected,367.0,dst_60,winter (EST),2024
2024-11-22,vol_filter_rejected,235.0,dst_60,winter (EST),2024
2024-11-25,vol_filter_rejected,183.0,dst_60,winter (EST),2024
2024-11-26,no_breakout,284.0,dst_60,winter (EST),2024
2024-11-27,vol_filter_rejected,150.0,dst_60,winter (EST),2024
2024-11-29,vol_filter_rejected,151.79999999999563,dst_60,winter (EST),2024
2024-12-02,no_breakout,144.0,dst_60,winter (EST),2024
2024-12-03,no_breakout,99.0,dst_60,winter (EST),2024
2024-12-04,vol_filter_rejected,160.5,dst_60,winter (EST),2024
2024-12-05,no_breakout,127.5,dst_60,winter (EST),2024
2024-12-06,no_breakout,173.59999999999854,dst_60,winter (EST),2024
2024-12-09,no_breakout,121.80000000000291,dst_60,winter (EST),2024
2024-12-10,vol_filter_rejected,151.0,dst_60,winter (EST),2024
2024-12-11,no_breakout,191.5,dst_60,winter (EST),2024
2024-12-12,vol_filter_rejected,126.29999999999563,dst_60,winter (EST),2024
2024-12-13,no_breakout,133.5,dst_60,winter (EST),2024
2024-12-16,no_breakout,105.5,dst_60,winter (EST),2024
2024-12-17,no_breakout,132.1999999999971,dst_60,winter (EST),2024
2024-12-18,vol_filter_rejected,177.1999999999971,dst_60,winter (EST),2024
2024-12-19,no_breakout,292.5,dst_60,winter (EST),2024
2024-12-20,vol_filter_rejected,258.8000000000029,dst_60,winter (EST),2024
2024-12-23,no_breakout,364.5,dst_60,winter (EST),2024
2024-12-24,vol_filter_rejected,74.0,dst_60,winter (EST),2024
2024-12-25,no_range_data,,dst_60,winter (EST),2024
2024-12-27,no_breakout,207.5,dst_60,winter (EST),2024
2024-12-30,no_breakout,443.5,dst_60,winter (EST),2024
2024-12-31,no_breakout,171.0,dst_60,winter (EST),2024
2025-01-01,no_range_data,,dst_60,winter (EST),2025
2025-01-02,no_breakout,281.8000000000029,dst_60,winter (EST),2025
2025-01-03,vol_filter_rejected,161.79999999999563,dst_60,winter (EST),2025
2025-01-06,vol_filter_rejected,285.0,dst_60,winter (EST),2025
2025-01-07,no_breakout,227.20000000000437,dst_60,winter (EST),2025
2025-01-08,no_breakout,268.5,dst_60,winter (EST),2025
2025-01-09,no_scan_bars,181.3000000000029,dst_60,winter (EST),2025
2025-01-10,no_breakout,451.5,dst_60,winter (EST),2025
2025-01-13,vol_filter_rejected,188.0,dst_60,winter (EST),2025
2025-01-14,no_breakout,255.29999999999563,dst_60,winter (EST),2025
2025-01-15,range_too_wide,693.0,dst_60,winter (EST),2025
2025-01-16,no_breakout,283.0,dst_60,winter (EST),2025
2025-01-17,vol_filter_rejected,257.0,dst_60,winter (EST),2025
2025-01-20,no_breakout,286.0,dst_60,winter (EST),2025
2025-01-21,vol_filter_rejected,141.6999999999971,dst_60,winter (EST),2025
2025-01-22,no_breakout,178.8000000000029,dst_60,winter (EST),2025
2025-01-24,no_breakout,153.8000000000029,dst_60,winter (EST),2025
2025-01-27,vol_filter_rejected,325.29999999999563,dst_60,winter (EST),2025
2025-01-28,vol_filter_rejected,178.5,dst_60,winter (EST),2025
2025-01-29,vol_filter_rejected,122.5,dst_60,winter (EST),2025
2025-01-30,no_breakout,306.5,dst_60,winter (EST),2025
2025-01-31,no_breakout,112.20000000000437,dst_60,winter (EST),2025
2025-02-03,vol_filter_rejected,199.29999999999563,dst_60,winter (EST),2025
2025-02-05,vol_filter_rejected,196.0,dst_60,winter (EST),2025
2025-02-06,no_breakout,196.3000000000029,dst_60,winter (EST),2025
2025-02-07,no_breakout,146.6999999999971,dst_60,winter (EST),2025
2025-02-10,no_breakout,224.1999999999971,dst_60,winter (EST),2025
2025-02-11,vol_filter_rejected,127.0,dst_60,winter (EST),2025
2025-02-12,no_breakout,458.6999999999971,dst_60,winter (EST),2025
2025-02-13,no_breakout,270.3000000000029,dst_60,winter (EST),2025
2025-02-14,no_breakout,195.0,dst_60,winter (EST),2025
2025-02-17,no_breakout,103.0,dst_60,winter (EST),2025
2025-02-18,no_breakout,178.5,dst_60,winter (EST),2025
2025-02-19,no_breakout,190.0,dst_60,winter (EST),2025
2025-02-20,no_breakout,125.79999999999563,dst_60,winter (EST),2025
2025-02-21,no_breakout,344.3000000000029,dst_60,winter (EST),2025
2025-02-24,no_breakout,219.0,dst_60,winter (EST),2025
2025-02-25,no_breakout,262.0,dst_60,winter (EST),2025
2025-02-26,vol_filter_rejected,127.0,dst_60,winter (EST),2025
2025-02-27,vol_filter_rejected,266.0,dst_60,winter (EST),2025
2025-02-28,vol_filter_rejected,205.70000000000437,dst_60,winter (EST),2025
2025-03-03,no_breakout,284.5,dst_60,winter (EST),2025
2025-03-04,no_breakout,344.20000000000437,dst_60,winter (EST),2025
2025-03-05,no_breakout,405.6999999999971,dst_60,winter (EST),2025
2025-03-06,vol_filter_rejected,367.0,dst_60,winter (EST),2025
2025-03-07,no_breakout,469.5,dst_60,winter (EST),2025
2025-03-10,no_breakout,373.0,dst_60,summer (EDT),2025
2025-03-11,no_breakout,311.5,dst_60,summer (EDT),2025
2025-03-12,range_too_wide,510.90000000000146,dst_60,summer (EDT),2025
2025-03-13,no_breakout,289.79999999999563,dst_60,summer (EDT),2025
2025-03-14,vol_filter_rejected,164.0,dst_60,summer (EDT),2025
2025-03-17,vol_filter_rejected,228.1999999999971,dst_60,summer (EDT),2025
2025-03-18,no_breakout,208.0,dst_60,summer (EDT),2025
2025-03-19,vol_filter_rejected,144.5,dst_60,summer (EDT),2025
2025-03-20,vol_filter_rejected,455.0,dst_60,summer (EDT),2025
2025-03-21,no_breakout,392.5,dst_60,summer (EDT),2025
2025-03-25,no_breakout,202.1999999999971,dst_60,summer (EDT),2025
2025-03-26,vol_filter_rejected,181.0,dst_60,summer (EDT),2025
2025-03-27,no_breakout,199.0,dst_60,summer (EDT),2025
2025-03-28,no_breakout,162.0,dst_60,summer (EDT),2025
2025-03-31,vol_filter_rejected,219.5,dst_60,summer (EDT),2025
2025-04-01,vol_filter_rejected,283.8000000000029,dst_60,summer (EDT),2025
2025-04-02,vol_filter_rejected,321.0,dst_60,summer (EDT),2025
2025-04-03,no_breakout,356.79999999999563,dst_60,summer (EDT),2025
2025-04-04,range_too_wide,1335.0,dst_60,summer (EDT),2025
2025-04-07,range_too_wide,1011.0,dst_60,summer (EDT),2025
2025-04-08,range_too_wide,829.0,dst_60,summer (EDT),2025
2025-04-09,range_too_wide,1083.300000000003,dst_60,summer (EDT),2025
2025-04-10,no_breakout,419.20000000000437,dst_60,summer (EDT),2025
2025-04-11,range_too_wide,663.0,dst_60,summer (EDT),2025
2025-04-14,vol_filter_rejected,308.5,dst_60,summer (EDT),2025
2025-04-15,vol_filter_rejected,335.79999999999563,dst_60,summer (EDT),2025
2025-04-16,range_too_wide,510.6999999999971,dst_60,summer (EDT),2025
2025-04-17,range_too_wide,1024.300000000003,dst_60,summer (EDT),2025
2025-04-21,no_breakout,215.6999999999971,dst_60,summer (EDT),2025
2025-04-23,vol_filter_rejected,255.0,dst_60,summer (EDT),2025
2025-04-24,vol_filter_rejected,323.5,dst_60,summer (EDT),2025
2025-04-25,no_breakout,335.8000000000029,dst_60,summer (EDT),2025
2025-04-28,vol_filter_rejected,259.0,dst_60,summer (EDT),2025
2025-04-29,vol_filter_rejected,241.5,dst_60,summer (EDT),2025
2025-04-30,no_breakout,499.3000000000029,dst_60,summer (EDT),2025
2025-05-01,vol_filter_rejected,213.0,dst_60,summer (EDT),2025
2025-05-05,vol_filter_rejected,118.80000000000291,dst_60,summer (EDT),2025
2025-05-06,vol_filter_rejected,256.5,dst_60,summer (EDT),2025
2025-05-07,no_breakout,197.0,dst_60,summer (EDT),2025
2025-05-08,vol_filter_rejected,259.29999999999563,dst_60,summer (EDT),2025
2025-05-09,no_breakout,251.8000000000029,dst_60,summer (EDT),2025
2025-05-12,no_breakout,370.0,dst_60,summer (EDT),2025
2025-05-13,no_breakout,251.5,dst_60,summer (EDT),2025
2025-05-14,no_breakout,149.5,dst_60,summer (EDT),2025
2025-05-15,vol_filter_rejected,191.5,dst_60,summer (EDT),2025
2025-05-16,no_breakout,171.3000000000029,dst_60,summer (EDT),2025
2025-05-19,vol_filter_rejected,193.0,dst_60,summer (EDT),2025
2025-05-20,no_breakout,141.6999999999971,dst_60,summer (EDT),2025
2025-05-21,no_breakout,283.0,dst_60,summer (EDT),2025
2025-05-22,vol_filter_rejected,275.0,dst_60,summer (EDT),2025
2025-05-23,range_too_wide,774.6999999999971,dst_60,summer (EDT),2025
2025-05-26,no_breakout,100.0,dst_60,summer (EDT),2025
2025-05-27,vol_filter_rejected,165.5,dst_60,summer (EDT),2025
2025-05-28,no_breakout,159.5,dst_60,summer (EDT),2025
2025-05-29,range_too_wide,538.3000000000029,dst_60,summer (EDT),2025
2025-05-30,vol_filter_rejected,276.1999999999971,dst_60,summer (EDT),2025
2025-06-02,no_breakout,184.90000000000146,dst_60,summer (EDT),2025
2025-06-03,vol_filter_rejected,205.0,dst_60,summer (EDT),2025
2025-06-04,no_breakout,153.0,dst_60,summer (EDT),2025
2025-06-05,no_breakout,274.3000000000029,dst_60,summer (EDT),2025
2025-06-06,vol_filter_rejected,332.5,dst_60,summer (EDT),2025
2025-06-09,no_breakout,75.0,dst_60,summer (EDT),2025
2025-06-10,vol_filter_rejected,149.29999999999563,dst_60,summer (EDT),2025
2025-06-11,no_breakout,380.70000000000437,dst_60,summer (EDT),2025
2025-06-12,vol_filter_rejected,213.5,dst_60,summer (EDT),2025
2025-06-13,vol_filter_rejected,193.1999999999971,dst_60,summer (EDT),2025
2025-06-16,vol_filter_rejected,165.1999999999971,dst_60,summer (EDT),2025
2025-06-17,vol_filter_rejected,155.8000000000029,dst_60,summer (EDT),2025
2025-06-18,vol_filter_rejected,170.79999999999563,dst_60,summer (EDT),2025
2025-06-19,no_breakout,181.70000000000437,dst_60,summer (EDT),2025
2025-06-20,no_breakout,364.6999999999971,dst_60,summer (EDT),2025
2025-06-23,vol_filter_rejected,226.5,dst_60,summer (EDT),2025
2025-06-24,vol_filter_rejected,132.3000000000029,dst_60,summer (EDT),2025
2025-06-25,no_breakout,77.69999999999709,dst_60,summer (EDT),2025
2025-06-26,vol_filter_rejected,90.30000000000291,dst_60,summer (EDT),2025
2025-06-27,vol_filter_rejected,83.0,dst_60,summer (EDT),2025
2025-06-30,no_breakout,80.0,dst_60,summer (EDT),2025
2025-07-01,vol_filter_rejected,91.5,dst_60,summer (EDT),2025
2025-07-02,no_breakout,173.6999999999971,dst_60,summer (EDT),2025
2025-07-03,vol_filter_rejected,153.5,dst_60,summer (EDT),2025
2025-07-04,vol_filter_rejected,100.0,dst_60,summer (EDT),2025
2025-07-07,no_breakout,159.0,dst_60,summer (EDT),2025
2025-07-08,no_breakout,114.29999999999563,dst_60,summer (EDT),2025
2025-07-09,no_breakout,184.0,dst_60,summer (EDT),2025
2025-07-10,vol_filter_rejected,135.79999999999563,dst_60,summer (EDT),2025
2025-07-11,no_breakout,140.29999999999563,dst_60,summer (EDT),2025
2025-07-14,vol_filter_rejected,161.5,dst_60,summer (EDT),2025
2025-07-15,no_breakout,139.0,dst_60,summer (EDT),2025
2025-07-16,no_breakout,241.8000000000029,dst_60,summer (EDT),2025
2025-07-17,vol_filter_rejected,141.0,dst_60,summer (EDT),2025
2025-07-18,no_breakout,110.5,dst_60,summer (EDT),2025
2025-07-21,vol_filter_rejected,86.5,dst_60,summer (EDT),2025
2025-07-22,vol_filter_rejected,153.0,dst_60,summer (EDT),2025
2025-07-24,no_breakout,263.5,dst_60,summer (EDT),2025
2025-07-25,vol_filter_rejected,65.0,dst_60,summer (EDT),2025
2025-07-28,no_breakout,166.1999999999971,dst_60,summer (EDT),2025
2025-07-29,no_breakout,158.0,dst_60,summer (EDT),2025
2025-07-30,vol_filter_rejected,91.5,dst_60,summer (EDT),2025
2025-07-31,no_breakout,180.5,dst_60,summer (EDT),2025
2025-08-01,no_breakout,247.20000000000437,dst_60,summer (EDT),2025
2025-08-04,vol_filter_rejected,140.0,dst_60,summer (EDT),2025
2025-08-05,no_breakout,176.0,dst_60,summer (EDT),2025
2025-08-06,no_breakout,150.0,dst_60,summer (EDT),2025
2025-08-07,no_breakout,217.5,dst_60,summer (EDT),2025
2025-08-08,vol_filter_rejected,101.5,dst_60,summer (EDT),2025
2025-08-11,no_breakout,103.0,dst_60,summer (EDT),2025
2025-08-12,vol_filter_rejected,321.1999999999971,dst_60,summer (EDT),2025
2025-08-13,vol_filter_rejected,136.0,dst_60,summer (EDT),2025
2025-08-14,no_breakout,250.0,dst_60,summer (EDT),2025
2025-08-15,no_breakout,144.8000000000029,dst_60,summer (EDT),2025
2025-08-18,vol_filter_rejected,156.0,dst_60,summer (EDT),2025
2025-08-19,vol_filter_rejected,262.5,dst_60,summer (EDT),2025
2025-08-20,no_breakout,185.0,dst_60,summer (EDT),2025
2025-08-21,no_breakout,175.3000000000029,dst_60,summer (EDT),2025
2025-08-22,vol_filter_rejected,186.0,dst_60,summer (EDT),2025
2025-08-25,no_breakout,106.5,dst_60,summer (EDT),2025
2025-08-26,vol_filter_rejected,101.0,dst_60,summer (EDT),2025
2025-08-28,no_breakout,126.5,dst_60,summer (EDT),2025
2025-08-29,no_breakout,111.19999999999709,dst_60,summer (EDT),2025
2025-09-01,no_breakout,153.5,dst_60,summer (EDT),2025
2025-09-02,no_breakout,332.5,dst_60,summer (EDT),2025
2025-09-03,no_breakout,144.0,dst_60,summer (EDT),2025
2025-09-04,vol_filter_rejected,90.0,dst_60,summer (EDT),2025
2025-09-05,no_breakout,259.5,dst_60,summer (EDT),2025
2025-09-08,no_breakout,101.5,dst_60,summer (EDT),2025
2025-09-09,vol_filter_rejected,92.69999999999709,dst_60,summer (EDT),2025
2025-09-10,no_breakout,209.6999999999971,dst_60,summer (EDT),2025
2025-09-11,vol_filter_rejected,147.5,dst_60,summer (EDT),2025
2025-09-12,no_breakout,84.79999999999563,dst_60,summer (EDT),2025
2025-09-15,vol_filter_rejected,110.5,dst_60,summer (EDT),2025
2025-09-16,no_breakout,114.19999999999709,dst_60,summer (EDT),2025
2025-09-17,vol_filter_rejected,144.5,dst_60,summer (EDT),2025
2025-09-18,no_breakout,373.6999999999971,dst_60,summer (EDT),2025
2025-09-19,no_breakout,228.0,dst_60,summer (EDT),2025
2025-09-22,vol_filter_rejected,125.5,dst_60,summer (EDT),2025
2025-09-23,vol_filter_rejected,82.29999999999563,dst_60,summer (EDT),2025
2025-09-24,no_breakout,107.0,dst_60,summer (EDT),2025
2025-09-25,no_breakout,221.5,dst_60,summer (EDT),2025
2025-09-26,no_range_data,,dst_60,summer (EDT),2025
2025-09-29,no_breakout,108.19999999999709,dst_60,summer (EDT),2025
2025-09-30,no_breakout,124.0,dst_60,summer (EDT),2025
2025-10-01,vol_filter_rejected,236.6999999999971,dst_60,summer (EDT),2025
2025-10-02,no_breakout,76.69999999999709,dst_60,summer (EDT),2025
2025-10-03,vol_filter_rejected,122.0,dst_60,summer (EDT),2025
2025-10-06,no_breakout,75.19999999999709,dst_60,summer (EDT),2025
2025-10-07,no_breakout,246.8000000000029,dst_60,summer (EDT),2025
2025-10-08,vol_filter_rejected,124.0,dst_60,summer (EDT),2025
2025-10-09,no_breakout,65.5,dst_60,summer (EDT),2025
2025-10-10,vol_filter_rejected,153.0,dst_60,summer (EDT),2025
2025-10-13,vol_filter_rejected,258.8000000000029,dst_60,summer (EDT),2025
2025-10-14,vol_filter_rejected,326.0,dst_60,summer (EDT),2025
2025-10-15,vol_filter_rejected,144.20000000000437,dst_60,summer (EDT),2025
2025-10-16,no_breakout,188.29999999999563,dst_60,summer (EDT),2025
2025-10-17,range_too_wide,631.0,dst_60,summer (EDT),2025
2025-10-20,vol_filter_rejected,163.0,dst_60,summer (EDT),2025
2025-10-21,vol_filter_rejected,136.6999999999971,dst_60,summer (EDT),2025
2025-10-22,no_breakout,84.0,dst_60,summer (EDT),2025
2025-10-23,vol_filter_rejected,115.5,dst_60,summer (EDT),2025
2025-10-24,vol_filter_rejected,369.1999999999971,dst_60,summer (EDT),2025
2025-10-27,no_breakout,113.70000000000437,dst_60,summer (EDT),2025
2025-10-28,no_breakout,366.5,dst_60,summer (EDT),2025
2025-10-29,vol_filter_rejected,308.6000000000058,dst_60,summer (EDT),2025
2025-10-30,vol_filter_rejected,241.09999999999854,dst_60,summer (EDT),2025
2025-10-31,no_breakout,186.70000000000437,dst_60,summer (EDT),2025
2025-11-03,no_breakout,171.1999999999971,dst_60,winter (EST),2025
2025-11-04,vol_filter_rejected,246.29999999999563,dst_60,winter (EST),2025
2025-11-05,vol_filter_rejected,168.40000000000146,dst_60,winter (EST),2025
2025-11-06,no_breakout,196.09999999999854,dst_60,winter (EST),2025
2025-11-07,no_breakout,308.8999999999942,dst_60,winter (EST),2025
2025-11-10,no_breakout,170.8000000000029,dst_60,winter (EST),2025
2025-11-11,vol_filter_rejected,109.09999999999854,dst_60,winter (EST),2025
2025-11-12,vol_filter_rejected,101.69999999999709,dst_60,winter (EST),2025
2025-11-13,no_breakout,261.8999999999942,dst_60,winter (EST),2025
2025-11-14,no_breakout,394.90000000000146,dst_60,winter (EST),2025
2025-11-17,no_breakout,261.70000000000437,dst_60,winter (EST),2025
2025-11-18,no_breakout,393.6000000000058,dst_60,winter (EST),2025
2025-11-19,no_breakout,173.79999999999563,dst_60,winter (EST),2025
2025-11-20,vol_filter_rejected,329.6999999999971,dst_60,winter (EST),2025
2025-11-21,vol_filter_rejected,337.29999999999563,dst_60,winter (EST),2025
2025-11-24,vol_filter_rejected,281.70000000000437,dst_60,winter (EST),2025
2025-11-25,vol_filter_rejected,200.0,dst_60,winter (EST),2025
2025-11-26,vol_filter_rejected,144.6999999999971,dst_60,winter (EST),2025
2025-11-27,no_breakout,82.40000000000146,dst_60,winter (EST),2025
2025-11-28,vol_filter_rejected,129.6999999999971,dst_60,winter (EST),2025
2025-12-01,no_breakout,150.70000000000437,dst_60,winter (EST),2025
2025-12-02,vol_filter_rejected,239.0,dst_60,winter (EST),2025
2025-12-03,vol_filter_rejected,245.39999999999418,dst_60,winter (EST),2025
2025-12-04,no_breakout,70.20000000000437,dst_60,winter (EST),2025
2025-12-05,vol_filter_rejected,167.09999999999854,dst_60,winter (EST),2025
2025-12-08,no_breakout,84.5,dst_60,winter (EST),2025
2025-12-09,vol_filter_rejected,137.8000000000029,dst_60,winter (EST),2025
2025-12-10,vol_filter_rejected,139.8000000000029,dst_60,winter (EST),2025
2025-12-11,vol_filter_rejected,315.8000000000029,dst_60,winter (EST),2025
2025-12-12,no_breakout,120.5,dst_60,winter (EST),2025
2025-12-15,no_breakout,162.89999999999418,dst_60,winter (EST),2025
2025-12-16,no_breakout,248.0,dst_60,winter (EST),2025
2025-12-17,no_breakout,170.5,dst_60,winter (EST),2025
2025-12-18,vol_filter_rejected,321.8999999999942,dst_60,winter (EST),2025
2025-12-19,vol_filter_rejected,173.5,dst_60,winter (EST),2025
2025-12-22,vol_filter_rejected,104.20000000000437,dst_60,winter (EST),2025
2025-12-23,vol_filter_rejected,197.8000000000029,dst_60,winter (EST),2025
2025-12-24,vol_filter_rejected,66.30000000000291,dst_60,winter (EST),2025
2025-12-25,no_range_data,,dst_60,winter (EST),2025
2025-12-26,vol_filter_rejected,95.10000000000582,dst_60,winter (EST),2025
2025-12-29,no_breakout,195.5,dst_60,winter (EST),2025
2025-12-30,no_breakout,72.30000000000291,dst_60,winter (EST),2025
2025-12-31,no_breakout,113.59999999999854,dst_60,winter (EST),2025
2026-01-01,no_range_data,,dst_60,winter (EST),2026
2026-01-02,no_breakout,150.59999999999854,dst_60,winter (EST),2026
2026-01-05,vol_filter_rejected,166.40000000000146,dst_60,winter (EST),2026
2026-01-06,vol_filter_rejected,136.5,dst_60,winter (EST),2026
2026-01-07,no_breakout,101.90000000000146,dst_60,winter (EST),2026
2026-01-08,vol_filter_rejected,145.90000000000146,dst_60,winter (EST),2026
2026-01-09,vol_filter_rejected,222.8000000000029,dst_60,winter (EST),2026
2026-01-12,vol_filter_rejected,221.90000000000146,dst_60,winter (EST),2026
2026-01-13,no_breakout,226.40000000000146,dst_60,winter (EST),2026
2026-01-14,no_breakout,134.1999999999971,dst_60,winter (EST),2026
2026-01-15,vol_filter_rejected,219.90000000000146,dst_60,winter (EST),2026
2026-01-16,no_breakout,130.89999999999418,dst_60,winter (EST),2026
2026-01-19,no_breakout,200.6999999999971,dst_60,winter (EST),2026
2026-01-20,vol_filter_rejected,277.1000000000058,dst_60,winter (EST),2026
2026-01-21,vol_filter_rejected,334.29999999999563,dst_60,winter (EST),2026
2026-01-22,vol_filter_rejected,215.60000000000582,dst_60,winter (EST),2026
2026-01-23,no_breakout,299.29999999999563,dst_60,winter (EST),2026
2026-01-26,vol_filter_rejected,187.29999999999563,dst_60,winter (EST),2026
2026-01-27,no_breakout,382.6000000000058,dst_60,winter (EST),2026
2026-01-28,vol_filter_rejected,125.19999999999709,dst_60,winter (EST),2026
2026-01-29,no_breakout,337.40000000000146,dst_60,winter (EST),2026
2026-01-30,no_breakout,384.3000000000029,dst_60,winter (EST),2026
2026-02-02,vol_filter_rejected,401.90000000000146,dst_60,winter (EST),2026
2026-02-03,no_breakout,193.40000000000146,dst_60,winter (EST),2026
2026-02-04,vol_filter_rejected,169.59999999999854,dst_60,winter (EST),2026
2026-02-05,no_breakout,361.40000000000146,dst_60,winter (EST),2026
2026-02-06,vol_filter_rejected,406.8000000000029,dst_60,winter (EST),2026
2026-02-09,no_breakout,258.0,dst_60,winter (EST),2026
2026-02-10,vol_filter_rejected,203.5,dst_60,winter (EST),2026
2026-02-11,no_breakout,281.6999999999971,dst_60,winter (EST),2026
2026-02-12,no_breakout,123.69999999999709,dst_60,winter (EST),2026
2026-02-13,vol_filter_rejected,283.5,dst_60,winter (EST),2026
2026-02-16,no_breakout,141.59999999999854,dst_60,winter (EST),2026
2026-02-17,vol_filter_rejected,258.5,dst_60,winter (EST),2026
2026-02-18,vol_filter_rejected,249.8000000000029,dst_60,winter (EST),2026
2026-02-19,no_breakout,269.6999999999971,dst_60,winter (EST),2026
2026-02-20,no_breakout,316.1000000000058,dst_60,winter (EST),2026
2026-02-23,no_breakout,197.8000000000029,dst_60,winter (EST),2026
2026-02-24,vol_filter_rejected,197.79999999999563,dst_60,winter (EST),2026
2026-02-25,no_breakout,272.5,dst_60,winter (EST),2026
2026-02-26,no_breakout,350.8000000000029,dst_60,winter (EST),2026
2026-02-27,no_breakout,469.90000000000146,dst_60,winter (EST),2026
2026-03-02,vol_filter_rejected,412.1999999999971,dst_60,winter (EST),2026
2026-03-03,no_breakout,488.20000000000437,dst_60,winter (EST),2026
2026-03-04,vol_filter_rejected,414.6999999999971,dst_60,winter (EST),2026
2026-03-05,range_too_wide,522.2000000000044,dst_60,winter (EST),2026
2026-03-06,range_too_wide,816.4000000000015,dst_60,winter (EST),2026
2026-03-09,vol_filter_rejected,493.5,dst_60,summer (EDT),2026
2026-03-10,vol_filter_rejected,451.0,dst_60,summer (EDT),2026
2026-03-11,no_breakout,370.59999999999854,dst_60,summer (EDT),2026
2026-03-12,no_breakout,328.59999999999854,dst_60,summer (EDT),2026
2026-03-13,range_too_wide,592.0,dst_60,summer (EDT),2026
2026-03-16,vol_filter_rejected,384.1999999999971,dst_60,summer (EDT),2026
2026-03-17,range_too_wide,535.0,dst_60,summer (EDT),2026
2026-03-18,range_too_wide,591.4000000000015,dst_60,summer (EDT),2026
2026-03-19,no_breakout,444.90000000000146,dst_60,summer (EDT),2026
2026-03-20,no_breakout,467.6000000000058,dst_60,summer (EDT),2026
2026-03-23,range_too_wide,1731.199999999997,dst_60,summer (EDT),2026
2026-03-24,range_too_wide,544.2000000000044,dst_60,summer (EDT),2026
2026-03-25,no_breakout,299.8000000000029,dst_60,summer (EDT),2026
2026-03-26,vol_filter_rejected,333.40000000000146,dst_60,summer (EDT),2026
2026-03-27,no_breakout,446.40000000000146,dst_60,summer (EDT),2026
2026-03-30,no_breakout,371.3000000000029,dst_60,summer (EDT),2026
2026-03-31,no_breakout,331.8000000000029,dst_60,summer (EDT),2026
2026-04-01,no_breakout,335.59999999999854,dst_60,summer (EDT),2026
2026-04-02,vol_filter_rejected,337.0,dst_60,summer (EDT),2026
2026-04-03,no_scan_bars,260.1999999999971,dst_60,summer (EDT),2026
2026-04-06,vol_filter_rejected,247.5,dst_60,summer (EDT),2026
2026-04-07,no_breakout,431.0,dst_60,summer (EDT),2026
2026-04-08,no_breakout,304.40000000000146,dst_60,summer (EDT),2026
2026-04-09,vol_filter_rejected,108.0,dst_60,summer (EDT),2026
2026-04-10,no_breakout,227.90000000000146,dst_60,summer (EDT),2026
2026-04-13,vol_filter_rejected,369.0,dst_60,summer (EDT),2026
2026-04-14,vol_filter_rejected,187.0,dst_60,summer (EDT),2026
2026-04-15,no_breakout,189.90000000000146,dst_60,summer (EDT),2026
2026-04-16,no_breakout,153.0,dst_60,summer (EDT),2026
2026-04-17,vol_filter_rejected,484.5,dst_60,summer (EDT),2026
2026-04-20,vol_filter_rejected,299.8000000000029,dst_60,summer (EDT),2026
2026-04-21,no_breakout,302.0,dst_60,summer (EDT),2026
2026-04-22,vol_filter_rejected,230.5,dst_60,summer (EDT),2026
2026-04-23,vol_filter_rejected,275.0,dst_60,summer (EDT),2026
2026-04-24,no_breakout,342.0,dst_60,summer (EDT),2026
2026-04-27,vol_filter_rejected,97.0,dst_60,summer (EDT),2026
2026-04-28,no_breakout,227.0,dst_60,summer (EDT),2026
2026-04-29,no_breakout,179.0,dst_60,summer (EDT),2026
2026-04-30,range_too_wide,659.0,dst_60,summer (EDT),2026
2026-05-01,no_breakout,230.0,dst_60,summer (EDT),2026
2026-05-04,no_breakout,355.0,dst_60,summer (EDT),2026
2026-05-05,vol_filter_rejected,172.90000000000146,dst_60,summer (EDT),2026
2026-05-06,range_too_wide,556.0,dst_60,summer (EDT),2026
2026-05-07,no_breakout,157.0,dst_60,summer (EDT),2026
2026-05-08,no_breakout,208.5,dst_60,summer (EDT),2026
2026-05-11,vol_filter_rejected,112.0,dst_60,summer (EDT),2026
2026-05-12,no_breakout,125.0,dst_60,summer (EDT),2026
2026-05-13,no_breakout,284.0,dst_60,summer (EDT),2026
2026-05-14,vol_filter_rejected,366.0,dst_60,summer (EDT),2026
2026-05-15,no_breakout,321.0,dst_60,summer (EDT),2026
2026-05-18,range_too_wide,504.0,dst_60,summer (EDT),2026
2026-05-19,no_breakout,332.0,dst_60,summer (EDT),2026
2026-05-20,vol_filter_rejected,297.0,dst_60,summer (EDT),2026
2026-05-21,no_breakout,384.0,dst_60,summer (EDT),2026
2026-05-22,no_breakout,421.0,dst_60,summer (EDT),2026
2026-05-25,no_breakout,144.0,dst_60,summer (EDT),2026
2026-05-26,no_breakout,189.5,dst_60,summer (EDT),2026
2026-05-27,vol_filter_rejected,289.0,dst_60,summer (EDT),2026
2026-05-28,vol_filter_rejected,161.0,dst_60,summer (EDT),2026
2026-05-29,vol_filter_rejected,138.0,dst_60,summer (EDT),2026
2026-06-01,no_breakout,412.5,dst_60,summer (EDT),2026
2026-06-02,vol_filter_rejected,240.0,dst_60,summer (EDT),2026
2026-06-03,no_breakout,211.0,dst_60,summer (EDT),2026
2026-06-04,vol_filter_rejected,465.0,dst_60,summer (EDT),2026
2026-06-05,no_breakout,180.0,dst_60,summer (EDT),2026
2026-06-08,vol_filter_rejected,385.0,dst_60,summer (EDT),2026
2026-06-09,vol_filter_rejected,277.0,dst_60,summer (EDT),2026
2026-06-10,no_breakout,447.0,dst_60,summer (EDT),2026
2026-06-11,vol_filter_rejected,279.0,dst_60,summer (EDT),2026
2026-06-12,vol_filter_rejected,377.0,dst_60,summer (EDT),2026
2026-06-15,vol_filter_rejected,224.0,dst_60,summer (EDT),2026
2026-06-16,vol_filter_rejected,197.0,dst_60,summer (EDT),2026
2026-06-17,vol_filter_rejected,97.0,dst_60,summer (EDT),2026
2026-06-18,no_breakout,281.5,dst_60,summer (EDT),2026
2026-06-19,no_breakout,205.0,dst_60,summer (EDT),2026
2026-06-22,vol_filter_rejected,212.0,dst_60,summer (EDT),2026
2026-06-23,vol_filter_rejected,273.0,dst_60,summer (EDT),2026
2026-06-24,vol_filter_rejected,240.0,dst_60,summer (EDT),2026
2026-06-25,vol_filter_rejected,265.5,dst_60,summer (EDT),2026
2026-06-26,vol_filter_rejected,378.0,dst_60,summer (EDT),2026
2026-06-29,vol_filter_rejected,190.0,dst_60,summer (EDT),2026
2026-06-30,vol_filter_rejected,221.0,dst_60,summer (EDT),2026
2026-07-01,vol_filter_rejected,147.0,dst_60,summer (EDT),2026
2026-07-02,vol_filter_rejected,348.5,dst_60,summer (EDT),2026
2026-07-03,vol_filter_rejected,155.0,dst_60,summer (EDT),2026
