date,side,entry_time_ny,entry,stop,target,stop_dist,tp_dist,outcome,exit,pnl_pts,R,bars_held,mins_held,mae_pts,mfe_pts,range_w,bo_vol,vol_trail_rel,vol_pm_rel,vol_z,pm_avg_vol,dow,dt,usd,year,month,week,week_start
2023-07-03,LONG,2023-07-03 10:00:00-04:00,34374.5,34299.5,34637.0,75,262.5,TIMEOUT,34437.8,63.3,0.844,39,195,-19.3,100.6,55.9,2178,1.91,1.004,1.506,2170.3,0,2023-07-03,84.4,2023,2023-07,2023-W27,2023-07-03
2023-07-05,LONG,2023-07-05 10:00:00-04:00,34295.3,34220.3,34557.8,75,262.5,TIMEOUT,34284.6,-10.7,-0.143,72,360,-44.9,94.5,42.6,2114,1.731,0.944,1.313,2238.7,2,2023-07-05,-14.3,2023,2023-07,2023-W27,2023-07-03
2023-07-06,SHORT,2023-07-06 10:00:00-04:00,33881.0,33956.0,33618.5,75,262.5,TIMEOUT,33923.3,-42.3,-0.564,72,360,-67.7,124.7,117.1,2258,1.442,0.994,1.361,2272.7,3,2023-07-06,-56.4,2023,2023-07,2023-W27,2023-07-03
2023-07-10,LONG,2023-07-10 10:00:00-04:00,33951.3,33876.3,34213.8,75,262.5,SL,33876.3,-75.0,-1.0,7,35,-96.3,16.6,77.1,2190,1.627,0.953,1.309,2298.0,0,2023-07-10,-100.0,2023,2023-07,2023-W28,2023-07-10
2023-07-12,LONG,2023-07-12 10:00:00-04:00,34548.3,34473.3,34810.8,75,262.5,SL,34473.3,-75.0,-1.0,20,100,-127.7,33.4,219.8,2210,1.23,0.956,0.886,2311.0,2,2023-07-12,-100.0,2023,2023-07,2023-W28,2023-07-10
2023-07-13,LONG,2023-07-13 10:00:00-04:00,34461.9,34386.9,34724.4,75,262.5,SL,34386.9,-75.0,-1.0,18,90,-85.6,14.3,56.8,2154,1.492,0.94,1.142,2290.3,3,2023-07-13,-100.0,2023,2023-07,2023-W28,2023-07-10
2023-07-14,SHORT,2023-07-14 10:00:00-04:00,34546.1,34621.1,34283.6,75,262.5,TIMEOUT,34501.3,44.8,0.597,72,360,-47.0,87.8,55.2,2378,1.992,1.09,1.779,2181.3,4,2023-07-14,59.7,2023,2023-07,2023-W28,2023-07-10
2023-07-17,LONG,2023-07-17 10:00:00-04:00,34548.0,34473.0,34810.5,75,262.5,TIMEOUT,34586.2,38.2,0.509,72,360,-12.2,145.1,45.9,2190,1.777,0.932,1.296,2348.7,0,2023-07-17,50.9,2023,2023-07,2023-W29,2023-07-17
2023-07-18,LONG,2023-07-18 10:00:00-04:00,34838.3,34763.3,35100.8,75,262.5,TIMEOUT,34979.3,141.0,1.88,72,360,-29.3,182.6,51.9,2256,1.581,0.959,1.267,2351.3,1,2023-07-18,188.0,2023,2023-07,2023-W29,2023-07-17
2023-07-19,LONG,2023-07-19 10:00:00-04:00,35201.0,35126.0,35463.5,75,262.5,SL,35126.0,-75.0,-1.0,10,50,-77.2,60.8,90.0,2216,1.666,0.954,1.336,2322.3,2,2023-07-19,-100.0,2023,2023-07,2023-W29,2023-07-17
2023-07-20,LONG,2023-07-20 10:00:00-04:00,35299.6,35224.6,35562.1,75,262.5,SL,35224.6,-75.0,-1.0,4,20,-81.2,3.1,80.8,2314,1.682,0.983,1.414,2353.3,3,2023-07-20,-100.0,2023,2023-07,2023-W29,2023-07-17
2023-07-24,LONG,2023-07-24 10:00:00-04:00,35402.4,35327.4,35664.9,75,262.5,TIMEOUT,35454.2,51.8,0.691,72,360,-37.2,96.7,54.0,2212,1.892,0.987,1.459,2240.7,0,2023-07-24,69.1,2023,2023-07,2023-W30,2023-07-24
2023-07-26,LONG,2023-07-26 10:10:00-04:00,35464.1,35389.1,35726.6,75,262.5,TIMEOUT,35579.5,115.4,1.539,70,350,-42.0,211.6,103.1,2142,1.499,0.932,1.012,2298.3,2,2023-07-26,153.9,2023,2023-07,2023-W30,2023-07-24
2023-07-27,SHORT,2023-07-27 10:05:00-04:00,35593.2,35668.2,35330.7,75,262.5,SL,35668.2,-75.0,-1.0,35,175,-79.7,65.1,118.8,2250,1.326,0.976,1.143,2306.0,3,2023-07-27,-100.0,2023,2023-07,2023-W30,2023-07-24
2023-07-28,LONG,2023-07-28 10:15:00-04:00,35501.6,35426.6,35764.1,75,262.5,SL,35426.6,-75.0,-1.0,40,200,-83.7,93.9,76.4,2138,1.297,0.949,0.884,2253.3,4,2023-07-28,-100.0,2023,2023-07,2023-W30,2023-07-24
2023-08-01,LONG,2023-08-01 10:00:00-04:00,35690.2,35615.2,35952.7,75,262.5,SL,35615.2,-75.0,-1.0,3,15,-99.4,2.2,88.2,2338,1.716,1.043,1.655,2242.0,1,2023-08-01,-100.0,2023,2023-08,2023-W31,2023-07-31
2023-08-02,SHORT,2023-08-02 10:05:00-04:00,35448.3,35523.3,35185.8,75,262.5,TIMEOUT,35304.0,144.3,1.924,71,355,-27.6,197.9,108.3,2200,1.364,0.944,1.129,2329.3,2,2023-08-02,192.4,2023,2023-08,2023-W31,2023-07-31
2023-08-04,LONG,2023-08-04 10:00:00-04:00,35338.1,35263.1,35600.6,75,262.5,SL,35263.1,-75.0,-1.0,1,5,-81.1,0.0,165.9,2312,1.241,0.984,1.003,2349.7,4,2023-08-04,-100.0,2023,2023-08,2023-W31,2023-07-31
2023-08-07,LONG,2023-08-07 10:00:00-04:00,35318.9,35243.9,35581.4,75,262.5,TIMEOUT,35505.0,186.1,2.481,72,360,-2.9,206.8,119.2,2346,1.759,0.995,1.486,2357.3,0,2023-08-07,248.1,2023,2023-08,2023-W32,2023-08-07
2023-08-08,SHORT,2023-08-08 10:00:00-04:00,35143.9,35218.9,34881.4,75,262.5,SL,35218.9,-75.0,-1.0,36,180,-82.5,122.2,68.1,2246,1.53,0.952,1.311,2360.0,1,2023-08-08,-100.0,2023,2023-08,2023-W32,2023-08-07
2023-08-11,LONG,2023-08-11 10:00:00-04:00,35228.0,35153.0,35490.5,75,262.5,TIMEOUT,35302.8,74.8,0.997,72,360,-36.3,137.4,128.4,2434,1.375,1.078,1.527,2258.7,4,2023-08-11,99.7,2023,2023-08,2023-W32,2023-08-07
2023-08-14,SHORT,2023-08-14 10:00:00-04:00,35234.4,35309.4,34971.9,75,262.5,SL,35309.4,-75.0,-1.0,7,35,-76.7,11.0,123.1,2162,1.368,0.959,1.273,2254.0,0,2023-08-14,-100.0,2023,2023-08,2023-W33,2023-08-14
2023-08-15,SHORT,2023-08-15 10:05:00-04:00,35015.6,35090.6,34753.1,75,262.5,TIMEOUT,34963.0,52.6,0.701,71,355,-70.4,101.2,150.0,2402,1.341,1.028,1.33,2337.3,1,2023-08-15,70.1,2023,2023-08,2023-W33,2023-08-14
2023-08-16,LONG,2023-08-16 10:00:00-04:00,35058.0,34983.0,35320.5,75,262.5,SL,34983.0,-75.0,-1.0,23,115,-85.0,49.7,101.8,2304,1.611,0.993,1.475,2321.0,2,2023-08-16,-100.0,2023,2023-08,2023-W33,2023-08-14
2023-08-17,LONG,2023-08-17 10:00:00-04:00,34855.5,34780.5,35118.0,75,262.5,SL,34780.5,-75.0,-1.0,14,70,-80.2,34.3,103.0,2316,1.481,1.014,1.459,2284.7,3,2023-08-17,-100.0,2023,2023-08,2023-W33,2023-08-14
2023-08-18,LONG,2023-08-18 10:00:00-04:00,34401.5,34326.5,34664.0,75,262.5,TIMEOUT,34519.0,117.5,1.567,72,360,-64.7,189.6,82.2,2348,1.377,0.977,1.345,2403.0,4,2023-08-18,156.7,2023,2023-08,2023-W33,2023-08-14
2023-08-21,SHORT,2023-08-21 10:00:00-04:00,34487.0,34562.0,34224.5,75,262.5,TIMEOUT,34453.3,33.7,0.449,72,360,-65.1,230.9,135.1,2248,1.57,0.972,1.383,2313.7,0,2023-08-21,44.9,2023,2023-08,2023-W34,2023-08-21
2023-08-22,SHORT,2023-08-22 10:05:00-04:00,34416.6,34491.6,34154.1,75,262.5,TIMEOUT,34295.3,121.3,1.617,71,355,-36.3,155.4,140.2,2186,1.465,0.965,1.177,2264.7,1,2023-08-22,161.7,2023,2023-08,2023-W34,2023-08-21
2023-08-23,LONG,2023-08-23 10:00:00-04:00,34393.6,34318.6,34656.1,75,262.5,TIMEOUT,34494.2,100.6,1.341,72,360,-48.4,157.5,65.5,2134,1.489,0.983,1.424,2170.3,2,2023-08-23,134.1,2023,2023-08,2023-W34,2023-08-21
2023-08-24,LONG,2023-08-24 10:00:00-04:00,34653.0,34578.0,34915.5,75,262.5,SL,34578.0,-75.0,-1.0,1,5,-86.8,2.2,45.1,2306,1.494,1.007,1.512,2290.7,3,2023-08-24,-100.0,2023,2023-08,2023-W34,2023-08-21
2023-08-25,SHORT,2023-08-25 10:05:00-04:00,34185.4,34260.4,33922.9,75,262.5,SL,34260.4,-75.0,-1.0,2,10,-174.7,0.0,81.4,2468,1.714,1.132,1.761,2179.7,4,2023-08-25,-100.0,2023,2023-08,2023-W34,2023-08-21
2023-08-28,LONG,2023-08-28 10:00:00-04:00,34603.0,34528.0,34865.5,75,262.5,SL,34528.0,-75.0,-1.0,13,65,-90.7,27.5,82.0,2310,1.583,0.995,1.468,2322.7,0,2023-08-28,-100.0,2023,2023-08,2023-W35,2023-08-28
2023-08-29,LONG,2023-08-29 10:00:00-04:00,34685.1,34610.1,34947.6,75,262.5,TIMEOUT,34873.9,188.8,2.517,72,360,-67.6,193.5,61.5,2468,1.73,1.089,1.867,2267.3,1,2023-08-29,251.7,2023,2023-08,2023-W35,2023-08-28
2023-08-30,LONG,2023-08-30 10:00:00-04:00,34997.6,34922.6,35260.1,75,262.5,SL,34922.6,-75.0,-1.0,4,20,-104.9,14.5,108.2,2290,1.331,0.994,1.33,2304.3,2,2023-08-30,-100.0,2023,2023-08,2023-W35,2023-08-28
2023-08-31,SHORT,2023-08-31 10:00:00-04:00,34991.0,35066.0,34728.5,75,262.5,TP,34728.5,262.5,3.5,71,355,-23.6,269.4,92.3,2254,1.395,0.969,1.204,2325.7,3,2023-08-31,350.0,2023,2023-08,2023-W35,2023-08-28
2023-09-04,SHORT,2023-09-04 10:00:00-04:00,34829.5,34904.5,34567.0,75,262.5,TIMEOUT,34791.7,37.8,0.504,35,175,-3.7,72.4,57.3,1038,1.585,1.246,2.757,833.3,0,2023-09-04,50.4,2023,2023-09,2023-W36,2023-09-04
2023-09-05,SHORT,2023-09-05 10:00:00-04:00,34786.5,34861.5,34524.0,75,262.5,TIMEOUT,34657.1,129.4,1.725,72,360,-40.9,141.3,92.7,2278,1.477,1.0,1.345,2277.7,1,2023-09-05,172.5,2023,2023-09,2023-W36,2023-09-04
2023-09-06,SHORT,2023-09-06 10:00:00-04:00,34533.6,34608.6,34271.1,75,262.5,TIMEOUT,34441.4,92.2,1.229,72,360,-64.6,235.5,65.4,2446,1.81,1.1,1.876,2222.7,2,2023-09-06,122.9,2023,2023-09,2023-W36,2023-09-04
2023-09-07,LONG,2023-09-07 10:00:00-04:00,34441.7,34366.7,34704.2,75,262.5,TIMEOUT,34498.5,56.8,0.757,72,360,-71.9,119.3,83.4,2294,1.488,0.993,1.35,2311.0,3,2023-09-07,75.7,2023,2023-09,2023-W36,2023-09-04
2023-09-08,LONG,2023-09-08 10:00:00-04:00,34554.3,34479.3,34816.8,75,262.5,TIMEOUT,34575.8,21.5,0.287,72,360,-62.8,74.2,71.4,2138,1.594,0.975,1.391,2192.3,4,2023-09-08,28.7,2023,2023-09,2023-W36,2023-09-04
2023-09-18,SHORT,2023-09-18 10:00:00-04:00,34561.1,34636.1,34298.6,75,262.5,SL,34636.1,-75.0,-1.0,7,35,-84.9,24.8,64.0,2272,1.62,0.992,1.47,2289.7,0,2023-09-18,-100.0,2023,2023-09,2023-W38,2023-09-18
2023-09-19,SHORT,2023-09-19 10:00:00-04:00,34472.4,34547.4,34209.9,75,262.5,SL,34547.4,-75.0,-1.0,69,345,-78.5,168.9,136.2,2122,1.477,0.951,1.249,2230.3,1,2023-09-19,-100.0,2023,2023-09,2023-W38,2023-09-18
2023-09-20,LONG,2023-09-20 10:00:00-04:00,34668.5,34593.5,34931.0,75,262.5,SL,34593.5,-75.0,-1.0,48,240,-88.7,110.2,62.8,2130,1.793,0.958,1.38,2224.0,2,2023-09-20,-100.0,2023,2023-09,2023-W38,2023-09-18
2023-09-21,LONG,2023-09-21 10:15:00-04:00,34351.1,34276.1,34613.6,75,262.5,SL,34276.1,-75.0,-1.0,6,30,-80.5,7.5,124.6,2346,1.283,1.086,1.497,2160.0,3,2023-09-21,-100.0,2023,2023-09,2023-W38,2023-09-18
2023-09-25,SHORT,2023-09-25 10:25:00-04:00,33805.3,33880.3,33542.8,75,262.5,SL,33880.3,-75.0,-1.0,10,50,-125.4,36.7,90.1,2272,1.235,0.993,0.959,2287.3,0,2023-09-25,-100.0,2023,2023-09,2023-W39,2023-09-25
2023-09-26,SHORT,2023-09-26 10:00:00-04:00,33779.7,33854.7,33517.2,75,262.5,TIMEOUT,33621.7,158.0,2.107,72,360,-41.2,231.0,137.6,2278,1.51,1.058,1.786,2153.0,1,2023-09-26,210.7,2023,2023-09,2023-W39,2023-09-25
2023-09-27,SHORT,2023-09-27 10:00:00-04:00,33586.6,33661.6,33324.1,75,262.5,TP,33324.1,262.5,3.5,41,205,-39.0,271.8,69.6,2198,1.529,0.97,1.367,2266.7,2,2023-09-27,350.0,2023,2023-09,2023-W39,2023-09-25
2023-09-29,SHORT,2023-09-29 10:00:00-04:00,33743.0,33818.0,33480.5,75,262.5,TP,33480.5,262.5,3.5,36,180,-6.9,276.2,125.0,2346,1.385,1.017,1.391,2307.0,4,2023-09-29,350.0,2023,2023-09,2023-W39,2023-09-25
2023-10-02,SHORT,2023-10-02 10:10:00-04:00,33359.6,33434.6,33097.1,75,262.5,SL,33434.6,-75.0,-1.0,2,10,-76.2,0.0,60.3,2432,1.401,1.033,1.287,2354.0,0,2023-10-02,-100.0,2023,2023-10,2023-W40,2023-10-02
2023-10-03,SHORT,2023-10-03 10:05:00-04:00,33180.6,33255.6,32918.1,75,262.5,SL,33255.6,-75.0,-1.0,1,5,-79.6,2.7,70.1,2394,1.305,1.008,1.327,2374.7,1,2023-10-03,-100.0,2023,2023-10,2023-W40,2023-10-02
2023-10-04,SHORT,2023-10-04 10:00:00-04:00,32922.1,32997.1,32659.6,75,262.5,SL,32997.1,-75.0,-1.0,16,80,-80.2,77.1,87.5,2472,1.417,1.05,1.689,2355.0,2,2023-10-04,-100.0,2023,2023-10,2023-W40,2023-10-02
2023-10-09,LONG,2023-10-09 10:00:00-04:00,33321.6,33246.6,33584.1,75,262.5,SL,33246.6,-75.0,-1.0,10,50,-86.1,44.3,116.8,2260,1.399,0.976,1.307,2314.7,0,2023-10-09,-100.0,2023,2023-10,2023-W41,2023-10-09
2023-10-10,LONG,2023-10-10 10:10:00-04:00,33746.8,33671.8,34009.3,75,262.5,TIMEOUT,33736.8,-10.0,-0.133,70,350,-44.4,138.5,107.1,2206,1.3,0.966,1.072,2284.3,1,2023-10-10,-13.3,2023,2023-10,2023-W41,2023-10-09
2023-10-12,SHORT,2023-10-12 10:00:00-04:00,33653.9,33728.9,33391.4,75,262.5,SL,33728.9,-75.0,-1.0,16,80,-78.3,26.8,139.0,2238,1.205,0.993,1.087,2254.0,3,2023-10-12,-100.0,2023,2023-10,2023-W41,2023-10-09
2023-10-13,LONG,2023-10-13 10:00:00-04:00,33838.8,33763.8,34101.3,75,262.5,SL,33763.8,-75.0,-1.0,2,10,-93.2,13.7,142.8,2406,1.499,1.046,1.462,2301.0,4,2023-10-13,-100.0,2023,2023-10,2023-W41,2023-10-09
2023-10-16,LONG,2023-10-16 10:10:00-04:00,33902.0,33827.0,34164.5,75,262.5,TIMEOUT,33981.3,79.3,1.057,70,350,-21.8,180.5,96.6,2138,1.258,0.953,0.983,2243.7,0,2023-10-16,105.7,2023,2023-10,2023-W42,2023-10-16
2023-10-18,SHORT,2023-10-18 10:00:00-04:00,33853.8,33928.8,33591.3,75,262.5,SL,33928.8,-75.0,-1.0,3,15,-96.1,16.5,88.3,2320,1.476,0.992,1.454,2338.7,2,2023-10-18,-100.0,2023,2023-10,2023-W42,2023-10-16
2023-10-19,SHORT,2023-10-19 10:05:00-04:00,33570.3,33645.3,33307.8,75,262.5,SL,33645.3,-75.0,-1.0,19,95,-81.5,87.1,90.7,2280,1.311,1.001,1.214,2277.3,3,2023-10-19,-100.0,2023,2023-10,2023-W42,2023-10-16
2023-10-20,SHORT,2023-10-20 10:10:00-04:00,33211.1,33286.1,32948.6,75,262.5,SL,33286.1,-75.0,-1.0,21,105,-78.6,39.1,96.5,2296,1.295,0.975,1.081,2354.0,4,2023-10-20,-100.0,2023,2023-10,2023-W42,2023-10-16
2023-10-23,LONG,2023-10-23 10:00:00-04:00,33045.7,32970.7,33308.2,75,262.5,SL,32970.7,-75.0,-1.0,64,320,-101.9,173.3,90.5,2342,1.412,0.98,1.396,2391.0,0,2023-10-23,-100.0,2023,2023-10,2023-W43,2023-10-23
2023-10-24,LONG,2023-10-24 10:00:00-04:00,33108.4,33033.4,33370.9,75,262.5,SL,33033.4,-75.0,-1.0,28,140,-93.3,147.0,64.8,2394,1.512,0.99,1.451,2417.0,1,2023-10-24,-100.0,2023,2023-10,2023-W43,2023-10-23
2023-10-25,SHORT,2023-10-25 10:00:00-04:00,32991.2,33066.2,32728.7,75,262.5,SL,33066.2,-75.0,-1.0,7,35,-88.0,27.1,63.3,2376,1.527,1.004,1.509,2367.7,2,2023-10-25,-100.0,2023,2023-10,2023-W43,2023-10-23
2023-10-27,SHORT,2023-10-27 10:15:00-04:00,32652.7,32727.7,32390.2,75,262.5,TP,32390.2,262.5,3.5,46,230,-68.5,281.2,130.8,2356,1.254,1.004,1.02,2346.0,4,2023-10-27,350.0,2023,2023-10,2023-W43,2023-10-23
2023-10-30,LONG,2023-10-30 10:00:00-04:00,32663.1,32588.1,32925.6,75,262.5,TP,32925.6,262.5,3.5,54,270,-43.5,262.5,62.5,2460,1.626,1.022,1.589,2406.0,0,2023-10-30,350.0,2023,2023-10,2023-W44,2023-10-30
2023-10-31,SHORT,2023-10-31 10:00:00-04:00,32778.7,32853.7,32516.2,75,262.5,SL,32853.7,-75.0,-1.0,2,10,-129.6,3.7,119.0,2422,1.375,1.039,1.562,2331.3,1,2023-10-31,-100.0,2023,2023-10,2023-W44,2023-10-30
2023-11-01,LONG,2023-11-01 10:10:00-04:00,33139.6,33064.6,33402.1,75,262.5,SL,33064.6,-75.0,-1.0,29,145,-79.9,127.4,193.0,2382,1.247,1.023,1.125,2329.3,2,2023-11-01,-100.0,2023,2023-11,2023-W44,2023-10-30
2023-11-02,LONG,2023-11-02 10:00:00-04:00,33528.4,33453.4,33790.9,75,262.5,TP,33790.9,262.5,3.5,67,335,-45.5,266.3,129.1,2272,1.371,0.976,1.317,2327.0,3,2023-11-02,350.0,2023,2023-11,2023-W44,2023-10-30
2023-11-06,SHORT,2023-11-06 10:00:00-05:00,34052.7,34127.7,33790.2,75,262.5,TIMEOUT,34078.1,-25.4,-0.339,72,360,-71.2,68.3,39.0,2216,1.614,0.955,1.337,2320.3,0,2023-11-06,-33.9,2023,2023-11,2023-W45,2023-11-06
2023-11-07,LONG,2023-11-07 10:00:00-05:00,34099.1,34024.1,34361.6,75,262.5,TIMEOUT,34154.7,55.6,0.741,72,360,-21.3,107.2,64.8,2122,1.432,0.928,1.195,2286.7,1,2023-11-07,74.1,2023,2023-11,2023-W45,2023-11-06
2023-11-09,SHORT,2023-11-09 10:00:00-05:00,34062.1,34137.1,33799.6,75,262.5,TIMEOUT,33888.9,173.2,2.309,72,360,-53.9,219.2,58.2,2266,1.413,0.981,1.368,2310.7,3,2023-11-09,230.9,2023,2023-11,2023-W45,2023-11-06
2023-11-10,SHORT,2023-11-10 10:00:00-05:00,33932.2,34007.2,33669.7,75,262.5,SL,34007.2,-75.0,-1.0,13,65,-106.8,41.4,98.2,2400,1.542,1.042,1.696,2302.7,4,2023-11-10,-100.0,2023,2023-11,2023-W45,2023-11-06
2023-11-17,SHORT,2023-11-17 10:00:00-05:00,34941.8,35016.8,34679.3,75,262.5,TIMEOUT,34948.4,-6.6,-0.088,72,360,-43.8,67.0,151.9,2162,1.335,0.958,1.23,2256.7,4,2023-11-17,-8.8,2023,2023-11,2023-W46,2023-11-13
2023-11-20,LONG,2023-11-20 10:00:00-05:00,35012.3,34937.3,35274.8,75,262.5,TIMEOUT,35148.4,136.1,1.815,72,360,-28.1,219.3,60.5,2182,1.543,0.983,1.412,2220.0,0,2023-11-20,181.5,2023,2023-11,2023-W47,2023-11-20
2023-11-21,SHORT,2023-11-21 10:00:00-05:00,35074.8,35149.8,34812.3,75,262.5,TIMEOUT,35071.3,3.5,0.047,72,360,-34.8,34.1,47.2,2140,1.443,0.977,1.372,2190.3,1,2023-11-21,4.7,2023,2023-11,2023-W47,2023-11-20
2023-11-24,LONG,2023-11-24 10:00:00-05:00,35375.3,35300.3,35637.8,75,262.5,TIMEOUT,35395.1,19.8,0.264,38,190,-45.0,25.6,50.7,2354,1.647,0.933,1.27,2523.0,4,2023-11-24,26.4,2023,2023-11,2023-W47,2023-11-20
2023-11-28,LONG,2023-11-28 10:20:00-05:00,35376.7,35301.7,35639.2,75,262.5,TIMEOUT,35434.1,57.4,0.765,68,340,-25.8,155.8,69.6,2434,1.271,0.94,0.783,2588.0,1,2023-11-28,76.5,2023,2023-11,2023-W48,2023-11-27
2023-11-29,SHORT,2023-11-29 10:10:00-05:00,35466.9,35541.9,35204.4,75,262.5,SL,35541.9,-75.0,-1.0,28,140,-80.5,45.6,70.1,2748,1.4,1.009,1.193,2723.7,2,2023-11-29,-100.0,2023,2023-11,2023-W48,2023-11-27
2023-11-30,LONG,2023-11-30 10:10:00-05:00,35703.6,35628.6,35966.1,75,262.5,TP,35966.1,262.5,3.5,69,345,-58.7,266.0,77.9,2664,1.231,0.967,0.933,2754.3,3,2023-11-30,350.0,2023,2023-11,2023-W48,2023-11-27
2023-12-01,LONG,2023-12-01 10:00:00-05:00,36053.7,35978.7,36316.2,75,262.5,SL,35978.7,-75.0,-1.0,6,30,-84.1,3.8,47.6,2950,1.735,1.099,1.881,2684.3,4,2023-12-01,-100.0,2023,2023-12,2023-W48,2023-11-27
2023-12-05,SHORT,2023-12-05 10:05:00-05:00,36074.3,36149.3,35811.8,75,262.5,SL,36149.3,-75.0,-1.0,11,55,-91.3,47.9,75.1,2180,1.472,1.015,1.337,2148.7,1,2023-12-05,-100.0,2023,2023-12,2023-W49,2023-12-04
2023-12-06,LONG,2023-12-06 10:10:00-05:00,36263.9,36188.9,36526.4,75,262.5,SL,36188.9,-75.0,-1.0,8,40,-83.4,11.2,77.6,2108,1.379,0.971,1.063,2171.3,2,2023-12-06,-100.0,2023,2023-12,2023-W49,2023-12-04
2023-12-08,LONG,2023-12-08 10:00:00-05:00,36211.2,36136.2,36473.7,75,262.5,SL,36136.2,-75.0,-1.0,15,75,-87.4,55.3,148.2,2448,1.325,1.098,1.558,2230.0,4,2023-12-08,-100.0,2023,2023-12,2023-W49,2023-12-04
2023-12-11,LONG,2023-12-11 10:05:00-05:00,36303.9,36228.9,36566.4,75,262.5,TIMEOUT,36403.9,100.0,1.333,71,355,-12.6,123.6,50.3,1966,1.441,0.906,1.007,2170.0,0,2023-12-11,133.3,2023,2023-12,2023-W50,2023-12-11
2023-12-13,SHORT,2023-12-13 10:00:00-05:00,36557.0,36632.0,36294.5,75,262.5,SL,36632.0,-75.0,-1.0,48,240,-225.7,10.3,81.9,2070,1.469,0.937,1.178,2209.0,2,2023-12-13,-100.0,2023,2023-12,2023-W50,2023-12-11
2023-12-14,SHORT,2023-12-14 10:00:00-05:00,37167.1,37242.1,36904.6,75,262.5,SL,37242.1,-75.0,-1.0,26,130,-95.8,44.2,137.8,2394,1.263,1.003,1.374,2386.7,3,2023-12-14,-100.0,2023,2023-12,2023-W50,2023-12-11
2023-12-15,SHORT,2023-12-15 10:00:00-05:00,37174.9,37249.9,36912.4,75,262.5,SL,37249.9,-75.0,-1.0,8,40,-76.5,16.6,170.5,2350,1.251,0.99,1.055,2373.3,4,2023-12-15,-100.0,2023,2023-12,2023-W50,2023-12-11
2023-12-18,SHORT,2023-12-18 10:00:00-05:00,37345.0,37420.0,37082.5,75,262.5,SL,37420.0,-75.0,-1.0,16,80,-76.8,22.4,46.5,2244,1.586,0.988,1.447,2270.3,0,2023-12-18,-100.0,2023,2023-12,2023-W51,2023-12-18
2023-12-19,LONG,2023-12-19 10:00:00-05:00,37465.5,37390.5,37728.0,75,262.5,TIMEOUT,37570.2,104.7,1.396,72,360,-0.8,130.6,78.0,2232,1.586,0.985,1.427,2265.7,1,2023-12-19,139.6,2023,2023-12,2023-W51,2023-12-18
2023-12-20,LONG,2023-12-20 10:05:00-05:00,37556.6,37481.6,37819.1,75,262.5,SL,37481.6,-75.0,-1.0,57,285,-213.5,120.0,54.6,2132,1.606,0.985,1.265,2164.3,2,2023-12-20,-100.0,2023,2023-12,2023-W51,2023-12-18
2023-12-21,LONG,2023-12-21 10:20:00-05:00,37403.1,37328.1,37665.6,75,262.5,SL,37328.1,-75.0,-1.0,1,5,-108.1,2.6,152.6,2266,1.214,0.969,0.814,2337.7,3,2023-12-21,-100.0,2023,2023-12,2023-W51,2023-12-18
2023-12-22,LONG,2023-12-22 10:00:00-05:00,37528.8,37453.8,37791.3,75,262.5,SL,37453.8,-75.0,-1.0,11,55,-78.8,18.7,132.4,2278,1.456,1.018,1.269,2238.0,4,2023-12-22,-100.0,2023,2023-12,2023-W51,2023-12-18
2023-12-26,LONG,2023-12-26 10:05:00-05:00,37485.1,37410.1,37747.6,75,262.5,TIMEOUT,37595.0,109.9,1.465,71,355,-3.0,177.3,63.6,1632,1.595,0.826,0.898,1974.7,1,2023-12-26,146.5,2023,2023-12,2023-W52,2023-12-25
2023-12-27,LONG,2023-12-27 10:00:00-05:00,37637.9,37562.9,37900.4,75,262.5,TIMEOUT,37724.8,86.9,1.159,72,360,-53.5,94.8,53.4,2050,1.726,0.954,1.342,2148.7,2,2023-12-27,115.9,2023,2023-12,2023-W52,2023-12-25
2023-12-28,LONG,2023-12-28 10:00:00-05:00,37720.0,37645.0,37982.5,75,262.5,TIMEOUT,37732.5,12.5,0.167,72,360,-21.1,81.4,53.6,2046,1.565,0.939,1.238,2179.7,3,2023-12-28,16.7,2023,2023-12,2023-W52,2023-12-25
2023-12-29,SHORT,2023-12-29 10:45:00-05:00,37704.8,37779.8,37442.3,75,262.5,TIMEOUT,37696.8,8.0,0.107,63,315,-41.1,144.7,36.3,2308,1.41,1.113,1.193,2073.7,4,2023-12-29,10.7,2023,2023-12,2023-W52,2023-12-25
2024-01-02,LONG,2024-01-02 10:00:00-05:00,37701.0,37626.0,37963.5,75,262.5,SL,37626.0,-75.0,-1.0,58,290,-78.2,110.8,58.3,2376,1.52,1.004,1.5,2365.7,1,2024-01-02,-100.0,2024,2024-01,2024-W01,2024-01-01
2024-01-03,SHORT,2024-01-03 10:05:00-05:00,37550.8,37625.8,37288.3,75,262.5,SL,37625.8,-75.0,-1.0,52,260,-75.5,133.9,81.0,2306,1.419,1.002,1.274,2302.0,2,2024-01-03,-100.0,2024,2024-01,2024-W01,2024-01-01
2024-01-04,LONG,2024-01-04 10:00:00-05:00,37618.5,37543.5,37881.0,75,262.5,SL,37543.5,-75.0,-1.0,30,150,-84.1,107.8,69.0,2352,1.519,1.014,1.509,2320.3,3,2024-01-04,-100.0,2024,2024-01,2024-W01,2024-01-01
2024-01-05,LONG,2024-01-05 10:00:00-05:00,37587.8,37512.8,37850.3,75,262.5,SL,37512.8,-75.0,-1.0,6,30,-77.2,42.6,198.1,2464,1.251,1.074,1.339,2295.0,4,2024-01-05,-100.0,2024,2024-01,2024-W01,2024-01-01
2024-01-09,SHORT,2024-01-09 10:00:00-05:00,37401.3,37476.3,37138.8,75,262.5,SL,37476.3,-75.0,-1.0,3,15,-77.6,22.9,103.1,2184,1.442,0.937,1.22,2330.5,1,2024-01-09,-100.0,2024,2024-01,2024-W02,2024-01-08
2024-01-10,LONG,2024-01-10 10:25:00-05:00,37587.7,37512.7,37850.2,75,262.5,TIMEOUT,37699.4,111.7,1.489,67,335,-34.2,170.4,58.6,2066,1.221,0.907,0.612,2278.7,2,2024-01-10,148.9,2024,2024-01,2024-W02,2024-01-08
2024-01-11,SHORT,2024-01-11 10:00:00-05:00,37537.1,37612.1,37274.6,75,262.5,SL,37612.1,-75.0,-1.0,46,230,-81.1,127.2,201.3,2416,1.278,1.012,0.986,2387.0,3,2024-01-11,-100.0,2024,2024-01,2024-W02,2024-01-08
2024-01-16,SHORT,2024-01-16 10:00:00-05:00,37392.8,37467.8,37130.3,75,262.5,SL,37467.8,-75.0,-1.0,3,15,-76.0,3.4,134.6,2364,1.399,0.989,1.376,2390.7,1,2024-01-16,-100.0,2024,2024-01,2024-W03,2024-01-15
2024-01-17,LONG,2024-01-17 10:00:00-05:00,37296.9,37221.9,37559.4,75,262.5,SL,37221.9,-75.0,-1.0,40,200,-101.9,78.5,91.5,2358,1.372,1.003,1.357,2351.0,2,2024-01-17,-100.0,2024,2024-01,2024-W03,2024-01-15
2024-01-19,SHORT,2024-01-19 10:00:00-05:00,37530.9,37605.9,37268.4,75,262.5,SL,37605.9,-75.0,-1.0,12,60,-87.0,53.3,147.8,2462,1.661,1.075,1.757,2289.7,4,2024-01-19,-100.0,2024,2024-01,2024-W03,2024-01-15
2024-01-22,LONG,2024-01-22 10:00:00-05:00,38086.9,38011.9,38349.4,75,262.5,SL,38011.9,-75.0,-1.0,12,60,-79.6,46.9,55.4,2288,1.625,0.986,1.431,2321.3,0,2024-01-22,-100.0,2024,2024-01,2024-W04,2024-01-22
2024-01-23,SHORT,2024-01-23 10:00:00-05:00,37935.0,38010.0,37672.5,75,262.5,TIMEOUT,37926.8,8.2,0.109,72,360,-42.5,121.0,63.5,1582,1.748,0.855,1.071,1849.3,1,2024-01-23,10.9,2024,2024-01,2024-W04,2024-01-22
2024-01-24,SHORT,2024-01-24 10:00:00-05:00,37956.0,38031.0,37693.5,75,262.5,SL,38031.0,-75.0,-1.0,8,40,-98.0,14.0,65.3,1796,1.959,0.94,1.322,1910.7,2,2024-01-24,-100.0,2024,2024-01,2024-W04,2024-01-22
2024-01-25,LONG,2024-01-25 10:00:00-05:00,37973.4,37898.4,38235.9,75,262.5,SL,37898.4,-75.0,-1.0,7,35,-88.3,73.7,183.7,1916,1.664,0.958,1.253,2000.3,3,2024-01-25,-100.0,2024,2024-01,2024-W04,2024-01-22
2024-01-26,LONG,2024-01-26 10:00:00-05:00,38094.7,38019.7,38357.2,75,262.5,TIMEOUT,38108.5,13.8,0.184,72,360,-61.5,136.5,121.0,1936,1.669,0.998,1.357,1939.7,4,2024-01-26,18.4,2024,2024-01,2024-W04,2024-01-22
2024-01-29,LONG,2024-01-29 10:00:00-05:00,38147.2,38072.2,38409.7,75,262.5,TIMEOUT,38319.7,172.5,2.3,72,360,-67.8,224.3,42.5,1478,1.852,0.901,1.201,1641.2,0,2024-01-29,230.0,2024,2024-01,2024-W05,2024-01-29
2024-01-30,LONG,2024-01-30 10:00:00-05:00,38322.5,38247.5,38585.0,75,262.5,TIMEOUT,38488.3,165.8,2.211,72,360,-50.0,201.0,51.3,1880,2.285,1.186,1.98,1584.7,1,2024-01-30,221.1,2024,2024-01,2024-W05,2024-01-29
2024-01-31,SHORT,2024-01-31 10:00:00-05:00,38493.1,38568.1,38230.6,75,262.5,SL,38568.1,-75.0,-1.0,56,280,-75.0,107.5,81.0,1734,1.615,0.9,1.097,1927.0,2,2024-01-31,-100.0,2024,2024-01,2024-W05,2024-01-29
2024-02-01,LONG,2024-02-01 10:05:00-05:00,38248.1,38173.1,38510.6,75,262.5,SL,38173.1,-75.0,-1.0,9,45,-82.5,53.5,109.0,1812,1.701,0.975,1.193,1859.3,3,2024-02-01,-100.0,2024,2024-02,2024-W05,2024-01-29
2024-02-05,SHORT,2024-02-05 10:00:00-05:00,38407.5,38482.5,38145.0,75,262.5,SL,38482.5,-75.0,-1.0,55,275,-80.5,179.0,74.5,2004,2.359,1.073,1.693,1868.0,0,2024-02-05,-100.0,2024,2024-02,2024-W06,2024-02-05
2024-02-06,LONG,2024-02-06 10:00:00-05:00,38472.3,38397.3,38734.8,75,262.5,TIMEOUT,38513.6,41.3,0.551,72,360,-60.0,70.8,60.7,1964,2.135,1.016,1.557,1932.3,1,2024-02-06,55.1,2024,2024-02,2024-W06,2024-02-05
2024-02-07,LONG,2024-02-07 10:15:00-05:00,38697.4,38622.4,38959.9,75,262.5,TIMEOUT,38673.4,-24.0,-0.32,69,345,-36.0,73.0,136.2,1736,1.533,0.894,0.889,1941.0,2,2024-02-07,-32.0,2024,2024-02,2024-W06,2024-02-05
2024-02-08,SHORT,2024-02-08 10:20:00-05:00,38657.1,38732.1,38394.6,75,262.5,SL,38732.1,-75.0,-1.0,67,335,-97.3,109.0,80.5,1338,1.251,0.769,0.473,1740.3,3,2024-02-08,-100.0,2024,2024-02,2024-W06,2024-02-05
2024-02-09,SHORT,2024-02-09 10:00:00-05:00,38695.1,38770.1,38432.6,75,262.5,TIMEOUT,38661.1,34.0,0.453,72,360,-33.0,124.5,199.5,1578,1.463,0.939,1.046,1680.7,4,2024-02-09,45.3,2024,2024-02,2024-W06,2024-02-05
2024-02-12,LONG,2024-02-12 10:00:00-05:00,38716.9,38641.9,38979.4,75,262.5,TIMEOUT,38820.5,103.6,1.381,72,360,-28.0,238.0,42.0,1322,1.838,0.79,0.944,1673.0,0,2024-02-12,138.1,2024,2024-02,2024-W07,2024-02-12
2024-02-13,SHORT,2024-02-13 10:00:00-05:00,38287.0,38362.0,38024.5,75,262.5,SL,38362.0,-75.0,-1.0,13,65,-90.8,28.0,381.5,1850,1.274,0.986,0.876,1876.0,1,2024-02-13,-100.0,2024,2024-02,2024-W07,2024-02-12
2024-02-14,SHORT,2024-02-14 10:00:00-05:00,38340.4,38415.4,38077.9,75,262.5,SL,38415.4,-75.0,-1.0,4,20,-75.8,17.2,67.0,1750,1.77,1.071,1.643,1634.0,2,2024-02-14,-100.0,2024,2024-02,2024-W07,2024-02-12
2024-02-15,LONG,2024-02-15 10:00:00-05:00,38591.7,38516.7,38854.2,75,262.5,TIMEOUT,38767.5,175.8,2.344,72,360,-48.5,193.5,96.5,1742,1.449,0.948,1.139,1838.0,3,2024-02-15,234.4,2024,2024-02,2024-W07,2024-02-12
2024-02-20,LONG,2024-02-20 10:00:00-05:00,38598.6,38523.6,38861.1,75,262.5,SL,38523.6,-75.0,-1.0,24,120,-104.2,77.0,81.5,1888,1.801,0.933,1.283,2022.5,1,2024-02-20,-100.0,2024,2024-02,2024-W08,2024-02-19
2024-02-21,SHORT,2024-02-21 10:30:00-05:00,38470.1,38545.1,38207.6,75,262.5,SL,38545.1,-75.0,-1.0,9,45,-77.5,6.5,42.3,1628,1.322,0.962,0.745,1692.2,2,2024-02-21,-100.0,2024,2024-02,2024-W08,2024-02-19
2024-02-22,LONG,2024-02-22 10:00:00-05:00,38972.1,38897.1,39234.6,75,262.5,SL,38897.1,-75.0,-1.0,2,10,-84.5,2.0,115.0,2048,1.915,1.115,1.847,1836.5,3,2024-02-22,-100.0,2024,2024-02,2024-W08,2024-02-19
2024-02-23,LONG,2024-02-23 10:00:00-05:00,39252.1,39177.1,39514.6,75,262.5,SL,39177.1,-75.0,-1.0,30,150,-92.0,50.5,86.5,1842,1.796,0.974,1.395,1891.3,4,2024-02-23,-100.0,2024,2024-02,2024-W08,2024-02-19
2024-02-26,LONG,2024-02-26 10:00:00-05:00,39242.7,39167.7,39505.2,75,262.5,SL,39167.7,-75.0,-1.0,11,55,-84.0,9.5,69.5,1768,2.323,1.027,1.576,1721.0,0,2024-02-26,-100.0,2024,2024-02,2024-W09,2024-02-26
2024-02-27,SHORT,2024-02-27 10:00:00-05:00,38974.1,39049.1,38711.6,75,262.5,TIMEOUT,38988.4,-14.3,-0.191,72,360,-41.5,78.3,76.0,1820,1.934,1.018,1.492,1788.7,1,2024-02-27,-19.1,2024,2024-02,2024-W09,2024-02-26
2024-03-01,SHORT,2024-03-01 10:00:00-05:00,38866.3,38941.3,38603.8,75,262.5,SL,38941.3,-75.0,-1.0,2,10,-83.5,5.0,41.5,2030,2.195,1.112,1.808,1826.0,4,2024-03-01,-100.0,2024,2024-03,2024-W09,2024-02-26
2024-03-04,LONG,2024-03-04 10:00:00-05:00,39023.1,38948.1,39285.6,75,262.5,TIMEOUT,38995.6,-27.5,-0.367,72,360,-53.8,78.7,117.0,1584,1.743,0.863,1.063,1834.7,0,2024-03-04,-36.7,2024,2024-03,2024-W10,2024-03-04
2024-03-05,SHORT,2024-03-05 10:05:00-05:00,38816.0,38891.0,38553.5,75,262.5,TP,38553.5,262.5,3.5,56,280,-41.5,273.5,77.0,1890,2.02,1.136,1.586,1663.3,1,2024-03-05,350.0,2024,2024-03,2024-W10,2024-03-04
2024-03-11,SHORT,2024-03-11 10:10:00-04:00,38513.2,38588.2,38250.7,75,262.5,SL,38588.2,-75.0,-1.0,9,45,-92.0,25.5,99.3,1740,1.296,0.85,0.703,2047.7,0,2024-03-11,-100.0,2024,2024-03,2024-W11,2024-03-11
2024-03-13,LONG,2024-03-13 10:05:00-04:00,39130.3,39055.3,39392.8,75,262.5,SL,39055.3,-75.0,-1.0,64,320,-173.7,103.5,82.3,1436,1.69,0.884,1.025,1625.0,2,2024-03-13,-100.0,2024,2024-03,2024-W11,2024-03-11
2024-03-14,SHORT,2024-03-14 10:00:00-04:00,38912.0,38987.0,38649.5,75,262.5,SL,38987.0,-75.0,-1.0,6,30,-99.5,4.5,109.3,2024,1.599,1.039,1.445,1948.3,3,2024-03-14,-100.0,2024,2024-03,2024-W11,2024-03-11
2024-03-15,SHORT,2024-03-15 10:00:00-04:00,38745.2,38820.2,38482.7,75,262.5,SL,38820.2,-75.0,-1.0,3,15,-81.2,26.3,216.0,2068,1.661,1.015,1.358,2038.3,4,2024-03-15,-100.0,2024,2024-03,2024-W11,2024-03-11
2024-03-18,LONG,2024-03-18 10:15:00-04:00,38861.9,38786.9,39124.4,75,262.5,SL,38786.9,-75.0,-1.0,68,340,-92.7,49.5,69.8,1440,1.371,0.814,0.607,1768.2,0,2024-03-18,-100.0,2024,2024-03,2024-W12,2024-03-18
2024-03-19,LONG,2024-03-19 10:00:00-04:00,38876.7,38801.7,39139.2,75,262.5,TIMEOUT,39130.7,254.0,3.387,72,360,-23.0,260.0,138.8,1618,1.582,0.862,1.018,1876.2,1,2024-03-19,338.7,2024,2024-03,2024-W12,2024-03-18
2024-03-20,LONG,2024-03-20 10:05:00-04:00,39123.1,39048.1,39385.6,75,262.5,TP,39385.6,262.5,3.5,56,280,-32.0,316.5,66.5,1062,1.396,0.773,0.64,1374.3,2,2024-03-20,350.0,2024,2024-03,2024-W12,2024-03-18
2024-03-21,LONG,2024-03-21 10:00:00-04:00,39777.8,39702.8,40040.3,75,262.5,TIMEOUT,39815.8,38.0,0.507,72,360,-5.5,132.5,55.0,1646,1.791,0.911,1.2,1807.0,3,2024-03-21,50.7,2024,2024-03,2024-W12,2024-03-18
2024-03-22,SHORT,2024-03-22 10:00:00-04:00,39731.5,39806.5,39469.0,75,262.5,TP,39469.0,262.5,3.5,71,355,-13.2,273.2,57.3,1534,1.742,0.897,1.162,1711.0,4,2024-03-22,350.0,2024,2024-03,2024-W12,2024-03-18
2024-03-25,SHORT,2024-03-25 10:00:00-04:00,39377.1,39452.1,39114.6,75,262.5,TIMEOUT,39310.1,67.0,0.893,72,360,-30.2,75.8,52.7,1482,1.847,0.866,1.097,1712.0,0,2024-03-25,89.3,2024,2024-03,2024-W13,2024-03-25
2024-03-26,SHORT,2024-03-26 10:00:00-04:00,39326.7,39401.7,39064.2,75,262.5,SL,39401.7,-75.0,-1.0,8,40,-90.0,0.0,83.7,1512,1.65,0.944,1.206,1601.7,1,2024-03-26,-100.0,2024,2024-03,2024-W13,2024-03-25
2024-03-27,LONG,2024-03-27 10:00:00-04:00,39561.9,39486.9,39824.4,75,262.5,SL,39486.9,-75.0,-1.0,24,120,-91.7,4.8,73.7,1740,2.121,1.038,1.596,1675.5,2,2024-03-27,-100.0,2024,2024-03,2024-W13,2024-03-25
2024-03-28,SHORT,2024-03-28 10:05:00-04:00,39779.4,39854.4,39516.9,75,262.5,SL,39854.4,-75.0,-1.0,64,320,-98.7,40.5,73.5,1536,1.504,0.943,1.045,1628.8,3,2024-03-28,-100.0,2024,2024-03,2024-W13,2024-03-25
2024-04-01,SHORT,2024-04-01 10:00:00-04:00,39627.9,39702.9,39365.4,75,262.5,TIMEOUT,39552.2,75.7,1.009,72,360,-35.0,132.0,163.0,1742,2.038,1.06,1.567,1643.7,0,2024-04-01,100.9,2024,2024-04,2024-W14,2024-04-01
2024-04-02,SHORT,2024-04-02 10:00:00-04:00,39148.8,39223.8,38886.3,75,262.5,TIMEOUT,39177.6,-28.8,-0.384,72,360,-65.5,104.0,166.7,1998,1.753,1.029,1.54,1941.7,1,2024-04-02,-38.4,2024,2024-04,2024-W14,2024-04-01
2024-04-03,LONG,2024-04-03 10:00:00-04:00,39274.4,39199.4,39536.9,75,262.5,SL,39199.4,-75.0,-1.0,24,120,-83.8,22.0,89.0,1980,2.016,1.196,2.126,1655.3,2,2024-04-03,-100.0,2024,2024-04,2024-W14,2024-04-01
2024-04-08,SHORT,2024-04-08 10:00:00-04:00,38890.8,38965.8,38628.3,75,262.5,SL,38965.8,-75.0,-1.0,5,25,-89.0,4.2,84.0,1988,1.876,0.934,1.305,2127.8,0,2024-04-08,-100.0,2024,2024-04,2024-W15,2024-04-08
2024-04-09,SHORT,2024-04-09 10:00:00-04:00,38833.9,38908.9,38571.4,75,262.5,TP,38571.4,262.5,3.5,9,45,-67.5,263.5,51.0,1840,1.803,0.929,1.278,1981.3,1,2024-04-09,350.0,2024,2024-04,2024-W15,2024-04-08
2024-04-11,SHORT,2024-04-11 10:15:00-04:00,38208.8,38283.8,37946.3,75,262.5,SL,38283.8,-75.0,-1.0,17,85,-105.0,26.0,293.5,2034,1.244,1.084,1.139,1876.3,3,2024-04-11,-100.0,2024,2024-04,2024-W15,2024-04-08
2024-04-15,SHORT,2024-04-15 10:10:00-04:00,38120.3,38195.3,37857.8,75,262.5,TP,37857.8,262.5,3.5,39,195,-73.0,312.8,186.5,2115,1.497,1.159,1.607,1825.0,0,2024-04-15,350.0,2024,2024-04,2024-W16,2024-04-15
2024-04-16,SHORT,2024-04-16 10:00:00-04:00,37841.7,37916.7,37579.2,75,262.5,SL,37916.7,-75.0,-1.0,3,15,-84.0,34.2,126.5,1986,1.487,0.929,1.157,2137.7,1,2024-04-16,-100.0,2024,2024-04,2024-W16,2024-04-15
2024-04-18,LONG,2024-04-18 10:05:00-04:00,37949.1,37874.1,38211.6,75,262.5,SL,37874.1,-75.0,-1.0,29,145,-121.3,117.5,119.0,2007,1.42,0.989,1.235,2029.2,3,2024-04-18,-100.0,2024,2024-04,2024-W16,2024-04-15
2024-04-19,LONG,2024-04-19 10:00:00-04:00,37936.0,37861.0,38198.5,75,262.5,SL,37861.0,-75.0,-1.0,5,25,-77.0,39.0,174.0,2108,1.566,1.02,1.503,2067.2,4,2024-04-19,-100.0,2024,2024-04,2024-W16,2024-04-15
2024-04-22,SHORT,2024-04-22 10:00:00-04:00,38083.5,38158.5,37821.0,75,262.5,SL,38158.5,-75.0,-1.0,27,135,-96.5,108.5,67.5,1900,1.847,0.995,1.479,1908.7,0,2024-04-22,-100.0,2024,2024-04,2024-W17,2024-04-22
2024-04-23,LONG,2024-04-23 10:00:00-04:00,38392.5,38317.5,38655.0,75,262.5,TIMEOUT,38477.5,85.0,1.133,72,360,-46.5,169.2,130.5,1989,1.91,1.059,1.691,1877.3,1,2024-04-23,113.3,2024,2024-04,2024-W17,2024-04-22
2024-04-25,SHORT,2024-04-25 10:00:00-04:00,37744.9,37819.9,37482.4,75,262.5,SL,37819.9,-75.0,-1.0,6,30,-76.0,4.3,336.2,2018,1.279,0.955,0.903,2113.3,3,2024-04-25,-100.0,2024,2024-04,2024-W17,2024-04-22
2024-04-26,LONG,2024-04-26 10:00:00-04:00,38268.4,38193.4,38530.9,75,262.5,SL,38193.4,-75.0,-1.0,8,40,-78.8,24.5,224.2,1966,1.223,0.988,0.796,1989.2,4,2024-04-26,-100.0,2024,2024-04,2024-W17,2024-04-22
2024-04-29,LONG,2024-04-29 10:00:00-04:00,38341.5,38266.5,38604.0,75,262.5,SL,38266.5,-75.0,-1.0,60,300,-125.3,63.2,45.8,1698,2.039,0.915,1.278,1855.0,0,2024-04-29,-100.0,2024,2024-04,2024-W18,2024-04-29
2024-04-30,SHORT,2024-04-30 10:00:00-04:00,38171.5,38246.5,37909.0,75,262.5,SL,38246.5,-75.0,-1.0,3,15,-81.5,0.0,178.8,1880,1.57,1.139,1.325,1650.2,1,2024-04-30,-100.0,2024,2024-04,2024-W18,2024-04-29
2024-05-01,LONG,2024-05-01 10:05:00-04:00,37855.1,37780.1,38117.6,75,262.5,TP,38117.6,262.5,3.5,54,270,-28.2,280.8,118.5,1538,1.573,1.069,1.217,1439.2,2,2024-05-01,350.0,2024,2024-05,2024-W18,2024-04-29
2024-05-02,SHORT,2024-05-02 10:00:00-04:00,37969.2,38044.2,37706.7,75,262.5,SL,38044.2,-75.0,-1.0,5,25,-78.0,98.7,99.0,1792,1.474,0.93,1.112,1926.7,3,2024-05-02,-100.0,2024,2024-05,2024-W18,2024-04-29
2024-05-06,SHORT,2024-05-06 12:45:00-04:00,38752.0,38827.0,38489.5,75,262.5,SL,38827.0,-75.0,-1.0,17,85,-83.0,18.0,47.0,992,1.216,0.796,1.748,1245.7,0,2024-05-06,-100.0,2024,2024-05,2024-W19,2024-05-06
2024-05-07,LONG,2024-05-07 10:05:00-04:00,38958.4,38883.4,39220.9,75,262.5,SL,38883.4,-75.0,-1.0,31,155,-75.0,31.0,69.5,1092,1.599,0.901,0.991,1212.5,1,2024-05-07,-100.0,2024,2024-05,2024-W19,2024-05-06
2024-05-08,LONG,2024-05-08 10:00:00-04:00,38893.0,38818.0,39155.5,75,262.5,TIMEOUT,39058.5,165.5,2.207,72,360,-21.3,211.2,78.0,1566,1.949,1.012,1.451,1547.3,2,2024-05-08,220.7,2024,2024-05,2024-W19,2024-05-06
2024-05-09,LONG,2024-05-09 10:00:00-04:00,39132.5,39057.5,39395.0,75,262.5,TP,39395.0,262.5,3.5,67,335,-3.7,263.8,70.5,1524,1.495,0.89,1.01,1712.0,3,2024-05-09,350.0,2024,2024-05,2024-W19,2024-05-06
2024-05-10,LONG,2024-05-10 10:05:00-04:00,39540.5,39465.5,39803.0,75,262.5,SL,39465.5,-75.0,-1.0,9,45,-98.5,8.0,49.8,1660,2.003,1.1,1.508,1509.0,4,2024-05-10,-100.0,2024,2024-05,2024-W19,2024-05-06
2024-05-13,SHORT,2024-05-13 10:30:00-04:00,39577.9,39652.9,39315.4,75,262.5,TIMEOUT,39434.2,143.7,1.916,66,330,-18.7,172.8,82.0,1394,1.345,0.868,0.711,1605.5,0,2024-05-13,191.6,2024,2024-05,2024-W20,2024-05-13
2024-05-16,LONG,2024-05-16 10:10:00-04:00,39973.8,39898.8,40236.3,75,262.5,SL,39898.8,-75.0,-1.0,48,240,-96.5,81.5,71.2,1202,1.236,0.768,0.456,1564.7,3,2024-05-16,-100.0,2024,2024-05,2024-W20,2024-05-13
2024-05-17,LONG,2024-05-17 10:00:00-04:00,39929.9,39854.9,40192.4,75,262.5,TIMEOUT,39995.0,65.1,0.868,72,360,-72.2,84.1,77.0,1220,1.609,0.764,0.794,1596.8,4,2024-05-17,86.8,2024,2024-05,2024-W20,2024-05-13
2024-05-20,SHORT,2024-05-20 10:00:00-04:00,39992.7,40067.7,39730.2,75,262.5,SL,40067.7,-75.0,-1.0,6,30,-80.0,9.0,68.2,1389,1.932,0.904,1.209,1537.3,0,2024-05-20,-100.0,2024,2024-05,2024-W21,2024-05-20
2024-05-21,LONG,2024-05-21 10:05:00-04:00,39879.1,39804.1,40141.6,75,262.5,SL,39804.1,-75.0,-1.0,37,185,-83.0,28.0,66.0,1206,1.284,0.745,0.503,1619.7,1,2024-05-21,-100.0,2024,2024-05,2024-W21,2024-05-20
2024-05-22,LONG,2024-05-22 10:00:00-04:00,39858.9,39783.9,40121.4,75,262.5,SL,39783.9,-75.0,-1.0,22,110,-84.0,44.5,41.7,1258,1.931,0.944,1.27,1332.7,2,2024-05-22,-100.0,2024,2024-05,2024-W21,2024-05-20
2024-05-23,SHORT,2024-05-23 10:00:00-04:00,39441.2,39516.2,39178.7,75,262.5,TP,39178.7,262.5,3.5,43,215,-39.5,282.5,105.3,1964,2.136,1.029,1.561,1909.3,3,2024-05-23,350.0,2024,2024-05,2024-W21,2024-05-20
2024-05-27,LONG,2024-05-27 10:50:00-04:00,39082.4,39007.4,39344.9,75,262.5,TIMEOUT,39138.1,55.7,0.743,25,125,-14.0,57.0,31.5,384,1.619,1.178,1.851,326.0,0,2024-05-27,74.3,2024,2024-05,2024-W22,2024-05-27
2024-05-28,SHORT,2024-05-28 10:00:00-04:00,38940.0,39015.0,38677.5,75,262.5,TIMEOUT,38854.5,85.5,1.14,72,360,-38.7,224.3,77.5,1648,1.862,0.945,1.301,1743.8,1,2024-05-28,114.0,2024,2024-05,2024-W22,2024-05-27
2024-05-30,SHORT,2024-05-30 10:10:00-04:00,38028.6,38103.6,37766.1,75,262.5,SL,38103.6,-75.0,-1.0,12,60,-81.5,9.5,67.0,1712,1.622,1.031,1.264,1660.2,3,2024-05-30,-100.0,2024,2024-05,2024-W22,2024-05-27
2024-05-31,SHORT,2024-05-31 10:10:00-04:00,38104.9,38179.9,37842.4,75,262.5,SL,38179.9,-75.0,-1.0,12,60,-78.5,13.3,135.3,1804,1.376,0.991,1.011,1820.0,4,2024-05-31,-100.0,2024,2024-05,2024-W22,2024-05-27
2024-06-03,SHORT,2024-06-03 10:00:00-04:00,38606.8,38681.8,38344.3,75,262.5,TP,38344.3,262.5,3.5,27,135,-71.0,269.2,76.7,2250,2.599,1.203,2.07,1869.8,0,2024-06-03,350.0,2024,2024-06,2024-W23,2024-06-03
2024-06-04,LONG,2024-06-04 10:00:00-04:00,38618.7,38543.7,38881.2,75,262.5,SL,38543.7,-75.0,-1.0,12,60,-77.5,71.0,112.2,1984,2.604,1.448,2.794,1370.5,1,2024-06-04,-100.0,2024,2024-06,2024-W23,2024-06-03
2024-06-05,SHORT,2024-06-05 10:00:00-04:00,38638.2,38713.2,38375.7,75,262.5,SL,38713.2,-75.0,-1.0,14,70,-85.0,81.0,74.2,2157,2.788,1.262,2.183,1708.7,2,2024-06-05,-100.0,2024,2024-06,2024-W23,2024-06-03
2024-06-06,LONG,2024-06-06 10:00:00-04:00,38946.4,38871.4,39208.9,75,262.5,SL,38871.4,-75.0,-1.0,6,30,-76.7,49.5,88.0,1778,1.63,0.911,1.17,1952.5,3,2024-06-06,-100.0,2024,2024-06,2024-W23,2024-06-03
2024-06-10,LONG,2024-06-10 10:00:00-04:00,38839.6,38764.6,39102.1,75,262.5,SL,38764.6,-75.0,-1.0,7,35,-92.0,28.0,87.0,1626,1.835,0.854,1.081,1905.0,0,2024-06-10,-100.0,2024,2024-06,2024-W24,2024-06-10
2024-06-11,SHORT,2024-06-11 10:00:00-04:00,38497.7,38572.7,38235.2,75,262.5,SL,38572.7,-75.0,-1.0,2,10,-105.0,1.7,49.5,1846,1.876,0.939,1.294,1965.8,1,2024-06-11,-100.0,2024,2024-06,2024-W24,2024-06-10
2024-06-13,SHORT,2024-06-13 10:00:00-04:00,38461.1,38536.1,38198.6,75,262.5,SL,38536.1,-75.0,-1.0,36,180,-86.7,51.5,133.2,1790,1.484,0.935,1.043,1915.3,3,2024-06-13,-100.0,2024,2024-06,2024-W24,2024-06-10
2024-06-14,SHORT,2024-06-14 10:05:00-04:00,38333.1,38408.1,38070.6,75,262.5,SL,38408.1,-75.0,-1.0,9,45,-97.0,34.5,58.3,1846,1.562,1.047,1.416,1762.5,4,2024-06-14,-100.0,2024,2024-06,2024-W24,2024-06-10
2024-06-17,LONG,2024-06-17 12:25:00-04:00,38710.5,38635.5,38973.0,75,262.5,TIMEOUT,38788.8,78.3,1.044,43,215,-37.0,148.8,85.5,1606,1.301,0.797,3.076,2015.0,0,2024-06-17,104.4,2024,2024-06,2024-W25,2024-06-17
2024-06-18,LONG,2024-06-18 10:00:00-04:00,38857.6,38782.6,39120.1,75,262.5,SL,38782.6,-75.0,-1.0,4,20,-81.0,2.0,79.5,1812,1.702,0.952,1.202,1902.8,1,2024-06-18,-100.0,2024,2024-06,2024-W25,2024-06-17
2024-06-19,SHORT,2024-06-19 10:00:00-04:00,38818.7,38893.7,38556.2,75,262.5,TIMEOUT,38799.4,19.3,0.257,36,180,-5.0,35.8,26.3,522,2.086,1.158,1.929,450.7,2,2024-06-19,25.7,2024,2024-06,2024-W25,2024-06-17
2024-06-20,LONG,2024-06-20 10:00:00-04:00,38980.8,38905.8,39243.3,75,262.5,SL,38905.8,-75.0,-1.0,11,55,-77.0,60.5,83.0,1734,1.842,0.936,1.257,1853.3,3,2024-06-20,-100.0,2024,2024-06,2024-W25,2024-06-17
2024-06-21,LONG,2024-06-21 10:00:00-04:00,39208.4,39133.4,39470.9,75,262.5,SL,39133.4,-75.0,-1.0,17,85,-92.5,66.0,128.7,1734,1.783,0.915,1.191,1894.7,4,2024-06-21,-100.0,2024,2024-06,2024-W25,2024-06-17
2024-06-24,LONG,2024-06-24 10:00:00-04:00,39463.3,39388.3,39725.8,75,262.5,TIMEOUT,39444.6,-18.7,-0.249,72,360,-74.5,143.5,53.0,1738,2.213,1.048,1.639,1658.5,0,2024-06-24,-24.9,2024,2024-06,2024-W26,2024-06-24
2024-06-25,SHORT,2024-06-25 10:00:00-04:00,39297.9,39372.9,39035.4,75,262.5,TP,39035.4,262.5,3.5,31,155,-58.0,263.5,70.0,1906,2.139,1.049,1.617,1817.3,1,2024-06-25,350.0,2024,2024-06,2024-W26,2024-06-24
2024-06-26,SHORT,2024-06-26 10:00:00-04:00,38986.3,39061.3,38723.8,75,262.5,SL,39061.3,-75.0,-1.0,11,55,-82.5,35.3,72.0,1668,1.987,1.113,1.742,1498.2,2,2024-06-26,-100.0,2024,2024-06,2024-W26,2024-06-24
2024-06-27,LONG,2024-06-27 10:00:00-04:00,39156.1,39081.1,39418.6,75,262.5,SL,39081.1,-75.0,-1.0,51,255,-91.0,118.5,70.0,1664,1.67,0.878,1.034,1894.7,3,2024-06-27,-100.0,2024,2024-06,2024-W26,2024-06-24
2024-06-28,LONG,2024-06-28 10:00:00-04:00,39366.0,39291.0,39628.5,75,262.5,SL,39291.0,-75.0,-1.0,12,60,-107.3,87.0,112.5,1940,1.808,1.06,1.517,1830.5,4,2024-06-28,-100.0,2024,2024-06,2024-W26,2024-06-24
2024-07-01,LONG,2024-07-01 10:00:00-04:00,39339.6,39264.6,39602.1,75,262.5,SL,39264.6,-75.0,-1.0,2,10,-145.7,17.0,81.7,2053,2.395,1.017,1.55,2018.7,0,2024-07-01,-100.0,2024,2024-07,2024-W27,2024-07-01
2024-07-02,LONG,2024-07-02 10:00:00-04:00,39161.2,39086.2,39423.7,75,262.5,TIMEOUT,39326.5,165.3,2.204,72,360,-70.0,193.5,74.0,1970,2.317,1.1,1.727,1791.2,1,2024-07-02,220.4,2024,2024-07,2024-W27,2024-07-01
2024-07-03,SHORT,2024-07-03 10:40:00-04:00,39298.0,39373.0,39035.5,75,262.5,TIMEOUT,39303.8,-5.8,-0.077,30,150,-45.8,61.7,77.0,1672,1.264,0.923,0.536,1811.8,2,2024-07-03,-7.7,2024,2024-07,2024-W27,2024-07-01
2024-07-04,SHORT,2024-07-04 12:45:00-04:00,39342.4,39417.4,39079.9,75,262.5,TIMEOUT,39352.4,-10.0,-0.133,2,10,-13.8,0.0,47.8,202,1.209,0.413,0.659,489.0,3,2024-07-04,-13.3,2024,2024-07,2024-W27,2024-07-01
2024-07-05,SHORT,2024-07-05 10:00:00-04:00,39252.8,39327.8,38990.3,75,262.5,SL,39327.8,-75.0,-1.0,20,100,-77.5,97.5,119.0,1818,1.561,0.927,1.006,1961.0,4,2024-07-05,-100.0,2024,2024-07,2024-W27,2024-07-01
2024-07-08,LONG,2024-07-08 10:00:00-04:00,39614.8,39539.8,39877.3,75,262.5,SL,39539.8,-75.0,-1.0,5,25,-78.0,9.5,84.2,1948,2.395,0.964,1.427,2021.7,0,2024-07-08,-100.0,2024,2024-07,2024-W28,2024-07-08
2024-07-09,SHORT,2024-07-09 10:00:00-04:00,39200.8,39275.8,38938.3,75,262.5,SL,39275.8,-75.0,-1.0,21,105,-79.0,62.0,66.0,1762,2.197,0.914,1.293,1926.8,1,2024-07-09,-100.0,2024,2024-07,2024-W28,2024-07-08
2024-07-10,SHORT,2024-07-10 10:10:00-04:00,39283.8,39358.8,39021.3,75,262.5,SL,39358.8,-75.0,-1.0,11,55,-78.3,27.7,45.2,1820,1.928,0.917,1.056,1984.8,2,2024-07-10,-100.0,2024,2024-07,2024-W28,2024-07-08
2024-07-11,LONG,2024-07-11 10:10:00-04:00,39889.1,39814.1,40151.6,75,262.5,SL,39814.1,-75.0,-1.0,2,10,-126.5,6.0,202.3,2024,1.307,1.011,1.079,2001.0,3,2024-07-11,-100.0,2024,2024-07,2024-W28,2024-07-08
2024-07-12,LONG,2024-07-12 10:10:00-04:00,39926.8,39851.8,40189.3,75,262.5,TP,40189.3,262.5,3.5,39,195,-16.0,262.5,151.8,1898,1.518,1.146,1.257,1655.5,4,2024-07-12,350.0,2024,2024-07,2024-W28,2024-07-08
2024-07-15,SHORT,2024-07-15 10:00:00-04:00,40182.7,40257.7,39920.2,75,262.5,SL,40257.7,-75.0,-1.0,9,45,-75.0,19.5,55.7,1412,1.7,0.764,0.843,1849.2,0,2024-07-15,-100.0,2024,2024-07,2024-W29,2024-07-15
2024-07-16,LONG,2024-07-16 10:00:00-04:00,40721.3,40646.3,40983.8,75,262.5,TP,40983.8,262.5,3.5,59,295,-21.0,265.5,162.5,2092,2.101,1.145,1.731,1826.7,1,2024-07-16,350.0,2024,2024-07,2024-W29,2024-07-15
2024-07-17,LONG,2024-07-17 10:00:00-04:00,41140.4,41065.4,41402.9,75,262.5,SL,41065.4,-75.0,-1.0,1,5,-83.5,0.0,75.2,2050,2.004,1.09,1.718,1881.3,2,2024-07-17,-100.0,2024,2024-07,2024-W29,2024-07-15
2024-07-18,LONG,2024-07-18 10:00:00-04:00,41355.5,41280.5,41618.0,75,262.5,SL,41280.5,-75.0,-1.0,7,35,-84.0,59.0,142.0,2044,2.071,1.117,1.744,1829.3,3,2024-07-18,-100.0,2024,2024-07,2024-W29,2024-07-15
2024-07-19,SHORT,2024-07-19 10:20:00-04:00,40447.5,40522.5,40185.0,75,262.5,TIMEOUT,40274.8,172.7,2.303,68,340,-7.5,238.0,187.0,1926,1.348,0.89,0.697,2162.8,4,2024-07-19,230.3,2024,2024-07,2024-W29,2024-07-15
2024-07-22,SHORT,2024-07-22 10:00:00-04:00,40258.2,40333.2,39995.7,75,262.5,SL,40333.2,-75.0,-1.0,3,15,-86.0,16.0,92.0,2166,2.323,0.999,1.506,2168.0,0,2024-07-22,-100.0,2024,2024-07,2024-W30,2024-07-22
2024-07-23,LONG,2024-07-23 10:00:00-04:00,40487.9,40412.9,40750.4,75,262.5,SL,40412.9,-75.0,-1.0,9,45,-104.0,44.0,73.0,2019,2.155,1.038,1.601,1945.5,1,2024-07-23,-100.0,2024,2024-07,2024-W30,2024-07-22
2024-07-24,SHORT,2024-07-24 10:00:00-04:00,40013.5,40088.5,39751.0,75,262.5,SL,40088.5,-75.0,-1.0,10,50,-102.5,52.0,71.0,2080,2.115,1.011,1.518,2057.2,2,2024-07-24,-100.0,2024,2024-07,2024-W30,2024-07-22
2024-07-25,LONG,2024-07-25 10:00:00-04:00,39998.1,39923.1,40260.6,75,262.5,TP,40260.6,262.5,3.5,26,130,-23.0,319.0,115.0,2206,1.671,1.067,1.53,2068.3,3,2024-07-25,350.0,2024,2024-07,2024-W30,2024-07-22
2024-07-26,LONG,2024-07-26 10:00:00-04:00,40556.7,40481.7,40819.2,75,262.5,SL,40481.7,-75.0,-1.0,1,5,-87.0,4.0,102.0,1922,1.648,1.013,1.261,1897.7,4,2024-07-26,-100.0,2024,2024-07,2024-W30,2024-07-22
2024-07-29,SHORT,2024-07-29 10:00:00-04:00,40660.7,40735.7,40398.2,75,262.5,TIMEOUT,40557.0,103.7,1.383,72,360,-14.0,254.0,172.8,2084,2.03,0.987,1.466,2111.3,0,2024-07-29,138.3,2024,2024-07,2024-W31,2024-07-29
2024-07-30,LONG,2024-07-30 10:00:00-04:00,40714.3,40639.3,40976.8,75,262.5,SL,40639.3,-75.0,-1.0,3,15,-77.0,50.5,78.5,2068,2.395,1.029,1.58,2010.3,1,2024-07-30,-100.0,2024,2024-07,2024-W31,2024-07-29
2024-07-31,SHORT,2024-07-31 10:00:00-04:00,40730.2,40805.2,40467.7,75,262.5,SL,40805.2,-75.0,-1.0,2,10,-118.7,26.5,163.0,2052,1.884,1.048,1.582,1958.3,2,2024-07-31,-100.0,2024,2024-07,2024-W31,2024-07-29
2024-08-01,SHORT,2024-08-01 10:00:00-04:00,40839.3,40914.3,40576.8,75,262.5,TP,40576.8,262.5,3.5,6,30,-11.8,285.7,156.2,2218,1.794,1.107,1.775,2003.3,3,2024-08-01,350.0,2024,2024-08,2024-W31,2024-07-29
2024-08-02,SHORT,2024-08-02 10:10:00-04:00,39698.1,39773.1,39435.6,75,262.5,TP,39435.6,262.5,3.5,10,50,-72.0,279.2,288.8,2160,1.212,0.963,0.855,2242.3,4,2024-08-02,350.0,2024,2024-08,2024-W31,2024-07-29
2024-08-05,LONG,2024-08-05 10:00:00-04:00,38855.3,38780.3,39117.8,75,262.5,SL,38780.3,-75.0,-1.0,1,5,-108.2,8.3,457.0,2526,1.488,1.059,1.673,2386.3,0,2024-08-05,-100.0,2024,2024-08,2024-W32,2024-08-05
2024-08-06,LONG,2024-08-06 10:00:00-04:00,39024.6,38949.6,39287.1,75,262.5,SL,38949.6,-75.0,-1.0,17,85,-103.2,223.3,253.0,2228,1.666,0.993,1.463,2244.0,1,2024-08-06,-100.0,2024,2024-08,2024-W32,2024-08-05
2024-08-07,LONG,2024-08-07 10:00:00-04:00,39377.0,39302.0,39639.5,75,262.5,SL,39302.0,-75.0,-1.0,5,25,-86.5,69.5,84.0,1996,1.767,1.0,1.507,1995.2,2,2024-08-07,-100.0,2024,2024-08,2024-W32,2024-08-05
2024-08-08,LONG,2024-08-08 10:00:00-04:00,39279.4,39204.4,39541.9,75,262.5,TIMEOUT,39495.7,216.3,2.884,72,360,-65.3,243.3,287.3,1940,1.409,0.853,0.858,2273.0,3,2024-08-08,288.4,2024,2024-08,2024-W32,2024-08-05
2024-08-12,SHORT,2024-08-12 10:00:00-04:00,39306.0,39381.0,39043.5,75,262.5,SL,39381.0,-75.0,-1.0,2,10,-83.0,14.5,70.0,1844,2.229,0.948,1.382,1945.0,0,2024-08-12,-100.0,2024,2024-08,2024-W33,2024-08-12
2024-08-14,LONG,2024-08-14 12:20:00-04:00,39951.0,39876.0,40213.5,75,262.5,TIMEOUT,40035.5,84.5,1.127,44,220,-49.0,129.2,174.0,1788,1.248,0.94,3.048,1902.0,2,2024-08-14,112.7,2024,2024-08,2024-W33,2024-08-12
2024-08-16,LONG,2024-08-16 10:00:00-04:00,40560.4,40485.4,40822.9,75,262.5,SL,40485.4,-75.0,-1.0,5,25,-75.0,2.0,113.5,1956,1.804,1.177,1.928,1662.3,4,2024-08-16,-100.0,2024,2024-08,2024-W33,2024-08-12
2024-08-19,LONG,2024-08-19 10:00:00-04:00,40794.6,40719.6,41057.1,75,262.5,TIMEOUT,40881.9,87.3,1.164,72,360,-58.0,134.5,72.3,1840,2.435,1.039,1.617,1771.7,0,2024-08-19,116.4,2024,2024-08,2024-W34,2024-08-19
2024-08-20,SHORT,2024-08-20 10:10:00-04:00,40840.3,40915.3,40577.8,75,262.5,SL,40915.3,-75.0,-1.0,50,250,-88.7,74.0,54.0,1948,2.26,1.174,1.605,1659.0,1,2024-08-20,-100.0,2024,2024-08,2024-W34,2024-08-19
2024-08-21,SHORT,2024-08-21 10:00:00-04:00,40865.9,40940.9,40603.4,75,262.5,SL,40940.9,-75.0,-1.0,7,35,-83.0,90.0,52.5,1618,2.363,0.953,1.377,1698.3,2,2024-08-21,-100.0,2024,2024-08,2024-W34,2024-08-19
2024-08-22,SHORT,2024-08-22 10:05:00-04:00,40835.6,40910.6,40573.1,75,262.5,TIMEOUT,40739.9,95.7,1.276,71,355,-51.5,246.5,83.0,1934,2.055,1.059,1.486,1827.0,3,2024-08-22,127.6,2024,2024-08,2024-W34,2024-08-19
2024-08-23,LONG,2024-08-23 10:00:00-04:00,41027.2,40952.2,41289.7,75,262.5,SL,40952.2,-75.0,-1.0,9,45,-97.5,136.5,49.0,1998,2.818,1.237,2.089,1614.7,4,2024-08-23,-100.0,2024,2024-08,2024-W34,2024-08-19
2024-08-26,LONG,2024-08-26 10:00:00-04:00,41388.7,41313.7,41651.2,75,262.5,SL,41313.7,-75.0,-1.0,11,55,-95.8,59.0,42.0,1603,1.917,0.877,1.159,1828.8,0,2024-08-26,-100.0,2024,2024-08,2024-W35,2024-08-26
2024-08-27,LONG,2024-08-27 10:00:00-04:00,41243.1,41168.1,41505.6,75,262.5,SL,41168.1,-75.0,-1.0,3,15,-86.0,24.0,125.8,1900,1.899,1.002,1.478,1896.7,1,2024-08-27,-100.0,2024,2024-08,2024-W35,2024-08-26
2024-08-28,LONG,2024-08-28 10:00:00-04:00,41306.8,41231.8,41569.3,75,262.5,SL,41231.8,-75.0,-1.0,16,80,-101.0,56.0,54.5,1422,1.826,0.818,0.971,1738.8,2,2024-08-28,-100.0,2024,2024-08,2024-W35,2024-08-26
2024-08-29,SHORT,2024-08-29 10:00:00-04:00,41300.1,41375.1,41037.6,75,262.5,SL,41375.1,-75.0,-1.0,4,20,-105.0,16.5,86.2,2038,1.778,1.027,1.448,1984.7,3,2024-08-29,-100.0,2024,2024-08,2024-W35,2024-08-26
2024-09-02,SHORT,2024-09-02 10:00:00-04:00,41503.6,41578.6,41241.1,75,262.5,TIMEOUT,41559.1,-55.5,-0.74,35,175,-73.7,22.5,24.7,562,2.101,1.197,2.006,469.3,0,2024-09-02,-74.0,2024,2024-09,2024-W36,2024-09-02
2024-09-03,SHORT,2024-09-03 10:00:00-04:00,41121.3,41196.3,40858.8,75,262.5,TP,40858.8,262.5,3.5,67,335,-66.0,265.0,67.3,2166,2.133,1.082,1.717,2002.0,1,2024-09-03,350.0,2024,2024-09,2024-W36,2024-09-02
2024-09-04,LONG,2024-09-04 10:00:00-04:00,40995.9,40920.9,41258.4,75,262.5,SL,40920.9,-75.0,-1.0,36,180,-99.0,189.0,95.0,2332,2.29,1.196,2.083,1950.0,2,2024-09-04,-100.0,2024,2024-09,2024-W36,2024-09-02
2024-09-05,SHORT,2024-09-05 10:10:00-04:00,40912.5,40987.5,40650.0,75,262.5,SL,40987.5,-75.0,-1.0,3,15,-83.5,20.0,128.2,1886,1.396,0.992,1.013,1901.7,3,2024-09-05,-100.0,2024,2024-09,2024-W36,2024-09-02
2024-09-06,LONG,2024-09-06 10:00:00-04:00,40841.7,40766.7,41104.2,75,262.5,SL,40766.7,-75.0,-1.0,2,10,-81.8,16.5,252.0,2152,1.308,1.006,1.016,2138.3,4,2024-09-06,-100.0,2024,2024-09,2024-W36,2024-09-02
2024-09-09,LONG,2024-09-09 10:00:00-04:00,40709.7,40634.7,40972.2,75,262.5,TP,40972.2,262.5,3.5,28,140,-33.3,267.2,106.0,1718,1.837,0.899,1.19,1912.0,0,2024-09-09,350.0,2024,2024-09,2024-W37,2024-09-09
2024-09-10,SHORT,2024-09-10 10:00:00-04:00,40730.7,40805.7,40468.2,75,262.5,TP,40468.2,262.5,3.5,24,120,-7.5,308.8,142.0,1578,1.822,0.852,1.068,1852.3,1,2024-09-10,350.0,2024,2024-09,2024-W37,2024-09-09
2024-09-11,SHORT,2024-09-11 10:00:00-04:00,40172.8,40247.8,39910.3,75,262.5,SL,40247.8,-75.0,-1.0,19,95,-116.0,173.0,202.8,2068,1.465,0.981,1.087,2108.3,2,2024-09-11,-100.0,2024,2024-09,2024-W37,2024-09-09
2024-09-12,SHORT,2024-09-12 10:00:00-04:00,40679.4,40754.4,40416.9,75,262.5,SL,40754.4,-75.0,-1.0,2,10,-150.0,0.3,196.5,1776,1.318,0.862,0.814,2061.3,3,2024-09-12,-100.0,2024,2024-09,2024-W37,2024-09-09
2024-09-13,LONG,2024-09-13 10:00:00-04:00,41312.3,41237.3,41574.8,75,262.5,TIMEOUT,41401.4,89.1,1.188,72,360,-64.5,232.0,104.0,1550,1.97,1.064,1.691,1456.5,4,2024-09-13,118.8,2024,2024-09,2024-W37,2024-09-09
2024-09-16,LONG,2024-09-16 10:00:00-04:00,41672.4,41597.4,41934.9,75,262.5,SL,41597.4,-75.0,-1.0,5,25,-122.7,26.3,73.2,1474,1.817,0.959,1.367,1536.5,0,2024-09-16,-100.0,2024,2024-09,2024-W38,2024-09-16
2024-09-17,SHORT,2024-09-17 10:00:00-04:00,41703.0,41778.0,41440.5,75,262.5,SL,41778.0,-75.0,-1.0,1,5,-93.0,13.2,53.2,1505,1.621,1.007,1.469,1495.0,1,2024-09-17,-100.0,2024,2024-09,2024-W38,2024-09-16
2024-09-18,SHORT,2024-09-18 10:00:00-04:00,41560.5,41635.5,41298.0,75,262.5,SL,41635.5,-75.0,-1.0,34,170,-76.5,71.7,76.0,1154,1.776,0.862,1.08,1339.3,2,2024-09-18,-100.0,2024,2024-09,2024-W38,2024-09-16
2024-09-19,SHORT,2024-09-19 10:20:00-04:00,41910.0,41985.0,41647.5,75,262.5,SL,41985.0,-75.0,-1.0,1,5,-86.0,10.0,163.0,1258,1.202,0.814,0.45,1544.7,3,2024-09-19,-100.0,2024,2024-09,2024-W38,2024-09-16
2024-09-20,SHORT,2024-09-20 10:00:00-04:00,41889.2,41964.2,41626.7,75,262.5,SL,41964.2,-75.0,-1.0,3,15,-75.3,37.7,142.5,1386,1.697,0.974,1.297,1422.3,4,2024-09-20,-100.0,2024,2024-09,2024-W38,2024-09-16
2024-09-24,SHORT,2024-09-24 10:00:00-04:00,42119.6,42194.6,41857.1,75,262.5,SL,42194.6,-75.0,-1.0,10,50,-88.0,31.5,87.0,1498,2.222,1.118,1.821,1340.3,1,2024-09-24,-100.0,2024,2024-09,2024-W39,2024-09-23
2024-09-25,SHORT,2024-09-25 10:00:00-04:00,42153.3,42228.3,41890.8,75,262.5,TP,41890.8,262.5,3.5,42,210,-12.2,283.0,64.8,1264,1.946,0.866,1.128,1460.0,2,2024-09-25,350.0,2024,2024-09,2024-W39,2024-09-23
2024-09-26,SHORT,2024-09-26 10:20:00-04:00,42060.0,42135.0,41797.5,75,262.5,SL,42135.0,-75.0,-1.0,2,10,-87.0,15.0,91.5,1290,1.402,0.903,0.767,1428.5,3,2024-09-26,-100.0,2024,2024-09,2024-W39,2024-09-23
2024-09-27,LONG,2024-09-27 10:00:00-04:00,42403.2,42328.2,42665.7,75,262.5,SL,42328.2,-75.0,-1.0,53,265,-85.8,250.7,94.0,1486,1.916,1.102,1.692,1348.7,4,2024-09-27,-100.0,2024,2024-09,2024-W39,2024-09-23
2024-09-30,SHORT,2024-09-30 10:00:00-04:00,42168.1,42243.1,41905.6,75,262.5,SL,42243.1,-75.0,-1.0,6,30,-99.2,4.3,50.7,1290,1.965,0.901,1.223,1432.0,0,2024-09-30,-100.0,2024,2024-09,2024-W40,2024-09-30
2024-10-01,SHORT,2024-10-01 10:00:00-04:00,42107.2,42182.2,41844.7,75,262.5,SL,42182.2,-75.0,-1.0,19,95,-77.0,180.0,73.0,1650,2.231,1.065,1.686,1550.0,1,2024-10-01,-100.0,2024,2024-10,2024-W40,2024-09-30
2024-10-03,SHORT,2024-10-03 10:20:00-04:00,41980.7,42055.7,41718.2,75,262.5,SL,42055.7,-75.0,-1.0,18,90,-88.5,99.5,113.5,1624,1.573,1.119,1.327,1451.7,3,2024-10-03,-100.0,2024,2024-10,2024-W40,2024-09-30
2024-10-04,SHORT,2024-10-04 10:25:00-04:00,42039.5,42114.5,41777.0,75,262.5,SL,42114.5,-75.0,-1.0,8,40,-76.5,93.5,228.5,1912,1.326,1.042,0.962,1835.3,4,2024-10-04,-100.0,2024,2024-10,2024-W40,2024-09-30
2024-10-07,LONG,2024-10-07 10:00:00-04:00,42243.7,42168.7,42506.2,75,262.5,SL,42168.7,-75.0,-1.0,12,60,-98.0,49.0,61.5,1726,2.168,0.938,1.342,1839.7,0,2024-10-07,-100.0,2024,2024-10,2024-W41,2024-10-07
2024-10-08,SHORT,2024-10-08 10:05:00-04:00,41964.6,42039.6,41702.1,75,262.5,SL,42039.6,-75.0,-1.0,22,110,-77.5,76.5,74.0,1488,1.685,0.855,0.956,1741.0,1,2024-10-08,-100.0,2024,2024-10,2024-W41,2024-10-07
2024-10-09,LONG,2024-10-09 10:00:00-04:00,42226.6,42151.6,42489.1,75,262.5,SL,42151.6,-75.0,-1.0,6,30,-81.0,75.0,102.7,1346,1.693,0.789,0.895,1706.2,2,2024-10-09,-100.0,2024,2024-10,2024-W41,2024-10-07
2024-10-11,LONG,2024-10-11 10:00:00-04:00,42631.0,42556.0,42893.5,75,262.5,TP,42893.5,262.5,3.5,67,335,-10.5,266.7,89.0,1645,1.841,1.002,1.363,1641.3,4,2024-10-11,350.0,2024,2024-10,2024-W41,2024-10-07
2024-10-14,LONG,2024-10-14 10:10:00-04:00,42861.4,42786.4,43123.9,75,262.5,TP,43123.9,262.5,3.5,54,270,-12.0,266.0,57.3,1268,1.625,0.768,0.731,1650.5,0,2024-10-14,350.0,2024,2024-10,2024-W42,2024-10-14
2024-10-15,SHORT,2024-10-15 10:00:00-04:00,42811.9,42886.9,42549.4,75,262.5,SL,42886.9,-75.0,-1.0,3,15,-125.0,25.0,225.3,1538,1.71,0.825,0.952,1863.2,1,2024-10-15,-100.0,2024,2024-10,2024-W42,2024-10-14
2024-10-16,LONG,2024-10-16 10:00:00-04:00,42927.3,42852.3,43189.8,75,262.5,TIMEOUT,43086.6,159.3,2.124,72,360,-45.7,194.0,74.0,1498,1.835,0.836,1.036,1792.5,2,2024-10-16,212.4,2024,2024-10,2024-W42,2024-10-14
2024-10-18,SHORT,2024-10-18 10:00:00-04:00,43087.8,43162.8,42825.3,75,262.5,SL,43162.8,-75.0,-1.0,8,40,-76.7,18.8,95.2,1268,1.564,0.743,0.715,1706.3,4,2024-10-18,-100.0,2024,2024-10,2024-W42,2024-10-14
2024-10-21,SHORT,2024-10-21 10:25:00-04:00,43134.7,43209.7,42872.2,75,262.5,TIMEOUT,42940.0,194.7,2.596,67,335,-20.5,255.0,86.0,1178,1.312,0.761,0.484,1548.7,0,2024-10-21,259.6,2024,2024-10,2024-W43,2024-10-21
2024-10-22,SHORT,2024-10-22 10:00:00-04:00,42750.2,42825.2,42487.7,75,262.5,SL,42825.2,-75.0,-1.0,9,45,-81.0,28.0,69.5,1322,1.65,0.82,0.941,1611.3,1,2024-10-22,-100.0,2024,2024-10,2024-W43,2024-10-21
2024-10-23,LONG,2024-10-23 10:00:00-04:00,42763.6,42688.6,43026.1,75,262.5,SL,42688.6,-75.0,-1.0,3,15,-79.0,19.0,86.0,1530,2.102,0.959,1.355,1594.7,2,2024-10-23,-100.0,2024,2024-10,2024-W43,2024-10-21
2024-10-24,SHORT,2024-10-24 10:00:00-04:00,42435.1,42510.1,42172.6,75,262.5,TIMEOUT,42424.4,10.7,0.143,72,360,-31.7,236.3,59.0,1506,1.797,0.904,1.158,1665.3,3,2024-10-24,14.3,2024,2024-10,2024-W43,2024-10-21
2024-10-25,LONG,2024-10-25 10:00:00-04:00,42556.5,42481.5,42819.0,75,262.5,SL,42481.5,-75.0,-1.0,9,45,-76.7,49.0,79.5,1562,2.236,1.021,1.522,1530.0,4,2024-10-25,-100.0,2024,2024-10,2024-W43,2024-10-21
2024-10-28,LONG,2024-10-28 10:05:00-04:00,42388.0,42313.0,42650.5,75,262.5,TIMEOUT,42427.3,39.3,0.524,71,355,-38.0,116.0,171.3,1222,1.389,0.724,0.569,1689.0,0,2024-10-28,52.4,2024,2024-10,2024-W44,2024-10-28
2024-10-29,LONG,2024-10-29 10:00:00-04:00,42375.4,42300.4,42637.9,75,262.5,SL,42300.4,-75.0,-1.0,30,150,-88.2,141.0,78.5,1799,2.226,1.102,1.759,1633.0,1,2024-10-29,-100.0,2024,2024-10,2024-W44,2024-10-28
2024-10-30,LONG,2024-10-30 10:00:00-04:00,42410.9,42335.9,42673.4,75,262.5,SL,42335.9,-75.0,-1.0,35,175,-86.2,76.0,62.0,1554,1.562,0.868,1.011,1791.0,2,2024-10-30,-100.0,2024,2024-10,2024-W44,2024-10-28
2024-10-31,SHORT,2024-10-31 10:05:00-04:00,41899.4,41974.4,41636.9,75,262.5,SL,41974.4,-75.0,-1.0,39,195,-82.0,193.5,124.0,1628,1.462,0.862,0.875,1889.0,3,2024-10-31,-100.0,2024,2024-10,2024-W44,2024-10-28
2024-11-01,LONG,2024-11-01 10:00:00-04:00,42076.8,42001.8,42339.3,75,262.5,SL,42001.8,-75.0,-1.0,70,350,-81.5,257.0,128.6,1914,1.745,1.1,1.591,1739.3,4,2024-11-01,-100.0,2024,2024-11,2024-W44,2024-10-28
2024-11-05,LONG,2024-11-05 10:00:00-05:00,42063.7,41988.7,42326.2,75,262.5,TIMEOUT,42265.4,201.7,2.689,72,360,-29.2,218.7,49.3,2076,2.17,0.991,1.477,2094.3,1,2024-11-05,268.9,2024,2024-11,2024-W45,2024-11-04
2024-11-08,LONG,2024-11-08 10:00:00-05:00,43889.3,43814.3,44151.8,75,262.5,TP,44151.8,262.5,3.5,56,280,-22.0,292.5,68.0,1580,1.987,0.976,1.394,1618.3,4,2024-11-08,350.0,2024,2024-11,2024-W45,2024-11-04
2024-11-11,LONG,2024-11-11 10:00:00-05:00,44504.0,44429.0,44766.5,75,262.5,SL,44429.0,-75.0,-1.0,2,10,-89.0,14.0,61.0,1396,1.819,0.797,0.943,1752.0,0,2024-11-11,-100.0,2024,2024-11,2024-W46,2024-11-11
2024-11-12,SHORT,2024-11-12 10:10:00-05:00,44254.3,44329.3,43991.8,75,262.5,TP,43991.8,262.5,3.5,33,165,-30.0,301.0,162.0,1486,1.633,0.889,0.967,1671.3,1,2024-11-12,350.0,2024,2024-11,2024-W46,2024-11-11
2024-11-14,SHORT,2024-11-14 10:00:00-05:00,43961.0,44036.0,43698.5,75,262.5,TIMEOUT,43801.3,159.7,2.129,72,360,-69.0,221.8,93.0,1514,1.55,0.895,1.003,1692.0,3,2024-11-14,212.9,2024,2024-11,2024-W46,2024-11-11
2024-11-15,SHORT,2024-11-15 10:00:00-05:00,43509.6,43584.6,43247.1,75,262.5,TIMEOUT,43488.9,20.7,0.276,72,360,-67.0,134.0,110.0,1554,1.538,0.906,1.037,1714.7,4,2024-11-15,27.6,2024,2024-11,2024-W46,2024-11-11
2024-11-18,LONG,2024-11-18 10:00:00-05:00,43446.6,43371.6,43709.1,75,262.5,SL,43371.6,-75.0,-1.0,3,15,-81.0,8.0,104.0,1546,1.91,0.96,1.353,1610.7,0,2024-11-18,-100.0,2024,2024-11,2024-W47,2024-11-18
2024-11-19,LONG,2024-11-19 12:20:00-05:00,43255.8,43180.8,43518.3,75,262.5,TIMEOUT,43317.1,61.3,0.817,44,220,-15.2,171.0,358.0,1404,1.251,0.706,1.392,1988.7,1,2024-11-19,81.7,2024,2024-11,2024-W47,2024-11-18
2024-11-20,SHORT,2024-11-20 10:00:00-05:00,43251.0,43326.0,42988.5,75,262.5,SL,43326.0,-75.0,-1.0,65,325,-81.0,164.7,180.0,1718,1.924,0.963,1.313,1784.0,2,2024-11-20,-100.0,2024,2024-11,2024-W47,2024-11-18
2024-11-21,SHORT,2024-11-21 10:00:00-05:00,43485.1,43560.1,43222.6,75,262.5,SL,43560.1,-75.0,-1.0,2,10,-122.5,18.0,100.0,2084,1.845,0.995,1.482,2094.0,3,2024-11-21,-100.0,2024,2024-11,2024-W47,2024-11-18
2024-11-22,LONG,2024-11-22 10:00:00-05:00,44152.4,44077.4,44414.9,75,262.5,SL,44077.4,-75.0,-1.0,4,20,-98.8,15.0,66.0,1814,2.038,1.046,1.625,1734.7,4,2024-11-22,-100.0,2024,2024-11,2024-W47,2024-11-18
2024-11-25,LONG,2024-11-25 10:00:00-05:00,44772.1,44697.1,45034.6,75,262.5,SL,44697.1,-75.0,-1.0,2,10,-85.0,26.0,108.5,1720,1.82,0.935,1.292,1839.0,0,2024-11-25,-100.0,2024,2024-11,2024-W48,2024-11-25
2024-11-26,SHORT,2024-11-26 10:00:00-05:00,44521.7,44596.7,44259.2,75,262.5,SL,44596.7,-75.0,-1.0,16,80,-84.0,59.0,171.8,1694,1.77,0.944,1.272,1793.7,1,2024-11-26,-100.0,2024,2024-11,2024-W48,2024-11-25
2024-11-27,LONG,2024-11-27 10:05:00-05:00,45006.9,44931.9,45269.4,75,262.5,SL,44931.9,-75.0,-1.0,6,30,-96.8,17.0,85.5,1292,1.526,0.902,0.943,1432.0,2,2024-11-27,-100.0,2024,2024-11,2024-W48,2024-11-25
2024-11-28,LONG,2024-11-28 10:00:00-05:00,44837.4,44762.4,45099.9,75,262.5,TIMEOUT,44877.4,40.0,0.533,35,175,-19.8,62.0,28.5,568,2.258,1.632,2.647,348.0,3,2024-11-28,53.3,2024,2024-11,2024-W48,2024-11-25
2024-11-29,LONG,2024-11-29 10:10:00-05:00,44906.1,44831.1,45168.6,75,262.5,TIMEOUT,44984.6,78.5,1.047,36,180,-31.5,196.5,115.3,1050,1.28,0.766,0.505,1371.0,4,2024-11-29,104.7,2024,2024-11,2024-W48,2024-11-25
2024-12-02,SHORT,2024-12-02 10:00:00-05:00,44758.7,44833.7,44496.2,75,262.5,SL,44833.7,-75.0,-1.0,7,35,-81.8,19.2,100.0,1531,2.099,1.0,1.439,1531.0,0,2024-12-02,-100.0,2024,2024-12,2024-W49,2024-12-02
2024-12-03,SHORT,2024-12-03 10:00:00-05:00,44742.9,44817.9,44480.4,75,262.5,TIMEOUT,44781.7,-38.8,-0.517,72,360,-69.5,137.0,91.5,1444,1.905,0.958,1.286,1507.0,1,2024-12-03,-51.7,2024,2024-12,2024-W49,2024-12-02
2024-12-05,LONG,2024-12-05 10:00:00-05:00,45071.2,44996.2,45333.7,75,262.5,SL,44996.2,-75.0,-1.0,2,10,-77.0,18.0,78.0,1296,1.75,0.865,1.06,1498.3,3,2024-12-05,-100.0,2024,2024-12,2024-W49,2024-12-02
2024-12-09,SHORT,2024-12-09 10:20:00-05:00,44642.6,44717.6,44380.1,75,262.5,TIMEOUT,44415.9,226.7,3.023,68,340,-35.5,240.0,74.0,1080,1.268,0.707,0.398,1526.8,0,2024-12-09,302.3,2024,2024-12,2024-W50,2024-12-09
2024-12-10,SHORT,2024-12-10 10:05:00-05:00,44291.3,44366.3,44028.8,75,262.5,SL,44366.3,-75.0,-1.0,3,15,-77.0,6.0,74.2,1226,1.493,0.73,0.661,1679.8,1,2024-12-10,-100.0,2024,2024-12,2024-W50,2024-12-09
2024-12-11,SHORT,2024-12-11 10:00:00-05:00,44206.5,44281.5,43944.0,75,262.5,SL,44281.5,-75.0,-1.0,2,10,-89.5,7.5,150.0,1476,1.671,0.901,1.056,1637.8,2,2024-12-11,-100.0,2024,2024-12,2024-W50,2024-12-09
2024-12-12,SHORT,2024-12-12 10:05:00-05:00,44086.7,44161.7,43824.2,75,262.5,SL,44161.7,-75.0,-1.0,5,25,-85.0,16.0,74.6,1416,1.46,0.895,0.949,1581.7,3,2024-12-12,-100.0,2024,2024-12,2024-W50,2024-12-09
2024-12-13,SHORT,2024-12-13 10:00:00-05:00,43891.9,43966.9,43629.4,75,262.5,TIMEOUT,43801.9,90.0,1.2,72,360,-74.7,102.8,85.0,1530,1.905,0.892,1.183,1714.3,4,2024-12-13,120.0,2024,2024-12,2024-W50,2024-12-09
2024-12-16,SHORT,2024-12-16 10:20:00-05:00,43842.1,43917.1,43579.6,75,262.5,SL,43917.1,-75.0,-1.0,3,15,-79.0,8.3,86.5,1526,1.425,0.884,0.748,1727.0,0,2024-12-16,-100.0,2024,2024-12,2024-W51,2024-12-16
2024-12-17,SHORT,2024-12-17 10:05:00-05:00,43448.3,43523.3,43185.8,75,262.5,SL,43523.3,-75.0,-1.0,2,10,-87.2,23.0,77.2,1628,1.537,0.864,0.947,1885.3,1,2024-12-17,-100.0,2024,2024-12,2024-W51,2024-12-16
2024-12-19,SHORT,2024-12-19 10:00:00-05:00,42482.0,42557.0,42219.5,75,262.5,SL,42557.0,-75.0,-1.0,16,80,-90.2,104.8,116.7,2124,1.698,0.993,1.46,2138.7,3,2024-12-19,-100.0,2024,2024-12,2024-W51,2024-12-16
2024-12-20,LONG,2024-12-20 10:00:00-05:00,42283.1,42208.1,42545.6,75,262.5,TP,42545.6,262.5,3.5,6,30,-50.5,391.5,185.0,2096,1.388,0.985,1.23,2127.7,4,2024-12-20,350.0,2024,2024-12,2024-W51,2024-12-16
2024-12-23,SHORT,2024-12-23 10:00:00-05:00,42523.7,42598.7,42261.2,75,262.5,SL,42598.7,-75.0,-1.0,4,20,-77.0,60.0,164.5,1966,1.777,0.988,1.422,1990.3,0,2024-12-23,-100.0,2024,2024-12,2024-W52,2024-12-23
2024-12-24,LONG,2024-12-24 10:00:00-05:00,42927.0,42852.0,43189.5,75,262.5,TP,43189.5,262.5,3.5,35,175,-28.0,277.0,54.5,1286,1.886,0.858,1.07,1498.3,1,2024-12-24,350.0,2024,2024-12,2024-W52,2024-12-23
2024-12-26,LONG,2024-12-26 10:00:00-05:00,43152.7,43077.7,43415.2,75,262.5,TIMEOUT,43258.0,105.3,1.404,72,360,-61.5,150.0,78.0,1550,1.738,0.86,1.073,1801.7,3,2024-12-26,140.4,2024,2024-12,2024-W52,2024-12-23
2024-12-27,SHORT,2024-12-27 10:10:00-05:00,42936.1,43011.1,42673.6,75,262.5,TP,42673.6,262.5,3.5,23,115,-7.3,275.2,177.0,1830,1.757,1.052,1.261,1739.7,4,2024-12-27,350.0,2024,2024-12,2024-W52,2024-12-23
2024-12-30,SHORT,2024-12-30 10:00:00-05:00,42239.1,42314.1,41976.6,75,262.5,SL,42314.1,-75.0,-1.0,8,40,-87.5,69.5,177.0,2070,1.601,1.076,1.714,1923.7,0,2024-12-30,-100.0,2024,2024-12,2025-W01,2024-12-30
2024-12-31,LONG,2024-12-31 10:00:00-05:00,42641.2,42566.2,42903.7,75,262.5,SL,42566.2,-75.0,-1.0,1,5,-93.2,11.8,61.0,1688,1.821,0.943,1.324,1790.7,1,2024-12-31,-100.0,2024,2024-12,2025-W01,2024-12-30
2025-01-02,SHORT,2025-01-02 10:15:00-05:00,42710.3,42785.3,42447.8,75,262.5,TP,42447.8,262.5,3.5,9,45,-9.5,338.0,101.3,1952,1.344,0.932,0.864,2095.3,3,2025-01-02,350.0,2025,2025-01,2025-W01,2024-12-30
2025-01-03,LONG,2025-01-03 10:35:00-05:00,42504.5,42429.5,42767.0,75,262.5,TIMEOUT,42612.5,108.0,1.44,65,325,-52.5,181.5,95.3,1722,1.252,0.936,0.521,1839.3,4,2025-01-03,144.0,2025,2025-01,2025-W01,2024-12-30
2025-01-06,LONG,2025-01-06 10:00:00-05:00,42950.0,42875.0,43212.5,75,262.5,SL,42875.0,-75.0,-1.0,4,20,-93.0,17.0,176.0,1842,1.698,0.958,1.105,1923.7,0,2025-01-06,-100.0,2025,2025-01,2025-W02,2025-01-06
2025-01-07,SHORT,2025-01-07 10:00:00-05:00,42624.2,42699.2,42361.7,75,262.5,SL,42699.2,-75.0,-1.0,5,25,-100.3,103.0,122.5,2226,2.701,1.293,2.334,1721.0,1,2025-01-07,-100.0,2025,2025-01,2025-W02,2025-01-06
2025-01-08,SHORT,2025-01-08 10:00:00-05:00,42333.3,42408.3,42070.8,75,262.5,SL,42408.3,-75.0,-1.0,11,55,-83.5,101.5,148.5,1838,1.361,0.938,1.151,1960.3,2,2025-01-08,-100.0,2025,2025-01,2025-W02,2025-01-06
2025-01-10,SHORT,2025-01-10 10:00:00-05:00,41934.6,42009.6,41672.1,75,262.5,SL,42009.6,-75.0,-1.0,6,30,-92.2,61.0,410.5,2222,1.366,1.029,1.257,2159.7,4,2025-01-10,-100.0,2025,2025-01,2025-W02,2025-01-06
2025-01-13,LONG,2025-01-13 10:00:00-05:00,41976.5,41901.5,42239.0,75,262.5,SL,41901.5,-75.0,-1.0,23,115,-131.5,107.0,94.0,1902,1.567,0.933,1.199,2037.7,0,2025-01-13,-100.0,2025,2025-01,2025-W03,2025-01-13
2025-01-17,LONG,2025-01-17 10:00:00-05:00,43399.9,43324.9,43662.4,75,262.5,TIMEOUT,43377.9,-22.0,-0.293,72,360,-45.0,167.0,155.0,1632,1.439,0.882,0.954,1849.7,4,2025-01-17,-29.3,2025,2025-01,2025-W03,2025-01-13
2025-01-21,LONG,2025-01-21 10:00:00-05:00,43674.3,43599.3,43936.8,75,262.5,TP,43936.8,262.5,3.5,68,340,-53.8,286.5,65.5,1838,2.025,0.988,1.462,1861.0,1,2025-01-21,350.0,2025,2025-01,2025-W04,2025-01-20
2025-01-23,LONG,2025-01-23 10:00:00-05:00,44191.4,44116.4,44453.9,75,262.5,TP,44453.9,262.5,3.5,38,190,-39.0,277.0,63.0,1274,1.689,0.821,0.938,1552.3,3,2025-01-23,350.0,2025,2025-01,2025-W04,2025-01-20
2025-01-24,SHORT,2025-01-24 10:00:00-05:00,44341.1,44416.1,44078.6,75,262.5,SL,44416.1,-75.0,-1.0,3,15,-80.0,0.0,66.0,1676,2.226,1.076,1.608,1557.7,4,2025-01-24,-100.0,2025,2025-01,2025-W04,2025-01-20
2025-01-27,LONG,2025-01-27 10:00:00-05:00,44242.6,44167.6,44505.1,75,262.5,TP,44505.1,262.5,3.5,29,145,-45.0,263.0,115.8,1886,1.53,0.937,1.229,2013.0,0,2025-01-27,350.0,2025,2025-01,2025-W05,2025-01-27
2025-01-28,LONG,2025-01-28 10:00:00-05:00,44717.0,44642.0,44979.5,75,262.5,TIMEOUT,44767.3,50.3,0.671,72,360,-58.0,208.0,94.0,1782,1.816,0.965,1.361,1846.7,1,2025-01-28,67.1,2025,2025-01,2025-W05,2025-01-27
2025-01-29,LONG,2025-01-29 10:00:00-05:00,44854.1,44779.1,45116.6,75,262.5,SL,44779.1,-75.0,-1.0,19,95,-83.8,57.0,87.0,1498,1.584,0.886,1.089,1690.7,2,2025-01-29,-100.0,2025,2025-01,2025-W05,2025-01-27
2025-01-30,LONG,2025-01-30 10:00:00-05:00,44744.9,44669.9,45007.4,75,262.5,SL,44669.9,-75.0,-1.0,15,75,-88.0,81.7,95.5,1892,1.734,1.113,1.847,1700.0,3,2025-01-30,-100.0,2025,2025-01,2025-W05,2025-01-27
2025-01-31,SHORT,2025-01-31 10:00:00-05:00,44852.0,44927.0,44589.5,75,262.5,TP,44589.5,262.5,3.5,42,210,-54.0,285.8,85.0,1496,1.637,0.935,1.174,1600.7,4,2025-01-31,350.0,2025,2025-01,2025-W05,2025-01-27
2025-02-03,LONG,2025-02-03 10:20:00-05:00,44168.2,44093.2,44430.7,75,262.5,TP,44430.7,262.5,3.5,11,55,-53.5,283.8,142.0,2132,1.539,1.074,1.288,1985.0,0,2025-02-03,350.0,2025,2025-02,2025-W06,2025-02-03
2025-02-04,LONG,2025-02-04 10:05:00-05:00,44391.0,44316.0,44653.5,75,262.5,TIMEOUT,44513.6,122.6,1.635,71,355,-40.5,167.5,104.0,1622,1.637,0.952,1.126,1703.7,1,2025-02-04,163.5,2025,2025-02,2025-W06,2025-02-03
2025-02-05,SHORT,2025-02-05 10:00:00-05:00,44307.9,44382.9,44045.4,75,262.5,SL,44382.9,-75.0,-1.0,1,5,-75.0,14.0,127.0,2075,2.3,1.281,2.351,1619.7,2,2025-02-05,-100.0,2025,2025-02,2025-W06,2025-02-03
2025-02-06,SHORT,2025-02-06 10:00:00-05:00,44814.3,44889.3,44551.8,75,262.5,TP,44551.8,262.5,3.5,54,270,-23.5,322.0,87.0,1406,1.732,0.86,1.061,1635.3,3,2025-02-06,350.0,2025,2025-02,2025-W06,2025-02-03
2025-02-07,SHORT,2025-02-07 10:10:00-05:00,44586.3,44661.3,44323.8,75,262.5,TP,44323.8,262.5,3.5,25,125,-57.3,273.5,146.7,2026,1.525,1.279,1.527,1583.7,4,2025-02-07,350.0,2025,2025-02,2025-W06,2025-02-03
2025-02-10,SHORT,2025-02-10 10:00:00-05:00,44428.0,44503.0,44165.5,75,262.5,TIMEOUT,44419.3,8.7,0.116,72,360,-30.0,172.0,77.0,1408,1.894,0.866,1.122,1626.0,0,2025-02-10,11.6,2025,2025-02,2025-W07,2025-02-10
2025-02-11,LONG,2025-02-11 12:00:00-05:00,44460.7,44385.7,44723.2,75,262.5,TIMEOUT,44551.5,90.8,1.211,48,240,-56.0,142.0,103.0,1232,1.236,0.857,1.962,1438.3,1,2025-02-11,121.1,2025,2025-02,2025-W07,2025-02-10
2025-02-14,LONG,2025-02-14 10:00:00-05:00,44675.2,44600.2,44937.7,75,262.5,SL,44600.2,-75.0,-1.0,4,20,-97.5,36.0,97.3,1406,1.811,0.994,1.368,1415.0,4,2025-02-14,-100.0,2025,2025-02,2025-W07,2025-02-10
2025-02-17,SHORT,2025-02-17 10:00:00-05:00,44561.5,44636.5,44299.0,75,262.5,TIMEOUT,44612.5,-51.0,-0.68,35,175,-66.0,24.0,34.7,350,1.607,0.883,0.985,396.3,0,2025-02-17,-68.0,2025,2025-02,2025-W08,2025-02-17
2025-02-18,SHORT,2025-02-18 10:00:00-05:00,44391.2,44466.2,44128.7,75,262.5,SL,44466.2,-75.0,-1.0,7,35,-82.0,52.0,165.5,1668,2.177,1.0,1.45,1668.3,1,2025-02-18,-100.0,2025,2025-02,2025-W08,2025-02-17
2025-02-20,SHORT,2025-02-20 10:00:00-05:00,44192.7,44267.7,43930.2,75,262.5,TP,43930.2,262.5,3.5,19,95,-30.0,271.5,43.0,2056,2.69,1.287,2.315,1597.7,3,2025-02-20,350.0,2025,2025-02,2025-W08,2025-02-17
2025-02-21,SHORT,2025-02-21 10:00:00-05:00,43751.6,43826.6,43489.1,75,262.5,TP,43489.1,262.5,3.5,38,190,-51.5,270.5,97.5,1900,2.181,1.092,1.692,1740.0,4,2025-02-21,350.0,2025,2025-02,2025-W08,2025-02-17
2025-02-24,SHORT,2025-02-24 10:00:00-05:00,43385.7,43460.7,43123.2,75,262.5,SL,43460.7,-75.0,-1.0,2,10,-91.5,58.0,116.7,2042,2.295,1.071,1.69,1907.3,0,2025-02-24,-100.0,2025,2025-02,2025-W09,2025-02-24
2025-02-25,SHORT,2025-02-25 10:00:00-05:00,43421.0,43496.0,43158.5,75,262.5,SL,43496.0,-75.0,-1.0,10,50,-105.5,160.0,93.0,2136,1.987,1.102,1.801,1939.0,1,2025-02-25,-100.0,2025,2025-02,2025-W09,2025-02-24
2025-02-26,LONG,2025-02-26 10:05:00-05:00,43755.3,43680.3,44017.8,75,262.5,SL,43680.3,-75.0,-1.0,22,110,-105.3,99.0,101.7,1766,1.665,0.976,1.225,1810.0,2,2025-02-26,-100.0,2025,2025-02,2025-W09,2025-02-24
2025-02-27,LONG,2025-02-27 10:10:00-05:00,43663.6,43588.6,43926.1,75,262.5,SL,43588.6,-75.0,-1.0,23,115,-82.0,214.0,239.0,1988,1.293,0.988,0.942,2013.0,3,2025-02-27,-100.0,2025,2025-02,2025-W09,2025-02-24
2025-02-28,LONG,2025-02-28 10:05:00-05:00,43465.5,43390.5,43728.0,75,262.5,SL,43390.5,-75.0,-1.0,2,10,-103.3,28.0,181.7,2028,1.472,0.951,1.14,2132.0,4,2025-02-28,-100.0,2025,2025-02,2025-W09,2025-02-24
2025-03-03,SHORT,2025-03-03 10:00:00-05:00,43846.2,43921.2,43583.7,75,262.5,SL,43921.2,-75.0,-1.0,8,40,-105.5,97.5,91.0,2274,2.202,1.146,1.977,1984.0,0,2025-03-03,-100.0,2025,2025-03,2025-W10,2025-03-03
2025-03-04,SHORT,2025-03-04 10:00:00-05:00,42597.0,42672.0,42334.5,75,262.5,SL,42672.0,-75.0,-1.0,38,190,-150.2,251.5,164.0,2318,1.549,1.031,1.61,2248.3,1,2025-03-04,-100.0,2025,2025-03,2025-W10,2025-03-03
2025-03-05,LONG,2025-03-05 10:00:00-05:00,42710.3,42635.3,42972.8,75,262.5,SL,42635.3,-75.0,-1.0,3,15,-101.0,68.0,201.2,2288,1.613,1.072,1.81,2135.0,2,2025-03-05,-100.0,2025,2025-03,2025-W10,2025-03-03
2025-03-06,LONG,2025-03-06 10:05:00-05:00,42671.1,42596.1,42933.6,75,262.5,TP,42933.6,262.5,3.5,12,60,-23.5,286.5,135.0,2132,1.453,1.031,1.427,2067.2,3,2025-03-06,350.0,2025,2025-03,2025-W10,2025-03-03
2025-03-10,LONG,2025-03-10 10:00:00-04:00,42448.2,42373.2,42710.7,75,262.5,SL,42373.2,-75.0,-1.0,6,30,-77.5,71.5,120.7,2014,1.508,0.9,1.118,2236.7,0,2025-03-10,-100.0,2025,2025-03,2025-W11,2025-03-10
2025-03-11,SHORT,2025-03-11 10:00:00-04:00,41524.7,41599.7,41262.2,75,262.5,SL,41599.7,-75.0,-1.0,1,5,-111.5,12.5,311.5,2380,1.775,1.089,1.823,2185.3,1,2025-03-11,-100.0,2025,2025-03,2025-W11,2025-03-10
2025-03-12,SHORT,2025-03-12 10:00:00-04:00,41305.4,41380.4,41042.9,75,262.5,TP,41042.9,262.5,3.5,13,65,-60.0,293.0,372.9,2154,1.292,0.955,1.001,2255.0,2,2025-03-12,350.0,2025,2025-03,2025-W11,2025-03-10
2025-03-14,LONG,2025-03-14 10:00:00-04:00,41142.5,41067.5,41405.0,75,262.5,SL,41067.5,-75.0,-1.0,2,10,-96.0,50.5,105.5,2284,1.992,1.156,2.055,1976.3,4,2025-03-14,-100.0,2025,2025-03,2025-W11,2025-03-10
2025-03-17,LONG,2025-03-17 10:00:00-04:00,41602.7,41527.7,41865.2,75,262.5,TP,41865.2,262.5,3.5,43,215,-16.0,294.0,188.0,2114,1.722,1.018,1.545,2076.0,0,2025-03-17,350.0,2025,2025-03,2025-W12,2025-03-17
2025-03-18,SHORT,2025-03-18 10:00:00-04:00,41626.3,41701.3,41363.8,75,262.5,SL,41701.3,-75.0,-1.0,7,35,-85.8,16.2,111.0,1974,1.602,0.961,1.329,2054.0,1,2025-03-18,-100.0,2025,2025-03,2025-W12,2025-03-17
2025-03-19,LONG,2025-03-19 10:00:00-04:00,41788.5,41713.5,42051.0,75,262.5,SL,41713.5,-75.0,-1.0,42,210,-91.5,174.5,109.5,1518,1.546,0.825,0.927,1841.0,2,2025-03-19,-100.0,2025,2025-03,2025-W12,2025-03-17
2025-03-20,LONG,2025-03-20 10:00:00-04:00,42038.7,41963.7,42301.2,75,262.5,SL,41963.7,-75.0,-1.0,40,200,-78.0,224.0,155.8,1944,1.678,1.036,1.586,1877.3,3,2025-03-20,-100.0,2025,2025-03,2025-W12,2025-03-17
2025-03-21,SHORT,2025-03-21 10:00:00-04:00,41502.5,41577.5,41240.0,75,262.5,SL,41577.5,-75.0,-1.0,6,30,-85.5,87.5,336.5,1976,1.393,0.977,1.214,2022.7,4,2025-03-21,-100.0,2025,2025-03,2025-W12,2025-03-17
2025-03-24,LONG,2025-03-24 10:00:00-04:00,42486.1,42411.1,42748.6,75,262.5,SL,42411.1,-75.0,-1.0,48,240,-88.0,114.2,104.0,1670,1.941,0.944,1.317,1768.7,0,2025-03-24,-100.0,2025,2025-03,2025-W13,2025-03-24
2025-03-25,SHORT,2025-03-25 10:00:00-04:00,42539.8,42614.8,42277.3,75,262.5,SL,42614.8,-75.0,-1.0,4,20,-84.0,15.0,63.5,1719,2.122,1.026,1.539,1675.3,1,2025-03-25,-100.0,2025,2025-03,2025-W13,2025-03-24
2025-03-26,LONG,2025-03-26 10:00:00-04:00,42753.9,42678.9,43016.4,75,262.5,SL,42678.9,-75.0,-1.0,16,80,-88.5,68.5,91.0,1930,1.994,1.072,1.718,1801.0,2,2025-03-26,-100.0,2025,2025-03,2025-W13,2025-03-24
2025-03-28,SHORT,2025-03-28 10:00:00-04:00,42005.3,42080.3,41742.8,75,262.5,TP,41742.8,262.5,3.5,7,35,-5.5,265.5,148.5,2116,1.614,1.108,1.828,1910.0,4,2025-03-28,350.0,2025,2025-03,2025-W13,2025-03-24
2025-03-31,LONG,2025-03-31 10:00:00-04:00,41430.4,41355.4,41692.9,75,262.5,TP,41692.9,262.5,3.5,20,100,-57.0,273.2,118.5,2132,1.694,1.022,1.585,2085.3,0,2025-03-31,350.0,2025,2025-03,2025-W14,2025-03-31
2025-04-01,SHORT,2025-04-01 10:00:00-04:00,41641.3,41716.3,41378.8,75,262.5,SL,41716.3,-75.0,-1.0,7,35,-110.0,137.7,159.5,2280,1.711,1.075,1.748,2120.0,1,2025-04-01,-100.0,2025,2025-04,2025-W14,2025-03-31
2025-04-02,LONG,2025-04-02 10:00:00-04:00,41910.2,41835.2,42172.7,75,262.5,SL,41835.2,-75.0,-1.0,2,10,-92.0,10.2,157.5,2128,1.525,0.999,1.459,2130.7,2,2025-04-02,-100.0,2025,2025-04,2025-W14,2025-03-31
2025-04-03,SHORT,2025-04-03 10:00:00-04:00,40743.4,40818.4,40480.9,75,262.5,SL,40818.4,-75.0,-1.0,17,85,-84.0,145.5,211.3,2199,1.386,0.982,1.252,2240.2,3,2025-04-03,-100.0,2025,2025-04,2025-W14,2025-03-31
2025-04-07,LONG,2025-04-07 10:10:00-04:00,38494.3,38419.3,38756.8,75,262.5,TP,38756.8,262.5,3.5,1,5,-31.5,672.5,674.9,2416,1.217,0.964,0.932,2506.2,0,2025-04-07,350.0,2025,2025-04,2025-W15,2025-04-07
2025-04-09,LONG,2025-04-09 10:00:00-04:00,37887.3,37812.3,38149.8,75,262.5,SL,37812.3,-75.0,-1.0,1,5,-292.0,4.3,720.0,2288,1.346,1.019,1.381,2244.8,2,2025-04-09,-100.0,2025,2025-04,2025-W15,2025-04-07
2025-04-10,SHORT,2025-04-10 10:00:00-04:00,39676.5,39751.5,39414.0,75,262.5,SL,39751.5,-75.0,-1.0,1,5,-98.5,94.8,380.6,2314,1.394,0.963,1.236,2401.7,3,2025-04-10,-100.0,2025,2025-04,2025-W15,2025-04-07
2025-04-11,SHORT,2025-04-11 10:25:00-04:00,39255.4,39330.4,38992.9,75,262.5,SL,39330.4,-75.0,-1.0,1,5,-216.2,35.3,537.5,2326,1.262,1.0,0.844,2325.8,4,2025-04-11,-100.0,2025,2025-04,2025-W15,2025-04-07
2025-04-15,LONG,2025-04-15 10:00:00-04:00,40688.7,40613.7,40951.2,75,262.5,SL,40613.7,-75.0,-1.0,3,15,-147.7,102.3,237.5,2208,1.524,1.025,1.585,2154.0,1,2025-04-15,-100.0,2025,2025-04,2025-W16,2025-04-14
2025-04-16,SHORT,2025-04-16 10:00:00-04:00,40054.4,40129.4,39791.9,75,262.5,SL,40129.4,-75.0,-1.0,1,5,-77.0,1.0,180.0,2144,1.494,0.959,1.299,2236.3,2,2025-04-16,-100.0,2025,2025-04,2025-W16,2025-04-14
2025-04-17,SHORT,2025-04-17 10:30:00-04:00,39009.6,39084.6,38747.1,75,262.5,SL,39084.6,-75.0,-1.0,7,35,-158.5,84.3,231.5,2280,1.212,1.013,0.907,2251.3,3,2025-04-17,-100.0,2025,2025-04,2025-W16,2025-04-14
2025-04-21,SHORT,2025-04-21 10:00:00-04:00,38469.9,38544.9,38207.4,75,262.5,TP,38207.4,262.5,3.5,13,65,-8.5,277.0,138.5,1848,1.572,0.939,1.213,1967.7,0,2025-04-21,350.0,2025,2025-04,2025-W17,2025-04-21
2025-04-22,LONG,2025-04-22 10:00:00-04:00,38742.4,38667.4,39004.9,75,262.5,TP,39004.9,262.5,3.5,16,80,-29.8,264.2,199.0,1774,1.442,0.836,0.911,2121.3,1,2025-04-22,350.0,2025,2025-04,2025-W17,2025-04-21
2025-04-23,LONG,2025-04-23 10:00:00-04:00,40248.1,40173.1,40510.6,75,262.5,SL,40173.1,-75.0,-1.0,3,15,-227.8,47.5,162.2,2332,1.826,1.089,1.75,2140.7,2,2025-04-23,-100.0,2025,2025-04,2025-W17,2025-04-21
2025-04-24,LONG,2025-04-24 10:00:00-04:00,39615.3,39540.3,39877.8,75,262.5,TP,39877.8,262.5,3.5,7,35,-10.8,279.2,175.5,1896,1.904,0.976,1.397,1942.3,3,2025-04-24,350.0,2025,2025-04,2025-W17,2025-04-21
2025-04-25,SHORT,2025-04-25 10:00:00-04:00,39845.3,39920.3,39582.8,75,262.5,SL,39920.3,-75.0,-1.0,1,5,-113.0,1.0,117.8,2048,1.648,0.991,1.426,2066.0,4,2025-04-25,-100.0,2025,2025-04,2025-W17,2025-04-21
2025-04-28,LONG,2025-04-28 10:00:00-04:00,40252.5,40177.5,40515.0,75,262.5,SL,40177.5,-75.0,-1.0,6,30,-86.0,84.0,225.3,1920,1.849,0.944,1.326,2034.7,0,2025-04-28,-100.0,2025,2025-04,2025-W18,2025-04-28
2025-04-29,LONG,2025-04-29 10:05:00-04:00,40411.1,40336.1,40673.6,75,262.5,SL,40336.1,-75.0,-1.0,2,10,-90.7,2.3,218.5,1914,1.507,0.953,1.023,2008.5,1,2025-04-29,-100.0,2025,2025-04,2025-W18,2025-04-28
2025-04-30,SHORT,2025-04-30 10:00:00-04:00,39822.8,39897.8,39560.3,75,262.5,SL,39897.8,-75.0,-1.0,2,10,-108.0,34.5,460.5,2155,1.502,0.985,1.283,2188.3,2,2025-04-30,-100.0,2025,2025-04,2025-W18,2025-04-28
2025-05-05,LONG,2025-05-05 10:00:00-04:00,41192.4,41117.4,41454.9,75,262.5,TIMEOUT,41188.0,-4.4,-0.059,72,360,-41.7,243.8,78.3,1896,1.909,1.021,1.541,1857.3,0,2025-05-05,-5.9,2025,2025-05,2025-W19,2025-05-05
2025-05-06,LONG,2025-05-06 10:15:00-04:00,41001.7,40926.7,41264.2,75,262.5,SL,40926.7,-75.0,-1.0,29,145,-86.5,158.0,171.0,1688,1.329,0.888,0.732,1900.7,1,2025-05-06,-100.0,2025,2025-05,2025-W19,2025-05-05
2025-05-08,SHORT,2025-05-08 10:05:00-04:00,41241.6,41316.6,40979.1,75,262.5,SL,41316.6,-75.0,-1.0,4,20,-87.8,85.5,181.8,1868,1.446,0.951,1.086,1964.0,3,2025-05-08,-100.0,2025,2025-05,2025-W19,2025-05-05
2025-05-09,SHORT,2025-05-09 10:15:00-04:00,41367.6,41442.6,41105.1,75,262.5,TIMEOUT,41242.1,125.5,1.673,69,345,-4.7,247.0,113.0,1598,1.296,0.826,0.63,1934.3,4,2025-05-09,167.3,2025,2025-05,2025-W19,2025-05-05
2025-05-12,SHORT,2025-05-12 10:25:00-04:00,42176.8,42251.8,41914.3,75,262.5,SL,42251.8,-75.0,-1.0,3,15,-80.0,77.0,141.8,1856,1.24,0.891,0.666,2082.7,0,2025-05-12,-100.0,2025,2025-05,2025-W20,2025-05-12
2025-05-15,LONG,2025-05-15 10:00:00-04:00,41971.6,41896.6,42234.1,75,262.5,SL,41896.6,-75.0,-1.0,2,10,-78.2,2.8,139.0,1878,1.617,0.995,1.417,1888.0,3,2025-05-15,-100.0,2025,2025-05,2025-W20,2025-05-12
2025-05-19,LONG,2025-05-19 10:00:00-04:00,42614.0,42539.0,42876.5,75,262.5,SL,42539.0,-75.0,-1.0,14,70,-91.0,66.3,113.2,1906,1.773,1.003,1.455,1900.0,0,2025-05-19,-100.0,2025,2025-05,2025-W21,2025-05-19
2025-05-20,SHORT,2025-05-20 10:05:00-04:00,42699.3,42774.3,42436.8,75,262.5,TIMEOUT,42642.1,57.2,0.763,71,355,-60.0,220.8,103.0,1766,1.627,0.935,1.169,1888.7,1,2025-05-20,76.3,2025,2025-05,2025-W21,2025-05-19
2025-05-22,LONG,2025-05-22 10:00:00-04:00,41891.2,41816.2,42153.7,75,262.5,SL,41816.2,-75.0,-1.0,4,20,-97.5,45.0,204.0,1898,1.47,0.943,1.232,2013.7,3,2025-05-22,-100.0,2025,2025-05,2025-W21,2025-05-19
2025-05-23,LONG,2025-05-23 10:05:00-04:00,41523.4,41448.4,41785.9,75,262.5,TIMEOUT,41543.7,20.3,0.271,71,355,-60.5,255.0,231.7,2038,1.257,0.957,1.051,2130.0,4,2025-05-23,27.1,2025,2025-05,2025-W21,2025-05-19
2025-05-26,SHORT,2025-05-26 11:00:00-04:00,41955.5,42030.5,41693.0,75,262.5,SL,42030.5,-75.0,-1.0,5,25,-79.7,14.0,85.5,694,1.27,1.043,1.06,665.5,0,2025-05-26,-100.0,2025,2025-05,2025-W22,2025-05-26
2025-05-27,SHORT,2025-05-27 10:00:00-04:00,41991.0,42066.0,41728.5,75,262.5,SL,42066.0,-75.0,-1.0,4,20,-113.5,4.5,139.0,1643,1.509,0.88,0.993,1868.0,1,2025-05-27,-100.0,2025,2025-05,2025-W22,2025-05-26
2025-05-28,SHORT,2025-05-28 10:10:00-04:00,42299.2,42374.2,42036.7,75,262.5,TIMEOUT,42179.0,120.2,1.603,70,350,-44.0,252.8,66.0,1578,1.487,0.897,0.935,1760.0,2,2025-05-28,160.3,2025,2025-05,2025-W22,2025-05-26
2025-05-29,SHORT,2025-05-29 10:05:00-04:00,42076.5,42151.5,41814.0,75,262.5,SL,42151.5,-75.0,-1.0,2,10,-89.5,0.0,125.0,2122,1.746,1.113,1.701,1906.7,3,2025-05-29,-100.0,2025,2025-05,2025-W22,2025-05-26
2025-05-30,LONG,2025-05-30 10:05:00-04:00,42234.5,42159.5,42497.0,75,262.5,SL,42159.5,-75.0,-1.0,9,45,-76.5,45.5,273.2,1764,1.285,0.944,0.953,1868.3,4,2025-05-30,-100.0,2025,2025-05,2025-W22,2025-05-26
2025-06-02,SHORT,2025-06-02 10:00:00-04:00,41883.9,41958.9,41621.4,75,262.5,SL,41958.9,-75.0,-1.0,1,5,-93.5,15.9,105.6,2300,1.764,1.056,1.675,2177.3,0,2025-06-02,-100.0,2025,2025-06,2025-W23,2025-06-02
2025-06-03,LONG,2025-06-03 10:15:00-04:00,42281.9,42206.9,42544.4,75,262.5,TP,42544.4,262.5,3.5,35,175,-9.7,266.8,60.8,1638,1.431,0.901,0.821,1817.7,1,2025-06-03,350.0,2025,2025-06,2025-W23,2025-06-02
2025-06-05,SHORT,2025-06-05 10:00:00-04:00,42284.9,42359.9,42022.4,75,262.5,SL,42359.9,-75.0,-1.0,4,20,-94.0,8.7,274.3,2002,1.48,0.969,1.184,2065.7,3,2025-06-05,-100.0,2025,2025-06,2025-W23,2025-06-02
2025-06-06,LONG,2025-06-06 10:00:00-04:00,42853.7,42778.7,43116.2,75,262.5,SL,42778.7,-75.0,-1.0,6,30,-77.3,30.0,287.2,1694,1.333,0.926,0.989,1829.7,4,2025-06-06,-100.0,2025,2025-06,2025-W23,2025-06-02
2025-06-09,SHORT,2025-06-09 10:00:00-04:00,42633.7,42708.7,42371.2,75,262.5,SL,42708.7,-75.0,-1.0,19,95,-76.0,68.0,58.8,1524,1.858,0.915,1.243,1665.7,0,2025-06-09,-100.0,2025,2025-06,2025-W24,2025-06-09
2025-06-10,SHORT,2025-06-10 10:05:00-04:00,42743.7,42818.7,42481.2,75,262.5,SL,42818.7,-75.0,-1.0,7,35,-92.0,2.2,49.3,1386,1.49,0.836,0.845,1658.7,1,2025-06-10,-100.0,2025,2025-06,2025-W24,2025-06-09
2025-06-12,LONG,2025-06-12 10:15:00-04:00,42832.3,42757.3,43094.8,75,262.5,TIMEOUT,42953.6,121.3,1.617,69,345,-50.2,144.5,198.0,1410,1.22,0.829,0.561,1701.3,3,2025-06-12,161.7,2025,2025-06,2025-W24,2025-06-09
2025-06-13,SHORT,2025-06-13 10:00:00-04:00,42355.3,42430.3,42092.8,75,262.5,SL,42430.3,-75.0,-1.0,13,65,-107.7,113.3,147.0,1952,1.666,1.003,1.488,1946.3,4,2025-06-13,-100.0,2025,2025-06,2025-W24,2025-06-09
2025-06-16,LONG,2025-06-16 10:00:00-04:00,42658.3,42583.3,42920.8,75,262.5,SL,42583.3,-75.0,-1.0,19,95,-85.3,66.2,68.2,1712,1.772,0.924,1.266,1853.5,0,2025-06-16,-100.0,2025,2025-06,2025-W25,2025-06-16
2025-06-17,LONG,2025-06-17 10:00:00-04:00,42415.2,42340.2,42677.7,75,262.5,SL,42340.2,-75.0,-1.0,41,205,-106.3,132.2,103.8,1540,1.756,0.91,1.188,1691.7,1,2025-06-17,-100.0,2025,2025-06,2025-W25,2025-06-16
2025-06-18,LONG,2025-06-18 10:00:00-04:00,42339.5,42264.5,42602.0,75,262.5,SL,42264.5,-75.0,-1.0,42,210,-75.5,180.2,61.0,1624,1.785,0.998,1.452,1627.0,2,2025-06-18,-100.0,2025,2025-06,2025-W25,2025-06-16
2025-06-19,SHORT,2025-06-19 10:00:00-04:00,41820.4,41895.4,41557.9,75,262.5,TIMEOUT,41782.9,37.5,0.5,35,175,-53.2,63.8,120.0,988,1.492,1.014,1.245,974.0,3,2025-06-19,50.0,2025,2025-06,2025-W25,2025-06-16
2025-06-23,LONG,2025-06-23 10:00:00-04:00,42378.7,42303.7,42641.2,75,262.5,SL,42303.7,-75.0,-1.0,8,40,-99.5,54.5,123.0,1744,1.831,1.019,1.478,1711.7,0,2025-06-23,-100.0,2025,2025-06,2025-W26,2025-06-23
2025-06-25,SHORT,2025-06-25 10:00:00-04:00,43078.4,43153.4,42815.9,75,262.5,TIMEOUT,42982.7,95.7,1.276,72,360,-16.0,207.7,40.0,1444,1.816,0.903,1.193,1599.0,2,2025-06-25,127.6,2025,2025-06,2025-W26,2025-06-23
2025-06-26,LONG,2025-06-26 10:00:00-04:00,43177.1,43102.1,43439.6,75,262.5,TP,43439.6,262.5,3.5,70,350,-45.0,264.0,71.8,1452,1.617,0.94,1.208,1544.0,3,2025-06-26,350.0,2025,2025-06,2025-W26,2025-06-23
2025-06-27,LONG,2025-06-27 10:00:00-04:00,43733.7,43658.7,43996.2,75,262.5,SL,43658.7,-75.0,-1.0,53,265,-93.0,261.5,62.0,1450,1.737,0.992,1.349,1461.0,4,2025-06-27,-100.0,2025,2025-06,2025-W26,2025-06-23
2025-06-30,SHORT,2025-06-30 10:00:00-04:00,44014.3,44089.3,43751.8,75,262.5,SL,44089.3,-75.0,-1.0,21,105,-79.5,91.7,68.3,1478,1.94,0.913,1.245,1618.0,0,2025-06-30,-100.0,2025,2025-06,2025-W27,2025-06-30
2025-07-01,LONG,2025-07-01 10:00:00-04:00,44216.2,44141.2,44478.7,75,262.5,TP,44478.7,262.5,3.5,16,80,0.0,293.0,81.5,1638,1.935,1.045,1.571,1567.7,1,2025-07-01,350.0,2025,2025-07,2025-W27,2025-06-30
2025-07-02,SHORT,2025-07-02 10:00:00-04:00,44415.8,44490.8,44153.3,75,262.5,SL,44490.8,-75.0,-1.0,7,35,-84.0,37.2,129.7,998,1.346,0.965,1.218,1034.3,2,2025-07-02,-100.0,2025,2025-07,2025-W27,2025-06-30
2025-07-03,LONG,2025-07-03 10:00:00-04:00,44790.9,44715.9,45053.4,75,262.5,TIMEOUT,44834.6,43.7,0.583,38,190,-22.0,110.5,109.7,992,1.425,1.016,1.222,976.0,3,2025-07-03,58.3,2025,2025-07,2025-W27,2025-06-30
2025-07-04,LONG,2025-07-04 10:05:00-04:00,44618.4,44543.4,44880.9,75,262.5,TIMEOUT,44579.4,-39.0,-0.52,34,170,-50.5,31.8,36.7,438,1.23,0.8,0.565,547.3,4,2025-07-04,-52.0,2025,2025-07,2025-W27,2025-06-30
2025-07-07,SHORT,2025-07-07 10:00:00-04:00,44715.4,44790.4,44452.9,75,262.5,TP,44452.9,262.5,3.5,27,135,-15.0,299.5,136.2,966,1.611,0.966,1.284,1000.3,0,2025-07-07,350.0,2025,2025-07,2025-W28,2025-07-07
2025-07-08,SHORT,2025-07-08 10:00:00-04:00,44327.1,44402.1,44064.6,75,262.5,SL,44402.1,-75.0,-1.0,29,145,-81.5,86.0,60.5,980,1.698,0.997,1.451,983.0,1,2025-07-08,-100.0,2025,2025-07,2025-W28,2025-07-07
2025-07-09,LONG,2025-07-09 10:00:00-04:00,44468.9,44393.9,44731.4,75,262.5,SL,44393.9,-75.0,-1.0,6,30,-133.0,29.0,98.7,916,1.599,0.922,1.189,994.0,2,2025-07-09,-100.0,2025,2025-07,2025-W28,2025-07-07
2025-07-10,LONG,2025-07-10 10:00:00-04:00,44529.7,44454.7,44792.2,75,262.5,TP,44792.2,262.5,3.5,46,230,-4.2,269.5,85.5,966,1.643,0.969,1.364,997.3,3,2025-07-10,350.0,2025,2025-07,2025-W28,2025-07-07
2025-07-14,LONG,2025-07-14 10:00:00-04:00,44360.5,44285.5,44623.0,75,262.5,TIMEOUT,44450.8,90.3,1.204,72,360,-52.8,129.0,113.5,990,1.765,1.005,1.466,985.0,0,2025-07-14,120.4,2025,2025-07,2025-W29,2025-07-14
2025-07-15,SHORT,2025-07-15 10:00:00-04:00,44307.2,44382.2,44044.7,75,262.5,TP,44044.7,262.5,3.5,71,355,-55.0,280.0,122.0,1062,1.43,0.982,1.304,1081.3,1,2025-07-15,350.0,2025,2025-07,2025-W29,2025-07-14
2025-07-16,SHORT,2025-07-16 10:00:00-04:00,44100.9,44175.9,43838.4,75,262.5,TP,43838.4,262.5,3.5,19,95,-72.0,328.5,109.0,976,1.432,0.916,1.044,1066.0,2,2025-07-16,350.0,2025,2025-07,2025-W29,2025-07-14
2025-07-17,LONG,2025-07-17 10:00:00-04:00,44433.6,44358.6,44696.1,75,262.5,SL,44358.6,-75.0,-1.0,4,20,-109.0,54.0,139.8,870,1.398,0.91,1.059,956.0,3,2025-07-17,-100.0,2025,2025-07,2025-W29,2025-07-14
2025-07-18,SHORT,2025-07-18 10:00:00-04:00,44395.9,44470.9,44133.4,75,262.5,TIMEOUT,44348.2,47.7,0.636,72,360,-2.0,171.5,73.7,996,1.633,1.015,1.411,981.7,4,2025-07-18,63.6,2025,2025-07,2025-W29,2025-07-14
2025-07-21,LONG,2025-07-21 10:00:00-04:00,44519.8,44444.8,44782.3,75,262.5,SL,44444.8,-75.0,-1.0,3,15,-83.2,4.0,60.0,886,1.819,0.953,1.303,929.3,0,2025-07-21,-100.0,2025,2025-07,2025-W30,2025-07-21
2025-07-22,LONG,2025-07-22 10:00:00-04:00,44398.1,44323.1,44660.6,75,262.5,SL,44323.1,-75.0,-1.0,2,10,-79.7,12.5,53.3,1116,2.086,1.066,1.701,1047.0,1,2025-07-22,-100.0,2025,2025-07,2025-W30,2025-07-21
2025-07-23,SHORT,2025-07-23 10:00:00-04:00,44700.4,44775.4,44437.9,75,262.5,SL,44775.4,-75.0,-1.0,22,110,-172.5,14.0,47.2,900,1.632,0.901,1.132,999.0,2,2025-07-23,-100.0,2025,2025-07,2025-W30,2025-07-21
2025-07-24,LONG,2025-07-24 10:05:00-04:00,44868.1,44793.1,45130.6,75,262.5,SL,44793.1,-75.0,-1.0,26,130,-82.0,65.0,168.0,910,1.286,0.917,0.887,992.7,3,2025-07-24,-100.0,2025,2025-07,2025-W30,2025-07-21
2025-07-25,SHORT,2025-07-25 10:00:00-04:00,44652.9,44727.9,44390.4,75,262.5,SL,44727.9,-75.0,-1.0,2,10,-93.0,3.0,57.7,900,1.641,0.956,1.221,941.0,4,2025-07-25,-100.0,2025,2025-07,2025-W30,2025-07-21
2025-07-29,SHORT,2025-07-29 10:00:00-04:00,44831.2,44906.2,44568.7,75,262.5,TIMEOUT,44671.0,160.2,2.136,72,360,-33.0,241.0,81.3,950,1.67,0.937,1.252,1014.3,1,2025-07-29,213.6,2025,2025-07,2025-W31,2025-07-28
2025-07-30,LONG,2025-07-30 10:25:00-04:00,44734.9,44659.9,44997.4,75,262.5,SL,44659.9,-75.0,-1.0,7,35,-98.5,27.0,88.5,890,1.239,0.897,0.68,992.7,2,2025-07-30,-100.0,2025,2025-07,2025-W31,2025-07-28
2025-08-01,SHORT,2025-08-01 10:00:00-04:00,43429.0,43504.0,43166.5,75,262.5,SL,43504.0,-75.0,-1.0,2,10,-105.5,70.0,186.2,1172,1.258,1.022,1.231,1146.7,4,2025-08-01,-100.0,2025,2025-08,2025-W31,2025-07-28
2025-08-04,LONG,2025-08-04 10:00:00-04:00,44020.5,43945.5,44283.0,75,262.5,TIMEOUT,44202.3,181.8,2.424,72,360,-65.7,196.5,74.0,962,1.587,0.942,1.273,1021.0,0,2025-08-04,242.4,2025,2025-08,2025-W32,2025-08-04
2025-08-05,SHORT,2025-08-05 10:00:00-04:00,44109.8,44184.8,43847.3,75,262.5,SL,44184.8,-75.0,-1.0,30,150,-91.0,175.0,141.0,1140,1.887,1.154,1.926,988.0,1,2025-08-05,-100.0,2025,2025-08,2025-W32,2025-08-04
2025-08-06,SHORT,2025-08-06 10:00:00-04:00,44155.1,44230.1,43892.6,75,262.5,SL,44230.1,-75.0,-1.0,10,50,-84.0,129.0,91.0,1070,1.639,0.951,1.325,1125.7,2,2025-08-06,-100.0,2025,2025-08,2025-W32,2025-08-04
2025-08-07,SHORT,2025-08-07 10:00:00-04:00,44293.3,44368.3,44030.8,75,262.5,TP,44030.8,262.5,3.5,9,45,-16.0,319.0,79.5,1104,1.665,1.014,1.551,1089.0,3,2025-08-07,350.0,2025,2025-08,2025-W32,2025-08-04
2025-08-08,LONG,2025-08-08 10:00:00-04:00,44216.8,44141.8,44479.3,75,262.5,SL,44141.8,-75.0,-1.0,10,50,-100.0,69.0,90.3,902,1.429,0.894,1.034,1009.0,4,2025-08-08,-100.0,2025,2025-08,2025-W32,2025-08-04
2025-08-11,SHORT,2025-08-11 10:00:00-04:00,44212.4,44287.4,43949.9,75,262.5,TP,43949.9,262.5,3.5,56,280,0.0,272.0,93.0,878,1.553,0.904,1.112,971.3,0,2025-08-11,350.0,2025,2025-08,2025-W33,2025-08-11
2025-08-12,LONG,2025-08-12 10:00:00-04:00,44358.6,44283.6,44621.1,75,262.5,TIMEOUT,44472.1,113.5,1.513,72,360,-13.0,162.0,287.5,1122,1.233,1.011,1.186,1109.7,1,2025-08-12,151.3,2025,2025-08,2025-W33,2025-08-11
2025-08-13,LONG,2025-08-13 10:00:00-04:00,44880.3,44805.3,45142.8,75,262.5,SL,44805.3,-75.0,-1.0,5,25,-99.0,32.0,62.0,936,1.928,0.989,1.451,946.7,2,2025-08-13,-100.0,2025,2025-08,2025-W33,2025-08-11
2025-08-15,SHORT,2025-08-15 10:00:00-04:00,45029.6,45104.6,44767.1,75,262.5,TIMEOUT,44937.9,91.7,1.223,72,360,-70.0,124.0,75.5,1052,1.605,1.031,1.538,1020.7,4,2025-08-15,122.3,2025,2025-08,2025-W33,2025-08-11
2025-08-18,SHORT,2025-08-18 10:00:00-04:00,44903.9,44978.9,44641.4,75,262.5,SL,44978.9,-75.0,-1.0,3,15,-79.7,0.0,58.0,900,1.712,0.901,1.162,999.3,0,2025-08-18,-100.0,2025,2025-08,2025-W34,2025-08-18
2025-08-19,LONG,2025-08-19 10:00:00-04:00,45157.1,45082.1,45419.6,75,262.5,SL,45082.1,-75.0,-1.0,10,50,-82.0,68.0,80.0,924,1.73,0.93,1.271,994.0,1,2025-08-19,-100.0,2025,2025-08,2025-W34,2025-08-18
2025-08-20,SHORT,2025-08-20 10:05:00-04:00,44839.9,44914.9,44577.4,75,262.5,SL,44914.9,-75.0,-1.0,14,70,-110.0,67.0,81.3,1052,1.636,0.994,1.296,1058.3,2,2025-08-20,-100.0,2025,2025-08,2025-W34,2025-08-18
2025-08-21,LONG,2025-08-21 10:00:00-04:00,44834.5,44759.5,45097.0,75,262.5,SL,44759.5,-75.0,-1.0,14,70,-89.0,63.0,62.0,1098,1.518,1.016,1.555,1080.7,3,2025-08-21,-100.0,2025,2025-08,2025-W34,2025-08-18
2025-08-22,LONG,2025-08-22 10:00:00-04:00,45434.7,45359.7,45697.2,75,262.5,TP,45697.2,262.5,3.5,11,55,-42.0,272.0,118.0,1224,2.342,1.27,2.358,964.0,4,2025-08-22,350.0,2025,2025-08,2025-W34,2025-08-18
2025-08-25,SHORT,2025-08-25 10:00:00-04:00,45485.0,45560.0,45222.5,75,262.5,TIMEOUT,45321.3,163.7,2.183,72,360,-22.0,202.0,69.5,900,1.744,0.936,1.272,961.3,0,2025-08-25,218.3,2025,2025-08,2025-W35,2025-08-25
2025-08-26,LONG,2025-08-26 10:00:00-04:00,45295.7,45220.7,45558.2,75,262.5,TIMEOUT,45420.5,124.8,1.664,72,360,-61.8,156.5,63.3,942,1.603,0.963,1.329,978.3,1,2025-08-26,166.4,2025,2025-08,2025-W35,2025-08-25
2025-08-27,LONG,2025-08-27 10:00:00-04:00,45510.4,45435.4,45772.9,75,262.5,TIMEOUT,45571.7,61.3,0.817,72,360,-16.0,136.5,81.0,898,1.585,0.981,1.352,915.7,2,2025-08-27,81.7,2025,2025-08,2025-W35,2025-08-25
2025-08-28,SHORT,2025-08-28 10:00:00-04:00,45498.1,45573.1,45235.6,75,262.5,SL,45573.1,-75.0,-1.0,23,115,-85.3,40.7,56.0,994,1.513,0.956,1.234,1040.0,3,2025-08-28,-100.0,2025,2025-08,2025-W35,2025-08-25
2025-08-29,SHORT,2025-08-29 10:00:00-04:00,45440.3,45515.3,45177.8,75,262.5,SL,45515.3,-75.0,-1.0,8,40,-76.0,53.0,95.2,1014,1.545,1.036,1.448,978.3,4,2025-08-29,-100.0,2025,2025-08,2025-W35,2025-08-25
2025-09-01,LONG,2025-09-01 10:00:00-04:00,45555.1,45480.1,45817.6,75,262.5,TIMEOUT,45589.6,34.5,0.46,35,175,-8.5,61.0,47.3,482,1.592,1.1,1.364,438.0,0,2025-09-01,46.0,2025,2025-09,2025-W36,2025-09-01
2025-09-03,SHORT,2025-09-03 10:00:00-04:00,45135.5,45210.5,44873.0,75,262.5,SL,45210.5,-75.0,-1.0,5,25,-82.8,53.0,113.5,1066,1.629,1.011,1.488,1054.0,2,2025-09-03,-100.0,2025,2025-09,2025-W36,2025-09-01
2025-09-04,LONG,2025-09-04 10:00:00-04:00,45302.3,45227.3,45564.8,75,262.5,SL,45227.3,-75.0,-1.0,1,5,-76.0,0.0,63.0,1002,1.62,1.011,1.478,991.3,3,2025-09-04,-100.0,2025,2025-09,2025-W36,2025-09-01
2025-09-05,SHORT,2025-09-05 10:25:00-04:00,45385.0,45460.0,45122.5,75,262.5,SL,45460.0,-75.0,-1.0,59,295,-80.0,176.0,259.5,1140,1.23,1.05,1.215,1085.3,4,2025-09-05,-100.0,2025,2025-09,2025-W36,2025-09-01
2025-09-08,SHORT,2025-09-08 10:00:00-04:00,45316.0,45391.0,45053.5,75,262.5,SL,45391.0,-75.0,-1.0,4,20,-81.2,13.0,101.5,948,1.77,0.93,1.274,1019.0,0,2025-09-08,-100.0,2025,2025-09,2025-W37,2025-09-08
2025-09-09,SHORT,2025-09-09 10:20:00-04:00,45517.7,45592.7,45255.2,75,262.5,SL,45592.7,-75.0,-1.0,5,25,-77.5,73.8,83.5,900,1.213,0.883,0.516,1019.7,1,2025-09-09,-100.0,2025,2025-09,2025-W37,2025-09-08
2025-09-11,LONG,2025-09-11 10:00:00-04:00,45959.0,45884.0,46221.5,75,262.5,TIMEOUT,46124.6,165.6,2.208,72,360,-6.7,195.3,147.5,1002,1.209,0.996,0.959,1006.0,3,2025-09-11,220.8,2025,2025-09,2025-W37,2025-09-08
2025-09-12,SHORT,2025-09-12 10:15:00-04:00,45979.9,46054.9,45717.4,75,262.5,TIMEOUT,45908.4,71.5,0.953,67,335,-28.2,165.5,77.0,842,1.417,0.875,0.769,962.7,4,2025-09-12,95.3,2025,2025-09,2025-W37,2025-09-08
2025-09-15,SHORT,2025-09-15 10:00:00-04:00,45869.1,45944.1,45606.6,75,262.5,SL,45944.1,-75.0,-1.0,5,25,-76.0,31.3,63.5,1020,1.86,0.966,1.394,1056.0,0,2025-09-15,-100.0,2025,2025-09,2025-W38,2025-09-15
2025-09-16,SHORT,2025-09-16 10:00:00-04:00,45692.4,45767.4,45429.9,75,262.5,SL,45767.4,-75.0,-1.0,4,20,-93.3,26.7,83.7,1044,1.843,1.011,1.487,1033.0,1,2025-09-16,-100.0,2025,2025-09,2025-W38,2025-09-15
2025-09-17,LONG,2025-09-17 10:00:00-04:00,46028.8,45953.8,46291.3,75,262.5,SL,45953.8,-75.0,-1.0,3,15,-77.0,9.0,84.5,934,1.876,0.966,1.379,967.0,2,2025-09-17,-100.0,2025,2025-09,2025-W38,2025-09-15
2025-09-19,SHORT,2025-09-19 10:00:00-04:00,46187.1,46262.1,45924.6,75,262.5,SL,46262.1,-75.0,-1.0,27,135,-77.5,85.5,158.0,1032,1.603,0.948,1.227,1088.7,4,2025-09-19,-100.0,2025,2025-09,2025-W38,2025-09-15
2025-09-22,LONG,2025-09-22 10:00:00-04:00,46207.3,46132.3,46469.8,75,262.5,TIMEOUT,46402.1,194.8,2.597,71,355,-16.7,257.8,67.5,1024,1.889,1.026,1.564,997.7,0,2025-09-22,259.7,2025,2025-09,2025-W39,2025-09-22
2025-09-23,LONG,2025-09-23 10:00:00-04:00,46682.9,46607.9,46945.4,75,262.5,SL,46607.9,-75.0,-1.0,6,30,-92.0,59.5,26.5,1044,2.061,1.042,1.611,1002.0,1,2025-09-23,-100.0,2025,2025-09,2025-W39,2025-09-22
2025-09-24,SHORT,2025-09-24 10:30:00-04:00,46348.7,46423.7,46086.2,75,262.5,TIMEOUT,46129.2,219.5,2.927,65,325,-45.8,240.0,60.0,830,1.233,0.834,0.491,995.3,2,2025-09-24,292.7,2025,2025-09,2025-W39,2025-09-22
2025-09-29,SHORT,2025-09-29 10:00:00-04:00,46207.7,46282.7,45945.2,75,262.5,SL,46282.7,-75.0,-1.0,8,40,-101.0,6.0,91.0,988,1.654,0.936,1.237,1055.7,0,2025-09-29,-100.0,2025,2025-09,2025-W40,2025-09-29
2025-09-30,LONG,2025-09-30 10:00:00-04:00,46333.0,46258.0,46595.5,75,262.5,SL,46258.0,-75.0,-1.0,6,30,-119.5,44.5,87.0,1030,1.846,1.021,1.539,1008.7,1,2025-09-30,-100.0,2025,2025-09,2025-W40,2025-09-29
2025-10-01,LONG,2025-10-01 10:00:00-04:00,46345.4,46270.4,46607.9,75,262.5,TIMEOUT,46435.2,89.8,1.197,72,360,-15.0,204.8,104.0,1100,1.554,1.01,1.412,1088.7,2,2025-10-01,119.7,2025,2025-10,2025-W40,2025-09-29
2025-10-02,LONG,2025-10-02 10:00:00-04:00,46507.1,46432.1,46769.6,75,262.5,SL,46432.1,-75.0,-1.0,1,5,-79.0,3.0,56.2,1024,1.831,0.959,1.325,1067.7,3,2025-10-02,-100.0,2025,2025-10,2025-W40,2025-09-29
2025-10-03,LONG,2025-10-03 10:00:00-04:00,46754.5,46679.5,47017.0,75,262.5,TP,47017.0,262.5,3.5,25,125,-27.0,272.0,68.2,1030,1.827,1.062,1.652,969.7,4,2025-10-03,350.0,2025,2025-10,2025-W40,2025-09-29
2025-10-06,SHORT,2025-10-06 10:00:00-04:00,46498.4,46573.4,46235.9,75,262.5,SL,46573.4,-75.0,-1.0,5,25,-79.7,63.1,56.4,1260,1.553,1.024,1.56,1230.0,0,2025-10-06,-100.0,2025,2025-10,2025-W41,2025-10-06
2025-10-07,SHORT,2025-10-07 10:00:00-04:00,46691.6,46766.6,46429.1,75,262.5,TIMEOUT,46630.2,61.4,0.819,72,360,-37.4,237.5,87.1,1224,1.641,0.975,1.363,1255.3,1,2025-10-07,81.9,2025,2025-10,2025-W41,2025-10-06
2025-10-08,SHORT,2025-10-08 10:00:00-04:00,46637.0,46712.0,46374.5,75,262.5,SL,46712.0,-75.0,-1.0,5,25,-78.9,12.8,67.2,1244,1.649,1.016,1.523,1224.0,2,2025-10-08,-100.0,2025,2025-10,2025-W41,2025-10-06
2025-10-09,SHORT,2025-10-09 10:00:00-04:00,46483.5,46558.5,46221.0,75,262.5,TIMEOUT,46368.0,115.5,1.54,72,360,-34.8,212.6,41.6,1232,1.684,0.978,1.386,1260.0,3,2025-10-09,154.0,2025,2025-10,2025-W41,2025-10-06
2025-10-10,LONG,2025-10-10 10:05:00-04:00,46541.0,46466.0,46803.5,75,262.5,SL,46466.0,-75.0,-1.0,2,10,-80.0,6.0,98.5,948,1.688,0.945,1.158,1003.0,4,2025-10-10,-100.0,2025,2025-10,2025-W41,2025-10-06
2025-10-13,LONG,2025-10-13 10:00:00-04:00,46006.6,45931.6,46269.1,75,262.5,SL,45931.6,-75.0,-1.0,2,10,-83.0,0.0,123.2,1150,1.425,0.959,1.232,1199.7,0,2025-10-13,-100.0,2025,2025-10,2025-W42,2025-10-13
2025-10-14,LONG,2025-10-14 10:15:00-04:00,45866.9,45791.9,46129.4,75,262.5,TP,46129.4,262.5,3.5,17,85,-40.0,269.3,244.0,1108,1.228,0.922,0.777,1202.3,1,2025-10-14,350.0,2025,2025-10,2025-W42,2025-10-13
2025-10-15,LONG,2025-10-15 10:00:00-04:00,46672.2,46597.2,46934.7,75,262.5,SL,46597.2,-75.0,-1.0,7,35,-94.0,38.0,95.5,1008,1.446,0.885,1.034,1139.0,2,2025-10-15,-100.0,2025,2025-10,2025-W42,2025-10-13
2025-10-16,SHORT,2025-10-16 10:05:00-04:00,46299.0,46374.0,46036.5,75,262.5,SL,46374.0,-75.0,-1.0,7,35,-136.0,50.0,105.5,1116,1.498,0.95,1.148,1174.7,3,2025-10-16,-100.0,2025,2025-10,2025-W42,2025-10-13
2025-10-17,LONG,2025-10-17 10:10:00-04:00,46186.7,46111.7,46449.2,75,262.5,SL,46111.7,-75.0,-1.0,1,5,-96.2,36.8,165.0,1164,1.21,0.973,0.998,1196.0,4,2025-10-17,-100.0,2025,2025-10,2025-W42,2025-10-13
2025-10-20,LONG,2025-10-20 10:00:00-04:00,46436.2,46361.2,46698.7,75,262.5,TP,46698.7,262.5,3.5,38,190,-31.3,262.7,122.0,1092,1.719,0.983,1.416,1110.3,0,2025-10-20,350.0,2025,2025-10,2025-W43,2025-10-20
2025-10-21,LONG,2025-10-21 10:05:00-04:00,46813.9,46738.9,47076.4,75,262.5,TP,47076.4,262.5,3.5,11,55,-2.0,310.0,70.0,976,1.557,0.918,1.045,1062.7,1,2025-10-21,350.0,2025,2025-10,2025-W43,2025-10-20
2025-10-22,SHORT,2025-10-22 10:00:00-04:00,46851.8,46926.8,46589.3,75,262.5,TP,46589.3,262.5,3.5,30,150,-38.0,335.0,71.0,970,1.705,0.907,1.199,1069.3,2,2025-10-22,350.0,2025,2025-10,2025-W43,2025-10-20
2025-10-23,LONG,2025-10-23 10:00:00-04:00,46629.1,46554.1,46891.6,75,262.5,SL,46554.1,-75.0,-1.0,3,15,-119.8,15.1,92.7,1202,1.427,0.994,1.418,1209.7,3,2025-10-23,-100.0,2025,2025-10,2025-W43,2025-10-20
2025-10-24,LONG,2025-10-24 10:00:00-04:00,47126.9,47051.9,47389.4,75,262.5,TIMEOUT,47236.9,110.0,1.467,72,360,-61.3,207.1,281.1,1196,1.334,0.983,1.172,1216.7,4,2025-10-24,146.7,2025,2025-10,2025-W43,2025-10-20
2025-10-27,LONG,2025-10-27 10:00:00-04:00,47507.8,47432.8,47770.3,75,262.5,SL,47432.8,-75.0,-1.0,10,50,-81.7,31.0,76.1,1192,1.772,0.979,1.408,1217.7,0,2025-10-27,-100.0,2025,2025-10,2025-W44,2025-10-27
2025-10-29,LONG,2025-10-29 10:00:00-04:00,47971.0,47896.0,48233.5,75,262.5,SL,47896.0,-75.0,-1.0,40,200,-79.1,60.9,108.3,1192,1.604,0.996,1.473,1196.7,2,2025-10-29,-100.0,2025,2025-10,2025-W44,2025-10-27
2025-10-30,LONG,2025-10-30 10:00:00-04:00,47812.0,47737.0,48074.5,75,262.5,SL,47737.0,-75.0,-1.0,37,185,-76.4,219.1,116.0,1284,1.267,0.988,1.374,1299.3,3,2025-10-30,-100.0,2025,2025-10,2025-W44,2025-10-27
2025-10-31,SHORT,2025-10-31 10:10:00-04:00,47535.5,47610.5,47273.0,75,262.5,SL,47610.5,-75.0,-1.0,6,30,-110.7,46.5,126.1,1204,1.329,0.97,1.043,1241.0,4,2025-10-31,-100.0,2025,2025-10,2025-W44,2025-10-27
2025-11-03,SHORT,2025-11-03 10:00:00-05:00,47371.4,47446.4,47108.9,75,262.5,TIMEOUT,47335.0,36.4,0.485,72,360,-68.2,236.9,109.7,1112,1.317,0.91,0.97,1221.7,0,2025-11-03,48.5,2025,2025-11,2025-W45,2025-11-03
2025-11-04,LONG,2025-11-04 10:00:00-05:00,47193.0,47118.0,47455.5,75,262.5,SL,47118.0,-75.0,-1.0,27,135,-103.8,82.8,72.1,1188,1.263,0.944,1.125,1259.0,1,2025-11-04,-100.0,2025,2025-11,2025-W45,2025-11-03
2025-11-05,LONG,2025-11-05 10:00:00-05:00,47211.6,47136.6,47474.1,75,262.5,SL,47136.6,-75.0,-1.0,4,20,-92.0,63.8,83.9,1244,1.42,1.008,1.49,1234.7,2,2025-11-05,-100.0,2025,2025-11,2025-W45,2025-11-03
2025-11-06,SHORT,2025-11-06 10:00:00-05:00,46926.3,47001.3,46663.8,75,262.5,SL,47001.3,-75.0,-1.0,1,5,-87.5,4.1,196.1,1278,1.465,1.02,1.391,1252.3,3,2025-11-06,-100.0,2025,2025-11,2025-W45,2025-11-03
2025-11-07,SHORT,2025-11-07 10:00:00-05:00,46728.9,46803.9,46466.4,75,262.5,SL,46803.9,-75.0,-1.0,1,5,-79.7,35.1,107.4,1256,1.288,0.981,1.317,1280.7,4,2025-11-07,-100.0,2025,2025-11,2025-W45,2025-11-03
2025-11-10,SHORT,2025-11-10 10:00:00-05:00,47125.9,47200.9,46863.4,75,262.5,SL,47200.9,-75.0,-1.0,34,170,-103.7,191.8,56.1,1226,1.522,0.987,1.43,1241.7,0,2025-11-10,-100.0,2025,2025-11,2025-W46,2025-11-10
2025-11-11,LONG,2025-11-11 10:00:00-05:00,47464.0,47389.0,47726.5,75,262.5,TP,47726.5,262.5,3.5,27,135,-57.6,283.0,63.7,1196,1.467,0.977,1.373,1224.0,1,2025-11-11,350.0,2025,2025-11,2025-W46,2025-11-10
2025-11-12,LONG,2025-11-12 10:00:00-05:00,48393.4,48318.4,48655.9,75,262.5,SL,48318.4,-75.0,-1.0,6,30,-106.3,7.2,39.4,1238,1.682,1.005,1.52,1232.3,2,2025-11-12,-100.0,2025,2025-11,2025-W46,2025-11-10
2025-11-14,SHORT,2025-11-14 10:00:00-05:00,46867.9,46942.9,46605.4,75,262.5,SL,46942.9,-75.0,-1.0,1,5,-77.0,22.0,135.8,1272,1.261,0.995,1.432,1278.3,4,2025-11-14,-100.0,2025,2025-11,2025-W46,2025-11-10
2025-11-17,LONG,2025-11-17 10:25:00-05:00,47159.9,47084.9,47422.4,75,262.5,SL,47084.9,-75.0,-1.0,1,5,-106.0,7.0,125.3,1230,1.203,0.981,0.794,1254.0,0,2025-11-17,-100.0,2025,2025-11,2025-W47,2025-11-17
2025-11-18,SHORT,2025-11-18 10:00:00-05:00,45989.6,46064.6,45727.1,75,262.5,SL,46064.6,-75.0,-1.0,1,5,-92.9,24.0,130.1,1274,1.268,0.981,1.357,1299.0,1,2025-11-18,-100.0,2025,2025-11,2025-W47,2025-11-17
2025-11-19,LONG,2025-11-19 10:05:00-05:00,46216.9,46141.9,46479.4,75,262.5,SL,46141.9,-75.0,-1.0,7,35,-103.7,89.1,132.0,1204,1.245,0.951,1.003,1266.7,2,2025-11-19,-100.0,2025,2025-11,2025-W47,2025-11-17
2025-11-24,SHORT,2025-11-24 10:05:00-05:00,46325.9,46400.9,46063.4,75,262.5,SL,46400.9,-75.0,-1.0,2,10,-104.1,42.4,100.7,1226,1.312,0.954,1.082,1285.3,0,2025-11-24,-100.0,2025,2025-11,2025-W48,2025-11-24
2025-11-25,LONG,2025-11-25 10:05:00-05:00,46640.1,46565.1,46902.6,75,262.5,SL,46565.1,-75.0,-1.0,1,5,-94.7,32.4,133.0,1274,1.276,1.01,1.378,1261.3,1,2025-11-25,-100.0,2025,2025-11,2025-W48,2025-11-24
2025-11-26,LONG,2025-11-26 10:00:00-05:00,47261.5,47186.5,47524.0,75,262.5,TP,47524.0,262.5,3.5,24,120,-42.9,279.9,116.7,1202,1.354,0.99,1.364,1214.0,2,2025-11-26,350.0,2025,2025-11,2025-W48,2025-11-24
2025-11-28,LONG,2025-11-28 10:10:00-05:00,47587.4,47512.4,47849.9,75,262.5,TIMEOUT,47679.9,92.5,1.233,36,180,0.0,145.1,129.7,876,1.945,1.052,1.306,832.7,4,2025-11-28,123.3,2025,2025-11,2025-W48,2025-11-24
2025-12-01,LONG,2025-12-01 10:00:00-05:00,47572.2,47497.2,47834.7,75,262.5,SL,47497.2,-75.0,-1.0,2,10,-85.1,0.0,120.1,1174,1.37,0.956,1.257,1228.3,0,2025-12-01,-100.0,2025,2025-12,2025-W49,2025-12-01
2025-12-02,LONG,2025-12-02 10:00:00-05:00,47438.6,47363.6,47701.1,75,262.5,SL,47363.6,-75.0,-1.0,5,25,-104.1,61.8,118.0,1206,1.49,0.973,1.36,1239.7,1,2025-12-02,-100.0,2025,2025-12,2025-W49,2025-12-01
2025-12-04,SHORT,2025-12-04 10:00:00-05:00,47819.0,47894.0,47556.5,75,262.5,SL,47894.0,-75.0,-1.0,4,20,-93.2,37.1,60.2,1204,1.4,0.954,1.217,1262.3,3,2025-12-04,-100.0,2025,2025-12,2025-W49,2025-12-01
2025-12-05,LONG,2025-12-05 10:00:00-05:00,48074.2,47999.2,48336.7,75,262.5,SL,47999.2,-75.0,-1.0,7,35,-76.3,29.5,152.0,1136,1.317,0.929,1.051,1223.3,4,2025-12-05,-100.0,2025,2025-12,2025-W49,2025-12-01
2025-12-08,SHORT,2025-12-08 10:00:00-05:00,47866.7,47941.7,47604.2,75,262.5,TP,47604.2,262.5,3.5,47,235,-2.7,269.3,72.3,1118,1.451,0.936,1.184,1194.3,0,2025-12-08,350.0,2025,2025-12,2025-W50,2025-12-08
2025-12-09,LONG,2025-12-09 10:00:00-05:00,47877.1,47802.1,48139.6,75,262.5,SL,47802.1,-75.0,-1.0,1,5,-75.1,0.2,82.9,1159,1.365,0.953,1.234,1215.7,1,2025-12-09,-100.0,2025,2025-12,2025-W50,2025-12-08
2025-12-10,LONG,2025-12-10 10:00:00-05:00,47637.0,47562.0,47899.5,75,262.5,TP,47899.5,262.5,3.5,49,245,-46.0,270.3,110.4,1206,1.458,0.98,1.34,1230.7,2,2025-12-10,350.0,2025,2025-12,2025-W50,2025-12-08
2025-12-11,LONG,2025-12-11 10:00:00-05:00,48239.4,48164.4,48501.9,75,262.5,TP,48501.9,262.5,3.5,6,30,-5.7,287.6,99.3,1254,1.423,1.003,1.46,1249.7,3,2025-12-11,350.0,2025,2025-12,2025-W50,2025-12-08
2025-12-12,SHORT,2025-12-12 10:10:00-05:00,48727.3,48802.3,48464.8,75,262.5,TP,48464.8,262.5,3.5,11,55,-49.4,279.8,63.3,1216,1.371,0.984,1.114,1235.7,4,2025-12-12,350.0,2025,2025-12,2025-W50,2025-12-08
2025-12-15,SHORT,2025-12-15 10:00:00-05:00,48437.5,48512.5,48175.0,75,262.5,TIMEOUT,48406.7,30.8,0.411,72,360,-68.5,175.9,63.9,1232,1.69,0.999,1.474,1233.0,0,2025-12-15,41.1,2025,2025-12,2025-W51,2025-12-15
2025-12-16,SHORT,2025-12-16 10:00:00-05:00,48279.7,48354.7,48017.2,75,262.5,SL,48354.7,-75.0,-1.0,1,5,-101.8,22.6,188.0,1234,1.212,0.988,1.233,1248.7,1,2025-12-16,-100.0,2025,2025-12,2025-W51,2025-12-15
2025-12-17,LONG,2025-12-17 10:00:00-05:00,48326.0,48251.0,48588.5,75,262.5,SL,48251.0,-75.0,-1.0,4,20,-93.7,47.7,89.6,1232,1.367,0.975,1.317,1263.0,2,2025-12-17,-100.0,2025,2025-12,2025-W51,2025-12-15
2025-12-18,LONG,2025-12-18 10:00:00-05:00,48230.2,48155.2,48492.7,75,262.5,SL,48155.2,-75.0,-1.0,2,10,-110.5,29.0,215.5,1232,1.233,0.978,1.072,1260.0,3,2025-12-18,-100.0,2025,2025-12,2025-W51,2025-12-15
2025-12-19,LONG,2025-12-19 10:00:00-05:00,48245.5,48170.5,48508.0,75,262.5,SL,48170.5,-75.0,-1.0,1,5,-77.5,2.0,146.2,1212,1.381,1.002,1.385,1210.0,4,2025-12-19,-100.0,2025,2025-12,2025-W51,2025-12-15
2025-12-22,LONG,2025-12-22 10:00:00-05:00,48241.0,48166.0,48503.5,75,262.5,TIMEOUT,48342.9,101.9,1.359,72,360,-34.9,201.0,94.5,1188,1.66,0.949,1.29,1251.7,0,2025-12-22,135.9,2025,2025-12,2025-W52,2025-12-22
2025-12-23,LONG,2025-12-23 10:00:00-05:00,48332.3,48257.3,48594.8,75,262.5,TIMEOUT,48409.7,77.4,1.032,72,360,-26.8,185.7,136.2,1090,1.354,0.943,1.103,1155.7,1,2025-12-23,103.2,2025,2025-12,2025-W52,2025-12-22
2025-12-24,LONG,2025-12-24 10:00:00-05:00,48543.0,48468.0,48805.5,75,262.5,TIMEOUT,48699.1,156.1,2.081,38,190,-19.8,222.2,60.6,1038,1.757,0.916,1.225,1132.7,2,2025-12-24,208.1,2025,2025-12,2025-W52,2025-12-22
2025-12-26,LONG,2025-12-26 10:30:00-05:00,48710.3,48635.3,48972.8,75,262.5,SL,48635.3,-75.0,-1.0,8,40,-87.6,16.8,53.2,1044,1.244,0.903,0.549,1155.7,4,2025-12-26,-100.0,2025,2025-12,2025-W52,2025-12-22
2025-12-29,SHORT,2025-12-29 10:00:00-05:00,48512.7,48587.7,48250.2,75,262.5,TIMEOUT,48440.3,72.4,0.965,72,360,-37.4,138.2,127.4,1150,1.429,0.944,1.155,1217.7,0,2025-12-29,96.5,2025,2025-12,2026-W01,2025-12-29
2025-12-30,SHORT,2025-12-30 10:00:00-05:00,48400.2,48475.2,48137.7,75,262.5,TIMEOUT,48361.5,38.7,0.516,72,360,-33.8,90.9,32.5,1178,1.633,0.985,1.434,1195.3,1,2025-12-30,51.6,2025,2025-12,2026-W01,2025-12-29
2025-12-31,SHORT,2025-12-31 10:00:00-05:00,48234.8,48309.8,47972.3,75,262.5,TIMEOUT,48155.7,79.1,1.055,58,290,-54.0,85.1,68.5,1142,1.657,0.962,1.355,1186.7,2,2025-12-31,105.5,2025,2025-12,2026-W01,2025-12-29
2026-01-02,SHORT,2026-01-02 10:00:00-05:00,48104.7,48179.7,47842.2,75,262.5,SL,48179.7,-75.0,-1.0,15,75,-124.1,237.0,72.2,1216,1.573,0.966,1.354,1258.7,4,2026-01-02,-100.0,2026,2026-01,2026-W01,2025-12-29
2026-01-05,LONG,2026-01-05 10:00:00-05:00,48964.3,48889.3,49226.8,75,262.5,TIMEOUT,48981.5,17.2,0.229,72,360,-48.4,242.5,166.4,1274,1.418,0.998,1.433,1276.0,0,2026-01-05,22.9,2026,2026-01,2026-W02,2026-01-05
2026-01-06,LONG,2026-01-06 10:00:00-05:00,49105.9,49030.9,49368.4,75,262.5,TP,49368.4,262.5,3.5,31,155,-53.3,265.8,62.8,1207,1.47,0.969,1.302,1245.7,1,2026-01-06,350.0,2026,2026-01,2026-W02,2026-01-05
2026-01-07,SHORT,2026-01-07 10:00:00-05:00,49285.7,49360.7,49023.2,75,262.5,SL,49360.7,-75.0,-1.0,22,110,-78.1,95.9,77.9,1218,1.552,0.995,1.433,1224.0,2,2026-01-07,-100.0,2026,2026-01,2026-W02,2026-01-05
2026-01-08,LONG,2026-01-08 10:00:00-05:00,49069.4,48994.4,49331.9,75,262.5,TP,49331.9,262.5,3.5,32,160,-13.3,268.5,98.2,1228,1.508,0.967,1.337,1270.0,3,2026-01-08,350.0,2026,2026-01,2026-W02,2026-01-05
2026-01-09,SHORT,2026-01-09 10:00:00-05:00,49226.0,49301.0,48963.5,75,262.5,SL,49301.0,-75.0,-1.0,3,15,-76.0,54.0,191.7,1260,1.284,1.002,1.269,1257.0,4,2026-01-09,-100.0,2026,2026-01,2026-W02,2026-01-05
2026-01-12,LONG,2026-01-12 10:00:00-05:00,49303.0,49228.0,49565.5,75,262.5,SL,49228.0,-75.0,-1.0,2,10,-119.7,6.0,93.7,1232,1.52,0.996,1.416,1236.3,0,2026-01-12,-100.0,2026,2026-01,2026-W03,2026-01-12
2026-01-13,SHORT,2026-01-13 10:00:00-05:00,49268.3,49343.3,49005.8,75,262.5,SL,49343.3,-75.0,-1.0,7,35,-94.1,72.2,226.4,1266,1.342,1.019,1.329,1243.0,1,2026-01-13,-100.0,2026,2026-01,2026-W03,2026-01-12
2026-01-14,SHORT,2026-01-14 10:00:00-05:00,48979.4,49054.4,48716.9,75,262.5,SL,49054.4,-75.0,-1.0,2,10,-156.2,21.1,74.2,1298,1.424,1.017,1.536,1276.0,2,2026-01-14,-100.0,2026,2026-01,2026-W03,2026-01-12
2026-01-15,LONG,2026-01-15 10:00:00-05:00,49352.7,49277.7,49615.2,75,262.5,TIMEOUT,49452.7,100.0,1.333,72,360,-19.4,234.9,147.1,1242,1.52,0.986,1.414,1259.3,3,2026-01-15,133.3,2026,2026-01,2026-W03,2026-01-12
2026-01-16,SHORT,2026-01-16 10:00:00-05:00,49298.1,49373.1,49035.6,75,262.5,SL,49373.1,-75.0,-1.0,1,5,-93.5,0.0,73.8,1220,1.42,0.968,1.287,1260.3,4,2026-01-16,-100.0,2026,2026-01,2026-W03,2026-01-12
2026-01-22,LONG,2026-01-22 10:15:00-05:00,49347.7,49272.7,49610.2,75,262.5,TIMEOUT,49358.3,10.6,0.141,69,345,-38.6,260.0,136.3,1218,1.26,0.944,0.871,1289.7,3,2026-01-22,14.1,2026,2026-01,2026-W04,2026-01-19
2026-01-23,SHORT,2026-01-23 10:00:00-05:00,49093.2,49168.2,48830.7,75,262.5,SL,49168.2,-75.0,-1.0,11,55,-78.2,76.2,178.7,1200,1.346,0.979,1.369,1226.3,4,2026-01-23,-100.0,2026,2026-01,2026-W04,2026-01-19
2026-01-26,LONG,2026-01-26 10:00:00-05:00,49263.9,49188.9,49526.4,75,262.5,SL,49188.9,-75.0,-1.0,15,75,-76.5,90.1,110.0,1190,1.418,0.959,1.297,1241.3,0,2026-01-26,-100.0,2026,2026-01,2026-W05,2026-01-26
2026-01-27,SHORT,2026-01-27 10:00:00-05:00,48969.2,49044.2,48706.7,75,262.5,SL,49044.2,-75.0,-1.0,15,75,-120.1,93.5,152.2,1186,1.42,0.954,1.246,1243.3,1,2026-01-27,-100.0,2026,2026-01,2026-W05,2026-01-26
2026-01-28,SHORT,2026-01-28 10:05:00-05:00,48921.8,48996.8,48659.3,75,262.5,SL,48996.8,-75.0,-1.0,3,15,-78.7,24.5,89.0,1232,1.363,0.993,1.28,1240.7,2,2026-01-28,-100.0,2026,2026-01,2026-W05,2026-01-26
2026-01-29,SHORT,2026-01-29 10:00:00-05:00,48934.8,49009.8,48672.3,75,262.5,TP,48672.3,262.5,3.5,9,45,-53.4,267.4,129.2,1302,1.498,1.01,1.495,1289.3,3,2026-01-29,350.0,2026,2026-01,2026-W05,2026-01-26
2026-01-30,LONG,2026-01-30 10:05:00-05:00,48924.8,48849.8,49187.3,75,262.5,SL,48849.8,-75.0,-1.0,4,20,-125.1,28.5,176.2,1262,1.203,0.986,1.22,1280.3,4,2026-01-30,-100.0,2026,2026-01,2026-W05,2026-01-26
2026-02-02,LONG,2026-02-02 10:00:00-05:00,49080.3,49005.3,49342.8,75,262.5,TP,49342.8,262.5,3.5,14,70,-4.5,276.5,131.2,1268,1.294,0.996,1.445,1273.0,0,2026-02-02,350.0,2026,2026-02,2026-W06,2026-02-02
2026-02-03,LONG,2026-02-03 10:00:00-05:00,49426.8,49351.8,49689.3,75,262.5,SL,49351.8,-75.0,-1.0,9,45,-80.9,105.1,135.7,1286,1.43,0.988,1.405,1301.0,1,2026-02-03,-100.0,2026,2026-02,2026-W06,2026-02-02
2026-02-04,LONG,2026-02-04 10:05:00-05:00,49448.3,49373.3,49710.8,75,262.5,SL,49373.3,-75.0,-1.0,28,140,-124.6,194.3,138.0,1288,1.275,0.998,1.299,1290.7,2,2026-02-04,-100.0,2026,2026-02,2026-W06,2026-02-02
2026-02-06,LONG,2026-02-06 10:00:00-05:00,49639.9,49564.9,49902.4,75,262.5,TP,49902.4,262.5,3.5,33,165,-12.9,288.5,127.9,1302,1.334,0.993,1.435,1311.3,4,2026-02-06,350.0,2026,2026-02,2026-W06,2026-02-02
2026-02-09,SHORT,2026-02-09 10:05:00-05:00,49968.6,50043.6,49706.1,75,262.5,SL,50043.6,-75.0,-1.0,3,15,-130.0,17.0,134.0,906,1.408,0.856,0.868,1058.3,0,2026-02-09,-100.0,2026,2026-02,2026-W07,2026-02-09
2026-02-10,LONG,2026-02-10 10:00:00-05:00,50465.6,50390.6,50728.1,75,262.5,SL,50390.6,-75.0,-1.0,2,10,-134.0,12.0,203.5,842,1.491,0.841,0.926,1000.7,1,2026-02-10,-100.0,2026,2026-02,2026-W07,2026-02-09
2026-02-12,LONG,2026-02-12 10:00:00-05:00,50327.7,50252.7,50590.2,75,262.5,SL,50252.7,-75.0,-1.0,5,25,-77.4,57.5,123.7,1245,1.297,0.965,1.252,1290.3,3,2026-02-12,-100.0,2026,2026-02,2026-W07,2026-02-09
2026-02-18,LONG,2026-02-18 10:00:00-05:00,49795.6,49720.6,50058.1,75,262.5,SL,49720.6,-75.0,-1.0,44,220,-106.3,97.5,135.8,1190,1.237,0.952,1.111,1250.5,2,2026-02-18,-100.0,2026,2026-02,2026-W08,2026-02-16
2026-02-19,SHORT,2026-02-19 10:05:00-05:00,49379.2,49454.2,49116.7,75,262.5,SL,49454.2,-75.0,-1.0,2,10,-122.9,0.0,95.3,1270,1.306,0.988,1.271,1285.3,3,2026-02-19,-100.0,2026,2026-02,2026-W08,2026-02-16
2026-02-20,LONG,2026-02-20 10:05:00-05:00,49526.9,49451.9,49789.4,75,262.5,SL,49451.9,-75.0,-1.0,1,5,-151.1,71.1,166.4,1310,1.212,1.039,1.401,1261.0,4,2026-02-20,-100.0,2026,2026-02,2026-W08,2026-02-16
2026-02-23,SHORT,2026-02-23 10:00:00-05:00,49102.1,49177.1,48839.6,75,262.5,TP,48839.6,262.5,3.5,12,60,-13.5,286.2,131.3,1273,1.383,1.001,1.484,1272.0,0,2026-02-23,350.0,2026,2026-02,2026-W09,2026-02-23
2026-02-24,LONG,2026-02-24 10:00:00-05:00,49010.2,48935.2,49272.7,75,262.5,TP,49272.7,262.5,3.5,44,220,-7.2,265.7,136.7,1265,1.321,0.981,1.346,1289.3,1,2026-02-24,350.0,2026,2026-02,2026-W09,2026-02-23
2026-02-25,SHORT,2026-02-25 10:00:00-05:00,49262.9,49337.9,49000.4,75,262.5,SL,49337.9,-75.0,-1.0,13,65,-85.7,73.6,126.0,1199,1.373,0.971,1.281,1235.0,2,2026-02-25,-100.0,2026,2026-02,2026-W09,2026-02-23
2026-02-26,SHORT,2026-02-26 10:10:00-05:00,49517.3,49592.3,49254.8,75,262.5,TP,49254.8,262.5,3.5,3,15,-0.6,287.8,162.1,1251,1.419,0.968,1.1,1293.0,3,2026-02-26,350.0,2026,2026-02,2026-W09,2026-02-23
2026-03-02,LONG,2026-03-02 10:00:00-05:00,48804.5,48729.5,49067.0,75,262.5,SL,48729.5,-75.0,-1.0,6,30,-113.6,105.3,168.0,1265,1.242,0.98,1.277,1290.3,0,2026-03-02,-100.0,2026,2026-03,2026-W10,2026-03-02
2026-03-05,SHORT,2026-03-05 10:05:00-05:00,48242.7,48317.7,47980.2,75,262.5,TP,47980.2,262.5,3.5,12,60,-46.2,282.4,236.0,1288,1.208,0.999,1.326,1289.7,3,2026-03-05,350.0,2026,2026-03,2026-W10,2026-03-02
2026-03-16,LONG,2026-03-16 10:00:00-04:00,47101.6,47026.6,47364.1,75,262.5,SL,47026.6,-75.0,-1.0,6,30,-124.8,90.6,123.8,1229,1.249,0.986,1.308,1246.2,0,2026-03-16,-100.0,2026,2026-03,2026-W12,2026-03-16
2026-03-17,LONG,2026-03-17 10:00:00-04:00,47261.0,47186.0,47523.5,75,262.5,SL,47186.0,-75.0,-1.0,2,10,-77.2,46.7,367.7,1199,1.2,0.983,1.269,1219.2,1,2026-03-17,-100.0,2026,2026-03,2026-W12,2026-03-16
2026-03-26,LONG,2026-03-26 10:00:00-04:00,46479.3,46404.3,46741.8,75,262.5,SL,46404.3,-75.0,-1.0,2,10,-82.2,28.2,184.8,1043,1.244,1.004,1.503,1038.5,3,2026-03-26,-100.0,2026,2026-03,2026-W13,2026-03-23
2026-03-27,SHORT,2026-03-27 10:00:00-04:00,45507.6,45582.6,45245.1,75,262.5,SL,45582.6,-75.0,-1.0,3,15,-98.0,86.2,149.4,1050,1.2,1.017,1.589,1032.3,4,2026-03-27,-100.0,2026,2026-03,2026-W13,2026-03-23
2026-04-06,LONG,2026-04-06 10:05:00-04:00,46531.0,46456.0,46793.5,75,262.5,SL,46456.0,-75.0,-1.0,37,185,-91.1,156.5,123.0,1159,1.204,1.0,1.258,1159.5,0,2026-04-06,-100.0,2026,2026-04,2026-W15,2026-04-06
2026-04-13,LONG,2026-04-13 10:00:00-04:00,47644.0,47569.0,47906.5,75,262.5,TP,47906.5,262.5,3.5,31,155,-36.0,264.0,217.0,900,1.524,0.983,1.412,915.3,0,2026-04-13,350.0,2026,2026-04,2026-W16,2026-04-13
2026-04-14,LONG,2026-04-14 10:00:00-04:00,48403.0,48328.0,48665.5,75,262.5,TIMEOUT,48532.0,129.0,1.72,72,360,-30.0,189.0,83.5,896,1.561,0.982,1.369,912.0,1,2026-04-14,172.0,2026,2026-04,2026-W16,2026-04-13
2026-04-15,SHORT,2026-04-15 10:00:00-04:00,48359.0,48434.0,48096.5,75,262.5,SL,48434.0,-75.0,-1.0,5,25,-87.0,7.0,131.9,858,1.769,0.944,1.323,909.3,2,2026-04-15,-100.0,2026,2026-04,2026-W16,2026-04-13
2026-04-16,SHORT,2026-04-16 10:00:00-04:00,48385.0,48460.0,48122.5,75,262.5,SL,48460.0,-75.0,-1.0,13,65,-102.0,60.0,64.0,884,1.869,0.969,1.384,912.3,3,2026-04-16,-100.0,2026,2026-04,2026-W16,2026-04-13
2026-04-20,LONG,2026-04-20 10:00:00-04:00,49466.0,49391.0,49728.5,75,262.5,SL,49391.0,-75.0,-1.0,2,10,-96.0,4.0,160.8,846,1.443,0.935,1.154,905.0,0,2026-04-20,-100.0,2026,2026-04,2026-W17,2026-04-20
2026-04-21,LONG,2026-04-21 10:00:00-04:00,49790.0,49715.0,50052.5,75,262.5,SL,49715.0,-75.0,-1.0,4,20,-79.0,10.0,100.0,850,1.39,0.943,1.13,901.7,1,2026-04-21,-100.0,2026,2026-04,2026-W17,2026-04-20
2026-04-22,LONG,2026-04-22 10:05:00-04:00,49576.0,49501.0,49838.5,75,262.5,SL,49501.0,-75.0,-1.0,5,25,-85.0,43.0,132.5,798,1.228,0.865,0.709,923.0,2,2026-04-22,-100.0,2026,2026-04,2026-W17,2026-04-20
2026-04-23,LONG,2026-04-23 10:05:00-04:00,49355.0,49280.0,49617.5,75,262.5,SL,49280.0,-75.0,-1.0,35,175,-97.0,164.0,164.0,840,1.327,0.947,1.002,887.3,3,2026-04-23,-100.0,2026,2026-04,2026-W17,2026-04-20
2026-04-24,SHORT,2026-04-24 10:00:00-04:00,49123.0,49198.0,48860.5,75,262.5,SL,49198.0,-75.0,-1.0,20,100,-99.0,48.0,175.0,936,1.415,1.004,1.417,932.0,4,2026-04-24,-100.0,2026,2026-04,2026-W17,2026-04-20
2026-04-27,LONG,2026-04-27 10:00:00-04:00,49220.6,49145.6,49483.1,75,262.5,SL,49145.6,-75.0,-1.0,11,55,-82.6,31.4,97.0,852,1.447,0.895,1.033,952.3,0,2026-04-27,-100.0,2026,2026-04,2026-W18,2026-04-27
2026-04-28,SHORT,2026-04-28 10:00:00-04:00,49182.0,49257.0,48919.5,75,262.5,SL,49257.0,-75.0,-1.0,24,120,-84.0,107.0,150.2,892,1.337,0.953,1.118,935.7,1,2026-04-28,-100.0,2026,2026-04,2026-W18,2026-04-27
2026-04-29,SHORT,2026-04-29 10:00:00-04:00,48942.0,49017.0,48679.5,75,262.5,TIMEOUT,48871.9,70.1,0.935,72,360,-69.0,255.0,118.5,860,1.402,0.917,1.077,937.3,2,2026-04-29,93.5,2026,2026-04,2026-W18,2026-04-27
2026-04-30,LONG,2026-04-30 10:05:00-04:00,49265.0,49190.0,49527.5,75,262.5,TP,49527.5,262.5,3.5,21,105,-22.0,284.0,193.0,882,1.341,0.934,1.052,944.0,3,2026-04-30,350.0,2026,2026-04,2026-W18,2026-04-27
2026-05-01,LONG,2026-05-01 10:00:00-04:00,49973.0,49898.0,50235.5,75,262.5,SL,49898.0,-75.0,-1.0,5,25,-88.0,14.0,138.0,900,1.735,0.961,1.306,937.0,4,2026-05-01,-100.0,2026,2026-05,2026-W18,2026-04-27
2026-05-04,SHORT,2026-05-04 10:00:00-04:00,49281.0,49356.0,49018.5,75,262.5,SL,49356.0,-75.0,-1.0,3,15,-83.0,50.0,117.0,810,1.288,0.896,0.854,904.0,0,2026-05-04,-100.0,2026,2026-05,2026-W19,2026-05-04
2026-05-05,LONG,2026-05-05 10:05:00-04:00,49212.0,49137.0,49474.5,75,262.5,SL,49137.0,-75.0,-1.0,2,10,-94.0,37.0,89.9,810,1.57,0.929,1.1,872.3,1,2026-05-05,-100.0,2026,2026-05,2026-W19,2026-05-04
2026-05-06,LONG,2026-05-06 10:00:00-04:00,49858.0,49783.0,50120.5,75,262.5,SL,49783.0,-75.0,-1.0,1,5,-100.0,0.0,189.6,904,1.344,0.932,1.089,970.3,2,2026-05-06,-100.0,2026,2026-05,2026-W19,2026-05-04
2026-05-07,SHORT,2026-05-07 10:00:00-04:00,49891.0,49966.0,49628.5,75,262.5,TP,49628.5,262.5,3.5,34,170,-27.0,277.0,93.0,858,1.539,0.911,1.146,942.0,3,2026-05-07,350.0,2026,2026-05,2026-W19,2026-05-04
2026-05-08,SHORT,2026-05-08 10:00:00-04:00,49679.0,49754.0,49416.5,75,262.5,TIMEOUT,49603.0,76.0,1.013,72,360,-59.0,210.0,156.0,814,1.259,0.875,0.808,930.0,4,2026-05-08,101.3,2026,2026-05,2026-W19,2026-05-04
2026-05-11,LONG,2026-05-11 10:00:00-04:00,49601.0,49526.0,49863.5,75,262.5,TIMEOUT,49701.0,100.0,1.333,72,360,-55.0,166.0,96.0,898,1.615,0.94,1.246,955.0,0,2026-05-11,133.3,2026,2026-05,2026-W20,2026-05-11
2026-05-12,SHORT,2026-05-12 10:00:00-04:00,49419.0,49494.0,49156.5,75,262.5,SL,49494.0,-75.0,-1.0,19,95,-76.0,77.0,118.0,926,1.496,0.975,1.263,949.3,1,2026-05-12,-100.0,2026,2026-05,2026-W20,2026-05-11
2026-05-14,SHORT,2026-05-14 10:00:00-04:00,49958.0,50033.0,49695.5,75,262.5,SL,50033.0,-75.0,-1.0,11,55,-128.0,89.0,105.0,906,1.607,0.948,1.301,955.7,3,2026-05-14,-100.0,2026,2026-05,2026-W20,2026-05-11
2026-05-18,LONG,2026-05-18 10:00:00-04:00,49654.0,49579.0,49916.5,75,262.5,SL,49579.0,-75.0,-1.0,7,35,-93.0,68.0,281.0,936,1.284,0.96,1.028,974.7,0,2026-05-18,-100.0,2026,2026-05,2026-W21,2026-05-18
2026-05-20,SHORT,2026-05-20 10:00:00-04:00,49347.0,49422.0,49084.5,75,262.5,SL,49422.0,-75.0,-1.0,3,15,-265.0,77.0,159.0,898,1.491,0.926,1.166,970.0,2,2026-05-20,-100.0,2026,2026-05,2026-W21,2026-05-18
2026-05-21,LONG,2026-05-21 10:00:00-04:00,50029.0,49954.0,50291.5,75,262.5,SL,49954.0,-75.0,-1.0,8,40,-92.0,64.6,123.0,980,1.37,0.997,1.414,983.3,3,2026-05-21,-100.0,2026,2026-05,2026-W21,2026-05-18
2026-05-25,SHORT,2026-05-25 12:50:00-04:00,51056.0,51131.0,50793.5,75,262.5,TIMEOUT,51096.0,-40.0,-0.533,1,5,-42.0,2.0,77.5,376,1.405,1.157,0.717,325.0,0,2026-05-25,-53.3,2026,2026-05,2026-W22,2026-05-25
2026-05-26,SHORT,2026-05-26 10:00:00-04:00,50700.0,50775.0,50437.5,75,262.5,TP,50437.5,262.5,3.5,33,165,-28.0,267.0,163.5,892,1.8,0.967,1.341,922.0,1,2026-05-26,350.0,2026,2026-05,2026-W22,2026-05-25
2026-05-27,LONG,2026-05-27 10:00:00-04:00,50726.0,50651.0,50988.5,75,262.5,SL,50651.0,-75.0,-1.0,20,100,-80.0,129.0,191.0,912,1.36,0.954,1.074,956.0,2,2026-05-27,-100.0,2026,2026-05,2026-W22,2026-05-25
2026-05-28,SHORT,2026-05-28 10:00:00-04:00,50488.0,50563.0,50225.5,75,262.5,SL,50563.0,-75.0,-1.0,2,10,-330.0,19.0,116.0,842,1.487,0.921,1.139,914.0,3,2026-05-28,-100.0,2026,2026-05,2026-W22,2026-05-25
2026-05-29,LONG,2026-05-29 10:10:00-04:00,50913.0,50838.0,51175.5,75,262.5,TIMEOUT,51059.0,146.0,1.947,70,350,-49.0,199.0,110.0,790,1.396,0.873,0.814,905.3,4,2026-05-29,194.7,2026,2026-05,2026-W22,2026-05-25
2026-06-02,LONG,2026-06-02 10:00:00-04:00,50981.0,50906.0,51243.5,75,262.5,TP,51243.5,262.5,3.5,13,65,-52.0,287.0,113.0,920,1.667,0.97,1.333,948.7,1,2026-06-02,350.0,2026,2026-06,2026-W23,2026-06-01
2026-06-03,SHORT,2026-06-03 10:00:00-04:00,51035.0,51110.0,50772.5,75,262.5,TP,50772.5,262.5,3.5,71,355,-32.0,274.0,184.5,884,1.569,0.931,1.218,949.3,2,2026-06-03,350.0,2026,2026-06,2026-W23,2026-06-01
2026-06-04,LONG,2026-06-04 10:00:00-04:00,51492.0,51417.0,51754.5,75,262.5,SL,51417.0,-75.0,-1.0,6,30,-76.0,53.0,171.0,904,1.455,0.96,1.24,941.3,3,2026-06-04,-100.0,2026,2026-06,2026-W23,2026-06-01
2026-06-05,SHORT,2026-06-05 10:00:00-04:00,51534.0,51609.0,51271.5,75,262.5,TP,51271.5,262.5,3.5,25,125,-31.0,307.0,133.0,968,1.355,1.005,1.318,963.3,4,2026-06-05,350.0,2026,2026-06,2026-W23,2026-06-01
2026-06-09,LONG,2026-06-09 10:00:00-04:00,51192.0,51117.0,51454.5,75,262.5,SL,51117.0,-75.0,-1.0,2,10,-103.0,80.0,202.0,958,1.528,0.997,1.408,961.0,1,2026-06-09,-100.0,2026,2026-06,2026-W24,2026-06-08
2026-06-16,LONG,2026-06-16 10:00:00-04:00,52060.0,51985.0,52322.5,75,262.5,TIMEOUT,52113.0,53.0,0.707,72,360,-24.0,229.0,168.0,924,1.613,0.971,1.374,952.0,1,2026-06-16,70.7,2026,2026-06,2026-W25,2026-06-15
2026-06-17,LONG,2026-06-17 10:00:00-04:00,52338.0,52263.0,52600.5,75,262.5,SL,52263.0,-75.0,-1.0,7,35,-77.0,52.6,53.0,906,1.723,1.015,1.511,892.7,2,2026-06-17,-100.0,2026,2026-06,2026-W25,2026-06-15
2026-06-22,LONG,2026-06-22 10:00:00-04:00,51930.0,51855.0,52192.5,75,262.5,SL,51855.0,-75.0,-1.0,4,20,-76.0,59.0,92.0,912,1.461,0.946,1.178,963.7,0,2026-06-22,-100.0,2026,2026-06,2026-W26,2026-06-22
2026-06-23,LONG,2026-06-23 10:00:00-04:00,51699.0,51624.0,51961.5,75,262.5,TP,51961.5,262.5,3.5,40,200,-9.0,275.0,135.0,950,1.367,0.958,1.258,992.0,1,2026-06-23,350.0,2026,2026-06,2026-W26,2026-06-22
2026-06-24,LONG,2026-06-24 10:05:00-04:00,51894.0,51819.0,52156.5,75,262.5,TP,52156.5,262.5,3.5,10,50,-34.0,314.0,240.0,952,1.401,0.956,1.139,996.0,2,2026-06-24,350.0,2026,2026-06,2026-W26,2026-06-22
2026-06-25,LONG,2026-06-25 10:00:00-04:00,52381.0,52306.0,52643.5,75,262.5,TP,52643.5,262.5,3.5,3,15,0.0,318.0,251.0,1032,1.446,1.005,1.352,1027.3,3,2026-06-25,350.0,2026,2026-06,2026-W26,2026-06-22
2026-06-29,LONG,2026-06-29 10:00:00-04:00,52284.0,52209.0,52546.5,75,262.5,SL,52209.0,-75.0,-1.0,1,5,-83.0,18.0,139.0,1032,1.603,1.023,1.556,1008.3,0,2026-06-29,-100.0,2026,2026-06,2026-W27,2026-06-29
2026-07-01,LONG,2026-07-01 10:00:00-04:00,52383.0,52308.0,52645.5,75,262.5,TP,52645.5,262.5,3.5,20,100,-5.0,300.0,147.0,938,1.345,0.983,1.222,954.0,2,2026-07-01,350.0,2026,2026-07,2026-W27,2026-06-29
2026-07-03,LONG,2026-07-03 10:05:00-04:00,52876.0,52801.0,53138.5,75,262.5,TIMEOUT,52899.0,23.0,0.307,34,170,-9.0,110.0,50.0,402,1.524,0.919,1.038,437.3,4,2026-07-03,30.7,2026,2026-07,2026-W27,2026-06-29
