date,side,entry_time_ny,entry,stop,target,stop_dist,tp_dist,outcome,exit,pnl_pts,R,bars_held,mins_held,mae_pts,mfe_pts,range_w,bo_vol,vol_trail_rel,vol_pm_rel,vol_z,pm_avg_vol,dow
2023-07-03,SHORT,2023-07-03 10:35:00-04:00,15170.8,15220.8,15070.8,50,100.0,TIMEOUT,15203.3,-32.5,-0.65,31,155,-42.4,16.1,59.3,1798,1.15,0.899,0.452,2000.3,0
2023-07-05,LONG,2023-07-05 10:00:00-04:00,15224.3,15174.3,15324.3,50,100.0,SL,15174.3,-50.0,-1.0,52,260,-54.8,52.8,60.5,2050,1.665,0.959,1.328,2138.3,2
2023-07-06,SHORT,2023-07-06 10:00:00-04:00,14983.2,15033.2,14883.2,50,100.0,SL,15033.2,-50.0,-1.0,24,120,-50.1,14.4,138.9,2250,1.332,1.023,1.505,2200.0,3
2023-07-11,SHORT,2023-07-11 10:00:00-04:00,14993.3,15043.3,14893.3,50,100.0,SL,15043.3,-50.0,-1.0,6,30,-54.3,22.1,60.0,2082,1.593,0.943,1.293,2208.3,1
2023-07-12,LONG,2023-07-12 10:00:00-04:00,15323.6,15273.6,15423.6,50,100.0,SL,15273.6,-50.0,-1.0,19,95,-56.9,41.0,162.9,2110,1.203,0.957,0.837,2204.0,2
2023-07-13,LONG,2023-07-13 10:00:00-04:00,15457.0,15407.0,15557.0,50,100.0,TP,15557.0,100.0,2.0,60,300,-33.8,101.6,84.8,2058,1.343,0.963,1.099,2138.0,3
2023-07-14,LONG,2023-07-14 10:00:00-04:00,15669.4,15619.4,15769.4,50,100.0,SL,15619.4,-50.0,-1.0,10,50,-50.2,52.3,51.5,2250,1.776,1.078,1.744,2086.7,4
2023-07-17,LONG,2023-07-17 10:00:00-04:00,15615.9,15565.9,15715.9,50,100.0,TP,15715.9,100.0,2.0,63,315,-19.9,129.0,50.5,1986,1.552,0.914,1.189,2172.0,0
2023-07-18,SHORT,2023-07-18 10:00:00-04:00,15636.1,15686.1,15536.1,50,100.0,SL,15686.1,-50.0,-1.0,20,100,-70.0,14.8,46.0,2060,1.415,0.952,1.126,2163.0,1
2023-07-19,LONG,2023-07-19 10:40:00-04:00,15907.5,15857.5,16007.5,50,100.0,SL,15857.5,-50.0,-1.0,3,15,-61.9,6.4,52.4,1976,1.153,0.901,0.462,2193.7,2
2023-07-20,SHORT,2023-07-20 10:15:00-04:00,15661.4,15711.4,15561.4,50,100.0,TP,15561.4,100.0,2.0,37,185,-6.2,102.0,66.5,2198,1.369,1.015,1.11,2164.8,3
2023-07-21,SHORT,2023-07-21 10:00:00-04:00,15484.5,15534.5,15384.5,50,100.0,SL,15534.5,-50.0,-1.0,47,235,-53.4,51.3,101.5,2192,1.617,0.978,1.401,2241.0,4
2023-07-24,SHORT,2023-07-24 10:00:00-04:00,15396.5,15446.5,15296.5,50,100.0,SL,15446.5,-50.0,-1.0,3,15,-65.6,9.2,56.8,2104,1.682,0.932,1.278,2257.0,0
2023-07-25,LONG,2023-07-25 10:00:00-04:00,15542.4,15492.4,15642.4,50,100.0,TIMEOUT,15550.7,8.3,0.166,72,360,-48.2,81.9,50.0,2090,1.823,1.004,1.482,2082.7,1
2023-07-26,SHORT,2023-07-26 10:30:00-04:00,15495.9,15545.9,15395.9,50,100.0,SL,15545.9,-50.0,-1.0,49,245,-57.8,87.8,69.7,1986,1.185,0.901,0.585,2204.7,2
2023-07-27,LONG,2023-07-27 10:00:00-04:00,15764.0,15714.0,15864.0,50,100.0,SL,15714.0,-50.0,-1.0,4,20,-51.3,1.3,130.6,2130,1.306,0.974,1.228,2187.3,3
2023-07-28,LONG,2023-07-28 10:00:00-04:00,15722.0,15672.0,15822.0,50,100.0,SL,15672.0,-50.0,-1.0,44,220,-51.6,65.6,129.4,2214,1.367,1.003,1.409,2206.8,4
2023-08-01,SHORT,2023-08-01 10:15:00-04:00,15646.4,15696.4,15546.4,50,100.0,SL,15696.4,-50.0,-1.0,3,15,-61.3,8.9,91.1,2132,1.353,0.995,1.069,2141.7,1
2023-08-02,SHORT,2023-08-02 10:05:00-04:00,15461.7,15511.7,15361.7,50,100.0,TP,15361.7,100.0,2.0,22,110,-11.9,105.3,127.7,2156,1.31,0.963,1.192,2238.3,2
2023-08-03,LONG,2023-08-03 10:00:00-04:00,15358.5,15308.5,15458.5,50,100.0,SL,15308.5,-50.0,-1.0,4,20,-66.2,6.6,105.1,2224,1.287,1.003,1.315,2218.0,3
2023-08-04,LONG,2023-08-04 11:45:00-04:00,15489.9,15439.9,15589.9,50,100.0,SL,15439.9,-50.0,-1.0,26,130,-55.2,36.2,156.1,1940,0.987,0.839,-0.179,2313.0,4
2023-08-07,SHORT,2023-08-07 10:00:00-04:00,15306.1,15356.1,15206.1,50,100.0,SL,15356.1,-50.0,-1.0,5,25,-54.7,9.3,72.0,2238,1.624,0.978,1.419,2288.3,0
2023-08-08,SHORT,2023-08-08 10:00:00-04:00,15221.9,15271.9,15121.9,50,100.0,SL,15271.9,-50.0,-1.0,68,340,-56.3,76.6,124.1,2190,1.521,0.985,1.438,2222.7,1
2023-08-09,SHORT,2023-08-09 10:00:00-04:00,15214.8,15264.8,15114.8,50,100.0,TP,15114.8,100.0,2.0,14,70,-10.7,110.8,74.7,2014,1.453,0.928,1.203,2171.3,2
2023-08-10,LONG,2023-08-10 10:00:00-04:00,15356.9,15306.9,15456.9,50,100.0,SL,15306.9,-50.0,-1.0,7,35,-67.7,8.3,113.9,2238,1.161,0.989,0.863,2262.7,3
2023-08-11,SHORT,2023-08-11 11:10:00-04:00,15003.3,15053.3,14903.3,50,100.0,SL,15053.3,-50.0,-1.0,39,195,-50.8,35.0,162.2,2022,0.963,0.924,-0.626,2188.8,4
2023-08-14,LONG,2023-08-14 10:50:00-04:00,15178.6,15128.6,15278.6,50,100.0,SL,15128.6,-50.0,-1.0,17,85,-61.4,4.7,171.4,2012,1.041,0.906,0.205,2221.3,0
2023-08-15,SHORT,2023-08-15 10:05:00-04:00,15068.4,15118.4,14968.4,50,100.0,SL,15118.4,-50.0,-1.0,18,90,-56.2,24.7,143.9,2202,1.265,0.993,1.125,2218.3,1
2023-08-16,SHORT,2023-08-16 11:45:00-04:00,14993.0,15043.0,14893.0,50,100.0,TP,14893.0,100.0,2.0,42,210,-27.0,107.8,100.2,1990,1.007,0.905,0.122,2199.3,2
2023-08-17,SHORT,2023-08-17 10:00:00-04:00,14862.2,14912.2,14762.2,50,100.0,TP,14762.2,100.0,2.0,57,285,-35.0,103.9,84.0,2024,1.37,0.911,1.043,2221.3,3
2023-08-21,LONG,2023-08-21 10:00:00-04:00,14859.1,14809.1,14959.1,50,100.0,SL,14809.1,-50.0,-1.0,4,20,-55.2,16.6,120.3,2072,1.521,0.941,1.265,2203.0,0
2023-08-22,SHORT,2023-08-22 10:30:00-04:00,14925.0,14975.0,14825.0,50,100.0,SL,14975.0,-50.0,-1.0,4,20,-61.5,4.9,120.9,2090,1.202,0.937,0.691,2230.0,1
2023-08-23,LONG,2023-08-23 10:00:00-04:00,15042.4,14992.4,15142.4,50,100.0,TP,15142.4,100.0,2.0,16,80,-11.0,102.8,122.5,2146,1.44,0.964,1.332,2225.0,2
2023-08-24,SHORT,2023-08-24 10:00:00-04:00,15178.8,15228.8,15078.8,50,100.0,TP,15078.8,100.0,2.0,3,15,-0.8,102.9,93.2,2294,1.481,1.022,1.567,2245.0,3
2023-08-25,LONG,2023-08-25 10:00:00-04:00,14914.6,14864.6,15014.6,50,100.0,SL,14864.6,-50.0,-1.0,1,5,-67.3,5.9,118.6,2325,1.666,1.069,1.785,2175.3,4
2023-08-29,LONG,2023-08-29 10:00:00-04:00,15190.3,15140.3,15290.3,50,100.0,TP,15290.3,100.0,2.0,14,70,-9.5,110.6,96.9,2384,1.726,1.135,2.095,2100.3,1
2023-08-30,LONG,2023-08-30 10:00:00-04:00,15436.7,15386.7,15536.7,50,100.0,SL,15386.7,-50.0,-1.0,4,20,-64.0,32.4,89.7,2146,1.329,0.992,1.299,2163.3,2
2023-08-31,LONG,2023-08-31 10:00:00-04:00,15522.0,15472.0,15622.0,50,100.0,SL,15472.0,-50.0,-1.0,33,165,-58.4,52.9,84.0,2054,1.317,0.926,0.988,2217.7,3
2023-09-01,SHORT,2023-09-01 10:55:00-04:00,15467.4,15517.4,15367.4,50,100.0,TIMEOUT,15485.3,-17.9,-0.358,61,305,-33.4,40.9,148.5,2050,0.988,0.91,-0.088,2252.7,4
2023-09-04,SHORT,2023-09-04 10:30:00-04:00,15517.8,15567.8,15417.8,50,100.0,TIMEOUT,15500.2,17.6,0.352,29,145,0.0,28.9,27.5,854,1.225,1.064,0.847,802.7,0
2023-09-05,LONG,2023-09-05 10:20:00-04:00,15482.1,15432.1,15582.1,50,100.0,TIMEOUT,15500.3,18.2,0.364,68,340,-32.5,76.3,80.3,1978,1.116,0.901,0.503,2194.7,1
2023-09-06,SHORT,2023-09-06 10:00:00-04:00,15388.8,15438.8,15288.8,50,100.0,TP,15288.8,100.0,2.0,36,180,-20.7,101.2,73.6,2365,1.792,1.1,1.879,2150.0,2
2023-09-07,SHORT,2023-09-07 10:00:00-04:00,15147.9,15197.9,15047.9,50,100.0,SL,15197.9,-50.0,-1.0,2,10,-62.4,2.6,158.4,2136,1.32,0.963,1.145,2218.7,3
2023-09-08,LONG,2023-09-08 10:00:00-04:00,15342.9,15292.9,15442.9,50,100.0,SL,15292.9,-50.0,-1.0,11,55,-58.9,32.8,119.5,2156,1.583,1.015,1.547,2123.7,4
2023-09-11,SHORT,2023-09-11 10:10:00-04:00,15336.6,15386.6,15236.6,50,100.0,SL,15386.6,-50.0,-1.0,15,75,-53.3,9.3,73.6,2122,1.452,0.951,1.077,2231.8,0
2023-09-12,SHORT,2023-09-12 10:25:00-04:00,15375.7,15425.7,15275.7,50,100.0,TIMEOUT,15293.7,82.0,1.64,67,335,-30.9,98.2,86.1,2160,1.281,0.986,0.939,2191.7,1
2023-09-13,LONG,2023-09-13 10:30:00-04:00,15332.3,15282.3,15432.3,50,100.0,TIMEOUT,15359.5,27.2,0.544,66,330,-28.1,82.1,121.1,2104,1.043,0.917,0.306,2294.8,2
2023-09-14,SHORT,2023-09-14 10:00:00-04:00,15356.2,15406.2,15256.2,50,100.0,SL,15406.2,-50.0,-1.0,6,30,-51.8,22.6,80.5,2122,1.1,0.942,0.701,2253.3,3
2023-09-15,SHORT,2023-09-15 10:00:00-04:00,15313.7,15363.7,15213.7,50,100.0,TP,15213.7,100.0,2.0,39,195,-15.6,100.5,115.6,2281,1.512,1.054,1.588,2165.0,4
2023-09-18,LONG,2023-09-18 11:30:00-04:00,15245.7,15195.7,15345.7,50,100.0,SL,15195.7,-50.0,-1.0,40,200,-53.8,24.6,97.0,1790,0.904,0.803,-1.427,2230.0,0
2023-09-19,SHORT,2023-09-19 10:00:00-04:00,15094.3,15144.3,14994.3,50,100.0,SL,15144.3,-50.0,-1.0,39,195,-56.4,28.3,95.5,2140,1.48,0.969,1.312,2208.0,1
2023-09-20,SHORT,2023-09-20 10:55:00-04:00,15177.1,15227.1,15077.1,50,100.0,TP,15077.1,100.0,2.0,51,255,-28.8,110.9,70.3,1788,1.0,0.86,-0.0,2078.3,2
2023-09-21,SHORT,2023-09-21 10:00:00-04:00,14761.0,14811.0,14661.0,50,100.0,SL,14811.0,-50.0,-1.0,2,10,-53.0,3.7,164.8,2218,1.355,0.983,1.323,2257.0,3
2023-09-22,LONG,2023-09-22 10:30:00-04:00,14824.1,14774.1,14924.1,50,100.0,SL,14774.1,-50.0,-1.0,34,170,-54.0,33.9,80.2,1956,1.198,0.909,0.565,2152.5,4
2023-09-26,SHORT,2023-09-26 10:00:00-04:00,14597.2,14647.2,14497.2,50,100.0,TIMEOUT,14547.9,49.3,0.986,72,360,-45.5,91.2,96.4,2104,1.431,0.985,1.412,2135.3,1
2023-09-27,SHORT,2023-09-27 10:05:00-04:00,14569.2,14619.2,14469.2,50,100.0,TP,14469.2,100.0,2.0,40,200,-42.2,109.6,60.5,1970,1.313,0.915,0.966,2152.0,2
2023-09-28,LONG,2023-09-28 10:45:00-04:00,14620.6,14570.6,14720.6,50,100.0,TP,14720.6,100.0,2.0,11,55,-17.0,106.1,98.8,1986,0.981,0.875,-0.153,2270.3,3
2023-09-29,LONG,2023-09-29 10:00:00-04:00,14894.4,14844.4,14994.4,50,100.0,SL,14844.4,-50.0,-1.0,4,20,-73.6,2.5,105.1,2130,1.285,0.974,1.124,2186.7,4
2023-10-02,LONG,2023-10-02 11:20:00-04:00,14889.3,14839.3,14989.3,50,100.0,SL,14839.3,-50.0,-1.0,3,15,-54.4,3.9,185.4,2046,0.96,0.936,-0.762,2185.3,0
2023-10-03,SHORT,2023-10-03 10:05:00-04:00,14673.4,14723.4,14573.4,50,100.0,TP,14573.4,100.0,2.0,17,85,-38.1,103.8,178.3,2262,1.317,1.031,1.405,2193.3,1
2023-10-04,LONG,2023-10-04 10:30:00-04:00,14656.8,14606.8,14756.8,50,100.0,TP,14756.8,100.0,2.0,56,280,-44.2,103.7,207.6,2126,1.151,0.973,0.635,2185.0,2
2023-10-05,SHORT,2023-10-05 10:00:00-04:00,14650.9,14700.9,14550.9,50,100.0,SL,14700.9,-50.0,-1.0,43,215,-55.0,71.8,106.9,2176,1.233,0.996,1.237,2184.0,3
2023-10-06,LONG,2023-10-06 11:05:00-04:00,14789.1,14739.1,14889.1,50,100.0,TP,14889.1,100.0,2.0,10,50,-24.3,122.0,260.4,2000,0.92,0.861,-1.254,2324.0,4
2023-10-09,LONG,2023-10-09 10:15:00-04:00,14909.4,14859.4,15009.4,50,100.0,SL,14859.4,-50.0,-1.0,5,25,-50.2,16.2,63.6,1984,1.17,0.899,0.645,2206.0,0
2023-10-10,LONG,2023-10-10 10:00:00-04:00,15126.3,15076.3,15226.3,50,100.0,TP,15226.3,100.0,2.0,18,90,-24.9,100.8,65.5,2038,1.29,0.968,1.297,2105.3,1
2023-10-11,LONG,2023-10-11 10:50:00-04:00,15218.4,15168.4,15318.4,50,100.0,SL,15168.4,-50.0,-1.0,10,50,-61.5,25.8,71.7,1864,0.993,0.877,-0.047,2126.0,2
2023-10-12,LONG,2023-10-12 10:10:00-04:00,15318.1,15268.1,15418.1,50,100.0,SL,15268.1,-50.0,-1.0,7,35,-52.0,10.2,83.7,1912,1.014,0.881,0.099,2170.3,3
2023-10-13,SHORT,2023-10-13 10:50:00-04:00,15082.0,15132.0,14982.0,50,100.0,TP,14982.0,100.0,2.0,31,155,-1.9,129.7,129.8,2136,1.107,0.994,0.63,2149.7,4
2023-10-16,LONG,2023-10-16 10:00:00-04:00,15099.1,15049.1,15199.1,50,100.0,TP,15199.1,100.0,2.0,6,30,-3.4,101.6,102.6,2152,1.382,0.977,1.329,2203.3,0
2023-10-17,SHORT,2023-10-17 10:00:00-04:00,14966.0,15016.0,14866.0,50,100.0,SL,15016.0,-50.0,-1.0,1,5,-61.2,4.7,161.2,2152,1.247,0.96,1.084,2242.7,1
2023-10-18,LONG,2023-10-18 10:20:00-04:00,15098.2,15048.2,15198.2,50,100.0,SL,15048.2,-50.0,-1.0,1,5,-57.4,1.0,87.6,2108,1.268,0.943,0.842,2235.7,2
2023-10-20,SHORT,2023-10-20 10:10:00-04:00,14681.4,14731.4,14581.4,50,100.0,TP,14581.4,100.0,2.0,9,45,-27.3,101.1,83.7,2130,1.311,0.923,0.929,2308.3,4
2023-10-23,LONG,2023-10-23 11:10:00-04:00,14623.6,14573.6,14723.6,50,100.0,TP,14723.6,100.0,2.0,21,105,-4.5,125.0,183.5,1866,0.882,0.797,-1.325,2340.0,0
2023-10-24,LONG,2023-10-24 10:05:00-04:00,14733.7,14683.7,14833.7,50,100.0,SL,14683.7,-50.0,-1.0,3,15,-50.5,6.7,80.6,2240,1.499,0.94,1.146,2384.0,1
2023-10-25,SHORT,2023-10-25 10:00:00-04:00,14533.8,14583.8,14433.8,50,100.0,SL,14583.8,-50.0,-1.0,9,45,-50.1,29.8,76.6,2280,1.591,0.989,1.463,2304.3,2
2023-10-26,SHORT,2023-10-26 11:40:00-04:00,14144.0,14194.0,14044.0,50,100.0,SL,14194.0,-50.0,-1.0,3,15,-54.9,0.1,171.4,1976,0.914,0.822,-1.571,2404.3,3
2023-10-27,LONG,2023-10-27 10:10:00-04:00,14264.1,14214.1,14364.1,50,100.0,SL,14214.1,-50.0,-1.0,6,30,-71.1,13.6,72.2,2116,1.201,0.92,0.746,2299.3,4
2023-10-30,LONG,2023-10-30 10:00:00-04:00,14336.3,14286.3,14436.3,50,100.0,SL,14286.3,-50.0,-1.0,3,15,-62.0,28.9,48.8,2296,1.754,1.016,1.565,2260.0,0
2023-10-31,SHORT,2023-10-31 10:00:00-04:00,14249.1,14299.1,14149.1,50,100.0,SL,14299.1,-50.0,-1.0,2,10,-74.3,8.5,109.1,2316,1.499,1.029,1.565,2250.8,1
2023-11-01,LONG,2023-11-01 10:00:00-04:00,14481.5,14431.5,14581.5,50,100.0,TP,14581.5,100.0,2.0,54,270,-30.8,101.4,122.4,2258,1.439,1.045,1.584,2160.5,2
2023-11-02,LONG,2023-11-02 10:50:00-04:00,14875.6,14825.6,14975.6,50,100.0,TIMEOUT,14914.8,39.2,0.784,62,310,-30.9,54.2,162.4,1836,0.985,0.85,-0.071,2159.0,3
2023-11-03,LONG,2023-11-03 10:00:00-04:00,15027.7,14977.7,15127.7,50,100.0,SL,14977.7,-50.0,-1.0,5,25,-50.9,11.8,132.7,2310,1.377,1.029,1.419,2244.0,4
2023-11-06,LONG,2023-11-06 10:35:00-05:00,15162.7,15112.7,15262.7,50,100.0,SL,15112.7,-50.0,-1.0,27,135,-57.3,7.0,41.1,1774,1.102,0.818,0.276,2169.7,0
2023-11-07,LONG,2023-11-07 10:00:00-05:00,15233.5,15183.5,15333.5,50,100.0,TP,15333.5,100.0,2.0,48,240,-35.5,100.9,107.2,2032,1.549,0.981,1.386,2070.3,1
2023-11-08,SHORT,2023-11-08 11:55:00-05:00,15264.7,15314.7,15164.7,50,100.0,SL,15314.7,-50.0,-1.0,31,155,-50.1,49.4,50.1,1624,0.878,0.751,-1.5,2161.7,2
2023-11-09,SHORT,2023-11-09 10:30:00-05:00,15286.9,15336.9,15186.9,50,100.0,SL,15336.9,-50.0,-1.0,7,35,-65.4,6.4,48.8,2090,1.266,0.984,0.815,2124.0,3
2023-11-10,LONG,2023-11-10 10:00:00-05:00,15275.9,15225.9,15375.9,50,100.0,TP,15375.9,100.0,2.0,15,75,-22.2,101.9,122.4,2236,1.68,1.069,1.758,2092.3,4
2023-11-13,SHORT,2023-11-13 10:00:00-05:00,15429.9,15479.9,15329.9,50,100.0,SL,15479.9,-50.0,-1.0,9,45,-50.8,6.1,48.1,2058,1.609,0.961,1.341,2142.3,0
2023-11-14,LONG,2023-11-14 10:00:00-05:00,15818.6,15768.6,15918.6,50,100.0,SL,15768.6,-50.0,-1.0,23,115,-50.1,15.3,274.7,2112,1.177,0.96,0.79,2199.0,1
2023-11-15,SHORT,2023-11-15 11:40:00-05:00,15844.3,15894.3,15744.3,50,100.0,TIMEOUT,15811.4,32.9,0.658,52,260,-18.1,80.7,130.9,1940,1.015,0.87,0.264,2229.7,2
2023-11-16,LONG,2023-11-16 10:00:00-05:00,15819.3,15769.3,15919.3,50,100.0,SL,15769.3,-50.0,-1.0,7,35,-52.3,20.3,60.5,2124,1.367,0.966,1.244,2199.8,3
2023-11-17,SHORT,2023-11-17 10:05:00-05:00,15790.6,15840.6,15690.6,50,100.0,SL,15840.6,-50.0,-1.0,35,175,-52.7,24.7,58.8,2132,1.425,0.971,1.2,2196.7,4
2023-11-20,LONG,2023-11-20 10:00:00-05:00,15936.1,15886.1,16036.1,50,100.0,SL,15886.1,-50.0,-1.0,4,20,-55.8,8.1,71.8,1994,1.569,0.928,1.23,2148.0,0
2023-11-21,SHORT,2023-11-21 10:00:00-05:00,15934.1,15984.1,15834.1,50,100.0,TIMEOUT,15924.7,9.4,0.188,72,360,-14.4,69.7,93.7,2074,1.495,0.969,1.355,2140.0,1
2023-11-22,LONG,2023-11-22 10:30:00-05:00,16033.8,15983.8,16133.8,50,100.0,SL,15983.8,-50.0,-1.0,4,20,-54.6,15.5,126.7,2032,1.187,0.916,0.61,2218.3,2
2023-11-23,SHORT,2023-11-23 10:00:00-05:00,16007.3,16057.3,15907.3,50,100.0,TIMEOUT,16014.1,-6.8,-0.136,35,175,-18.9,4.2,28.9,662,1.187,0.837,0.592,790.7,3
2023-11-24,SHORT,2023-11-24 10:05:00-05:00,15971.6,16021.6,15871.6,50,100.0,TIMEOUT,15968.4,3.2,0.064,37,185,-10.6,34.9,45.7,1930,1.486,0.838,0.863,2302.7,4
2023-11-27,LONG,2023-11-27 10:05:00-05:00,16001.8,15951.8,16101.8,50,100.0,TIMEOUT,15962.2,-39.6,-0.792,71,355,-46.2,44.6,50.2,2314,1.693,0.945,1.167,2448.3,0
2023-11-28,LONG,2023-11-28 10:35:00-05:00,15970.7,15920.7,16070.7,50,100.0,TIMEOUT,16010.7,40.0,0.8,65,325,-41.0,60.9,64.6,2182,1.226,0.912,0.619,2392.7,1
2023-11-29,SHORT,2023-11-29 11:20:00-05:00,16015.0,16065.0,15915.0,50,100.0,TIMEOUT,15998.0,17.0,0.34,56,280,-46.6,38.6,116.6,1988,0.914,0.848,-0.947,2343.3,2
2023-11-30,SHORT,2023-11-30 10:00:00-05:00,15886.8,15936.8,15786.8,50,100.0,SL,15936.8,-50.0,-1.0,2,10,-56.1,0.0,70.9,2676,1.634,1.055,1.603,2536.0,3
2023-12-01,SHORT,2023-12-01 10:10:00-05:00,15881.6,15931.6,15781.6,50,100.0,SL,15931.6,-50.0,-1.0,12,60,-65.4,49.3,80.8,2430,1.519,0.973,1.063,2496.7,4
2023-12-04,SHORT,2023-12-04 10:05:00-05:00,15815.4,15865.4,15715.4,50,100.0,TP,15715.4,100.0,2.0,5,25,-7.9,111.3,154.3,2436,1.45,0.938,1.097,2596.3,0
2023-12-05,LONG,2023-12-05 10:00:00-05:00,15897.1,15847.1,15997.1,50,100.0,SL,15847.1,-50.0,-1.0,5,25,-58.5,10.7,55.1,2286,1.734,1.068,1.752,2141.3,1
2023-12-06,SHORT,2023-12-06 10:20:00-05:00,15868.0,15918.0,15768.0,50,100.0,SL,15918.0,-50.0,-1.0,6,30,-50.8,16.8,115.0,2076,1.356,1.007,1.029,2062.0,2
2023-12-07,LONG,2023-12-07 10:10:00-05:00,15938.8,15888.8,16038.8,50,100.0,TP,16038.8,100.0,2.0,50,250,-29.2,104.4,136.1,2114,1.335,0.956,1.033,2211.3,3
2023-12-08,LONG,2023-12-08 10:00:00-05:00,16028.9,15978.9,16128.9,50,100.0,SL,15978.9,-50.0,-1.0,27,135,-54.1,68.3,147.2,2234,1.283,1.048,1.269,2131.0,4
2023-12-11,LONG,2023-12-11 10:00:00-05:00,16144.6,16094.6,16244.6,50,100.0,TIMEOUT,16222.2,77.6,1.552,72,360,-35.1,87.3,49.8,2058,1.604,0.932,1.248,2208.0,0
2023-12-13,LONG,2023-12-13 10:15:00-05:00,16415.0,16365.0,16515.0,50,100.0,SL,16365.0,-50.0,-1.0,33,165,-51.6,10.8,41.0,1696,1.183,0.827,0.506,2051.7,2
2023-12-14,SHORT,2023-12-14 10:15:00-05:00,16586.4,16636.4,16486.4,50,100.0,TP,16486.4,100.0,2.0,33,165,-15.4,106.1,69.9,2162,1.259,0.985,0.965,2195.0,3
2023-12-15,LONG,2023-12-15 10:00:00-05:00,16620.9,16570.9,16720.9,50,100.0,SL,16570.9,-50.0,-1.0,44,220,-60.3,55.2,61.1,1990,1.263,0.906,0.858,2196.3,4
2023-12-18,LONG,2023-12-18 10:00:00-05:00,16683.6,16633.6,16783.6,50,100.0,TIMEOUT,16716.3,32.7,0.654,72,360,-37.1,80.8,47.8,1968,1.497,0.905,1.128,2175.7,0
2023-12-19,LONG,2023-12-19 10:15:00-05:00,16780.7,16730.7,16880.7,50,100.0,TIMEOUT,16808.0,27.3,0.546,69,345,-25.7,36.1,64.7,1866,1.279,0.876,0.684,2129.7,1
2023-12-20,LONG,2023-12-20 10:15:00-05:00,16830.2,16780.2,16930.2,50,100.0,SL,16780.2,-50.0,-1.0,51,255,-51.7,32.1,73.9,1752,1.438,0.913,0.84,1919.3,2
2023-12-21,SHORT,2023-12-21 10:05:00-05:00,16648.6,16698.6,16548.6,50,100.0,SL,16698.6,-50.0,-1.0,2,10,-56.2,0.0,111.5,2238,1.442,1.051,1.403,2128.7,3
2023-12-22,LONG,2023-12-22 10:00:00-05:00,16827.9,16777.9,16927.9,50,100.0,SL,16777.9,-50.0,-1.0,12,60,-56.1,9.5,113.9,2106,1.542,1.063,1.456,1981.7,4
2023-12-26,LONG,2023-12-26 10:00:00-05:00,16842.1,16792.1,16942.1,50,100.0,TIMEOUT,16880.5,38.4,0.768,72,360,-15.8,67.0,50.3,1620,1.787,0.855,1.079,1895.7,1
2023-12-27,LONG,2023-12-27 10:00:00-05:00,16912.1,16862.1,17012.1,50,100.0,SL,16862.1,-50.0,-1.0,2,10,-54.2,1.0,34.0,1874,1.823,0.982,1.416,1907.7,2
2023-12-28,SHORT,2023-12-28 10:00:00-05:00,16928.2,16978.2,16828.2,50,100.0,TIMEOUT,16908.0,20.2,0.404,72,360,-27.4,37.2,30.0,1746,1.578,0.923,1.178,1890.7,3
2023-12-29,SHORT,2023-12-29 10:35:00-05:00,16874.4,16924.4,16774.4,50,100.0,TP,16774.4,100.0,2.0,8,40,-3.0,111.2,63.5,1694,1.306,0.937,0.744,1808.0,4
2024-01-02,SHORT,2024-01-02 10:00:00-05:00,16597.1,16647.1,16497.1,50,100.0,TP,16497.1,100.0,2.0,49,245,-14.5,100.6,217.3,2046,1.505,0.975,1.358,2099.0,1
2024-01-03,SHORT,2024-01-03 10:10:00-05:00,16396.8,16446.8,16296.8,50,100.0,SL,16446.8,-50.0,-1.0,51,255,-57.0,37.5,134.4,2160,1.442,0.964,1.054,2240.3,2
2024-01-05,LONG,2024-01-05 10:00:00-05:00,16382.3,16332.3,16482.3,50,100.0,SL,16332.3,-50.0,-1.0,25,125,-75.9,36.5,114.7,2176,1.256,1.055,1.193,2062.7,4
2024-01-08,LONG,2024-01-08 10:00:00-05:00,16484.9,16434.9,16584.9,50,100.0,TP,16584.9,100.0,2.0,50,250,-16.4,109.7,135.0,2086,1.579,0.976,1.407,2138.3,0
2024-01-09,LONG,2024-01-09 11:15:00-05:00,16622.4,16572.4,16722.4,50,100.0,TIMEOUT,16678.0,55.6,1.112,57,285,-2.6,91.1,107.5,1742,0.878,0.792,-1.502,2198.3,1
2024-01-11,SHORT,2024-01-11 10:05:00-05:00,16696.2,16746.2,16596.2,50,100.0,SL,16746.2,-50.0,-1.0,2,10,-50.0,11.1,162.6,2258,1.213,0.98,0.923,2305.0,3
2024-01-16,LONG,2024-01-16 10:05:00-05:00,16788.9,16738.9,16888.9,50,100.0,TP,16888.9,100.0,2.0,8,40,-5.8,104.4,117.6,2174,1.365,0.977,1.212,2224.7,1
2024-01-17,SHORT,2024-01-17 10:00:00-05:00,16597.0,16647.0,16497.0,50,100.0,SL,16647.0,-50.0,-1.0,8,40,-56.3,11.7,103.7,2218,1.43,1.035,1.508,2143.7,2
2024-01-18,LONG,2024-01-18 10:35:00-05:00,16929.3,16879.3,17029.3,50,100.0,SL,16879.3,-50.0,-1.0,19,95,-65.4,42.9,158.7,1854,1.027,0.857,0.109,2163.7,3
2024-01-19,LONG,2024-01-19 11:10:00-05:00,17126.3,17076.3,17226.3,50,100.0,TP,17226.3,100.0,2.0,26,130,-26.2,100.5,86.3,1930,0.94,0.909,-0.887,2124.3,4
2024-01-22,SHORT,2024-01-22 10:00:00-05:00,17373.1,17423.1,17273.1,50,100.0,TIMEOUT,17318.8,54.3,1.086,72,360,-38.6,68.4,69.0,2284,1.729,1.069,1.761,2137.0,0
2024-01-24,LONG,2024-01-24 10:15:00-05:00,17577.8,17527.8,17677.8,50,100.0,SL,17527.8,-50.0,-1.0,49,245,-68.8,88.8,65.7,2080,1.448,0.955,0.98,2178.7,2
2024-01-25,LONG,2024-01-25 10:25:00-05:00,17610.5,17560.5,17710.5,50,100.0,SL,17560.5,-50.0,-1.0,2,10,-52.2,7.9,125.2,1988,1.132,0.909,0.529,2187.7,3
2024-01-26,LONG,2024-01-26 10:50:00-05:00,17499.6,17449.6,17599.6,50,100.0,SL,17449.6,-50.0,-1.0,21,105,-73.7,17.4,144.8,1914,1.002,0.885,0.014,2162.2,4
2024-01-29,SHORT,2024-01-29 10:00:00-05:00,17421.8,17471.8,17321.8,50,100.0,SL,17471.8,-50.0,-1.0,24,120,-53.1,12.8,55.8,2068,1.848,0.986,1.465,2096.3,0
2024-01-30,SHORT,2024-01-30 10:40:00-05:00,17533.4,17583.4,17433.4,50,100.0,TP,17433.4,100.0,2.0,64,320,-12.6,121.1,75.9,1914,1.141,0.944,0.442,2027.7,1
2024-01-31,SHORT,2024-01-31 10:25:00-05:00,17219.3,17269.3,17119.3,50,100.0,SL,17269.3,-50.0,-1.0,31,155,-56.7,39.3,134.7,2018,1.16,0.904,0.563,2231.7,2
2024-02-01,LONG,2024-02-01 10:25:00-05:00,17271.6,17221.6,17371.6,50,100.0,SL,17221.6,-50.0,-1.0,5,25,-80.2,1.4,63.4,2090,1.266,0.984,0.808,2123.0,3
2024-02-02,LONG,2024-02-02 10:40:00-05:00,17560.6,17510.6,17660.6,50,100.0,TP,17660.6,100.0,2.0,22,110,-45.3,102.9,159.0,2030,1.016,0.901,0.109,2254.0,4
2024-02-05,SHORT,2024-02-05 10:00:00-05:00,17565.1,17615.1,17465.1,50,100.0,TP,17465.1,100.0,2.0,9,45,-26.3,100.0,64.0,2310,1.794,1.063,1.722,2172.7,0
2024-02-06,SHORT,2024-02-06 10:00:00-05:00,17550.9,17600.9,17450.9,50,100.0,TIMEOUT,17558.8,-7.9,-0.158,72,360,-28.2,77.8,95.7,2256,1.774,1.024,1.6,2203.2,1
2024-02-07,LONG,2024-02-07 10:10:00-05:00,17720.6,17670.6,17820.6,50,100.0,TIMEOUT,17750.6,30.0,0.6,70,350,-28.0,65.3,142.4,2076,1.441,0.975,1.139,2129.0,2
2024-02-08,LONG,2024-02-08 10:00:00-05:00,17770.8,17720.8,17870.8,50,100.0,TIMEOUT,17778.8,8.0,0.16,72,360,-27.2,43.2,59.7,2036,1.523,0.979,1.393,2079.7,3
2024-02-09,LONG,2024-02-09 10:25:00-05:00,17889.4,17839.4,17989.4,50,100.0,TIMEOUT,17951.2,61.8,1.236,67,335,-7.0,99.4,86.5,1866,1.144,0.882,0.511,2116.0,4
2024-02-12,LONG,2024-02-12 10:40:00-05:00,17981.4,17931.4,18081.4,50,100.0,SL,17931.4,-50.0,-1.0,35,175,-63.7,59.9,37.5,1726,1.117,0.836,0.306,2064.3,0
2024-02-14,LONG,2024-02-14 10:15:00-05:00,17752.9,17702.9,17852.9,50,100.0,SL,17702.9,-50.0,-1.0,7,35,-55.5,20.5,81.1,2056,1.322,0.939,0.903,2190.7,2
2024-02-15,SHORT,2024-02-15 10:00:00-05:00,17741.1,17791.1,17641.1,50,100.0,SL,17791.1,-50.0,-1.0,2,10,-50.7,2.9,56.0,2176,1.423,1.002,1.354,2171.7,3
2024-02-16,SHORT,2024-02-16 10:00:00-05:00,17686.2,17736.2,17586.2,50,100.0,SL,17736.2,-50.0,-1.0,7,35,-56.5,14.3,121.8,2382,1.471,1.065,1.576,2237.0,4
2024-02-19,LONG,2024-02-19 10:00:00-05:00,17732.4,17682.4,17832.4,50,100.0,TIMEOUT,17726.6,-5.8,-0.116,35,175,-21.8,5.2,51.5,858,1.378,0.904,0.979,949.3,0
2024-02-20,SHORT,2024-02-20 10:00:00-05:00,17479.8,17529.8,17379.8,50,100.0,SL,17529.8,-50.0,-1.0,12,60,-58.9,55.5,104.6,2230,1.555,0.993,1.46,2245.3,1
2024-02-21,SHORT,2024-02-21 10:25:00-05:00,17415.6,17465.6,17315.6,50,100.0,TP,17315.6,100.0,2.0,51,255,-42.3,100.1,95.7,1948,1.207,0.89,0.584,2188.0,2
2024-02-22,LONG,2024-02-22 10:05:00-05:00,17884.1,17834.1,17984.1,50,100.0,TP,17984.1,100.0,2.0,42,210,-38.3,101.9,84.7,2228,1.457,0.995,1.282,2238.3,3
2024-02-23,SHORT,2024-02-23 11:00:00-05:00,17916.5,17966.5,17816.5,50,100.0,SL,17966.5,-50.0,-1.0,6,30,-50.0,18.5,112.9,2102,1.047,0.965,0.378,2178.3,4
2024-02-26,LONG,2024-02-26 10:15:00-05:00,17980.4,17930.4,18080.4,50,100.0,SL,17930.4,-50.0,-1.0,68,340,-53.4,32.4,85.5,1972,1.435,0.911,0.867,2165.7,0
2024-02-29,LONG,2024-02-29 10:00:00-05:00,18027.8,17977.8,18127.8,50,100.0,SL,17977.8,-50.0,-1.0,2,10,-83.4,4.4,207.5,2070,1.299,0.968,1.009,2139.3,3
2024-03-01,LONG,2024-03-01 10:05:00-05:00,18141.0,18091.0,18241.0,50,100.0,TP,18241.0,100.0,2.0,32,160,-32.3,102.2,124.2,2076,1.499,0.965,1.16,2150.3,4
2024-03-04,SHORT,2024-03-04 10:00:00-05:00,18259.1,18309.1,18159.1,50,100.0,SL,18309.1,-50.0,-1.0,55,275,-51.8,20.1,66.3,2090,1.768,0.971,1.4,2152.0,0
2024-03-05,SHORT,2024-03-05 10:00:00-05:00,18041.1,18091.1,17941.1,50,100.0,TP,17941.1,100.0,2.0,4,20,-1.3,112.8,82.4,2204,1.622,1.017,1.552,2167.7,1
2024-03-06,SHORT,2024-03-06 10:00:00-05:00,17966.0,18016.0,17866.0,50,100.0,SL,18016.0,-50.0,-1.0,6,30,-53.0,28.8,103.9,2268,1.538,1.037,1.568,2187.3,2
2024-03-07,LONG,2024-03-07 10:00:00-05:00,18168.1,18118.1,18268.1,50,100.0,TP,18268.1,100.0,2.0,17,85,-15.2,103.8,271.6,2054,1.339,0.925,1.104,2220.7,3
2024-03-08,LONG,2024-03-08 10:00:00-05:00,18378.3,18328.3,18478.3,50,100.0,SL,18328.3,-50.0,-1.0,9,45,-51.0,39.9,164.0,2042,1.12,0.906,0.608,2253.3,4
2024-03-11,SHORT,2024-03-11 10:00:00-04:00,17892.7,17942.7,17792.7,50,100.0,SL,17942.7,-50.0,-1.0,6,30,-74.9,13.1,128.4,2272,1.477,0.961,1.323,2364.7,0
2024-03-12,LONG,2024-03-12 10:30:00-04:00,18137.5,18087.5,18237.5,50,100.0,SL,18087.5,-50.0,-1.0,27,135,-71.0,59.6,170.6,2030,1.017,0.893,0.135,2273.0,1
2024-03-13,SHORT,2024-03-13 10:00:00-04:00,18071.1,18121.1,17971.1,50,100.0,SL,18121.1,-50.0,-1.0,8,40,-53.2,7.6,91.5,2078,1.524,0.931,1.226,2231.0,2
2024-03-14,SHORT,2024-03-14 10:00:00-04:00,17990.5,18040.5,17890.5,50,100.0,SL,18040.5,-50.0,-1.0,2,10,-69.1,3.3,84.6,2232,1.333,0.967,1.147,2308.0,3
2024-03-15,SHORT,2024-03-15 10:00:00-04:00,17824.5,17874.5,17724.5,50,100.0,SL,17874.5,-50.0,-1.0,5,25,-53.2,39.0,188.5,2348,1.449,1.035,1.433,2268.3,4
2024-03-18,LONG,2024-03-18 10:00:00-04:00,18052.8,18002.8,18152.8,50,100.0,SL,18002.8,-50.0,-1.0,35,175,-56.2,72.9,156.4,2208,1.678,0.987,1.437,2236.3,0
2024-03-19,SHORT,2024-03-19 10:25:00-04:00,17833.2,17883.2,17733.2,50,100.0,SL,17883.2,-50.0,-1.0,3,15,-57.7,8.0,170.2,2114,1.193,0.91,0.624,2324.0,1
2024-03-26,SHORT,2024-03-26 10:40:00-04:00,18314.9,18364.9,18214.9,50,100.0,TP,18214.9,100.0,2.0,63,315,-43.9,104.0,65.1,2058,1.198,0.992,0.687,2074.7,1
2024-03-27,SHORT,2024-03-27 10:00:00-04:00,18184.3,18234.3,18084.3,50,100.0,SL,18234.3,-50.0,-1.0,53,265,-55.3,27.9,99.8,2348,2.045,1.038,1.617,2261.7,2
2024-03-28,LONG,2024-03-28 10:00:00-04:00,18305.7,18255.7,18405.7,50,100.0,SL,18255.7,-50.0,-1.0,2,10,-50.9,2.4,68.6,2024,1.43,0.942,1.133,2149.3,3
2024-04-01,SHORT,2024-04-01 11:05:00-04:00,18263.2,18313.2,18163.2,50,100.0,TIMEOUT,18287.8,-24.6,-0.492,59,295,-37.4,59.2,122.3,1738,0.88,0.83,-1.002,2094.0,0
2024-04-02,SHORT,2024-04-02 10:05:00-04:00,18036.2,18086.2,17936.2,50,100.0,SL,18086.2,-50.0,-1.0,34,170,-50.0,39.5,239.1,2114,1.253,0.969,0.971,2182.3,1
2024-04-03,LONG,2024-04-03 10:00:00-04:00,18149.1,18099.1,18249.1,50,100.0,SL,18099.1,-50.0,-1.0,63,315,-52.6,95.5,87.2,2300,1.612,1.135,2.064,2026.0,2
2024-04-05,LONG,2024-04-05 10:00:00-04:00,18020.7,17970.7,18120.7,50,100.0,TP,18120.7,100.0,2.0,12,60,-37.7,107.7,138.5,2084,1.116,0.918,0.531,2271.3,4
2024-04-08,LONG,2024-04-08 10:50:00-04:00,18178.6,18128.6,18278.6,50,100.0,SL,18128.6,-50.0,-1.0,8,40,-55.8,2.9,119.7,2132,0.952,0.805,-0.191,2649.3,0
2024-04-09,SHORT,2024-04-09 10:30:00-04:00,18051.3,18101.3,17951.3,50,100.0,SL,18101.3,-50.0,-1.0,20,100,-55.2,80.6,140.2,2754,1.401,1.067,1.161,2581.3,1
2024-04-11,LONG,2024-04-11 11:55:00-04:00,18139.8,18089.8,18239.8,50,100.0,TP,18239.8,100.0,2.0,17,85,-26.2,106.5,191.2,1896,1.054,0.859,0.634,2207.7,3
2024-04-12,SHORT,2024-04-12 10:30:00-04:00,18088.3,18138.3,17988.3,50,100.0,TP,17988.3,100.0,2.0,26,130,-31.8,106.3,224.5,2008,1.067,0.952,0.443,2110.0,4
2024-04-15,SHORT,2024-04-15 10:10:00-04:00,18061.0,18111.0,17961.0,50,100.0,TP,17961.0,100.0,2.0,27,135,-30.0,104.9,108.4,2322,1.369,1.104,1.52,2103.7,0
2024-04-16,LONG,2024-04-16 11:50:00-04:00,17766.9,17716.9,17866.9,50,100.0,SL,17716.9,-50.0,-1.0,2,10,-68.8,3.3,125.5,1646,0.841,0.716,-1.614,2300.0,1
2024-04-17,SHORT,2024-04-17 10:50:00-04:00,17613.6,17663.6,17513.6,50,100.0,SL,17663.6,-50.0,-1.0,2,10,-73.6,0.2,147.4,2122,1.097,0.997,0.681,2128.0,2
2024-04-18,SHORT,2024-04-18 10:00:00-04:00,17448.8,17498.8,17348.8,50,100.0,SL,17498.8,-50.0,-1.0,2,10,-50.5,3.5,102.4,2208,1.385,0.992,1.358,2225.3,3
2024-04-19,SHORT,2024-04-19 10:20:00-04:00,17217.7,17267.7,17117.7,50,100.0,SL,17267.7,-50.0,-1.0,5,25,-51.9,21.3,161.4,2284,1.243,0.988,0.939,2312.7,4
2024-04-22,SHORT,2024-04-22 10:20:00-04:00,17071.3,17121.3,16971.3,50,100.0,SL,17121.3,-50.0,-1.0,20,100,-52.9,64.6,80.0,2134,1.347,0.984,0.998,2169.3,0
2024-04-23,LONG,2024-04-23 10:00:00-04:00,17349.8,17299.8,17449.8,50,100.0,TP,17449.8,100.0,2.0,6,30,-2.8,108.6,93.6,2220,1.689,1.126,1.798,1971.7,1
2024-04-24,LONG,2024-04-24 10:05:00-04:00,17629.1,17579.1,17729.1,50,100.0,SL,17579.1,-50.0,-1.0,2,10,-53.6,7.1,86.3,2010,1.281,0.908,0.898,2213.3,2
2024-04-26,LONG,2024-04-26 10:10:00-04:00,17704.2,17654.2,17804.2,50,100.0,TIMEOUT,17712.4,8.2,0.164,70,350,-47.6,67.9,137.7,2200,1.099,0.936,0.609,2349.3,4
2024-04-29,SHORT,2024-04-29 11:30:00-04:00,17727.9,17777.9,17627.9,50,100.0,SL,17777.9,-50.0,-1.0,9,45,-50.6,7.4,62.1,1860,0.955,0.847,-0.933,2197.0,0
2024-04-30,SHORT,2024-04-30 11:10:00-04:00,17638.0,17688.0,17538.0,50,100.0,TP,17538.0,100.0,2.0,56,280,-23.2,135.7,115.8,2072,1.053,1.003,0.841,2065.3,1
2024-05-02,SHORT,2024-05-02 10:00:00-04:00,17366.4,17416.4,17266.4,50,100.0,SL,17416.4,-50.0,-1.0,11,55,-65.6,82.3,99.4,2252,1.441,1.018,1.461,2211.3,3
2024-05-03,LONG,2024-05-03 10:40:00-04:00,17872.8,17822.8,17972.8,50,100.0,SL,17822.8,-50.0,-1.0,2,10,-51.4,6.5,247.1,2210,1.085,1.007,0.473,2193.7,4
2024-05-06,LONG,2024-05-06 10:00:00-04:00,17991.3,17941.3,18091.3,50,100.0,TP,18091.3,100.0,2.0,71,355,-28.6,100.6,79.5,1908,1.657,0.936,1.275,2037.7,0
2024-05-07,LONG,2024-05-07 10:10:00-04:00,18109.2,18059.2,18209.2,50,100.0,TIMEOUT,18097.1,-12.1,-0.242,70,350,-48.4,49.0,61.8,1870,1.43,0.907,0.922,2060.7,1
2024-05-08,LONG,2024-05-08 10:40:00-04:00,18115.0,18065.0,18215.0,50,100.0,SL,18065.0,-50.0,-1.0,13,65,-53.9,23.0,141.9,1728,1.091,0.847,0.289,2041.0,2
2024-05-09,LONG,2024-05-09 10:50:00-04:00,18123.1,18073.1,18223.1,50,100.0,SL,18073.1,-50.0,-1.0,14,70,-50.3,16.5,106.1,1774,0.975,0.851,-0.118,2085.3,3
2024-05-10,SHORT,2024-05-10 10:30:00-04:00,18129.9,18179.9,18029.9,50,100.0,TIMEOUT,18152.0,-22.1,-0.442,66,330,-42.8,36.3,74.3,2018,1.288,1.017,0.79,1984.0,4
2024-05-14,LONG,2024-05-14 10:20:00-04:00,18249.6,18199.6,18349.6,50,100.0,SL,18199.6,-50.0,-1.0,3,15,-59.1,25.6,140.8,2078,1.122,0.959,0.686,2166.7,1
2024-05-15,LONG,2024-05-15 10:30:00-04:00,18451.3,18401.3,18551.3,50,100.0,TP,18551.3,100.0,2.0,32,160,-5.7,100.4,154.5,1940,1.001,0.849,0.006,2284.7,2
2024-05-16,LONG,2024-05-16 10:40:00-04:00,18637.2,18587.2,18737.2,50,100.0,SL,18587.2,-50.0,-1.0,33,165,-51.7,35.2,54.7,1666,0.961,0.796,-0.159,2093.2,3
2024-05-20,LONG,2024-05-20 10:00:00-04:00,18658.9,18608.9,18758.9,50,100.0,TIMEOUT,18675.8,16.9,0.338,72,360,-40.6,46.2,51.8,1862,1.594,0.904,1.146,2060.0,0
2024-05-21,LONG,2024-05-21 11:20:00-04:00,18677.4,18627.4,18777.4,50,100.0,TIMEOUT,18709.3,31.9,0.638,56,280,-30.6,44.2,80.8,1420,0.824,0.66,-1.327,2150.7,1
2024-05-22,LONG,2024-05-22 10:00:00-04:00,18736.0,18686.0,18836.0,50,100.0,SL,18686.0,-50.0,-1.0,44,220,-62.8,19.5,57.4,1958,1.824,0.976,1.406,2007.0,2
2024-05-23,SHORT,2024-05-23 10:00:00-04:00,18795.3,18845.3,18695.3,50,100.0,SL,18845.3,-50.0,-1.0,19,95,-55.7,63.9,93.1,2284,1.677,0.994,1.445,2298.7,3
2024-05-24,LONG,2024-05-24 10:00:00-04:00,18712.9,18662.9,18812.9,50,100.0,TP,18812.9,100.0,2.0,12,60,-6.1,104.9,88.9,2230,1.564,1.056,1.666,2111.2,4
2024-05-27,LONG,2024-05-27 10:00:00-04:00,18817.8,18767.8,18917.8,50,100.0,TIMEOUT,18882.2,64.4,1.288,35,175,-10.9,68.6,23.1,722,1.375,0.838,0.859,861.3,0
2024-05-28,SHORT,2024-05-28 10:00:00-04:00,18816.1,18866.1,18716.1,50,100.0,SL,18866.1,-50.0,-1.0,18,90,-54.4,11.0,80.2,2168,1.634,1.008,1.515,2151.0,1
2024-05-30,SHORT,2024-05-30 10:40:00-04:00,18597.6,18647.6,18497.6,50,100.0,SL,18647.6,-50.0,-1.0,30,150,-61.7,37.8,126.4,2054,1.141,0.972,0.579,2114.0,3
2024-05-31,SHORT,2024-05-31 10:15:00-04:00,18411.1,18461.1,18311.1,50,100.0,TP,18311.1,100.0,2.0,5,25,-15.3,102.2,182.6,2228,1.236,1.004,1.106,2220.0,4
2024-06-03,SHORT,2024-06-03 10:45:00-04:00,18558.6,18608.6,18458.6,50,100.0,TP,18458.6,100.0,2.0,19,95,-30.0,116.7,93.6,2134,1.123,0.971,0.456,2197.3,0
2024-06-04,LONG,2024-06-04 10:40:00-04:00,18594.2,18544.2,18694.2,50,100.0,SL,18544.2,-50.0,-1.0,5,25,-51.6,6.9,127.5,2036,1.084,0.939,0.31,2167.7,1
2024-06-05,LONG,2024-06-05 10:00:00-04:00,18806.7,18756.7,18906.7,50,100.0,TP,18906.7,100.0,2.0,14,70,-36.3,106.8,150.5,2438,1.848,1.163,2.124,2096.7,2
2024-06-06,SHORT,2024-06-06 10:05:00-04:00,19008.1,19058.1,18908.1,50,100.0,SL,19058.1,-50.0,-1.0,6,30,-52.0,8.8,65.0,2112,1.27,0.924,0.95,2286.8,3
2024-06-10,LONG,2024-06-10 10:35:00-04:00,19004.4,18954.4,19104.4,50,100.0,TIMEOUT,19056.3,51.9,1.038,65,325,-10.7,87.0,64.9,1902,1.115,0.882,0.402,2156.7,0
2024-06-11,LONG,2024-06-11 10:40:00-04:00,19076.6,19026.6,19176.6,50,100.0,TP,19176.6,100.0,2.0,45,225,-42.5,106.3,73.1,1998,1.101,0.892,0.384,2238.7,1
2024-06-12,LONG,2024-06-12 10:00:00-04:00,19466.7,19416.7,19566.7,50,100.0,SL,19416.7,-50.0,-1.0,66,330,-56.2,90.9,215.1,2070,1.193,0.907,0.714,2283.3,2
2024-06-13,SHORT,2024-06-13 10:15:00-04:00,19541.4,19591.4,19441.4,50,100.0,SL,19591.4,-50.0,-1.0,58,290,-50.3,67.8,100.8,2184,1.216,0.963,0.928,2268.0,3
2024-06-17,LONG,2024-06-17 11:15:00-04:00,19735.0,19685.0,19835.0,50,100.0,TP,19835.0,100.0,2.0,24,120,-14.2,132.2,64.8,1672,0.852,0.765,-1.934,2186.7,0
2024-06-18,SHORT,2024-06-18 10:15:00-04:00,19893.4,19943.4,19793.4,50,100.0,TIMEOUT,19909.8,-16.4,-0.328,69,345,-48.8,52.3,80.0,2038,1.249,0.921,0.808,2212.7,1
2024-06-20,SHORT,2024-06-20 10:00:00-04:00,19935.9,19985.9,19835.9,50,100.0,TP,19835.9,100.0,2.0,28,140,-8.7,128.2,126.8,2212,1.484,0.986,1.323,2244.0,3
2024-06-21,SHORT,2024-06-21 10:30:00-04:00,19673.5,19723.5,19573.5,50,100.0,SL,19723.5,-50.0,-1.0,3,15,-53.8,1.3,122.5,2126,1.149,0.921,0.549,2308.3,4
2024-06-24,SHORT,2024-06-24 10:25:00-04:00,19621.6,19671.6,19521.6,50,100.0,TP,19521.6,100.0,2.0,37,185,-48.4,102.2,134.1,2208,1.283,0.958,0.817,2304.7,0
2024-06-25,LONG,2024-06-25 10:00:00-04:00,19609.3,19559.3,19709.3,50,100.0,TP,19709.3,100.0,2.0,65,325,-35.8,105.2,121.3,2248,1.651,1.012,1.506,2220.8,1
2024-06-27,LONG,2024-06-27 10:00:00-04:00,19798.3,19748.3,19898.3,50,100.0,SL,19748.3,-50.0,-1.0,10,50,-57.0,55.0,72.1,2270,1.528,0.969,1.3,2342.3,3
2024-06-28,LONG,2024-06-28 10:00:00-04:00,19973.3,19923.3,20073.3,50,100.0,SL,19923.3,-50.0,-1.0,10,50,-76.6,53.3,111.4,2268,1.376,1.026,1.397,2210.7,4
2024-07-01,SHORT,2024-07-01 10:10:00-04:00,19578.6,19628.6,19478.6,50,100.0,SL,19628.6,-50.0,-1.0,1,5,-97.4,8.3,114.2,2456,1.57,1.037,1.333,2367.7,0
2024-07-02,LONG,2024-07-02 10:00:00-04:00,19831.8,19781.8,19931.8,50,100.0,SL,19781.8,-50.0,-1.0,2,10,-52.4,17.5,78.1,2387,1.598,0.998,1.425,2391.0,1
2024-07-03,LONG,2024-07-03 10:10:00-04:00,20046.1,19996.1,20146.1,50,100.0,TP,20146.1,100.0,2.0,21,105,-39.2,100.0,76.0,2232,1.456,1.009,1.167,2211.0,2
2024-07-04,SHORT,2024-07-04 10:00:00-04:00,20155.1,20205.1,20055.1,50,100.0,TIMEOUT,20143.2,11.9,0.238,35,175,-12.0,19.3,13.1,738,1.645,0.914,1.177,807.0,3
2024-07-05,LONG,2024-07-05 10:00:00-04:00,20299.8,20249.8,20399.8,50,100.0,SL,20249.8,-50.0,-1.0,1,5,-55.5,10.9,110.8,2248,1.348,0.957,1.095,2349.7,4
2024-07-08,LONG,2024-07-08 10:10:00-04:00,20409.9,20359.9,20509.9,50,100.0,SL,20359.9,-50.0,-1.0,5,25,-50.1,4.2,51.7,2070,1.59,0.935,1.043,2213.3,0
2024-07-09,LONG,2024-07-09 10:10:00-04:00,20534.6,20484.6,20634.6,50,100.0,SL,20484.6,-50.0,-1.0,3,15,-65.5,6.4,43.6,2080,1.537,0.929,1.012,2240.0,1
2024-07-10,LONG,2024-07-10 10:00:00-04:00,20552.6,20502.6,20652.6,50,100.0,SL,20502.6,-50.0,-1.0,11,55,-51.8,19.1,69.4,2118,1.84,0.954,1.364,2220.3,2
2024-07-11,SHORT,2024-07-11 10:00:00-04:00,20636.4,20686.4,20536.4,50,100.0,TP,20536.4,100.0,2.0,2,10,-0.3,107.5,117.9,2100,1.138,0.924,0.583,2271.7,3
2024-07-12,LONG,2024-07-12 10:00:00-04:00,20340.0,20290.0,20440.0,50,100.0,TP,20440.0,100.0,2.0,10,50,-33.5,104.6,129.6,2306,1.317,1.014,1.25,2274.7,4
2024-07-15,LONG,2024-07-15 10:00:00-04:00,20462.2,20412.2,20562.2,50,100.0,TP,20562.2,100.0,2.0,14,70,-16.8,110.0,56.4,2262,1.612,0.956,1.338,2367.3,0
2024-07-16,SHORT,2024-07-16 10:00:00-04:00,20331.5,20381.5,20231.5,50,100.0,SL,20381.5,-50.0,-1.0,13,65,-72.5,43.1,111.4,2392,1.617,1.053,1.572,2272.2,1
2024-07-17,SHORT,2024-07-17 10:00:00-04:00,19962.8,20012.8,19862.8,50,100.0,TP,19862.8,100.0,2.0,22,110,-22.5,102.2,203.3,2384,1.435,0.992,1.414,2403.7,2
2024-07-18,SHORT,2024-07-18 10:30:00-04:00,19770.7,19820.7,19670.7,50,100.0,SL,19820.7,-50.0,-1.0,4,20,-59.0,67.5,143.4,2382,1.263,1.012,0.969,2354.0,3
2024-07-19,SHORT,2024-07-19 11:25:00-04:00,19560.3,19610.3,19460.3,50,100.0,SL,19610.3,-50.0,-1.0,6,30,-71.0,42.2,186.3,2128,0.903,0.851,-3.033,2499.3,4
2024-07-22,LONG,2024-07-22 10:25:00-04:00,19784.0,19734.0,19884.0,50,100.0,SL,19734.0,-50.0,-1.0,8,40,-63.0,57.8,200.2,2246,1.245,0.941,0.667,2386.7,0
2024-07-23,LONG,2024-07-23 10:05:00-04:00,19847.8,19797.8,19947.8,50,100.0,SL,19797.8,-50.0,-1.0,8,40,-83.9,26.8,146.6,2300,1.396,0.973,1.212,2362.7,1
2024-07-24,SHORT,2024-07-24 10:00:00-04:00,19328.0,19378.0,19228.0,50,100.0,TP,19228.0,100.0,2.0,15,75,-25.6,107.5,144.9,2466,1.492,1.013,1.524,2433.3,2
2024-07-25,SHORT,2024-07-25 10:00:00-04:00,18823.5,18873.5,18723.5,50,100.0,TP,18723.5,100.0,2.0,2,10,-45.6,104.0,198.2,2580,1.284,1.013,1.425,2547.3,3
2024-07-26,SHORT,2024-07-26 10:05:00-04:00,18899.1,18949.1,18799.1,50,100.0,SL,18949.1,-50.0,-1.0,1,5,-65.2,1.5,151.1,2530,1.37,1.027,1.328,2464.7,4
2024-07-29,SHORT,2024-07-29 11:00:00-04:00,19056.9,19106.9,18956.9,50,100.0,SL,19106.9,-50.0,-1.0,11,55,-63.2,94.3,141.7,2366,1.027,0.952,0.182,2486.3,0
2024-07-30,SHORT,2024-07-30 10:00:00-04:00,19046.5,19096.5,18946.5,50,100.0,SL,19096.5,-50.0,-1.0,3,15,-50.7,2.6,86.3,2544,1.909,1.034,1.604,2461.3,1
2024-07-31,LONG,2024-07-31 10:00:00-04:00,19260.8,19210.8,19360.8,50,100.0,TP,19360.8,100.0,2.0,18,90,-1.5,108.9,198.9,2528,1.47,1.016,1.502,2488.3,2
2024-08-01,SHORT,2024-08-01 10:20:00-04:00,19361.7,19411.7,19261.7,50,100.0,TP,19261.7,100.0,2.0,4,20,-9.6,113.0,156.7,2542,1.228,1.012,0.961,2511.7,3
2024-08-02,SHORT,2024-08-02 10:05:00-04:00,18338.7,18388.7,18238.7,50,100.0,SL,18388.7,-50.0,-1.0,5,25,-50.8,91.8,252.0,2606,1.18,0.998,1.008,2610.0,4
2024-08-05,LONG,2024-08-05 10:00:00-04:00,17911.5,17861.5,18011.5,50,100.0,SL,17861.5,-50.0,-1.0,1,5,-132.2,35.4,625.0,2566,1.383,1.046,1.512,2453.3,0
2024-08-06,LONG,2024-08-06 10:45:00-04:00,18197.8,18147.8,18297.8,50,100.0,SL,18147.8,-50.0,-1.0,5,25,-64.4,11.5,294.3,2474,1.099,0.967,0.438,2557.7,1
2024-08-07,LONG,2024-08-07 10:00:00-04:00,18365.0,18315.0,18465.0,50,100.0,SL,18315.0,-50.0,-1.0,3,15,-65.8,56.5,239.9,2490,1.55,0.978,1.424,2546.0,2
2024-08-08,LONG,2024-08-08 10:00:00-04:00,18155.3,18105.3,18255.3,50,100.0,TP,18255.3,100.0,2.0,5,25,-43.7,114.0,372.4,2532,1.371,0.993,1.26,2549.0,3
2024-08-12,SHORT,2024-08-12 10:00:00-04:00,18464.1,18514.1,18364.1,50,100.0,SL,18514.1,-50.0,-1.0,1,5,-65.4,7.7,89.3,2312,1.702,0.954,1.302,2422.3,0
2024-08-13,LONG,2024-08-13 10:00:00-04:00,18805.8,18755.8,18905.8,50,100.0,SL,18755.8,-50.0,-1.0,6,30,-56.3,8.7,197.7,2348,1.325,1.003,1.355,2341.3,1
2024-08-14,SHORT,2024-08-14 10:05:00-04:00,18919.9,18969.9,18819.9,50,100.0,SL,18969.9,-50.0,-1.0,11,55,-62.6,96.9,121.6,2314,1.216,0.951,0.89,2432.0,2
2024-08-15,LONG,2024-08-15 10:00:00-04:00,19321.4,19271.4,19421.4,50,100.0,TP,19421.4,100.0,2.0,15,75,-19.5,101.7,265.4,2426,1.275,1.027,1.229,2362.7,3
2024-08-19,LONG,2024-08-19 10:50:00-04:00,19559.5,19509.5,19659.5,50,100.0,TP,19659.5,100.0,2.0,44,220,-33.1,100.8,112.7,2044,1.023,0.871,0.095,2345.7,0
2024-08-20,SHORT,2024-08-20 10:35:00-04:00,19672.0,19722.0,19572.0,50,100.0,SL,19722.0,-50.0,-1.0,9,45,-60.6,19.5,117.7,2218,1.188,1.008,0.675,2201.0,1
2024-08-21,LONG,2024-08-21 10:00:00-04:00,19810.6,19760.6,19910.6,50,100.0,SL,19760.6,-50.0,-1.0,3,15,-56.2,13.3,72.4,2328,1.786,1.032,1.598,2256.0,2
2024-08-22,SHORT,2024-08-22 10:15:00-04:00,19810.1,19860.1,19710.1,50,100.0,TP,19710.1,100.0,2.0,15,75,-36.1,120.8,106.2,2288,1.345,0.987,1.022,2317.3,3
2024-08-23,LONG,2024-08-23 10:00:00-04:00,19763.2,19713.2,19863.2,50,100.0,SL,19713.2,-50.0,-1.0,1,5,-74.2,19.9,104.1,2516,1.948,1.17,2.024,2151.0,4
2024-08-26,SHORT,2024-08-26 10:00:00-04:00,19651.2,19701.2,19551.2,50,100.0,TP,19551.2,100.0,2.0,3,15,-6.9,113.7,100.0,2280,1.57,0.986,1.42,2311.7,0
2024-08-27,LONG,2024-08-27 10:40:00-04:00,19584.6,19534.6,19684.6,50,100.0,SL,19534.6,-50.0,-1.0,10,50,-74.0,41.7,168.6,2096,0.992,0.883,-0.056,2373.3,1
2024-08-28,SHORT,2024-08-28 10:00:00-04:00,19486.3,19536.3,19386.3,50,100.0,TP,19386.3,100.0,2.0,12,60,-42.0,137.7,94.0,2266,1.603,0.969,1.305,2338.7,2
2024-08-29,LONG,2024-08-29 10:00:00-04:00,19559.9,19509.9,19659.9,50,100.0,SL,19509.9,-50.0,-1.0,3,15,-89.9,12.0,175.5,2468,1.417,1.015,1.466,2430.7,3
2024-08-30,LONG,2024-08-30 10:00:00-04:00,19545.2,19495.2,19645.2,50,100.0,SL,19495.2,-50.0,-1.0,4,20,-62.4,4.6,111.4,2328,1.407,1.0,1.386,2327.0,4
2024-09-02,LONG,2024-09-02 10:35:00-04:00,19601.8,19551.8,19701.8,50,100.0,TIMEOUT,19597.4,-4.4,-0.088,28,140,-22.5,17.8,123.9,1214,1.524,1.4,2.063,867.0,0
2024-09-03,SHORT,2024-09-03 10:00:00-04:00,19290.7,19340.7,19190.7,50,100.0,TP,19190.7,100.0,2.0,8,40,-16.0,115.2,197.9,2492,1.54,1.03,1.556,2420.3,1
2024-09-04,LONG,2024-09-04 10:05:00-04:00,18929.6,18879.6,19029.6,50,100.0,SL,18879.6,-50.0,-1.0,1,5,-50.4,27.0,110.6,2482,1.47,1.02,1.354,2432.3,2
2024-09-05,LONG,2024-09-05 10:00:00-04:00,19042.3,18992.3,19142.3,50,100.0,SL,18992.3,-50.0,-1.0,2,10,-53.9,38.0,172.6,2368,1.28,0.986,1.289,2402.0,3
2024-09-06,SHORT,2024-09-06 10:20:00-04:00,18644.7,18694.7,18544.7,50,100.0,TP,18544.7,100.0,2.0,4,20,-0.1,135.9,266.4,2384,1.061,0.937,0.503,2543.3,4
2024-09-09,LONG,2024-09-09 10:00:00-04:00,18645.0,18595.0,18745.0,50,100.0,SL,18595.0,-50.0,-1.0,4,20,-53.8,44.0,79.8,2208,1.455,0.932,1.183,2369.8,0
2024-09-10,LONG,2024-09-10 10:00:00-04:00,18751.7,18701.7,18851.7,50,100.0,SL,18701.7,-50.0,-1.0,2,10,-83.0,35.8,194.7,2280,1.54,0.967,1.359,2358.3,1
2024-09-11,SHORT,2024-09-11 10:10:00-04:00,18671.7,18721.7,18571.7,50,100.0,TP,18571.7,100.0,2.0,6,30,-3.8,120.9,195.8,2378,1.131,0.976,0.856,2435.7,2
2024-09-12,SHORT,2024-09-12 10:00:00-04:00,19219.4,19269.4,19119.4,50,100.0,SL,19269.4,-50.0,-1.0,2,10,-78.4,17.3,89.7,2466,1.333,1.016,1.422,2427.7,3
2024-09-13,LONG,2024-09-13 10:00:00-04:00,19463.2,19413.2,19563.2,50,100.0,SL,19413.2,-50.0,-1.0,6,30,-68.0,45.2,71.0,1718,1.462,1.023,1.494,1680.0,4
2024-09-16,SHORT,2024-09-16 10:20:00-04:00,19397.4,19447.4,19297.4,50,100.0,TP,19297.4,100.0,2.0,2,10,-4.9,101.7,122.4,1556,1.237,0.94,0.774,1655.0,0
2024-09-17,LONG,2024-09-17 10:40:00-04:00,19576.0,19526.0,19676.0,50,100.0,SL,19526.0,-50.0,-1.0,3,15,-69.4,32.1,122.3,1460,1.011,0.903,0.068,1616.0,1
2024-09-18,SHORT,2024-09-18 11:20:00-04:00,19402.0,19452.0,19302.0,50,100.0,SL,19452.0,-50.0,-1.0,18,90,-53.1,57.4,77.0,1376,0.915,0.843,-1.284,1632.0,2
2024-09-19,LONG,2024-09-19 10:10:00-04:00,19820.1,19770.1,19920.1,50,100.0,TP,19920.1,100.0,2.0,27,135,-11.0,104.4,181.9,1628,1.223,0.967,0.982,1683.0,3
2024-09-20,SHORT,2024-09-20 10:45:00-04:00,19734.3,19784.3,19634.3,50,100.0,TP,19634.3,100.0,2.0,6,30,-10.5,111.2,92.8,1522,1.009,0.93,0.076,1637.3,4
2024-09-23,LONG,2024-09-23 10:20:00-04:00,19878.2,19828.2,19978.2,50,100.0,SL,19828.2,-50.0,-1.0,9,45,-57.3,19.8,142.5,1618,1.303,0.992,0.979,1631.0,0
2024-09-24,SHORT,2024-09-24 10:00:00-04:00,19779.2,19829.2,19679.2,50,100.0,SL,19829.2,-50.0,-1.0,10,50,-54.4,49.0,127.5,1694,1.599,1.069,1.801,1584.3,1
2024-09-25,LONG,2024-09-25 10:00:00-04:00,20009.7,19959.7,20109.7,50,100.0,SL,19959.7,-50.0,-1.0,23,115,-51.0,39.4,91.1,1566,1.591,0.965,1.353,1622.7,2
2024-09-26,SHORT,2024-09-26 10:00:00-04:00,20195.8,20245.8,20095.8,50,100.0,TP,20095.8,100.0,2.0,6,30,-5.0,106.5,86.6,1608,1.33,0.96,1.204,1674.3,3
2024-09-27,SHORT,2024-09-27 11:55:00-04:00,20019.4,20069.4,19919.4,50,100.0,SL,20069.4,-50.0,-1.0,25,125,-57.8,24.7,156.2,1424,0.916,0.869,-1.702,1639.0,4
2024-10-01,SHORT,2024-10-01 10:00:00-04:00,19842.7,19892.7,19742.7,50,100.0,TP,19742.7,100.0,2.0,2,10,0.0,121.4,109.1,1760,1.629,1.033,1.596,1703.3,1
2024-10-02,LONG,2024-10-02 10:45:00-04:00,19845.6,19795.6,19945.6,50,100.0,SL,19795.6,-50.0,-1.0,1,5,-62.7,5.2,130.8,1590,1.02,0.928,0.146,1713.7,2
2024-10-03,LONG,2024-10-03 10:00:00-04:00,19887.8,19837.8,19987.8,50,100.0,SL,19837.8,-50.0,-1.0,2,10,-108.3,23.0,142.9,1684,1.338,1.013,1.481,1662.0,3
2024-10-08,LONG,2024-10-08 10:00:00-04:00,20000.2,19950.2,20100.2,50,100.0,TP,20100.2,100.0,2.0,63,315,-32.0,102.7,163.3,2222,1.67,0.98,1.422,2268.3,1
2024-10-09,LONG,2024-10-09 10:10:00-04:00,20116.4,20066.4,20216.4,50,100.0,TP,20216.4,100.0,2.0,16,80,-6.8,102.8,104.5,2126,1.463,0.946,1.052,2247.7,2
2024-10-10,LONG,2024-10-10 11:55:00-04:00,20292.9,20242.9,20392.9,50,100.0,SL,20242.9,-50.0,-1.0,10,50,-57.4,32.4,130.4,1532,0.829,0.662,-1.323,2313.3,3
2024-10-11,LONG,2024-10-11 10:10:00-04:00,20258.6,20208.6,20358.6,50,100.0,TIMEOUT,20255.1,-3.5,-0.07,70,350,-46.4,56.4,77.9,2152,1.372,1.001,1.139,2149.0,4
2024-10-14,LONG,2024-10-14 10:00:00-04:00,20485.3,20435.3,20585.3,50,100.0,SL,20435.3,-50.0,-1.0,3,15,-61.5,3.2,141.9,1970,1.829,0.935,1.301,2106.7,0
2024-10-15,SHORT,2024-10-15 10:25:00-04:00,20348.3,20398.3,20248.3,50,100.0,TP,20248.3,100.0,2.0,2,10,-0.5,155.5,87.0,2226,1.435,1.021,0.998,2180.7,1
2024-10-16,SHORT,2024-10-16 10:00:00-04:00,20094.5,20144.5,19994.5,50,100.0,SL,20144.5,-50.0,-1.0,4,20,-73.3,14.5,61.5,2320,1.806,1.001,1.495,2318.3,2
2024-10-17,SHORT,2024-10-17 10:00:00-04:00,20234.3,20284.3,20134.3,50,100.0,SL,20284.3,-50.0,-1.0,4,20,-68.2,28.0,188.0,2408,1.606,1.038,1.614,2319.0,3
2024-10-18,LONG,2024-10-18 10:05:00-04:00,20355.2,20305.2,20455.2,50,100.0,SL,20305.2,-50.0,-1.0,9,45,-51.7,9.0,89.3,2074,1.537,0.914,1.007,2269.0,4
2024-10-21,LONG,2024-10-21 10:00:00-04:00,20349.3,20299.3,20449.3,50,100.0,SL,20299.3,-50.0,-1.0,7,35,-50.3,55.5,116.3,1948,1.618,0.925,1.232,2106.3,0
2024-10-22,LONG,2024-10-22 10:05:00-04:00,20346.2,20296.2,20446.2,50,100.0,SL,20296.2,-50.0,-1.0,28,140,-61.1,25.1,127.3,2240,1.513,1.02,1.442,2195.3,1
2024-10-23,SHORT,2024-10-23 10:00:00-04:00,20241.6,20291.6,20141.6,50,100.0,SL,20291.6,-50.0,-1.0,6,30,-56.2,37.9,117.5,2224,1.768,1.071,1.742,2076.7,2
2024-10-24,SHORT,2024-10-24 11:45:00-04:00,20132.8,20182.8,20032.8,50,100.0,SL,20182.8,-50.0,-1.0,2,10,-60.7,8.0,112.2,1908,1.019,0.875,0.219,2181.7,3
2024-10-25,LONG,2024-10-25 10:00:00-04:00,20542.3,20492.3,20642.3,50,100.0,SL,20492.3,-50.0,-1.0,9,45,-57.1,27.7,128.1,2160,1.802,1.044,1.634,2069.7,4
2024-10-28,SHORT,2024-10-28 10:00:00-04:00,20444.0,20494.0,20344.0,50,100.0,TIMEOUT,20382.6,61.4,1.228,72,360,-45.1,85.9,95.4,2172,1.586,0.957,1.306,2269.3,0
2024-10-29,LONG,2024-10-29 10:20:00-04:00,20462.4,20412.4,20562.4,50,100.0,SL,20412.4,-50.0,-1.0,1,5,-60.1,14.2,93.0,2106,1.382,0.959,0.919,2195.7,1
2024-10-30,SHORT,2024-10-30 10:50:00-04:00,20508.4,20558.4,20408.4,50,100.0,SL,20558.4,-50.0,-1.0,7,35,-52.6,21.8,124.4,2094,1.054,0.9,0.32,2326.0,2
2024-10-31,SHORT,2024-10-31 10:00:00-04:00,20034.7,20084.7,19934.7,50,100.0,TP,19934.7,100.0,2.0,13,65,-44.5,101.4,127.4,2364,1.404,0.984,1.363,2401.7,3
2024-11-01,LONG,2024-11-01 10:05:00-04:00,20055.8,20005.8,20155.8,50,100.0,TP,20155.8,100.0,2.0,5,25,-1.8,102.1,90.7,2272,1.34,1.012,1.273,2245.7,4
2024-11-04,LONG,2024-11-04 11:10:00-05:00,20103.8,20053.8,20203.8,50,100.0,SL,20053.8,-50.0,-1.0,4,20,-67.3,5.7,124.7,1854,0.887,0.804,-1.278,2305.7,0
2024-11-05,LONG,2024-11-05 10:00:00-05:00,20187.9,20137.9,20287.9,50,100.0,SL,20137.9,-50.0,-1.0,11,55,-53.5,15.9,68.7,2218,1.718,1.004,1.5,2209.0,1
2024-11-06,LONG,2024-11-06 10:10:00-05:00,20645.0,20595.0,20745.0,50,100.0,SL,20595.0,-50.0,-1.0,10,50,-56.4,71.8,149.0,2236,1.256,0.926,0.849,2414.3,2
2024-11-07,LONG,2024-11-07 10:00:00-05:00,21006.9,20956.9,21106.9,50,100.0,TP,21106.9,100.0,2.0,55,275,-21.3,107.3,104.6,2074,1.433,0.956,1.25,2169.3,3
2024-11-11,SHORT,2024-11-11 10:00:00-05:00,21068.2,21118.2,20968.2,50,100.0,SL,21118.2,-50.0,-1.0,6,30,-61.1,4.8,71.7,2234,1.672,0.974,1.405,2294.3,0
2024-11-13,SHORT,2024-11-13 10:00:00-05:00,21023.6,21073.6,20923.6,50,100.0,SL,21073.6,-50.0,-1.0,17,85,-54.8,51.4,128.1,2240,1.278,0.974,1.142,2300.7,2
2024-11-14,SHORT,2024-11-14 10:00:00-05:00,21010.3,21060.3,20910.3,50,100.0,TP,20910.3,100.0,2.0,61,305,-45.4,106.2,77.3,2294,1.422,0.979,1.277,2342.3,3
2024-11-15,SHORT,2024-11-15 10:00:00-05:00,20587.3,20637.3,20487.3,50,100.0,TP,20487.3,100.0,2.0,7,35,-15.3,103.7,113.4,2274,1.417,1.0,1.377,2274.3,4
2024-11-18,LONG,2024-11-18 10:25:00-05:00,20575.0,20525.0,20675.0,50,100.0,SL,20525.0,-50.0,-1.0,40,200,-55.8,72.3,166.0,1826,1.095,0.808,0.29,2260.3,0
2024-11-19,LONG,2024-11-19 11:40:00-05:00,20616.8,20566.8,20716.8,50,100.0,TP,20716.8,100.0,2.0,26,130,-47.0,101.0,305.1,1696,0.877,0.74,-1.258,2292.0,1
2024-11-20,SHORT,2024-11-20 10:00:00-05:00,20534.3,20584.3,20434.3,50,100.0,TP,20434.3,100.0,2.0,3,15,-2.3,104.2,109.2,2198,1.555,0.981,1.309,2241.7,2
2024-11-21,SHORT,2024-11-21 10:25:00-05:00,20459.2,20509.2,20359.2,50,100.0,SL,20509.2,-50.0,-1.0,2,10,-58.0,15.5,292.2,2340,1.206,0.941,0.707,2485.7,3
2024-11-22,LONG,2024-11-22 10:40:00-05:00,20772.5,20722.5,20872.5,50,100.0,SL,20722.5,-50.0,-1.0,6,30,-51.0,10.2,137.0,2184,1.072,0.927,0.317,2355.0,4
2024-11-25,SHORT,2024-11-25 10:00:00-05:00,20870.9,20920.9,20770.9,50,100.0,TP,20770.9,100.0,2.0,28,140,-30.3,115.0,113.5,2468,1.627,1.026,1.56,2405.7,0
2024-11-26,LONG,2024-11-26 10:40:00-05:00,20931.9,20881.9,21031.9,50,100.0,SL,20881.9,-50.0,-1.0,7,35,-54.5,7.3,126.8,1978,1.04,0.852,0.145,2321.3,1
2024-11-27,SHORT,2024-11-27 10:00:00-05:00,20796.3,20846.3,20696.3,50,100.0,TP,20696.3,100.0,2.0,7,35,-7.0,125.5,76.6,2130,1.614,0.99,1.425,2151.0,2
2024-11-28,LONG,2024-11-28 10:00:00-05:00,20836.4,20786.4,20936.4,50,100.0,TIMEOUT,20837.5,1.1,0.022,35,175,-10.4,20.4,34.2,672,1.234,0.848,0.672,792.3,3
2024-11-29,LONG,2024-11-29 10:00:00-05:00,20864.1,20814.1,20964.1,50,100.0,TP,20964.1,100.0,2.0,34,170,0.0,102.5,97.0,1868,1.424,0.916,1.074,2039.0,4
2024-12-02,LONG,2024-12-02 10:00:00-05:00,21133.4,21083.4,21233.4,50,100.0,TIMEOUT,21186.2,52.8,1.056,72,360,-33.2,84.8,105.7,2198,1.633,1.032,1.622,2130.7,0
2024-12-03,LONG,2024-12-03 11:25:00-05:00,21211.4,21161.4,21311.4,50,100.0,SL,21161.4,-50.0,-1.0,3,15,-53.9,11.6,98.0,1706,0.941,0.811,-0.743,2102.3,1
2024-12-04,LONG,2024-12-04 10:30:00-05:00,21440.7,21390.7,21540.7,50,100.0,TIMEOUT,21485.1,44.4,0.888,66,330,-37.1,71.2,110.8,1846,1.165,0.887,0.467,2082.0,2
2024-12-06,LONG,2024-12-06 10:00:00-05:00,21566.6,21516.6,21666.6,50,100.0,TIMEOUT,21604.3,37.7,0.754,72,360,-28.0,67.0,85.5,1990,1.409,0.982,1.235,2026.7,4
2024-12-09,SHORT,2024-12-09 10:25:00-05:00,21527.0,21577.0,21427.0,50,100.0,TP,21427.0,100.0,2.0,8,40,-21.7,106.3,117.2,2076,1.472,0.987,1.034,2103.7,0
2024-12-10,LONG,2024-12-10 10:00:00-05:00,21552.4,21502.4,21652.4,50,100.0,SL,21502.4,-50.0,-1.0,10,50,-57.1,29.2,88.4,2104,1.75,0.956,1.365,2200.7,1
2024-12-11,LONG,2024-12-11 10:00:00-05:00,21669.1,21619.1,21769.1,50,100.0,TP,21769.1,100.0,2.0,36,180,-17.4,103.5,172.3,2090,1.478,0.984,1.297,2123.3,2
2024-12-13,LONG,2024-12-13 10:00:00-05:00,21845.3,21795.3,21945.3,50,100.0,SL,21795.3,-50.0,-1.0,5,25,-64.6,20.8,111.5,2160,1.691,1.013,1.464,2132.7,4
2024-12-16,LONG,2024-12-16 10:00:00-05:00,21978.9,21928.9,22078.9,50,100.0,SL,21928.9,-50.0,-1.0,4,20,-59.5,0.6,118.2,2236,1.645,0.97,1.372,2305.7,0
2024-12-17,SHORT,2024-12-17 10:00:00-05:00,21970.8,22020.8,21870.8,50,100.0,SL,22020.8,-50.0,-1.0,13,65,-68.5,35.0,94.8,2352,1.67,0.987,1.396,2384.0,1
2024-12-18,SHORT,2024-12-18 11:15:00-05:00,21963.6,22013.6,21863.6,50,100.0,SL,22013.6,-50.0,-1.0,4,20,-52.5,16.0,117.7,2034,1.066,0.883,0.506,2304.7,2
2024-12-19,SHORT,2024-12-19 10:25:00-05:00,21202.3,21252.3,21102.3,50,100.0,SL,21252.3,-50.0,-1.0,3,15,-54.4,33.2,151.6,2346,1.173,0.941,0.709,2493.7,3
2024-12-20,LONG,2024-12-20 10:00:00-05:00,20994.6,20944.6,21094.6,50,100.0,TP,21094.6,100.0,2.0,5,25,-47.9,169.3,283.0,2426,1.263,1.009,1.307,2405.3,4
2024-12-23,SHORT,2024-12-23 10:05:00-05:00,21225.9,21275.9,21125.9,50,100.0,SL,21275.9,-50.0,-1.0,2,10,-51.9,37.8,174.5,2292,1.334,0.962,1.145,2382.7,0
2024-12-24,LONG,2024-12-24 10:00:00-05:00,21642.5,21592.5,21742.5,50,100.0,TP,21742.5,100.0,2.0,35,175,-30.7,105.5,108.3,1932,1.541,0.906,1.108,2132.0,1
2024-12-27,SHORT,2024-12-27 10:00:00-05:00,21330.7,21380.7,21230.7,50,100.0,TP,21230.7,100.0,2.0,27,135,-46.1,102.4,110.7,2406,1.65,1.032,1.589,2330.3,4
2024-12-30,SHORT,2024-12-30 10:00:00-05:00,21044.2,21094.2,20944.2,50,100.0,SL,21094.2,-50.0,-1.0,7,35,-60.5,45.2,314.1,2438,1.358,1.033,1.606,2360.3,0
2024-12-31,SHORT,2024-12-31 10:05:00-05:00,21090.8,21140.8,20990.8,50,100.0,SL,21140.8,-50.0,-1.0,2,10,-69.1,16.9,163.8,2324,1.545,1.009,1.407,2303.7,1
2025-01-02,SHORT,2025-01-02 10:20:00-05:00,21017.6,21067.6,20917.6,50,100.0,SL,21067.6,-50.0,-1.0,6,30,-59.3,60.2,170.7,2516,1.279,1.022,1.147,2462.3,3
2025-01-03,LONG,2025-01-03 10:00:00-05:00,21172.0,21122.0,21272.0,50,100.0,SL,21122.0,-50.0,-1.0,2,10,-86.4,15.0,93.4,2372,1.726,1.019,1.553,2327.0,4
2025-01-06,LONG,2025-01-06 10:00:00-05:00,21581.1,21531.1,21681.1,50,100.0,SL,21531.1,-50.0,-1.0,34,170,-52.4,73.6,195.4,2312,1.449,1.008,1.268,2294.3,0
2025-01-07,SHORT,2025-01-07 10:00:00-05:00,21364.3,21414.3,21264.3,50,100.0,TP,21264.3,100.0,2.0,6,30,-34.1,114.4,90.9,2502,1.728,1.058,1.686,2365.3,1
2025-01-10,SHORT,2025-01-10 10:00:00-05:00,20712.3,20762.3,20612.3,50,100.0,SL,20762.3,-50.0,-1.0,4,20,-61.4,65.1,325.8,2496,1.26,1.024,1.272,2437.7,4
2025-01-14,SHORT,2025-01-14 10:55:00-05:00,20722.7,20772.7,20622.7,50,100.0,TP,20622.7,100.0,2.0,12,60,-19.7,116.4,199.3,2218,1.017,0.925,0.137,2398.3,1
2025-01-15,LONG,2025-01-15 10:00:00-05:00,21153.9,21103.9,21253.9,50,100.0,SL,21103.9,-50.0,-1.0,18,90,-90.6,43.4,419.0,2198,1.157,0.93,0.693,2364.0,2
2025-01-16,SHORT,2025-01-16 10:00:00-05:00,21174.1,21224.1,21074.1,50,100.0,SL,21224.1,-50.0,-1.0,12,60,-76.0,39.3,145.0,2370,1.475,0.994,1.437,2385.3,3
2025-01-20,LONG,2025-01-20 10:05:00-05:00,21538.2,21488.2,21638.2,50,100.0,SL,21488.2,-50.0,-1.0,3,15,-51.0,2.2,183.5,1498,0.998,0.906,-0.012,1652.7,0
2025-01-21,SHORT,2025-01-21 10:00:00-05:00,21408.7,21458.7,21308.7,50,100.0,SL,21458.7,-50.0,-1.0,8,40,-53.1,69.9,128.4,2360,1.579,0.972,1.383,2427.0,1
2025-01-22,LONG,2025-01-22 10:00:00-05:00,21824.4,21774.4,21924.4,50,100.0,TIMEOUT,21800.2,-24.2,-0.484,72,360,-27.2,84.8,84.0,2226,1.609,0.96,1.316,2319.7,2
2025-01-23,LONG,2025-01-23 10:35:00-05:00,21749.3,21699.3,21849.3,50,100.0,TP,21849.3,100.0,2.0,64,320,-31.0,113.3,68.7,1908,1.111,0.875,0.375,2181.7,3
2025-01-24,SHORT,2025-01-24 11:00:00-05:00,21797.1,21847.1,21697.1,50,100.0,SL,21847.1,-50.0,-1.0,7,35,-50.7,1.2,75.6,1838,0.93,0.838,-0.481,2192.3,4
2025-01-27,LONG,2025-01-27 10:20:00-05:00,21150.8,21100.8,21250.8,50,100.0,TP,21250.8,100.0,2.0,4,20,-17.8,101.4,545.8,2446,1.179,0.98,0.916,2495.7,0
2025-01-28,LONG,2025-01-28 10:20:00-05:00,21275.1,21225.1,21375.1,50,100.0,TP,21375.1,100.0,2.0,22,110,-48.8,102.9,164.9,2184,1.135,0.885,0.494,2467.7,1
2025-01-29,SHORT,2025-01-29 10:00:00-05:00,21370.7,21420.7,21270.7,50,100.0,TP,21270.7,100.0,2.0,36,180,-35.8,159.0,136.0,2200,1.322,0.932,1.139,2359.7,2
2025-01-30,SHORT,2025-01-30 10:15:00-05:00,21418.1,21468.1,21318.1,50,100.0,TP,21318.1,100.0,2.0,8,40,-32.3,110.7,134.1,2290,1.229,0.962,0.873,2381.3,3
2025-01-31,LONG,2025-01-31 10:00:00-05:00,21747.7,21697.7,21847.7,50,100.0,SL,21697.7,-50.0,-1.0,39,195,-55.7,65.2,69.3,2310,1.467,1.0,1.419,2310.7,4
2025-02-03,SHORT,2025-02-03 10:15:00-05:00,20972.5,21022.5,20872.5,50,100.0,SL,21022.5,-50.0,-1.0,1,5,-213.3,0.0,153.9,2304,1.297,0.938,0.829,2455.7,0
2025-02-04,LONG,2025-02-04 10:00:00-05:00,21464.9,21414.9,21564.9,50,100.0,SL,21414.9,-50.0,-1.0,30,150,-51.7,91.6,184.2,2288,1.551,0.978,1.353,2338.7,1
2025-02-05,LONG,2025-02-05 10:10:00-05:00,21424.5,21374.5,21524.5,50,100.0,TP,21524.5,100.0,2.0,18,90,-47.7,100.8,125.3,2344,1.441,1.027,1.263,2281.7,2
2025-02-06,LONG,2025-02-06 10:10:00-05:00,21706.2,21656.2,21806.2,50,100.0,SL,21656.2,-50.0,-1.0,3,15,-52.1,12.5,123.3,1950,1.279,0.891,0.792,2189.0,3
2025-02-07,SHORT,2025-02-07 10:00:00-05:00,21626.1,21676.1,21526.1,50,100.0,SL,21676.1,-50.0,-1.0,10,50,-50.3,134.9,107.1,2474,1.501,1.118,1.845,2212.0,4
2025-02-10,LONG,2025-02-10 10:00:00-05:00,21695.9,21645.9,21795.9,50,100.0,TIMEOUT,21717.5,21.6,0.432,72,360,-1.2,78.8,107.9,2208,1.629,0.958,1.338,2306.0,0
2025-02-11,LONG,2025-02-11 10:05:00-05:00,21679.8,21629.8,21779.8,50,100.0,SL,21629.8,-50.0,-1.0,24,120,-79.3,75.6,117.7,2160,1.405,1.013,1.281,2133.0,1
2025-02-13,LONG,2025-02-13 10:00:00-05:00,21824.6,21774.6,21924.6,50,100.0,SL,21774.6,-50.0,-1.0,1,5,-53.4,5.5,145.4,2216,1.33,0.955,1.093,2320.7,3
2025-02-14,LONG,2025-02-14 10:10:00-05:00,22041.9,21991.9,22141.9,50,100.0,SL,21991.9,-50.0,-1.0,28,140,-57.2,22.2,105.1,1936,1.291,0.911,0.847,2125.0,4
2025-02-17,SHORT,2025-02-17 10:00:00-05:00,22119.5,22169.5,22019.5,50,100.0,TIMEOUT,22139.4,-19.9,-0.398,35,175,-35.9,5.5,43.4,1034,1.463,0.804,0.787,1285.3,0
2025-02-18,SHORT,2025-02-18 10:00:00-05:00,22084.5,22134.5,21984.5,50,100.0,SL,22134.5,-50.0,-1.0,71,355,-61.4,73.8,65.8,2370,1.84,1.036,1.556,2288.7,1
2025-02-19,SHORT,2025-02-19 10:00:00-05:00,22054.9,22104.9,21954.9,50,100.0,SL,22104.9,-50.0,-1.0,9,45,-64.0,24.5,95.7,2194,1.582,1.015,1.529,2160.7,2
2025-02-20,SHORT,2025-02-20 10:00:00-05:00,21942.6,21992.6,21842.6,50,100.0,SL,21992.6,-50.0,-1.0,3,15,-55.1,35.9,72.8,2534,1.888,1.096,1.851,2312.2,3
2025-02-21,SHORT,2025-02-21 10:00:00-05:00,22004.2,22054.2,21904.2,50,100.0,TP,21904.2,100.0,2.0,6,30,-20.1,115.1,140.6,2294,1.711,1.001,1.446,2292.3,4
2025-02-24,SHORT,2025-02-24 10:00:00-05:00,21418.3,21468.3,21318.3,50,100.0,SL,21468.3,-50.0,-1.0,2,10,-84.4,57.3,110.7,2522,1.691,1.017,1.528,2479.0,0
2025-02-25,SHORT,2025-02-25 10:00:00-05:00,21113.5,21163.5,21013.5,50,100.0,TP,21013.5,100.0,2.0,3,15,-37.3,117.0,164.8,2434,1.447,0.982,1.39,2479.3,1
2025-02-26,LONG,2025-02-26 10:15:00-05:00,21289.3,21239.3,21389.3,50,100.0,SL,21239.3,-50.0,-1.0,2,10,-86.1,13.4,107.7,2286,1.25,0.952,0.879,2401.3,2
2025-02-27,SHORT,2025-02-27 10:00:00-05:00,20909.6,20959.6,20809.6,50,100.0,SL,20959.6,-50.0,-1.0,2,10,-110.4,25.8,135.6,2546,1.361,1.022,1.396,2491.0,3
2025-02-28,LONG,2025-02-28 10:10:00-05:00,20629.2,20579.2,20729.2,50,100.0,SL,20579.2,-50.0,-1.0,1,5,-57.5,3.8,121.8,2456,1.225,0.973,1.061,2523.8,4
2025-03-03,SHORT,2025-03-03 10:00:00-05:00,20813.2,20863.2,20713.2,50,100.0,SL,20863.2,-50.0,-1.0,4,20,-62.2,61.8,211.8,2514,1.535,1.01,1.545,2490.3,0
2025-03-04,SHORT,2025-03-04 10:00:00-05:00,20170.2,20220.2,20070.2,50,100.0,TP,20070.2,100.0,2.0,3,15,-29.0,128.8,303.7,2586,1.276,1.015,1.54,2546.8,1
2025-03-05,SHORT,2025-03-05 10:15:00-05:00,20328.4,20378.4,20228.4,50,100.0,SL,20378.4,-50.0,-1.0,4,20,-64.3,73.9,249.0,2446,1.235,0.994,1.06,2460.3,2
2025-03-06,SHORT,2025-03-06 11:50:00-05:00,20240.9,20290.9,20140.9,50,100.0,TP,20140.9,100.0,2.0,3,15,-3.4,126.6,256.2,2388,1.039,0.964,1.145,2477.0,3
2025-03-07,SHORT,2025-03-07 10:30:00-05:00,19908.4,19958.4,19808.4,50,100.0,SL,19958.4,-50.0,-1.0,3,15,-132.5,64.9,243.0,2470,1.135,0.994,0.835,2484.7,4
2025-03-10,SHORT,2025-03-10 10:00:00-04:00,19673.5,19723.5,19573.5,50,100.0,TP,19573.5,100.0,2.0,9,45,-41.0,117.5,278.2,2460,1.401,0.994,1.414,2475.7,0
2025-03-11,SHORT,2025-03-11 10:00:00-04:00,19354.1,19404.1,19254.1,50,100.0,SL,19404.1,-50.0,-1.0,1,5,-151.2,4.5,177.4,2532,1.371,1.013,1.522,2498.7,1
2025-03-13,SHORT,2025-03-13 10:00:00-04:00,19377.2,19427.2,19277.2,50,100.0,SL,19427.2,-50.0,-1.0,2,10,-79.1,5.4,221.4,2488,1.356,1.0,1.417,2487.7,3
2025-03-14,LONG,2025-03-14 10:35:00-04:00,19525.3,19475.3,19625.3,50,100.0,TP,19625.3,100.0,2.0,9,45,-35.1,114.3,162.5,2288,1.146,0.963,0.564,2374.8,4
2025-03-17,LONG,2025-03-17 10:10:00-04:00,19798.1,19748.1,19898.1,50,100.0,SL,19748.1,-50.0,-1.0,3,15,-94.8,3.8,223.6,2414,1.276,0.993,1.128,2431.0,0
2025-03-18,SHORT,2025-03-18 10:00:00-04:00,19476.9,19526.9,19376.9,50,100.0,SL,19526.9,-50.0,-1.0,29,145,-57.7,86.0,151.2,2452,1.41,0.984,1.353,2491.3,1
2025-03-19,LONG,2025-03-19 10:00:00-04:00,19650.0,19600.0,19750.0,50,100.0,SL,19600.0,-50.0,-1.0,9,45,-54.9,37.3,131.0,2206,1.521,0.944,1.259,2337.7,2
2025-03-20,LONG,2025-03-20 10:40:00-04:00,19878.7,19828.7,19978.7,50,100.0,SL,19828.7,-50.0,-1.0,3,15,-57.1,13.5,339.3,2140,1.053,0.922,0.284,2321.3,3
2025-03-24,LONG,2025-03-24 10:00:00-04:00,20113.0,20063.0,20213.0,50,100.0,TIMEOUT,20159.8,46.8,0.936,72,360,-39.6,93.9,145.3,2260,1.573,0.974,1.381,2320.0,0
2025-03-25,LONG,2025-03-25 10:25:00-04:00,20255.0,20205.0,20355.0,50,100.0,SL,20205.0,-50.0,-1.0,36,180,-51.1,40.6,153.8,2070,1.198,0.899,0.573,2303.7,1
2025-03-26,SHORT,2025-03-26 10:00:00-04:00,20129.9,20179.9,20029.9,50,100.0,TP,20029.9,100.0,2.0,22,110,-14.0,132.1,68.1,2356,1.612,1.004,1.5,2346.3,2
2025-03-27,LONG,2025-03-27 10:35:00-04:00,19957.6,19907.6,20057.6,50,100.0,SL,19907.6,-50.0,-1.0,11,55,-59.4,47.9,126.1,2262,1.11,0.927,0.481,2440.7,3
2025-03-28,SHORT,2025-03-28 10:00:00-04:00,19648.1,19698.1,19548.1,50,100.0,TP,19548.1,100.0,2.0,2,10,-3.0,134.7,122.5,2436,1.309,1.029,1.442,2368.0,4
2025-03-31,SHORT,2025-03-31 10:15:00-04:00,18910.9,18960.9,18810.9,50,100.0,SL,18960.9,-50.0,-1.0,3,15,-64.5,38.5,152.7,2338,1.239,0.934,0.856,2504.3,0
2025-04-01,SHORT,2025-04-01 10:10:00-04:00,19119.0,19169.0,19019.0,50,100.0,SL,19169.0,-50.0,-1.0,3,15,-60.7,38.6,198.6,2434,1.318,1.001,1.166,2431.3,1
2025-04-02,LONG,2025-04-02 10:00:00-04:00,19432.2,19382.2,19532.2,50,100.0,SL,19382.2,-50.0,-1.0,1,5,-93.8,7.5,265.0,2406,1.333,0.982,1.358,2450.7,2
2025-04-03,SHORT,2025-04-03 10:45:00-04:00,18608.5,18658.5,18508.5,50,100.0,SL,18658.5,-50.0,-1.0,6,30,-63.9,67.7,345.9,2386,1.019,0.952,0.192,2507.3,3
2025-04-04,SHORT,2025-04-04 10:45:00-04:00,17537.9,17587.9,17437.9,50,100.0,SL,17587.9,-50.0,-1.0,1,5,-132.7,57.9,834.1,2474,1.022,0.97,0.246,2551.7,4
2025-04-07,LONG,2025-04-07 10:10:00-04:00,17796.6,17746.6,17896.6,50,100.0,SL,17746.6,-50.0,-1.0,1,5,-53.1,389.2,795.2,2511,1.124,0.972,0.935,2583.5,0
2025-04-08,LONG,2025-04-08 10:00:00-04:00,18114.4,18064.4,18214.4,50,100.0,SL,18064.4,-50.0,-1.0,8,40,-51.4,74.2,470.0,2502,1.178,1.003,1.446,2495.7,1
2025-04-09,LONG,2025-04-09 10:00:00-04:00,17361.7,17311.7,17461.7,50,100.0,SL,17311.7,-50.0,-1.0,1,5,-156.4,3.3,551.7,2466,1.285,0.996,1.303,2477.0,2
2025-04-10,SHORT,2025-04-10 10:00:00-04:00,18484.0,18534.0,18384.0,50,100.0,SL,18534.0,-50.0,-1.0,1,5,-55.1,36.8,478.7,2524,1.178,0.994,1.334,2539.3,3
2025-04-11,SHORT,2025-04-11 10:25:00-04:00,18146.6,18196.6,18046.6,50,100.0,SL,18196.6,-50.0,-1.0,1,5,-133.9,30.9,382.9,2426,1.092,0.978,0.655,2481.3,4
2025-04-14,SHORT,2025-04-14 11:20:00-04:00,18874.2,18924.2,18774.2,50,100.0,TP,18774.2,100.0,2.0,3,15,-1.8,132.6,230.5,2096,0.902,0.837,-1.727,2505.3,0
2025-04-15,LONG,2025-04-15 10:00:00-04:00,18929.4,18879.4,19029.4,50,100.0,SL,18879.4,-50.0,-1.0,3,15,-115.1,67.0,204.1,2396,1.343,1.004,1.511,2386.0,1
2025-04-17,SHORT,2025-04-17 10:00:00-04:00,18299.0,18349.0,18199.0,50,100.0,TP,18199.0,100.0,2.0,5,25,-17.5,124.7,194.1,2398,1.275,0.983,1.246,2439.7,3
2025-04-21,SHORT,2025-04-21 10:00:00-04:00,17835.6,17885.6,17735.6,50,100.0,TP,17735.6,100.0,2.0,17,85,-20.5,109.5,145.7,2364,1.57,1.026,1.572,2304.5,0
2025-04-22,LONG,2025-04-22 10:00:00-04:00,18136.4,18086.4,18236.4,50,100.0,TP,18236.4,100.0,2.0,12,60,-23.0,102.0,126.6,2146,1.39,0.913,1.118,2350.0,1
2025-04-23,LONG,2025-04-23 10:00:00-04:00,18933.1,18883.1,19033.1,50,100.0,SL,18883.1,-50.0,-1.0,3,15,-79.8,46.0,257.4,2435,1.47,1.002,1.423,2431.0,2
2025-04-24,LONG,2025-04-24 10:00:00-04:00,18949.0,18899.0,19049.0,50,100.0,TP,19049.0,100.0,2.0,7,35,-22.0,107.0,281.6,2322,1.36,1.0,1.463,2323.0,3
2025-04-28,SHORT,2025-04-28 11:05:00-04:00,19307.5,19357.5,19207.5,50,100.0,TP,19207.5,100.0,2.0,4,20,-40.6,108.0,127.9,2146,0.978,0.903,-0.22,2376.7,0
2025-04-30,SHORT,2025-04-30 10:00:00-04:00,19060.5,19110.5,18960.5,50,100.0,SL,19110.5,-50.0,-1.0,1,5,-55.0,14.0,390.1,2492,1.216,1.016,1.494,2451.7,2
2025-05-01,LONG,2025-05-01 10:45:00-04:00,19942.4,19892.4,20042.4,50,100.0,SL,19892.4,-50.0,-1.0,13,65,-53.4,75.8,132.5,2122,1.018,0.88,0.092,2411.7,3
2025-05-02,LONG,2025-05-02 10:10:00-04:00,20046.1,19996.1,20146.1,50,100.0,TP,20146.1,100.0,2.0,22,110,-37.5,104.2,276.8,2322,1.146,0.957,0.934,2426.0,4
2025-05-05,LONG,2025-05-05 10:15:00-04:00,19987.4,19937.4,20087.4,50,100.0,SL,19937.4,-50.0,-1.0,3,15,-67.2,10.8,108.7,2114,1.338,0.939,0.848,2250.7,0
2025-05-07,SHORT,2025-05-07 10:50:00-04:00,19757.6,19807.6,19657.6,50,100.0,SL,19807.6,-50.0,-1.0,25,125,-55.0,60.3,149.6,2336,1.186,1.009,1.153,2314.7,2
2025-05-08,SHORT,2025-05-08 10:00:00-04:00,20016.1,20066.1,19916.1,50,100.0,TP,19916.1,100.0,2.0,10,50,-12.0,105.8,125.9,2100,1.263,0.909,0.873,2310.0,3
2025-05-09,SHORT,2025-05-09 10:25:00-04:00,20047.4,20097.4,19947.4,50,100.0,SL,20097.4,-50.0,-1.0,57,285,-50.9,75.2,138.5,2298,1.358,1.028,1.069,2235.3,4
2025-05-13,LONG,2025-05-13 10:00:00-04:00,21061.9,21011.9,21161.9,50,100.0,TP,21161.9,100.0,2.0,3,15,-1.7,101.2,231.2,2160,1.277,0.936,0.981,2308.3,1
2025-05-14,LONG,2025-05-14 11:35:00-04:00,21308.8,21258.8,21408.8,50,100.0,SL,21258.8,-50.0,-1.0,20,100,-68.3,33.8,144.4,1890,0.902,0.801,-1.537,2359.0,2
2025-05-15,LONG,2025-05-15 11:00:00-04:00,21283.9,21233.9,21383.9,50,100.0,TP,21383.9,100.0,2.0,19,95,-7.5,110.5,164.1,2094,0.999,0.907,-0.005,2308.0,3
2025-05-16,SHORT,2025-05-16 10:40:00-04:00,21248.1,21298.1,21148.1,50,100.0,SL,21298.1,-50.0,-1.0,1,5,-50.5,6.8,141.9,2160,1.128,0.969,0.6,2228.3,4
2025-05-19,LONG,2025-05-19 10:00:00-04:00,21317.1,21267.1,21417.1,50,100.0,TP,21417.1,100.0,2.0,35,175,-12.0,114.3,113.2,2222,1.465,0.976,1.328,2276.5,0
2025-05-20,SHORT,2025-05-20 10:00:00-04:00,21332.5,21382.5,21232.5,50,100.0,SL,21382.5,-50.0,-1.0,31,155,-61.7,38.3,78.5,2224,1.547,0.973,1.357,2286.7,1
2025-05-21,LONG,2025-05-21 10:00:00-04:00,21330.0,21280.0,21430.0,50,100.0,TP,21430.0,100.0,2.0,13,65,-23.6,122.7,125.1,2336,1.58,1.057,1.737,2209.3,2
2025-05-22,LONG,2025-05-22 10:00:00-04:00,21246.1,21196.1,21346.1,50,100.0,SL,21196.1,-50.0,-1.0,3,15,-54.8,19.1,202.7,2348,1.31,0.994,1.433,2361.0,3
2025-05-26,SHORT,2025-05-26 10:55:00-04:00,21176.8,21226.8,21076.8,50,100.0,SL,21226.8,-50.0,-1.0,15,75,-56.0,14.9,57.0,1024,1.071,0.931,0.328,1100.0,0
2025-05-27,LONG,2025-05-27 10:15:00-04:00,21322.3,21272.3,21422.3,50,100.0,TP,21422.3,100.0,2.0,44,220,-23.8,106.5,123.4,1984,1.214,0.894,0.664,2220.2,1
2025-05-29,SHORT,2025-05-29 10:00:00-04:00,21442.1,21492.1,21342.1,50,100.0,TP,21342.1,100.0,2.0,3,15,0.0,101.3,238.4,2346,1.394,0.988,1.407,2373.5,3
2025-06-02,LONG,2025-06-02 10:05:00-04:00,21280.5,21230.5,21380.5,50,100.0,TP,21380.5,100.0,2.0,6,30,-36.8,100.3,133.8,2386,1.541,1.014,1.357,2352.3,0
2025-06-03,LONG,2025-06-03 10:00:00-04:00,21581.7,21531.7,21681.7,50,100.0,SL,21531.7,-50.0,-1.0,1,5,-58.0,13.5,155.3,2234,1.56,0.988,1.447,2260.3,1
2025-06-04,LONG,2025-06-04 11:00:00-04:00,21735.0,21685.0,21835.0,50,100.0,SL,21685.0,-50.0,-1.0,14,70,-62.2,15.0,110.9,1894,0.915,0.864,-0.636,2192.5,2
2025-06-05,SHORT,2025-06-05 10:05:00-04:00,21673.3,21723.3,21573.3,50,100.0,SL,21723.3,-50.0,-1.0,3,15,-70.0,1.2,179.2,2246,1.258,0.949,0.955,2365.7,3
2025-06-06,LONG,2025-06-06 10:00:00-04:00,21786.0,21736.0,21886.0,50,100.0,SL,21736.0,-50.0,-1.0,6,30,-54.2,26.0,172.2,2204,1.26,0.942,1.021,2340.7,4
2025-06-09,LONG,2025-06-09 10:10:00-04:00,21824.6,21774.6,21924.6,50,100.0,TIMEOUT,21783.6,-41.0,-0.82,70,350,-48.9,38.0,73.6,2048,1.427,0.896,0.903,2286.7,0
2025-06-10,LONG,2025-06-10 10:10:00-04:00,21850.0,21800.0,21950.0,50,100.0,SL,21800.0,-50.0,-1.0,16,80,-129.2,16.6,133.2,2020,1.369,0.886,0.845,2281.0,1
2025-06-12,LONG,2025-06-12 10:05:00-04:00,21874.0,21824.0,21974.0,50,100.0,TIMEOUT,21915.7,41.7,0.834,71,355,-7.6,86.2,148.9,2168,1.353,0.99,1.237,2189.3,3
2025-06-13,LONG,2025-06-13 10:00:00-04:00,21714.7,21664.7,21814.7,50,100.0,SL,21664.7,-50.0,-1.0,2,10,-52.8,18.1,124.4,2176,1.408,0.966,1.307,2253.7,4
2025-06-16,LONG,2025-06-16 10:00:00-04:00,21937.5,21887.5,22037.5,50,100.0,TIMEOUT,21944.9,7.4,0.148,72,360,-33.4,50.4,108.4,2096,1.56,0.937,1.254,2237.3,0
2025-06-17,LONG,2025-06-17 10:05:00-04:00,21874.0,21824.0,21974.0,50,100.0,SL,21824.0,-50.0,-1.0,33,165,-54.5,27.8,98.4,1850,1.226,0.854,0.696,2165.3,1
2025-06-18,LONG,2025-06-18 10:20:00-04:00,21838.6,21788.6,21938.6,50,100.0,SL,21788.6,-50.0,-1.0,32,160,-51.2,28.6,112.6,1934,1.311,0.928,0.771,2083.7,2
2025-06-19,SHORT,2025-06-19 10:00:00-04:00,21469.3,21519.3,21369.3,50,100.0,TIMEOUT,21477.8,-8.5,-0.17,35,175,-46.7,17.9,132.8,1470,1.339,0.934,1.012,1573.3,3
2025-06-20,SHORT,2025-06-20 10:45:00-04:00,21627.4,21677.4,21527.4,50,100.0,SL,21677.4,-50.0,-1.0,10,50,-65.7,76.5,242.8,2278,1.166,1.006,0.686,2263.3,4
2025-06-23,LONG,2025-06-23 10:00:00-04:00,21740.1,21690.1,21840.1,50,100.0,SL,21690.1,-50.0,-1.0,28,140,-71.9,61.0,168.0,2194,1.583,0.994,1.413,2208.3,0
2025-06-24,LONG,2025-06-24 11:45:00-04:00,22173.0,22123.0,22273.0,50,100.0,TIMEOUT,22186.6,13.6,0.272,51,255,-29.0,61.1,128.9,1378,0.85,0.618,-0.979,2228.0,1
2025-06-25,LONG,2025-06-25 10:40:00-04:00,22301.9,22251.9,22401.9,50,100.0,SL,22251.9,-50.0,-1.0,4,20,-52.5,11.2,105.2,1806,1.057,0.826,0.163,2186.7,2
2025-06-26,LONG,2025-06-26 11:05:00-04:00,22376.8,22326.8,22476.8,50,100.0,TP,22476.8,100.0,2.0,39,195,-33.3,101.4,63.9,1370,0.735,0.615,-1.523,2226.0,3
2025-06-27,LONG,2025-06-27 10:00:00-04:00,22588.4,22538.4,22688.4,50,100.0,SL,22538.4,-50.0,-1.0,44,220,-66.0,26.5,82.5,1938,1.454,0.944,1.179,2053.3,4
2025-06-30,SHORT,2025-06-30 10:00:00-04:00,22634.5,22684.5,22534.5,50,100.0,SL,22684.5,-50.0,-1.0,64,320,-50.2,50.7,64.9,2048,1.67,0.936,1.28,2189.0,0
2025-07-01,SHORT,2025-07-01 10:30:00-04:00,22543.4,22593.4,22443.4,50,100.0,TP,22443.4,100.0,2.0,7,35,-17.3,113.0,108.8,2110,1.308,1.012,0.9,2085.7,1
2025-07-02,LONG,2025-07-02 10:25:00-04:00,22596.4,22546.4,22696.4,50,100.0,TIMEOUT,22640.4,44.0,0.88,67,335,-16.7,63.0,191.4,1068,1.051,0.881,0.331,1212.7,2
2025-07-03,LONG,2025-07-03 10:00:00-04:00,22846.0,22796.0,22946.0,50,100.0,TIMEOUT,22866.2,20.2,0.404,38,190,-9.8,61.8,107.5,1116,1.209,0.961,0.973,1161.3,3
2025-07-07,SHORT,2025-07-07 10:50:00-04:00,22727.1,22777.1,22627.1,50,100.0,SL,22777.1,-50.0,-1.0,17,85,-51.0,25.0,92.3,1074,1.015,0.895,0.096,1200.0,0
2025-07-08,SHORT,2025-07-08 10:00:00-04:00,22717.7,22767.7,22617.7,50,100.0,SL,22767.7,-50.0,-1.0,28,140,-50.7,54.9,65.0,1214,1.546,1.039,1.631,1168.7,1
2025-07-09,LONG,2025-07-09 10:00:00-04:00,22913.8,22863.8,23013.8,50,100.0,SL,22863.8,-50.0,-1.0,5,25,-52.5,13.3,102.8,1126,1.477,0.987,1.377,1141.0,2
2025-07-10,SHORT,2025-07-10 10:00:00-04:00,22747.3,22797.3,22647.3,50,100.0,SL,22797.3,-50.0,-1.0,8,40,-58.5,18.0,94.6,1244,1.473,1.029,1.624,1209.3,3
2025-07-11,LONG,2025-07-11 10:10:00-04:00,22808.4,22758.4,22908.4,50,100.0,SL,22758.4,-50.0,-1.0,12,60,-61.1,27.0,115.3,1112,1.219,0.927,0.861,1200.0,4
2025-07-14,LONG,2025-07-14 10:10:00-04:00,22783.2,22733.2,22883.2,50,100.0,TP,22883.2,100.0,2.0,34,170,-21.0,100.5,138.6,1136,1.311,0.909,0.874,1249.7,0
2025-07-15,SHORT,2025-07-15 10:50:00-04:00,22964.1,23014.1,22864.1,50,100.0,SL,23014.1,-50.0,-1.0,11,55,-57.5,26.7,86.5,1190,1.091,0.962,0.537,1236.7,1
2025-07-16,SHORT,2025-07-16 11:20:00-04:00,22760.6,22810.6,22660.6,50,100.0,SL,22810.6,-50.0,-1.0,1,5,-74.0,3.0,154.2,1252,1.08,1.012,1.543,1236.7,2
2025-07-17,LONG,2025-07-17 10:00:00-04:00,23019.7,22969.7,23119.7,50,100.0,SL,22969.7,-50.0,-1.0,4,20,-57.1,1.2,84.9,1098,1.246,0.941,1.049,1167.0,3
2025-07-18,SHORT,2025-07-18 10:00:00-04:00,23097.5,23147.5,22997.5,50,100.0,TIMEOUT,23073.2,24.3,0.486,72,360,-8.5,74.0,68.9,1164,1.512,1.014,1.429,1148.0,4
2025-07-21,LONG,2025-07-21 10:00:00-04:00,23252.2,23202.2,23352.2,50,100.0,SL,23202.2,-50.0,-1.0,69,345,-53.3,30.1,84.4,1080,1.524,0.966,1.274,1118.0,0
2025-07-22,SHORT,2025-07-22 10:00:00-04:00,22994.6,23044.6,22894.6,50,100.0,SL,23044.6,-50.0,-1.0,2,10,-53.3,0.2,77.9,1306,1.709,1.05,1.686,1243.7,1
2025-07-23,SHORT,2025-07-23 10:00:00-04:00,23024.3,23074.3,22924.3,50,100.0,SL,23074.3,-50.0,-1.0,12,60,-56.5,13.0,52.0,1176,1.427,0.978,1.355,1203.0,2
2025-07-24,SHORT,2025-07-24 10:10:00-04:00,23179.9,23229.9,23079.9,50,100.0,SL,23229.9,-50.0,-1.0,7,35,-51.3,11.2,74.9,1200,1.282,1.017,1.304,1180.0,3
2025-07-25,LONG,2025-07-25 10:05:00-04:00,23271.8,23221.8,23371.8,50,100.0,TIMEOUT,23291.5,19.7,0.394,71,355,-11.5,73.7,46.8,1040,1.332,0.918,0.877,1133.3,4
2025-07-28,SHORT,2025-07-28 11:15:00-04:00,23338.5,23388.5,23238.5,50,100.0,TIMEOUT,23380.2,-41.7,-0.834,57,285,-47.5,22.8,98.3,956,0.951,0.824,-0.5,1160.0,0
2025-07-29,SHORT,2025-07-29 10:50:00-04:00,23408.2,23458.2,23308.2,50,100.0,TP,23308.2,100.0,2.0,57,285,-14.9,104.9,68.3,1092,1.109,0.958,0.504,1140.0,1
2025-07-30,LONG,2025-07-30 10:50:00-04:00,23416.0,23366.0,23516.0,50,100.0,SL,23366.0,-50.0,-1.0,4,20,-54.8,8.7,57.6,920,0.945,0.792,-0.27,1162.3,2
2025-07-31,SHORT,2025-07-31 10:00:00-04:00,23556.2,23606.2,23456.2,50,100.0,TP,23456.2,100.0,2.0,10,50,-28.0,112.2,101.2,1188,1.297,0.946,1.126,1255.3,3
2025-08-01,SHORT,2025-08-01 10:00:00-04:00,22746.6,22796.6,22646.6,50,100.0,SL,22796.6,-50.0,-1.0,2,10,-68.7,24.5,246.5,1274,1.158,1.004,1.142,1268.3,4
2025-08-04,LONG,2025-08-04 10:00:00-04:00,23144.2,23094.2,23244.2,50,100.0,SL,23094.2,-50.0,-1.0,11,55,-53.0,13.1,118.3,1176,1.451,0.983,1.416,1196.3,0
2025-08-05,SHORT,2025-08-05 10:15:00-04:00,23208.2,23258.2,23108.2,50,100.0,TP,23108.2,100.0,2.0,5,25,0.0,131.5,90.0,1210,1.313,1.028,1.124,1176.7,1
2025-08-06,LONG,2025-08-06 10:00:00-04:00,23170.2,23120.2,23270.2,50,100.0,SL,23120.2,-50.0,-1.0,3,15,-62.9,15.6,118.9,1194,1.365,0.945,1.224,1263.0,2
2025-08-07,LONG,2025-08-07 10:00:00-04:00,23543.1,23493.1,23643.1,50,100.0,SL,23493.1,-50.0,-1.0,2,10,-58.0,16.1,165.2,1240,1.396,0.993,1.447,1248.7,3
2025-08-08,LONG,2025-08-08 10:00:00-04:00,23556.1,23506.1,23656.1,50,100.0,TIMEOUT,23638.5,82.4,1.648,72,360,-37.5,86.2,63.3,1094,1.309,0.928,1.093,1178.3,4
2025-08-11,LONG,2025-08-11 10:15:00-04:00,23678.9,23628.9,23778.9,50,100.0,SL,23628.9,-50.0,-1.0,10,50,-51.7,0.0,96.1,1076,1.225,0.904,0.76,1190.3,0
2025-08-12,LONG,2025-08-12 11:10:00-04:00,23739.9,23689.9,23839.9,50,100.0,TP,23839.9,100.0,2.0,37,185,-2.7,102.8,212.1,1028,0.864,0.823,-2.419,1248.3,1
2025-08-13,SHORT,2025-08-13 10:25:00-04:00,23875.0,23925.0,23775.0,50,100.0,TIMEOUT,23868.3,6.7,0.134,67,335,-15.9,70.8,88.1,1168,1.316,0.986,0.875,1184.0,2
2025-08-14,LONG,2025-08-14 10:30:00-04:00,23892.8,23842.8,23992.8,50,100.0,SL,23842.8,-50.0,-1.0,10,50,-61.7,32.8,171.5,1066,0.97,0.87,-0.261,1225.0,3
2025-08-15,SHORT,2025-08-15 10:00:00-04:00,23775.7,23825.7,23675.7,50,100.0,TP,23675.7,100.0,2.0,20,100,-25.7,119.7,90.0,1248,1.424,1.013,1.432,1232.3,4
2025-08-18,LONG,2025-08-18 10:20:00-04:00,23746.8,23696.8,23846.8,50,100.0,SL,23696.8,-50.0,-1.0,2,10,-61.3,5.7,76.2,1070,1.185,0.876,0.585,1221.3,0
2025-08-19,SHORT,2025-08-19 10:00:00-04:00,23653.1,23703.1,23553.1,50,100.0,TP,23553.1,100.0,2.0,6,30,-6.0,107.5,68.7,1204,1.486,0.97,1.353,1241.0,1
2025-08-20,SHORT,2025-08-20 10:00:00-04:00,23105.9,23155.9,23005.9,50,100.0,TP,23005.9,100.0,2.0,3,15,-5.5,107.3,79.6,1294,1.462,0.999,1.457,1295.0,2
2025-08-21,SHORT,2025-08-21 11:50:00-04:00,23139.4,23189.4,23039.4,50,100.0,TIMEOUT,23139.9,-0.5,-0.01,50,250,-48.5,85.8,149.7,1104,0.964,0.879,-0.849,1255.3,3
2025-08-22,LONG,2025-08-22 10:00:00-04:00,23420.8,23370.8,23520.8,50,100.0,TP,23520.8,100.0,2.0,2,10,-2.3,106.0,144.9,1246,1.537,1.044,1.657,1193.0,4
2025-08-25,LONG,2025-08-25 10:00:00-04:00,23485.4,23435.4,23585.4,50,100.0,SL,23435.4,-50.0,-1.0,71,355,-53.0,73.5,75.4,1232,1.532,0.986,1.408,1249.0,0
2025-08-26,LONG,2025-08-26 10:00:00-04:00,23452.3,23402.3,23552.3,50,100.0,TIMEOUT,23533.1,80.8,1.616,72,360,-27.2,93.3,88.8,1214,1.479,0.975,1.371,1245.0,1
2025-08-27,SHORT,2025-08-27 10:00:00-04:00,23484.3,23534.3,23384.3,50,100.0,SL,23534.3,-50.0,-1.0,3,15,-65.6,5.7,84.8,1202,1.335,0.969,1.233,1240.0,2
2025-08-28,LONG,2025-08-28 10:10:00-04:00,23617.8,23567.8,23717.8,50,100.0,TP,23717.8,100.0,2.0,40,200,-41.5,103.8,78.1,1192,1.173,0.921,0.738,1293.7,3
2025-08-29,SHORT,2025-08-29 10:00:00-04:00,23434.4,23484.4,23334.4,50,100.0,TIMEOUT,23418.7,15.7,0.314,72,360,-33.0,79.2,124.3,1258,1.357,0.999,1.348,1259.0,4
2025-09-01,LONG,2025-09-01 11:25:00-04:00,23463.7,23413.7,23563.7,50,100.0,TIMEOUT,23460.7,-3.0,-0.06,18,90,-20.5,4.0,59.4,376,0.854,0.565,-0.818,665.3,0
2025-09-02,SHORT,2025-09-02 11:35:00-04:00,23019.7,23069.7,22919.7,50,100.0,SL,23069.7,-50.0,-1.0,15,75,-53.5,29.2,379.0,1150,0.966,0.897,-0.7,1281.7,1
2025-09-03,LONG,2025-09-03 10:30:00-04:00,23441.7,23391.7,23541.7,50,100.0,SL,23391.7,-50.0,-1.0,11,55,-54.4,49.6,138.0,1218,1.15,0.96,0.699,1269.0,2
2025-09-04,SHORT,2025-09-04 10:00:00-04:00,23397.6,23447.6,23297.6,50,100.0,SL,23447.6,-50.0,-1.0,5,25,-63.1,20.2,81.9,1252,1.361,0.996,1.45,1257.3,3
2025-09-05,SHORT,2025-09-05 10:15:00-04:00,23663.1,23713.1,23563.1,50,100.0,TP,23563.1,100.0,2.0,5,25,-36.2,104.9,170.0,1288,1.126,0.995,0.995,1294.0,4
2025-09-08,LONG,2025-09-08 10:00:00-04:00,23829.8,23779.8,23929.8,50,100.0,SL,23779.8,-50.0,-1.0,30,150,-52.3,31.0,53.2,1240,1.526,0.988,1.431,1255.0,0
2025-09-09,SHORT,2025-09-09 10:00:00-04:00,23771.3,23821.3,23671.3,50,100.0,SL,23821.3,-50.0,-1.0,2,10,-54.7,5.8,84.3,1260,1.446,1.041,1.522,1210.7,1
2025-09-11,LONG,2025-09-11 10:00:00-04:00,23961.6,23911.6,24061.6,50,100.0,TIMEOUT,23990.8,29.2,0.584,72,360,-33.0,65.3,112.0,1228,1.171,0.985,1.106,1247.0,3
2025-09-12,LONG,2025-09-12 10:05:00-04:00,24040.8,23990.8,24140.8,50,100.0,TP,24140.8,100.0,2.0,58,290,-30.0,101.0,82.4,1074,1.307,0.905,0.91,1187.0,4
2025-09-15,LONG,2025-09-15 10:00:00-04:00,24242.0,24192.0,24342.0,50,100.0,TIMEOUT,24298.6,56.6,1.132,71,355,-23.9,60.9,106.3,1086,1.314,0.93,1.115,1167.7,0
2025-09-16,SHORT,2025-09-16 10:00:00-04:00,24285.0,24335.0,24185.0,50,100.0,TIMEOUT,24276.8,8.2,0.164,71,355,-26.6,35.5,62.9,1154,1.362,0.954,1.203,1210.0,1
2025-09-17,SHORT,2025-09-17 10:20:00-04:00,24209.2,24259.2,24109.2,50,100.0,SL,24259.2,-50.0,-1.0,44,220,-69.5,79.1,96.3,1034,1.232,0.892,0.645,1159.7,2
2025-09-18,LONG,2025-09-18 10:15:00-04:00,24527.4,24477.4,24627.4,50,100.0,SL,24477.4,-50.0,-1.0,62,310,-52.2,46.0,143.0,1122,1.067,0.885,0.395,1268.0,3
2025-09-19,LONG,2025-09-19 10:00:00-04:00,24560.0,24510.0,24660.0,50,100.0,SL,24510.0,-50.0,-1.0,9,45,-63.0,7.8,129.3,1164,1.405,0.961,1.201,1211.3,4
2025-09-22,LONG,2025-09-22 10:00:00-04:00,24641.9,24591.9,24741.9,50,100.0,TP,24741.9,100.0,2.0,29,145,-18.7,100.9,82.0,1104,1.438,0.985,1.372,1121.3,0
2025-09-23,SHORT,2025-09-23 10:00:00-04:00,24712.1,24762.1,24612.1,50,100.0,TP,24612.1,100.0,2.0,43,215,-33.5,121.2,52.9,1148,1.558,0.972,1.375,1180.7,1
2025-09-24,SHORT,2025-09-24 10:00:00-04:00,24611.2,24661.2,24511.2,50,100.0,TP,24511.2,100.0,2.0,21,105,-1.8,108.8,65.9,1166,1.528,0.972,1.372,1199.0,2
2025-09-25,SHORT,2025-09-25 10:00:00-04:00,24295.0,24345.0,24195.0,50,100.0,SL,24345.0,-50.0,-1.0,1,5,-50.5,1.7,220.6,1252,1.198,0.984,1.277,1272.3,3
2025-09-26,SHORT,2025-09-26 10:25:00-04:00,24347.9,24397.9,24247.9,50,100.0,SL,24397.9,-50.0,-1.0,3,15,-73.0,28.0,176.9,1250,1.119,0.999,0.815,1250.7,4
2025-09-29,LONG,2025-09-29 10:00:00-04:00,24715.8,24665.8,24815.8,50,100.0,SL,24665.8,-50.0,-1.0,15,75,-62.5,46.8,85.6,1216,1.488,0.998,1.4,1218.3,0
2025-09-30,LONG,2025-09-30 11:00:00-04:00,24647.3,24597.3,24747.3,50,100.0,SL,24597.3,-50.0,-1.0,3,15,-56.1,4.5,89.9,1106,0.949,0.892,-0.434,1240.0,1
2025-10-01,LONG,2025-10-01 10:00:00-04:00,24614.1,24564.1,24714.1,50,100.0,TP,24714.1,100.0,2.0,19,95,-26.0,108.8,167.5,1222,1.291,0.97,1.244,1259.3,2
2025-10-02,SHORT,2025-10-02 10:45:00-04:00,24846.1,24896.1,24746.1,50,100.0,SL,24896.1,-50.0,-1.0,35,175,-56.5,56.5,125.4,1198,1.108,0.954,0.517,1256.0,3
2025-10-03,SHORT,2025-10-03 10:00:00-04:00,24881.3,24931.3,24781.3,50,100.0,SL,24931.3,-50.0,-1.0,16,80,-57.0,33.1,92.6,1240,1.468,1.028,1.533,1206.0,4
2025-10-07,SHORT,2025-10-07 11:05:00-04:00,24870.3,24920.3,24770.3,50,100.0,SL,24920.3,-50.0,-1.0,1,5,-57.9,4.1,146.2,1326,1.184,1.098,2.291,1207.7,1
2025-10-08,LONG,2025-10-08 10:00:00-04:00,25014.3,24964.3,25114.3,50,100.0,TP,25114.3,100.0,2.0,63,315,-29.3,105.1,70.1,1148,1.398,0.947,1.219,1211.7,2
2025-10-09,SHORT,2025-10-09 10:00:00-04:00,25093.9,25143.9,24993.9,50,100.0,TP,24993.9,100.0,2.0,39,195,-9.0,105.5,53.8,1190,1.49,0.953,1.269,1248.7,3
2025-10-10,LONG,2025-10-10 10:05:00-04:00,25163.7,25113.7,25263.7,50,100.0,SL,25113.7,-50.0,-1.0,10,50,-215.2,10.0,90.2,1192,1.394,0.984,1.187,1211.7,4
2025-10-14,LONG,2025-10-14 10:35:00-04:00,24558.4,24508.4,24658.4,50,100.0,SL,24508.4,-50.0,-1.0,3,15,-58.0,14.0,220.5,1206,1.045,0.912,0.283,1321.7,1
2025-10-15,LONG,2025-10-15 10:00:00-04:00,24870.9,24820.9,24970.9,50,100.0,SL,24820.9,-50.0,-1.0,19,95,-69.8,76.5,147.7,1208,1.261,0.95,1.172,1271.3,2
2025-10-16,LONG,2025-10-16 10:30:00-04:00,24944.2,24894.2,25044.2,50,100.0,SL,24894.2,-50.0,-1.0,11,55,-87.6,70.5,125.2,1242,1.146,0.968,0.676,1283.0,3
2025-10-17,LONG,2025-10-17 10:00:00-04:00,24690.0,24640.0,24790.0,50,100.0,TP,24790.0,100.0,2.0,3,15,-37.8,108.7,391.4,1316,1.193,1.009,1.504,1304.7,4
2025-10-20,LONG,2025-10-20 10:00:00-04:00,25087.4,25037.4,25187.4,50,100.0,TP,25187.4,100.0,2.0,22,110,-23.2,105.6,113.5,1226,1.429,0.996,1.415,1230.3,0
2025-10-21,SHORT,2025-10-21 10:00:00-04:00,25076.7,25126.7,24976.7,50,100.0,SL,25126.7,-50.0,-1.0,4,20,-60.0,6.7,61.8,1244,1.466,0.994,1.397,1251.0,1
2025-10-22,SHORT,2025-10-22 10:20:00-04:00,25047.4,25097.4,24947.4,50,100.0,TP,24947.4,100.0,2.0,2,10,-13.8,103.7,113.8,1200,1.295,0.966,0.905,1241.7,2
2025-10-23,LONG,2025-10-23 10:00:00-04:00,25013.3,24963.3,25113.3,50,100.0,SL,24963.3,-50.0,-1.0,2,10,-51.8,0.4,188.7,1246,1.271,0.998,1.366,1248.7,3
2025-10-24,LONG,2025-10-24 10:05:00-04:00,25392.2,25342.2,25492.2,50,100.0,SL,25342.2,-50.0,-1.0,5,25,-60.6,8.7,197.4,1178,1.135,0.944,0.755,1247.3,4
2025-10-27,LONG,2025-10-27 10:00:00-04:00,25736.6,25686.6,25836.6,50,100.0,TP,25836.6,100.0,2.0,70,350,-43.2,113.5,83.8,1168,1.54,0.992,1.382,1178.0,0
2025-10-28,LONG,2025-10-28 10:00:00-04:00,25941.7,25891.7,26041.7,50,100.0,SL,25891.7,-50.0,-1.0,8,40,-54.8,7.2,117.4,1156,1.371,0.969,1.135,1193.0,1
2025-10-30,SHORT,2025-10-30 10:15:00-04:00,25927.3,25977.3,25827.3,50,100.0,TP,25827.3,100.0,2.0,59,295,-48.9,100.7,211.0,1240,1.076,0.959,0.658,1293.7,3
2025-10-31,SHORT,2025-10-31 10:00:00-04:00,25944.3,25994.3,25844.3,50,100.0,SL,25994.3,-50.0,-1.0,6,30,-67.7,1.9,128.7,1258,1.282,1.006,1.456,1251.0,4
2025-11-04,LONG,2025-11-04 10:00:00-05:00,25766.2,25716.2,25866.2,50,100.0,SL,25716.2,-50.0,-1.0,10,50,-70.0,18.5,146.5,1228,1.2,0.973,1.241,1262.7,1
2025-11-05,LONG,2025-11-05 10:00:00-05:00,25547.4,25497.4,25647.4,50,100.0,TP,25647.4,100.0,2.0,20,100,-32.3,115.2,191.2,1260,1.246,1.008,1.474,1249.7,2
2025-11-06,SHORT,2025-11-06 10:00:00-05:00,25315.2,25365.2,25215.2,50,100.0,SL,25365.2,-50.0,-1.0,1,5,-55.8,1.8,192.5,1282,1.289,1.007,1.311,1273.3,3
2025-11-07,SHORT,2025-11-07 10:00:00-05:00,24841.3,24891.3,24741.3,50,100.0,SL,24891.3,-50.0,-1.0,2,10,-80.4,56.9,290.3,1258,1.177,0.979,1.277,1285.3,4
2025-11-10,LONG,2025-11-10 10:00:00-05:00,25546.2,25496.2,25646.2,50,100.0,SL,25496.2,-50.0,-1.0,10,50,-98.9,26.8,109.0,1236,1.391,0.997,1.431,1240.0,0
2025-11-11,SHORT,2025-11-11 10:10:00-05:00,25481.3,25531.3,25381.3,50,100.0,SL,25531.3,-50.0,-1.0,32,160,-52.5,90.9,108.5,1202,1.246,0.971,1.021,1238.0,1
2025-11-12,SHORT,2025-11-12 10:00:00-05:00,25537.9,25587.9,25437.9,50,100.0,TP,25437.9,100.0,2.0,14,70,-34.2,126.8,108.5,1250,1.474,1.001,1.479,1248.3,2
2025-11-13,SHORT,2025-11-13 10:00:00-05:00,25248.6,25298.6,25148.6,50,100.0,SL,25298.6,-50.0,-1.0,1,5,-108.7,0.0,251.6,1272,1.222,0.997,1.364,1276.3,3
2025-11-14,LONG,2025-11-14 10:35:00-05:00,24991.2,24941.2,25091.2,50,100.0,TP,25091.2,100.0,2.0,2,10,-17.3,101.4,376.8,1252,1.035,0.967,0.365,1294.3,4
2025-11-17,SHORT,2025-11-17 11:10:00-05:00,24912.7,24962.7,24812.7,50,100.0,SL,24962.7,-50.0,-1.0,3,15,-82.7,40.5,370.0,1210,0.964,0.952,-1.89,1271.3,0
2025-11-18,SHORT,2025-11-18 10:00:00-05:00,24371.6,24421.6,24271.6,50,100.0,SL,24421.6,-50.0,-1.0,1,5,-114.8,13.5,199.3,1296,1.174,0.996,1.421,1301.3,1
2025-11-19,LONG,2025-11-19 10:00:00-05:00,24854.4,24804.4,24954.4,50,100.0,SL,24804.4,-50.0,-1.0,9,45,-61.6,61.2,158.5,1260,1.212,0.987,1.334,1277.0,2
2025-11-20,LONG,2025-11-20 10:00:00-05:00,25206.1,25156.1,25306.1,50,100.0,SL,25156.1,-50.0,-1.0,1,5,-92.3,1.5,242.2,1290,1.133,1.001,1.405,1288.3,3
2025-11-21,LONG,2025-11-21 11:55:00-05:00,24301.0,24251.0,24401.0,50,100.0,SL,24251.0,-50.0,-1.0,1,5,-57.6,11.2,386.6,1276,0.982,0.97,-0.976,1315.7,4
2025-11-24,LONG,2025-11-24 10:00:00-05:00,24671.8,24621.8,24771.8,50,100.0,SL,24621.8,-50.0,-1.0,2,10,-67.5,35.4,211.5,1284,1.253,0.981,1.34,1309.0,0
2025-11-25,SHORT,2025-11-25 10:00:00-05:00,24626.8,24676.8,24526.8,50,100.0,SL,24676.8,-50.0,-1.0,1,5,-106.8,20.2,152.7,1322,1.217,1.028,1.723,1286.0,1
2025-11-26,LONG,2025-11-26 10:35:00-05:00,25188.8,25138.8,25288.8,50,100.0,SL,25138.8,-50.0,-1.0,2,10,-51.2,5.5,110.2,1182,1.04,0.956,0.335,1237.0,2
2025-11-27,SHORT,2025-11-27 11:00:00-05:00,25235.0,25285.0,25135.0,50,100.0,TIMEOUT,25247.2,-12.2,-0.244,23,115,-15.6,0.0,38.0,366,0.835,0.637,-0.627,574.3,3
2025-11-28,LONG,2025-11-28 10:45:00-05:00,25349.0,25299.0,25449.0,50,100.0,TIMEOUT,25432.3,83.3,1.666,29,145,-32.1,99.2,47.2,986,1.054,0.9,0.212,1096.0,4
2025-12-01,LONG,2025-12-01 10:00:00-05:00,25307.1,25257.1,25407.1,50,100.0,SL,25257.1,-50.0,-1.0,6,30,-69.0,38.8,131.6,1224,1.25,0.978,1.313,1251.7,0
2025-12-02,LONG,2025-12-02 10:00:00-05:00,25594.4,25544.4,25694.4,50,100.0,SL,25544.4,-50.0,-1.0,5,25,-66.5,19.7,196.4,1198,1.318,0.95,1.192,1260.7,1
2025-12-04,SHORT,2025-12-04 10:00:00-05:00,25531.4,25581.4,25431.4,50,100.0,SL,25581.4,-50.0,-1.0,7,35,-63.8,45.6,128.4,1214,1.261,0.963,1.061,1261.0,3
2025-12-05,LONG,2025-12-05 10:00:00-05:00,25775.4,25725.4,25875.4,50,100.0,SL,25725.4,-50.0,-1.0,10,50,-54.2,56.3,174.3,1224,1.252,0.992,1.242,1234.0,4
2025-12-08,SHORT,2025-12-08 10:05:00-05:00,25727.5,25777.5,25627.5,50,100.0,TP,25627.5,100.0,2.0,10,50,0.0,105.7,70.2,1168,1.359,0.959,1.127,1218.3,0
2025-12-09,LONG,2025-12-09 11:50:00-05:00,25687.3,25637.3,25787.3,50,100.0,TIMEOUT,25663.5,-23.8,-0.476,50,250,-29.1,22.9,122.2,956,0.926,0.782,-1.022,1222.7,1
2025-12-10,SHORT,2025-12-10 10:30:00-05:00,25587.0,25637.0,25487.0,50,100.0,SL,25637.0,-50.0,-1.0,28,140,-59.6,79.7,129.1,1076,1.046,0.875,0.215,1230.0,2
2025-12-11,SHORT,2025-12-11 10:00:00-05:00,25433.2,25483.2,25333.2,50,100.0,SL,25483.2,-50.0,-1.0,1,5,-86.5,2.3,226.4,1232,1.32,0.961,1.228,1281.3,3
2025-12-12,SHORT,2025-12-12 10:00:00-05:00,25467.3,25517.3,25367.3,50,100.0,TP,25367.3,100.0,2.0,4,20,-12.3,112.0,149.5,1270,1.403,1.018,1.428,1248.0,4
2025-12-15,SHORT,2025-12-15 10:00:00-05:00,25169.1,25219.1,25069.1,50,100.0,SL,25219.1,-50.0,-1.0,1,5,-55.2,7.6,176.0,1250,1.478,0.99,1.388,1262.0,0
2025-12-17,SHORT,2025-12-17 10:00:00-05:00,25067.1,25117.1,24967.1,50,100.0,TP,24967.1,100.0,2.0,7,35,-33.6,127.9,119.3,1216,1.207,0.952,1.089,1276.7,2
2025-12-18,LONG,2025-12-18 10:25:00-05:00,25082.1,25032.1,25182.1,50,100.0,SL,25032.1,-50.0,-1.0,20,100,-71.5,87.2,274.8,1240,1.089,0.971,0.702,1276.7,3
2025-12-19,LONG,2025-12-19 10:00:00-05:00,25329.1,25279.1,25429.1,50,100.0,SL,25279.1,-50.0,-1.0,4,20,-59.9,0.0,118.1,1246,1.304,0.985,1.271,1264.3,4
2025-12-22,SHORT,2025-12-22 10:10:00-05:00,25444.8,25494.8,25344.8,50,100.0,TIMEOUT,25469.9,-25.1,-0.502,70,350,-48.6,45.8,103.6,1212,1.372,0.972,1.092,1247.0,0
2025-12-23,LONG,2025-12-23 10:55:00-05:00,25501.7,25451.7,25601.7,50,100.0,TIMEOUT,25586.7,85.0,1.7,61,305,-3.5,91.2,119.4,966,0.898,0.798,-0.716,1210.7,1
2025-12-24,LONG,2025-12-24 10:15:00-05:00,25605.3,25555.3,25705.3,50,100.0,TIMEOUT,25638.4,33.1,0.662,35,175,-27.3,59.7,48.1,870,1.168,0.788,0.424,1104.3,2
2025-12-26,SHORT,2025-12-26 10:10:00-05:00,25621.8,25671.8,25521.8,50,100.0,SL,25671.8,-50.0,-1.0,4,20,-53.5,7.5,79.4,1122,1.418,0.96,1.035,1168.3,4
2025-12-30,LONG,2025-12-30 11:00:00-05:00,25552.7,25502.7,25652.7,50,100.0,SL,25502.7,-50.0,-1.0,12,60,-52.0,32.4,62.0,936,0.882,0.793,-1.155,1181.0,1
2026-01-02,SHORT,2026-01-02 10:10:00-05:00,25402.7,25452.7,25302.7,50,100.0,TP,25302.7,100.0,2.0,2,10,-0.1,124.2,105.6,1252,1.346,1.006,1.202,1244.7,4
2026-01-05,LONG,2026-01-05 10:05:00-05:00,25453.4,25403.4,25553.4,50,100.0,SL,25403.4,-50.0,-1.0,36,180,-57.4,59.8,178.0,1242,1.274,0.971,1.107,1279.0,0
2026-01-06,LONG,2026-01-06 10:00:00-05:00,25557.8,25507.8,25657.8,50,100.0,SL,25507.8,-50.0,-1.0,10,50,-56.7,30.4,121.9,1204,1.387,0.979,1.297,1229.7,1
2026-01-07,LONG,2026-01-07 10:00:00-05:00,25654.9,25604.9,25754.9,50,100.0,TP,25754.9,100.0,2.0,20,100,-28.8,102.0,66.7,1212,1.413,1.014,1.475,1195.0,2
2026-01-08,SHORT,2026-01-08 10:00:00-05:00,25425.8,25475.8,25325.8,50,100.0,SL,25475.8,-50.0,-1.0,1,5,-70.6,7.4,74.9,1272,1.403,0.998,1.439,1274.3,3
2026-01-09,SHORT,2026-01-09 10:05:00-05:00,25461.5,25511.5,25361.5,50,100.0,SL,25511.5,-50.0,-1.0,1,5,-108.1,2.5,161.7,1260,1.177,0.996,1.095,1265.7,4
2026-01-12,LONG,2026-01-12 10:00:00-05:00,25704.0,25654.0,25804.0,50,100.0,TP,25804.0,100.0,2.0,36,180,-11.2,102.3,127.6,1204,1.344,0.968,1.259,1243.7,0
2026-01-13,SHORT,2026-01-13 10:20:00-05:00,25668.4,25718.4,25568.4,50,100.0,SL,25718.4,-50.0,-1.0,6,30,-50.3,27.2,174.3,1204,1.113,0.958,0.685,1257.3,1
2026-01-14,SHORT,2026-01-14 10:00:00-05:00,25390.4,25440.4,25290.4,50,100.0,SL,25440.4,-50.0,-1.0,2,10,-116.8,7.4,176.3,1278,1.274,1.001,1.44,1276.3,2
2026-01-16,SHORT,2026-01-16 10:00:00-05:00,25569.6,25619.6,25469.6,50,100.0,TP,25469.6,100.0,2.0,7,35,-34.1,103.9,81.5,1256,1.347,1.005,1.44,1249.3,4
2026-01-20,LONG,2026-01-20 10:00:00-05:00,25150.3,25100.3,25250.3,50,100.0,TP,25250.3,100.0,2.0,8,40,-43.8,117.1,192.0,1264,1.164,0.976,1.165,1295.7,1
2026-01-21,LONG,2026-01-21 10:00:00-05:00,25172.3,25122.3,25272.3,50,100.0,TP,25272.3,100.0,2.0,6,30,-21.2,107.5,230.0,1268,1.124,0.988,0.896,1283.7,2
2026-01-22,SHORT,2026-01-22 10:00:00-05:00,25417.6,25467.6,25317.6,50,100.0,SL,25467.6,-50.0,-1.0,6,30,-62.5,22.7,156.3,1258,1.263,0.99,1.362,1270.3,3
2026-01-23,LONG,2026-01-23 10:00:00-05:00,25571.4,25521.4,25671.4,50,100.0,TP,25671.4,100.0,2.0,9,45,-33.5,103.0,151.1,1236,1.27,1.0,1.467,1236.0,4
2026-01-26,LONG,2026-01-26 10:00:00-05:00,25709.7,25659.7,25809.7,50,100.0,TIMEOUT,25712.2,2.5,0.05,72,360,-36.4,91.4,166.0,1176,1.272,0.962,1.236,1222.3,0
2026-01-27,LONG,2026-01-27 10:00:00-05:00,25929.8,25879.8,26029.8,50,100.0,TIMEOUT,25951.0,21.2,0.424,72,360,-33.3,57.2,75.2,1170,1.303,0.963,1.227,1215.0,1
2026-01-28,SHORT,2026-01-28 10:10:00-05:00,26091.6,26141.6,25991.6,50,100.0,TP,25991.6,100.0,2.0,20,100,-37.4,115.1,96.8,1162,1.157,0.955,0.853,1216.3,2
2026-01-29,SHORT,2026-01-29 10:00:00-05:00,25676.3,25726.3,25576.3,50,100.0,TP,25576.3,100.0,2.0,6,30,-27.0,111.8,145.2,1290,1.289,0.993,1.394,1299.0,3
2026-01-30,LONG,2026-01-30 10:45:00-05:00,25788.4,25738.4,25888.4,50,100.0,SL,25738.4,-50.0,-1.0,1,5,-66.0,3.3,254.7,1238,1.005,0.952,0.058,1300.7,4
2026-02-02,LONG,2026-02-02 10:00:00-05:00,25684.1,25634.1,25784.1,50,100.0,TP,25784.1,100.0,2.0,3,15,-5.5,108.8,206.3,1296,1.217,1.006,1.508,1287.7,0
2026-02-03,SHORT,2026-02-03 10:00:00-05:00,25504.6,25554.6,25404.6,50,100.0,TP,25404.6,100.0,2.0,4,20,-22.8,135.6,100.5,1306,1.313,1.0,1.467,1305.7,1
2026-02-04,SHORT,2026-02-04 10:00:00-05:00,25044.0,25094.0,24944.0,50,100.0,SL,25094.0,-50.0,-1.0,1,5,-100.5,0.5,184.0,1304,1.189,0.987,1.359,1321.3,2
2026-02-05,SHORT,2026-02-05 10:00:00-05:00,24602.5,24652.5,24502.5,50,100.0,TP,24502.5,100.0,2.0,2,10,-7.2,146.6,415.2,1330,1.109,1.002,1.432,1328.0,3
2026-02-06,LONG,2026-02-06 10:25:00-05:00,24801.6,24751.6,24901.6,50,100.0,SL,24751.6,-50.0,-1.0,5,25,-80.6,60.3,381.4,1308,1.093,0.995,0.786,1314.0,4
2026-02-09,LONG,2026-02-09 10:15:00-05:00,25149.4,25099.4,25249.4,50,100.0,SL,25099.4,-50.0,-1.0,2,10,-72.6,12.9,246.2,1196,1.056,0.949,0.52,1260.3,0
2026-02-10,LONG,2026-02-10 10:05:00-05:00,25345.4,25295.4,25445.4,50,100.0,SL,25295.4,-50.0,-1.0,1,5,-75.9,11.8,127.5,1226,1.134,0.982,1.033,1248.3,1
2026-02-11,SHORT,2026-02-11 10:15:00-05:00,25046.3,25096.3,24946.3,50,100.0,SL,25096.3,-50.0,-1.0,5,25,-59.4,72.5,301.8,1240,1.047,0.996,0.68,1244.7,2
2026-02-12,SHORT,2026-02-12 10:00:00-05:00,25116.8,25166.8,25016.8,50,100.0,SL,25166.8,-50.0,-1.0,4,20,-58.1,28.8,98.9,1228,1.183,0.988,1.261,1243.3,3
2026-02-13,LONG,2026-02-13 10:25:00-05:00,24765.7,24715.7,24865.7,50,100.0,SL,24715.7,-50.0,-1.0,3,15,-80.1,78.5,198.5,1254,1.014,0.994,0.477,1261.7,4
2026-02-16,SHORT,2026-02-16 10:15:00-05:00,24670.8,24720.8,24570.8,50,100.0,TIMEOUT,24671.4,-0.6,-0.012,32,160,-24.7,73.1,166.0,1128,1.104,0.949,0.608,1188.3,0
2026-02-17,SHORT,2026-02-17 10:05:00-05:00,24439.4,24489.4,24339.4,50,100.0,SL,24489.4,-50.0,-1.0,2,10,-128.9,33.9,207.1,1264,1.088,1.007,1.039,1255.7,1
2026-02-18,LONG,2026-02-18 10:00:00-05:00,24947.0,24897.0,25047.0,50,100.0,TP,25047.0,100.0,2.0,18,90,-17.6,100.3,151.5,1240,1.129,0.991,1.226,1251.0,2
2026-02-20,LONG,2026-02-20 10:20:00-05:00,24937.4,24887.4,25037.4,50,100.0,SL,24887.4,-50.0,-1.0,2,10,-95.4,31.9,287.4,1252,1.053,0.992,0.732,1262.7,4
2026-02-23,SHORT,2026-02-23 10:00:00-05:00,24809.7,24859.7,24709.7,50,100.0,SL,24859.7,-50.0,-1.0,4,20,-61.6,25.9,125.2,1270,1.209,1.015,1.545,1250.7,0
2026-02-24,LONG,2026-02-24 10:20:00-05:00,24894.8,24844.8,24994.8,50,100.0,TP,24994.8,100.0,2.0,21,105,-13.0,101.9,138.9,1250,1.122,1.001,0.961,1249.0,1
2026-02-25,LONG,2026-02-25 10:00:00-05:00,25283.6,25233.6,25383.6,50,100.0,SL,25233.6,-50.0,-1.0,4,20,-50.4,8.7,140.7,1222,1.232,0.994,1.296,1229.7,2
2026-02-26,SHORT,2026-02-26 10:00:00-05:00,25125.7,25175.7,25025.7,50,100.0,TP,25025.7,100.0,2.0,2,10,-2.2,108.4,71.6,1260,1.231,0.998,1.298,1262.7,3
2026-03-02,LONG,2026-03-02 10:00:00-05:00,24849.7,24799.7,24949.7,50,100.0,TP,24949.7,100.0,2.0,20,100,-44.7,130.1,259.5,1264,1.07,1.007,1.414,1255.3,0
2026-03-03,SHORT,2026-03-03 10:25:00-05:00,24323.6,24373.6,24223.6,50,100.0,SL,24373.6,-50.0,-1.0,1,5,-79.1,2.8,319.5,1248,1.009,0.994,0.471,1255.3,1
2026-03-04,LONG,2026-03-04 10:00:00-05:00,24893.4,24843.4,24993.4,50,100.0,TP,24993.4,100.0,2.0,3,15,-4.1,108.0,313.1,1244,1.038,0.99,0.968,1256.7,2
2026-03-05,SHORT,2026-03-05 11:15:00-05:00,24913.9,24963.9,24813.9,50,100.0,SL,24963.9,-50.0,-1.0,1,5,-64.6,2.0,242.4,1238,1.0,0.99,-0.021,1250.7,3
2026-03-09,LONG,2026-03-09 10:40:00-04:00,24509.9,24459.9,24609.9,50,100.0,TP,24609.9,100.0,2.0,9,45,-5.2,114.0,284.4,1226,0.989,0.981,-0.53,1250.0,0
2026-03-10,LONG,2026-03-10 10:55:00-04:00,25129.3,25079.3,25229.3,50,100.0,SL,25079.3,-50.0,-1.0,14,70,-71.3,30.2,252.8,1212,0.977,0.966,-0.889,1254.3,1
2026-03-11,LONG,2026-03-11 10:00:00-04:00,25100.5,25050.5,25200.5,50,100.0,SL,25050.5,-50.0,-1.0,2,10,-62.1,27.0,151.0,1252,1.062,1.003,0.967,1248.3,2
2026-03-12,SHORT,2026-03-12 10:00:00-04:00,24702.6,24752.6,24602.6,50,100.0,TP,24602.6,100.0,2.0,5,25,-25.2,101.7,175.7,1230,1.058,0.994,0.817,1237.7,3
2026-03-16,LONG,2026-03-16 10:00:00-04:00,24699.5,24649.5,24799.5,50,100.0,SL,24649.5,-50.0,-1.0,7,35,-68.8,55.7,210.0,1236,1.1,0.998,1.169,1238.0,0
2026-03-17,LONG,2026-03-17 10:00:00-04:00,24839.6,24789.6,24939.6,50,100.0,SL,24789.6,-50.0,-1.0,3,15,-67.0,16.2,281.8,1226,1.177,0.992,1.205,1235.7,1
2026-03-18,SHORT,2026-03-18 10:25:00-04:00,24598.2,24648.2,24498.2,50,100.0,SL,24648.2,-50.0,-1.0,6,30,-61.3,3.2,333.1,1246,1.021,1.019,0.833,1223.3,2
2026-03-20,SHORT,2026-03-20 10:00:00-04:00,24078.4,24128.4,23978.4,50,100.0,SL,24128.4,-50.0,-1.0,24,120,-57.2,65.0,294.8,1238,1.073,1.009,1.476,1226.7,4
2026-03-24,SHORT,2026-03-24 10:20:00-04:00,23993.9,24043.9,23893.9,50,100.0,SL,24043.9,-50.0,-1.0,5,25,-67.5,20.6,299.2,1026,1.008,0.986,0.248,1041.0,1
2026-03-25,SHORT,2026-03-25 11:15:00-04:00,24110.2,24160.2,24010.2,50,100.0,SL,24160.2,-50.0,-1.0,1,5,-91.2,2.5,187.3,1046,1.023,1.0,1.115,1046.3,2
2026-03-26,SHORT,2026-03-26 10:50:00-04:00,23864.8,23914.8,23764.8,50,100.0,SL,23914.8,-50.0,-1.0,2,10,-59.9,32.0,220.0,1034,1.028,0.997,0.585,1037.3,3
2026-03-27,SHORT,2026-03-27 10:00:00-04:00,23307.8,23357.8,23207.8,50,100.0,SL,23357.8,-50.0,-1.0,16,80,-54.6,67.0,329.8,1048,1.072,0.999,1.258,1049.3,4
2026-03-30,SHORT,2026-03-30 10:00:00-04:00,23142.3,23192.3,23042.3,50,100.0,SL,23192.3,-50.0,-1.0,12,60,-79.0,72.1,207.4,1122,1.116,0.993,1.25,1129.5,0
2026-03-31,LONG,2026-03-31 10:00:00-04:00,23367.8,23317.8,23467.8,50,100.0,SL,23317.8,-50.0,-1.0,1,5,-60.9,0.2,196.8,1102,1.038,0.97,0.69,1136.7,1
2026-04-01,LONG,2026-04-01 10:50:00-04:00,24057.1,24007.1,24157.1,50,100.0,TP,24157.1,100.0,2.0,27,135,-16.5,100.9,234.4,1090,0.969,0.947,-1.079,1151.0,2
2026-04-02,LONG,2026-04-02 10:05:00-04:00,23741.3,23691.3,23841.3,50,100.0,TP,23841.3,100.0,2.0,6,30,-16.6,328.9,214.1,1136,1.064,0.996,1.099,1140.3,3
2026-04-07,SHORT,2026-04-07 10:00:00-04:00,23905.8,23955.8,23805.8,50,100.0,SL,23955.8,-50.0,-1.0,4,20,-50.5,85.2,280.8,1110,1.063,0.977,0.931,1136.3,1
2026-04-08,SHORT,2026-04-08 10:00:00-04:00,24916.7,24966.7,24816.7,50,100.0,TP,24816.7,100.0,2.0,11,55,-7.4,155.2,121.5,1136,1.092,0.991,1.173,1146.2,2
2026-04-09,LONG,2026-04-09 11:15:00-04:00,24929.2,24879.2,25029.2,50,100.0,TP,25029.2,100.0,2.0,9,45,-49.6,166.0,128.4,1102,1.015,0.998,0.966,1104.3,3
2026-04-10,LONG,2026-04-10 11:10:00-04:00,25203.2,25153.2,25303.2,50,100.0,SL,25153.2,-50.0,-1.0,5,25,-69.3,23.5,162.8,1032,0.944,0.926,-3.188,1114.0,4
2026-04-13,LONG,2026-04-13 10:00:00-04:00,25160.0,25110.0,25260.0,50,100.0,SL,25110.0,-50.0,-1.0,3,15,-65.0,14.2,141.7,1106,1.158,0.984,1.215,1124.3,0
2026-04-14,LONG,2026-04-14 10:00:00-04:00,25566.7,25516.7,25666.7,50,100.0,TP,25666.7,100.0,2.0,16,80,-1.1,107.9,131.2,1122,1.173,1.016,1.524,1104.7,1
2026-04-15,LONG,2026-04-15 10:00:00-04:00,25923.2,25873.2,26023.2,50,100.0,TP,26023.2,100.0,2.0,11,55,-16.6,101.3,105.1,1110,1.188,0.996,1.311,1115.0,2
2026-04-16,SHORT,2026-04-16 10:00:00-04:00,26182.6,26232.6,26082.6,50,100.0,SL,26232.6,-50.0,-1.0,2,10,-53.8,8.3,120.7,1118,1.207,0.99,1.279,1129.7,3
2026-04-17,LONG,2026-04-17 10:40:00-04:00,26685.6,26635.6,26785.6,50,100.0,SL,26635.6,-50.0,-1.0,32,160,-93.6,50.5,351.7,1104,0.995,0.961,-0.159,1148.7,4
2026-04-20,SHORT,2026-04-20 11:00:00-04:00,26469.8,26519.8,26369.8,50,100.0,SL,26519.8,-50.0,-1.0,4,20,-81.8,37.1,181.0,1116,1.006,0.982,0.161,1136.0,0
2026-04-21,SHORT,2026-04-21 10:45:00-04:00,26661.6,26711.6,26561.6,50,100.0,TP,26561.6,100.0,2.0,3,15,-11.6,123.9,102.3,1120,1.059,1.001,0.651,1119.0,1
2026-04-22,LONG,2026-04-22 10:10:00-04:00,26791.4,26741.4,26891.4,50,100.0,TP,26891.4,100.0,2.0,36,180,0.0,111.9,119.3,1116,1.103,0.999,1.092,1117.0,2
2026-04-23,LONG,2026-04-23 10:55:00-04:00,26968.1,26918.1,27068.1,50,100.0,SL,26918.1,-50.0,-1.0,13,65,-51.0,59.2,188.0,1052,0.97,0.943,-0.499,1115.8,3
2026-04-24,LONG,2026-04-24 11:40:00-04:00,27258.7,27208.7,27358.7,50,100.0,TIMEOUT,27305.4,46.7,0.934,52,260,-37.4,78.5,298.3,1066,0.961,0.935,-1.839,1139.7,4
2026-04-27,SHORT,2026-04-27 10:05:00-04:00,27249.6,27299.6,27149.6,50,100.0,SL,27299.6,-50.0,-1.0,38,190,-51.4,58.0,115.2,1112,1.087,0.975,0.929,1140.0,0
2026-04-28,SHORT,2026-04-28 10:50:00-04:00,26913.7,26963.7,26813.7,50,100.0,SL,26963.7,-50.0,-1.0,1,5,-64.7,14.8,321.8,1152,1.039,1.016,0.857,1133.3,1
2026-04-29,SHORT,2026-04-29 10:05:00-04:00,27077.1,27127.1,26977.1,50,100.0,SL,27127.1,-50.0,-1.0,3,15,-55.6,9.3,95.4,1126,1.126,0.992,1.071,1135.0,2
2026-04-30,SHORT,2026-04-30 10:05:00-04:00,27120.6,27170.6,27020.6,50,100.0,SL,27170.6,-50.0,-1.0,8,40,-69.3,65.2,274.8,1160,1.094,1.009,1.352,1149.7,3
2026-05-01,LONG,2026-05-01 10:00:00-04:00,27781.0,27731.0,27881.0,50,100.0,SL,27731.0,-50.0,-1.0,6,30,-84.1,18.5,100.0,1146,1.168,1.006,1.439,1139.0,4
2026-05-05,LONG,2026-05-05 10:00:00-04:00,28002.3,27952.3,28102.3,50,100.0,SL,27952.3,-50.0,-1.0,2,10,-52.8,9.6,130.1,1138,1.212,1.006,1.432,1131.5,1
2026-05-07,LONG,2026-05-07 10:05:00-04:00,28739.7,28689.7,28839.7,50,100.0,TP,28839.7,100.0,2.0,10,50,-4.8,113.5,121.7,1104,1.124,0.973,0.988,1135.0,3
2026-05-08,LONG,2026-05-08 10:00:00-04:00,29025.0,28975.0,29125.0,50,100.0,TP,29125.0,100.0,2.0,19,95,-41.4,100.4,167.0,1142,1.11,1.009,1.281,1131.3,4
2026-05-11,LONG,2026-05-11 10:10:00-04:00,29315.5,29265.5,29415.5,50,100.0,SL,29265.5,-50.0,-1.0,3,15,-116.7,18.0,127.9,1094,1.061,0.954,0.656,1146.7,0
2026-05-12,SHORT,2026-05-12 10:00:00-04:00,29028.3,29078.3,28928.3,50,100.0,SL,29078.3,-50.0,-1.0,2,10,-84.5,0.9,139.9,1156,1.092,1.005,1.313,1150.0,1
2026-05-13,SHORT,2026-05-13 10:00:00-04:00,29085.8,29135.8,28985.8,50,100.0,SL,29135.8,-50.0,-1.0,4,20,-80.1,47.8,245.6,1168,1.091,1.013,1.348,1153.0,2
2026-05-14,LONG,2026-05-14 10:15:00-04:00,29559.2,29509.2,29659.2,50,100.0,TP,29659.2,100.0,2.0,12,60,-40.3,121.9,184.5,1126,1.066,0.993,0.935,1134.0,3
2026-05-18,SHORT,2026-05-18 10:30:00-04:00,28957.4,29007.4,28857.4,50,100.0,SL,29007.4,-50.0,-1.0,2,10,-93.4,52.3,365.1,1162,1.035,0.993,0.67,1170.3,0
2026-05-19,SHORT,2026-05-19 10:05:00-04:00,28721.8,28771.8,28621.8,50,100.0,TP,28621.8,100.0,2.0,3,15,-37.5,125.8,320.8,1166,1.078,0.999,1.082,1167.7,1
2026-05-20,LONG,2026-05-20 10:15:00-04:00,29103.0,29053.0,29203.0,50,100.0,TP,29203.0,100.0,2.0,8,40,-49.7,110.5,152.8,1176,1.117,1.012,1.233,1161.7,2
2026-05-21,SHORT,2026-05-21 10:20:00-04:00,29092.4,29142.4,28992.4,50,100.0,SL,29142.4,-50.0,-1.0,2,10,-75.7,15.8,282.2,1160,1.051,0.997,0.989,1163.0,3
2026-05-22,LONG,2026-05-22 11:00:00-04:00,29606.9,29556.9,29706.9,50,100.0,SL,29556.9,-50.0,-1.0,48,240,-67.1,75.5,226.6,1108,0.998,0.964,-0.048,1149.0,4
2026-05-26,LONG,2026-05-26 10:00:00-04:00,29940.9,29890.9,30040.9,50,100.0,TP,30040.9,100.0,2.0,7,35,-15.8,125.7,185.7,1150,1.248,1.008,1.479,1140.7,1
2026-05-27,SHORT,2026-05-27 10:05:00-04:00,29973.9,30023.9,29873.9,50,100.0,TP,29873.9,100.0,2.0,4,20,-33.3,133.2,303.2,1156,1.096,0.998,1.207,1158.3,2
2026-05-28,LONG,2026-05-28 10:10:00-04:00,30115.0,30065.0,30215.0,50,100.0,SL,30065.0,-50.0,-1.0,1,5,-52.8,11.5,217.9,1164,1.101,1.018,1.382,1143.7,3
2026-05-29,LONG,2026-05-29 10:00:00-04:00,30468.1,30418.1,30568.1,50,100.0,SL,30418.1,-50.0,-1.0,2,10,-67.5,5.9,116.8,1126,1.171,1.002,1.393,1124.0,4
2026-06-02,LONG,2026-06-02 10:00:00-04:00,30571.0,30521.0,30671.0,50,100.0,SL,30521.0,-50.0,-1.0,5,25,-66.1,42.5,102.8,1134,1.16,0.999,1.261,1134.7,1
2026-06-03,SHORT,2026-06-03 10:00:00-04:00,30592.2,30642.2,30492.2,50,100.0,SL,30642.2,-50.0,-1.0,2,10,-64.6,23.8,110.1,1144,1.14,0.996,1.37,1149.0,2
2026-06-05,SHORT,2026-06-05 10:00:00-04:00,29750.9,29800.9,29650.9,50,100.0,SL,29800.9,-50.0,-1.0,1,5,-72.9,22.5,244.6,1158,1.062,0.997,1.058,1162.0,4
2026-06-08,LONG,2026-06-08 10:45:00-04:00,29586.4,29536.4,29686.4,50,100.0,TP,29686.4,100.0,2.0,4,20,-10.5,112.1,519.8,1130,0.995,0.967,-0.123,1169.0,0
2026-06-09,SHORT,2026-06-09 10:10:00-04:00,29467.9,29517.9,29367.9,50,100.0,TP,29367.9,100.0,2.0,1,5,-20.6,123.6,179.7,1170,1.108,1.012,1.229,1155.7,1
2026-06-10,LONG,2026-06-10 10:00:00-04:00,29060.7,29010.7,29160.7,50,100.0,TP,29160.7,100.0,2.0,4,20,-48.8,137.0,389.2,1176,1.029,0.998,0.933,1178.7,2
2026-06-11,LONG,2026-06-11 10:00:00-04:00,29022.9,28972.9,29122.9,50,100.0,SL,28972.9,-50.0,-1.0,1,5,-88.2,0.0,295.8,1160,1.038,0.992,0.971,1169.0,3
2026-06-12,LONG,2026-06-12 11:10:00-04:00,29680.2,29630.2,29780.2,50,100.0,SL,29630.2,-50.0,-1.0,5,25,-76.3,63.8,403.5,1154,0.994,0.986,-0.625,1170.0,4
2026-06-15,LONG,2026-06-15 10:00:00-04:00,30431.1,30381.1,30531.1,50,100.0,SL,30381.1,-50.0,-1.0,2,10,-58.8,22.8,133.4,1142,1.127,0.995,1.393,1147.5,0
2026-06-16,SHORT,2026-06-16 10:15:00-04:00,30432.8,30482.8,30332.8,50,100.0,TP,30332.8,100.0,2.0,3,15,-29.9,147.7,188.5,1154,1.074,1.002,1.118,1151.7,1
2026-06-17,SHORT,2026-06-17 10:05:00-04:00,30080.8,30130.8,29980.8,50,100.0,SL,30130.8,-50.0,-1.0,1,5,-62.8,25.3,195.9,1164,1.128,1.009,1.361,1153.3,2
2026-06-18,LONG,2026-06-18 10:20:00-04:00,30323.5,30273.5,30423.5,50,100.0,SL,30273.5,-50.0,-1.0,1,5,-115.1,3.5,250.2,1150,1.047,0.986,0.701,1166.3,3
2026-06-19,LONG,2026-06-19 10:00:00-04:00,30382.6,30332.6,30482.6,50,100.0,TIMEOUT,30350.6,-32.0,-0.64,35,175,-37.9,25.9,141.2,1046,1.117,1.038,0.96,1008.0,4
2026-06-22,LONG,2026-06-22 10:00:00-04:00,30635.8,30585.8,30735.8,50,100.0,SL,30585.8,-50.0,-1.0,3,15,-73.2,43.1,184.0,1146,1.106,0.988,1.213,1159.3,0
2026-06-24,SHORT,2026-06-24 10:00:00-04:00,29385.7,29435.7,29285.7,50,100.0,SL,29435.7,-50.0,-1.0,1,5,-57.9,19.3,179.9,1168,1.084,0.997,1.15,1172.0,2
2026-06-25,SHORT,2026-06-25 10:00:00-04:00,29211.0,29261.0,29111.0,50,100.0,SL,29261.0,-50.0,-1.0,1,5,-127.5,0.0,161.9,1192,1.096,1.014,1.433,1176.0,3
2026-06-26,LONG,2026-06-26 10:05:00-04:00,29297.3,29247.3,29397.3,50,100.0,SL,29247.3,-50.0,-1.0,1,5,-63.3,34.0,349.4,1160,1.055,0.988,0.982,1174.7,4
2026-06-29,SHORT,2026-06-29 10:00:00-04:00,29281.2,29331.2,29181.2,50,100.0,TP,29181.2,100.0,2.0,2,10,-7.3,213.6,175.5,1180,1.13,1.01,1.6,1168.3,0
2026-06-30,LONG,2026-06-30 10:00:00-04:00,30133.2,30083.2,30233.2,50,100.0,SL,30083.2,-50.0,-1.0,1,5,-68.4,0.0,176.5,1168,1.095,1.008,1.529,1158.3,1
2026-07-01,SHORT,2026-07-01 10:40:00-04:00,29950.3,30000.3,29850.3,50,100.0,SL,30000.3,-50.0,-1.0,4,20,-63.8,68.2,220.8,1116,0.979,0.961,-1.154,1161.0,2
2026-07-02,SHORT,2026-07-02 10:40:00-04:00,29557.0,29607.0,29457.0,50,100.0,SL,29607.0,-50.0,-1.0,1,5,-57.5,51.6,492.3,1176,1.027,1.014,1.129,1159.3,3
2026-07-03,LONG,2026-07-03 10:00:00-04:00,29682.1,29632.1,29782.1,50,100.0,TIMEOUT,29654.0,-28.1,-0.562,35,175,-45.0,3.8,97.7,860,1.107,0.914,0.655,940.7,4
