datetime,open,high,low,close,volume
2026-08-19T07:40:00Z,29480.4,29481.2,29463.7,29465.2,209
2026-08-19T07:41:00Z,29465.0,29472.0,29463.5,29466.8,197
2026-08-19T07:42:00Z,29467.0,29467.9,29463.2,29466.6,202
2026-08-19T07:43:00Z,29466.0,29466.7,29460.9,29465.8,167
2026-08-19T07:44:00Z,29466.0,29484.3,29465.0,29484.0,189
2026-08-19T07:45:00Z,29484.2,29494.1,29483.3,29493.6,217
2026-08-19T07:46:00Z,29494.0,29501.3,29483.9,29501.3,199
2026-08-19T07:47:00Z,29500.6,29501.9,29498.0,29499.4,192
2026-08-19T07:48:00Z,29499.5,29501.4,29493.8,29501.4,196
2026-08-19T07:49:00Z,29501.1,29501.1,29493.4,29493.7,183
2026-08-19T07:50:00Z,29494.5,29498.1,29493.0,29496.0,175
2026-08-19T07:51:00Z,29496.2,29496.3,29492.1,29495.5,152
2026-08-19T07:52:00Z,29495.5,29495.5,29484.1,29490.9,197
2026-08-19T07:53:00Z,29490.4,29493.1,29484.4,29484.7,185
2026-08-19T07:54:00Z,29485.1,29493.1,29483.9,29491.7,170
2026-08-19T07:55:00Z,29490.4,29495.2,29488.3,29492.9,168
2026-08-19T07:56:00Z,29493.0,29499.5,29490.7,29498.4,165
2026-08-19T07:57:00Z,29497.9,29517.2,29497.4,29514.4,185
2026-08-19T07:58:00Z,29514.0,29519.8,29513.0,29514.2,193
2026-08-19T07:59:00Z,29514.1,29515.4,29506.4,29514.0,210
2026-08-19T08:00:00Z,29514.3,29522.0,29506.0,29521.3,217
2026-08-19T08:01:00Z,29521.5,29524.4,29511.3,29511.5,225
2026-08-19T08:02:00Z,29511.6,29527.1,29511.0,29523.9,211
2026-08-19T08:03:00Z,29524.1,29537.5,29522.6,29536.9,220
2026-08-19T08:04:00Z,29537.4,29545.9,29534.7,29545.5,211
2026-08-19T08:05:00Z,29545.6,29548.8,29533.8,29546.9,214
2026-08-19T08:06:00Z,29547.6,29549.6,29535.3,29539.7,225
2026-08-19T08:07:00Z,29539.9,29547.9,29539.6,29543.3,222
2026-08-19T08:08:00Z,29542.8,29549.7,29540.8,29547.5,223
2026-08-19T08:09:00Z,29548.4,29549.7,29539.7,29542.2,211
2026-08-19T08:10:00Z,29541.8,29551.3,29540.1,29549.7,218
2026-08-19T08:11:00Z,29550.7,29553.8,29549.0,29552.2,195
2026-08-19T08:12:00Z,29552.0,29552.0,29542.5,29542.5,209
2026-08-19T08:13:00Z,29542.1,29549.7,29539.0,29543.2,198
2026-08-19T08:14:00Z,29544.9,29548.0,29533.7,29537.3,225
2026-08-19T08:15:00Z,29538.9,29540.3,29533.4,29534.5,193
2026-08-19T08:16:00Z,29534.0,29536.6,29521.0,29526.3,207
2026-08-19T08:17:00Z,29526.5,29536.1,29526.2,29533.6,220
2026-08-19T08:18:00Z,29534.5,29541.3,29532.9,29536.2,203
2026-08-19T08:19:00Z,29536.2,29545.4,29534.4,29542.3,207
2026-08-19T08:20:00Z,29542.0,29551.1,29540.2,29546.2,207
2026-08-19T08:21:00Z,29546.6,29547.1,29525.1,29525.2,214
2026-08-19T08:22:00Z,29525.3,29550.4,29524.7,29545.9,214
2026-08-19T08:23:00Z,29546.4,29552.1,29545.7,29549.5,200
2026-08-19T08:24:00Z,29548.1,29550.0,29538.6,29538.6,207
2026-08-19T08:25:00Z,29539.2,29542.8,29534.0,29540.9,202
2026-08-19T08:26:00Z,29540.2,29542.3,29531.8,29532.6,193
2026-08-19T08:27:00Z,29532.2,29537.6,29531.9,29533.4,183
2026-08-19T08:28:00Z,29535.5,29535.5,29526.4,29527.7,199
2026-08-19T08:29:00Z,29527.6,29535.9,29524.1,29535.7,200
2026-08-19T08:30:00Z,29535.6,29535.6,29525.4,29532.2,206
2026-08-19T08:31:00Z,29532.4,29534.3,29526.9,29527.6,192
2026-08-19T08:32:00Z,29527.1,29528.0,29513.7,29515.1,212
2026-08-19T08:33:00Z,29515.6,29527.6,29515.6,29526.4,198
2026-08-19T08:34:00Z,29525.6,29527.9,29520.4,29520.7,200
2026-08-19T08:35:00Z,29521.4,29529.4,29521.2,29527.0,197
2026-08-19T08:36:00Z,29526.8,29528.7,29522.3,29527.6,176
2026-08-19T08:37:00Z,29526.9,29531.2,29525.7,29529.8,195
2026-08-19T08:38:00Z,29530.0,29531.8,29528.3,29530.4,178
2026-08-19T08:39:00Z,29530.9,29532.8,29529.2,29531.0,189
2026-08-19T08:40:00Z,29530.9,29543.1,29530.6,29542.8,186
2026-08-19T08:41:00Z,29542.7,29545.2,29528.2,29529.2,201
2026-08-19T08:42:00Z,29529.1,29532.8,29526.2,29528.9,191
2026-08-19T08:43:00Z,29529.1,29536.4,29528.4,29535.7,187
2026-08-19T08:44:00Z,29535.3,29539.7,29534.4,29539.3,180
2026-08-19T08:45:00Z,29539.3,29541.2,29538.3,29540.6,182
2026-08-19T08:46:00Z,29540.7,29543.1,29539.7,29540.3,192
2026-08-19T08:47:00Z,29540.1,29542.4,29537.6,29541.7,196
2026-08-19T08:48:00Z,29541.1,29546.0,29537.9,29540.0,203
2026-08-19T08:49:00Z,29540.2,29542.3,29538.5,29538.5,165
2026-08-19T08:50:00Z,29539.7,29544.4,29536.2,29541.6,191
2026-08-19T08:51:00Z,29542.0,29542.0,29530.0,29536.1,194
2026-08-19T08:52:00Z,29538.5,29539.3,29529.3,29530.1,189
2026-08-19T08:53:00Z,29530.0,29530.5,29524.8,29528.2,179
2026-08-19T08:54:00Z,29528.1,29534.0,29527.6,29529.9,148
2026-08-19T08:55:00Z,29530.1,29532.6,29524.9,29526.7,205
2026-08-19T08:56:00Z,29527.0,29528.4,29521.3,29526.5,187
2026-08-19T08:57:00Z,29526.4,29531.4,29524.9,29527.8,196
2026-08-19T08:58:00Z,29527.7,29528.9,29520.7,29521.1,192
2026-08-19T08:59:00Z,29521.8,29523.2,29520.5,29521.4,179
2026-08-19T09:00:00Z,29520.0,29522.8,29518.4,29520.0,186
2026-08-19T09:01:00Z,29520.2,29536.9,29519.2,29532.2,209
2026-08-19T09:02:00Z,29532.7,29533.2,29518.9,29524.8,203
2026-08-19T09:03:00Z,29524.3,29531.2,29523.4,29530.4,207
2026-08-19T09:04:00Z,29529.7,29539.8,29529.6,29538.8,196
2026-08-19T09:05:00Z,29538.6,29543.4,29537.7,29539.0,211
2026-08-19T09:06:00Z,29537.9,29538.2,29512.9,29513.8,222
2026-08-19T09:07:00Z,29512.8,29517.9,29512.8,29516.0,189
2026-08-19T09:08:00Z,29515.5,29517.4,29513.6,29514.0,193
2026-08-19T09:09:00Z,29513.8,29516.6,29512.9,29512.9,205
2026-08-19T09:10:00Z,29512.7,29517.9,29510.9,29511.2,202
2026-08-19T09:11:00Z,29511.1,29516.6,29507.4,29516.3,192
2026-08-19T09:12:00Z,29516.4,29517.9,29511.1,29512.5,196
2026-08-19T09:13:00Z,29513.0,29516.0,29510.4,29512.2,180
2026-08-19T09:14:00Z,29512.1,29513.4,29507.0,29507.0,140
2026-08-19T09:15:00Z,29506.9,29509.1,29505.9,29507.3,193
2026-08-19T09:16:00Z,29507.1,29507.3,29502.7,29506.5,215
2026-08-19T09:17:00Z,29506.4,29510.6,29505.5,29508.1,193
2026-08-19T09:18:00Z,29508.3,29509.5,29505.5,29509.4,196
2026-08-19T09:19:00Z,29509.0,29510.8,29498.7,29505.2,197
2026-08-19T09:20:00Z,29507.1,29508.4,29499.2,29501.7,182
2026-08-19T09:21:00Z,29501.2,29505.1,29499.7,29504.9,190
2026-08-19T09:22:00Z,29505.0,29507.2,29499.3,29500.6,187
2026-08-19T09:23:00Z,29500.7,29503.6,29498.4,29500.2,181
2026-08-19T09:24:00Z,29499.5,29502.7,29497.0,29497.3,181
2026-08-19T09:25:00Z,29497.2,29499.9,29493.4,29495.4,188
2026-08-19T09:26:00Z,29495.6,29495.6,29480.7,29482.5,196
2026-08-19T09:27:00Z,29482.4,29484.1,29479.5,29483.9,199
2026-08-19T09:28:00Z,29483.4,29486.3,29481.5,29483.6,170
2026-08-19T09:29:00Z,29483.0,29487.2,29481.0,29484.7,187
2026-08-19T09:30:00Z,29484.6,29500.6,29484.2,29500.6,203
2026-08-19T09:31:00Z,29500.5,29500.5,29492.8,29495.2,194
2026-08-19T09:32:00Z,29495.3,29495.3,29478.1,29485.3,205
2026-08-19T09:33:00Z,29484.6,29493.8,29484.6,29490.4,202
2026-08-19T09:34:00Z,29490.5,29495.2,29490.2,29495.0,197
2026-08-19T09:35:00Z,29495.2,29497.1,29491.4,29496.2,174
2026-08-19T09:36:00Z,29496.3,29497.1,29482.9,29489.3,201
2026-08-19T09:37:00Z,29489.4,29491.5,29486.6,29489.1,181
2026-08-19T09:38:00Z,29489.7,29490.9,29486.4,29487.3,185
2026-08-19T09:39:00Z,29487.2,29489.1,29485.0,29486.7,195
2026-08-19T09:40:00Z,29486.8,29486.8,29479.8,29481.3,181
2026-08-19T09:41:00Z,29481.1,29487.4,29479.6,29486.3,192
2026-08-19T09:42:00Z,29486.6,29487.3,29472.5,29473.1,200
2026-08-19T09:43:00Z,29473.3,29473.3,29465.7,29465.7,199
2026-08-19T09:44:00Z,29465.9,29467.5,29463.3,29465.0,191
2026-08-19T09:45:00Z,29465.1,29470.5,29463.9,29469.7,206
2026-08-19T09:46:00Z,29469.5,29470.7,29462.2,29467.1,203
2026-08-19T09:47:00Z,29466.7,29476.0,29465.3,29473.3,204
2026-08-19T09:48:00Z,29473.7,29473.8,29465.8,29468.5,199
2026-08-19T09:49:00Z,29468.4,29474.8,29467.5,29473.6,208
2026-08-19T09:50:00Z,29473.1,29473.3,29460.9,29462.9,217
2026-08-19T09:51:00Z,29462.8,29466.5,29459.1,29459.4,201
2026-08-19T09:52:00Z,29459.7,29461.6,29458.0,29460.2,186
2026-08-19T09:53:00Z,29460.4,29464.4,29459.7,29463.4,200
2026-08-19T09:54:00Z,29463.4,29467.0,29458.5,29466.0,194
2026-08-19T09:55:00Z,29466.3,29469.8,29449.7,29453.7,193
2026-08-19T09:56:00Z,29453.6,29459.5,29452.0,29456.7,190
2026-08-19T09:57:00Z,29456.8,29462.1,29454.7,29458.8,186
2026-08-19T09:58:00Z,29458.7,29467.5,29458.7,29464.6,207
2026-08-19T09:59:00Z,29464.8,29469.2,29464.8,29466.5,176
2026-08-19T10:00:00Z,29466.6,29470.4,29460.3,29460.6,212
2026-08-19T10:01:00Z,29460.5,29460.5,29452.1,29453.1,211
2026-08-19T10:02:00Z,29453.0,29455.2,29446.5,29449.2,200
2026-08-19T10:03:00Z,29448.8,29448.8,29436.8,29440.1,202
2026-08-19T10:04:00Z,29440.0,29440.6,29435.5,29436.0,199
2026-08-19T10:05:00Z,29435.9,29438.8,29432.5,29434.5,201
2026-08-19T10:06:00Z,29435.0,29442.1,29434.2,29442.1,195
2026-08-19T10:07:00Z,29441.6,29442.5,29435.0,29439.4,205
2026-08-19T10:08:00Z,29439.3,29440.0,29427.6,29431.6,202
2026-08-19T10:09:00Z,29431.2,29441.4,29431.2,29433.6,206
2026-08-19T10:10:00Z,29433.1,29449.8,29423.9,29448.6,205
2026-08-19T10:11:00Z,29448.2,29450.8,29442.0,29449.0,196
2026-08-19T10:12:00Z,29449.1,29452.4,29446.6,29452.4,214
2026-08-19T10:13:00Z,29452.5,29457.0,29449.8,29455.0,201
2026-08-19T10:14:00Z,29454.3,29455.6,29449.2,29454.2,187
2026-08-19T10:15:00Z,29453.0,29453.5,29438.9,29441.4,211
2026-08-19T10:16:00Z,29441.9,29443.0,29436.5,29437.1,198
2026-08-19T10:17:00Z,29437.5,29443.7,29437.1,29440.8,209
2026-08-19T10:18:00Z,29440.9,29448.3,29438.5,29447.0,185
2026-08-19T10:19:00Z,29447.3,29453.6,29441.5,29443.0,192
2026-08-19T10:20:00Z,29442.9,29442.9,29435.0,29436.6,197
2026-08-19T10:21:00Z,29436.2,29444.5,29430.6,29443.5,196
2026-08-19T10:22:00Z,29443.9,29444.8,29439.4,29441.2,210
2026-08-19T10:23:00Z,29440.9,29447.5,29439.1,29445.9,199
2026-08-19T10:24:00Z,29446.4,29447.0,29434.4,29436.6,176
2026-08-19T10:25:00Z,29436.9,29437.4,29430.7,29433.1,192
2026-08-19T10:26:00Z,29432.8,29433.4,29430.2,29430.5,191
2026-08-19T10:27:00Z,29430.4,29433.7,29428.8,29430.6,188
2026-08-19T10:28:00Z,29430.7,29450.7,29425.4,29450.3,216
2026-08-19T10:29:00Z,29450.5,29453.9,29448.9,29449.2,206
2026-08-19T10:30:00Z,29448.5,29454.0,29448.5,29451.4,203
2026-08-19T10:31:00Z,29451.1,29451.1,29446.5,29450.7,205
2026-08-19T10:32:00Z,29450.5,29450.8,29442.4,29444.8,206
2026-08-19T10:33:00Z,29444.6,29451.5,29444.6,29446.3,200
2026-08-19T10:34:00Z,29446.6,29455.4,29445.9,29451.2,194
2026-08-19T10:35:00Z,29450.6,29454.7,29448.7,29453.5,182
2026-08-19T10:36:00Z,29453.6,29462.9,29453.3,29460.9,214
2026-08-19T10:37:00Z,29461.3,29465.7,29457.4,29465.4,209
2026-08-19T10:38:00Z,29465.3,29469.9,29464.7,29466.8,183
2026-08-19T10:39:00Z,29467.2,29469.4,29466.7,29467.2,177
2026-08-19T10:40:00Z,29467.3,29469.2,29464.8,29468.1,187
2026-08-19T10:41:00Z,29468.2,29468.6,29461.5,29462.8,186
2026-08-19T10:42:00Z,29462.9,29470.4,29462.8,29469.1,164
2026-08-19T10:43:00Z,29469.0,29470.4,29459.6,29462.3,181
2026-08-19T10:44:00Z,29462.5,29469.4,29462.5,29468.0,167
2026-08-19T10:45:00Z,29468.3,29471.7,29468.1,29469.1,170
2026-08-19T10:46:00Z,29468.8,29468.9,29460.5,29463.9,195
2026-08-19T10:47:00Z,29463.8,29467.2,29463.1,29464.4,161
2026-08-19T10:48:00Z,29464.7,29465.3,29461.2,29463.5,184
2026-08-19T10:49:00Z,29463.2,29463.5,29454.0,29454.0,188
2026-08-19T10:50:00Z,29452.9,29455.7,29450.7,29454.1,204
2026-08-19T10:51:00Z,29454.5,29455.4,29451.0,29451.2,160
2026-08-19T10:52:00Z,29453.2,29454.0,29446.5,29446.6,191
2026-08-19T10:53:00Z,29444.8,29447.9,29443.9,29447.6,184
2026-08-19T10:54:00Z,29447.7,29447.7,29444.6,29444.7,177
2026-08-19T10:55:00Z,29444.9,29446.1,29441.1,29441.4,183
2026-08-19T10:56:00Z,29441.6,29442.5,29437.3,29439.9,178
2026-08-19T10:57:00Z,29437.0,29439.1,29432.6,29432.6,198
2026-08-19T10:58:00Z,29432.9,29440.6,29431.9,29435.8,180
2026-08-19T10:59:00Z,29435.6,29436.9,29430.9,29434.7,189
2026-08-19T11:00:00Z,29434.3,29449.3,29423.2,29449.0,225
2026-08-19T11:01:00Z,29449.9,29463.4,29438.3,29461.5,227
2026-08-19T11:02:00Z,29462.1,29464.9,29460.1,29462.6,214
2026-08-19T11:03:00Z,29461.9,29469.0,29461.9,29469.0,194
2026-08-19T11:04:00Z,29469.2,29476.0,29465.1,29474.4,200
2026-08-19T11:05:00Z,29474.3,29479.2,29472.3,29477.2,189
2026-08-19T11:06:00Z,29477.7,29478.7,29471.1,29471.6,202
2026-08-19T11:07:00Z,29472.5,29480.9,29469.6,29480.4,214
2026-08-19T11:08:00Z,29480.5,29491.0,29480.5,29487.0,202
2026-08-19T11:09:00Z,29486.8,29486.8,29458.5,29458.5,212
2026-08-19T11:10:00Z,29458.7,29467.2,29457.0,29464.2,194
2026-08-19T11:11:00Z,29465.0,29466.2,29460.5,29465.5,204
2026-08-19T11:12:00Z,29465.4,29467.0,29457.9,29457.9,212
2026-08-19T11:13:00Z,29458.5,29469.0,29455.2,29458.6,215
2026-08-19T11:14:00Z,29458.4,29466.4,29457.6,29460.2,192
2026-08-19T11:15:00Z,29460.8,29461.6,29451.3,29452.2,186
2026-08-19T11:16:00Z,29451.8,29453.7,29447.9,29450.7,206
2026-08-19T11:17:00Z,29449.6,29456.2,29449.6,29452.1,185
2026-08-19T11:18:00Z,29452.9,29460.1,29452.1,29458.6,203
2026-08-19T11:19:00Z,29459.0,29465.2,29454.4,29461.5,221
2026-08-19T11:20:00Z,29461.6,29463.3,29453.2,29453.4,197
2026-08-19T11:21:00Z,29452.8,29453.8,29444.9,29453.3,207
2026-08-19T11:22:00Z,29452.6,29471.2,29452.5,29464.6,204
2026-08-19T11:23:00Z,29465.5,29467.1,29457.5,29462.7,208
2026-08-19T11:24:00Z,29463.0,29472.6,29462.0,29467.6,205
2026-08-19T11:25:00Z,29467.2,29471.0,29465.9,29467.9,202
2026-08-19T11:26:00Z,29468.0,29468.8,29462.7,29467.8,196
2026-08-19T11:27:00Z,29467.7,29472.9,29465.1,29471.0,201
2026-08-19T11:28:00Z,29469.8,29470.8,29447.5,29453.2,222
2026-08-19T11:29:00Z,29453.3,29455.2,29450.5,29450.7,198
2026-08-19T11:30:00Z,29449.9,29454.7,29448.4,29451.4,211
2026-08-19T11:31:00Z,29451.2,29452.9,29447.5,29449.5,196
2026-08-19T11:32:00Z,29450.1,29450.1,29444.0,29447.1,188
2026-08-19T11:33:00Z,29447.5,29452.1,29441.5,29451.4,197
2026-08-19T11:34:00Z,29451.2,29451.2,29426.8,29432.7,216
2026-08-19T11:35:00Z,29430.9,29440.3,29429.8,29436.1,213
2026-08-19T11:36:00Z,29436.0,29439.9,29433.5,29439.2,205
2026-08-19T11:37:00Z,29439.4,29442.9,29438.2,29440.0,192
2026-08-19T11:38:00Z,29440.3,29440.4,29437.9,29439.8,192
2026-08-19T11:39:00Z,29439.3,29442.7,29437.5,29438.4,180
2026-08-19T11:40:00Z,29438.2,29440.1,29434.5,29437.8,187
2026-08-19T11:41:00Z,29437.8,29440.4,29430.2,29433.3,206
2026-08-19T11:42:00Z,29433.5,29434.2,29423.8,29425.3,207
2026-08-19T11:43:00Z,29425.7,29426.2,29421.8,29425.4,204
2026-08-19T11:44:00Z,29425.7,29436.8,29425.7,29426.8,210
2026-08-19T11:45:00Z,29426.9,29437.3,29426.9,29435.0,192
2026-08-19T11:46:00Z,29434.4,29437.2,29432.7,29435.2,194
2026-08-19T11:47:00Z,29435.7,29440.0,29430.8,29437.5,188
2026-08-19T11:48:00Z,29439.5,29439.5,29420.7,29428.3,202
2026-08-19T11:49:00Z,29428.2,29429.7,29423.9,29429.4,198
2026-08-19T11:50:00Z,29429.3,29431.4,29423.9,29429.5,206
2026-08-19T11:51:00Z,29429.7,29430.2,29425.0,29429.0,188
2026-08-19T11:52:00Z,29429.3,29432.6,29425.8,29427.5,199
2026-08-19T11:53:00Z,29426.9,29437.0,29423.8,29435.8,203
2026-08-19T11:54:00Z,29435.7,29438.4,29431.0,29431.0,198
2026-08-19T11:55:00Z,29431.1,29436.1,29430.9,29434.3,184
2026-08-19T11:56:00Z,29434.2,29444.7,29433.7,29441.2,217
2026-08-19T11:57:00Z,29439.5,29444.0,29439.4,29441.3,185
2026-08-19T11:58:00Z,29440.9,29449.3,29440.6,29448.6,180
2026-08-19T11:59:00Z,29449.4,29450.5,29447.6,29449.1,152
2026-08-19T12:00:00Z,29448.7,29448.7,29424.5,29429.7,221
2026-08-19T12:01:00Z,29430.4,29460.0,29430.3,29456.5,219
2026-08-19T12:02:00Z,29456.6,29463.5,29456.6,29461.5,200
2026-08-19T12:03:00Z,29461.8,29462.2,29452.9,29454.7,201
2026-08-19T12:04:00Z,29454.5,29455.2,29437.8,29439.5,213
2026-08-19T12:05:00Z,29438.5,29443.6,29435.3,29443.6,206
2026-08-19T12:06:00Z,29444.1,29455.4,29439.7,29455.4,198
2026-08-19T12:07:00Z,29456.6,29471.3,29456.0,29467.9,206
2026-08-19T12:08:00Z,29467.7,29468.5,29463.7,29464.2,203
2026-08-19T12:09:00Z,29464.1,29466.0,29454.9,29459.1,207
2026-08-19T12:10:00Z,29459.6,29463.0,29453.2,29462.4,213
2026-08-19T12:11:00Z,29462.5,29467.3,29455.2,29455.3,192
2026-08-19T12:12:00Z,29455.5,29462.9,29446.5,29462.1,207
2026-08-19T12:13:00Z,29462.0,29462.2,29454.6,29454.6,179
2026-08-19T12:14:00Z,29455.0,29468.0,29455.0,29465.7,187
2026-08-19T12:15:00Z,29465.5,29471.6,29464.6,29470.5,193
2026-08-19T12:16:00Z,29471.0,29473.3,29463.0,29472.1,206
2026-08-19T12:17:00Z,29472.4,29473.5,29470.5,29471.5,191
2026-08-19T12:18:00Z,29470.9,29474.6,29470.7,29473.1,181
2026-08-19T12:19:00Z,29472.9,29486.5,29472.9,29483.9,197
2026-08-19T12:20:00Z,29481.3,29484.6,29477.7,29478.6,207
2026-08-19T12:21:00Z,29479.6,29482.1,29474.9,29476.9,204
2026-08-19T12:22:00Z,29477.3,29477.4,29474.0,29474.8,192
2026-08-19T12:23:00Z,29475.1,29479.6,29471.0,29475.2,198
2026-08-19T12:24:00Z,29475.3,29479.9,29473.8,29479.9,186
2026-08-19T12:25:00Z,29479.7,29487.4,29466.2,29467.3,195
2026-08-19T12:26:00Z,29469.7,29488.9,29469.7,29487.0,219
2026-08-19T12:27:00Z,29486.4,29493.3,29485.3,29492.8,208
2026-08-19T12:28:00Z,29492.5,29495.6,29486.1,29491.6,219
2026-08-19T12:29:00Z,29490.3,29491.5,29482.5,29486.9,216
2026-08-19T12:30:00Z,29488.3,29495.3,29474.3,29474.3,220
2026-08-19T12:31:00Z,29474.1,29479.0,29462.2,29468.0,216
2026-08-19T12:32:00Z,29467.8,29493.7,29466.7,29493.7,219
2026-08-19T12:33:00Z,29492.0,29519.8,29489.0,29519.8,233
2026-08-19T12:34:00Z,29520.2,29535.7,29519.1,29531.5,228
2026-08-19T12:35:00Z,29530.1,29530.1,29491.8,29523.4,236
2026-08-19T12:36:00Z,29521.9,29544.1,29521.4,29542.3,228
2026-08-19T12:37:00Z,29542.8,29576.9,29540.2,29574.9,231
2026-08-19T12:38:00Z,29574.8,29576.6,29566.1,29571.3,233
2026-08-19T12:39:00Z,29571.9,29580.4,29568.3,29574.7,219
2026-08-19T12:40:00Z,29574.9,29585.0,29569.5,29584.2,233
2026-08-19T12:41:00Z,29584.0,29588.4,29569.8,29570.8,217
2026-08-19T12:42:00Z,29571.6,29586.6,29567.8,29585.1,216
2026-08-19T12:43:00Z,29585.9,29590.1,29578.0,29590.0,223
2026-08-19T12:44:00Z,29590.4,29595.9,29580.4,29595.6,222
2026-08-19T12:45:00Z,29596.5,29616.4,29596.5,29613.4,233
2026-08-19T12:46:00Z,29613.9,29623.7,29608.7,29622.8,228
2026-08-19T12:47:00Z,29622.0,29634.1,29614.4,29615.0,227
2026-08-19T12:48:00Z,29614.2,29618.9,29604.7,29614.1,226
2026-08-19T12:49:00Z,29617.7,29634.8,29614.6,29634.8,226
2026-08-19T12:50:00Z,29636.1,29657.6,29635.3,29655.6,221
2026-08-19T12:51:00Z,29655.3,29670.0,29649.0,29667.6,211
2026-08-19T12:52:00Z,29668.4,29669.5,29641.0,29650.4,229
2026-08-19T12:53:00Z,29650.5,29661.4,29646.7,29653.3,223
2026-08-19T12:54:00Z,29653.4,29658.0,29643.1,29656.4,215
2026-08-19T12:55:00Z,29658.7,29659.1,29641.5,29641.5,229
2026-08-19T12:56:00Z,29641.7,29658.1,29638.2,29658.1,224
2026-08-19T12:57:00Z,29657.8,29659.4,29650.3,29655.1,220
2026-08-19T12:58:00Z,29655.3,29656.9,29639.9,29641.1,219
2026-08-19T12:59:00Z,29641.2,29659.4,29641.2,29656.5,218
2026-08-19T13:00:00Z,29655.9,29655.9,29619.4,29619.4,222
2026-08-19T13:01:00Z,29619.7,29624.9,29608.3,29622.5,230
2026-08-19T13:02:00Z,29620.5,29625.8,29598.7,29599.5,210
2026-08-19T13:03:00Z,29600.3,29608.4,29595.9,29601.4,232
2026-08-19T13:04:00Z,29601.1,29604.6,29594.7,29597.0,208
2026-08-19T13:05:00Z,29596.1,29611.5,29596.0,29606.7,219
2026-08-19T13:06:00Z,29606.9,29618.6,29604.2,29617.8,230
2026-08-19T13:07:00Z,29619.4,29620.1,29612.1,29620.1,214
2026-08-19T13:08:00Z,29619.5,29629.3,29613.5,29625.2,217
2026-08-19T13:09:00Z,29625.4,29626.4,29608.7,29621.7,219
2026-08-19T13:10:00Z,29621.6,29631.7,29620.9,29630.4,200
2026-08-19T13:11:00Z,29630.7,29639.8,29627.8,29639.8,221
2026-08-19T13:12:00Z,29640.3,29648.1,29639.6,29644.6,211
2026-08-19T13:13:00Z,29644.8,29648.9,29643.9,29646.7,207
2026-08-19T13:14:00Z,29646.6,29646.6,29636.3,29637.1,223
2026-08-19T13:15:00Z,29636.3,29638.9,29629.6,29631.7,224
2026-08-19T13:16:00Z,29632.7,29634.4,29623.4,29626.5,229
2026-08-19T13:17:00Z,29627.1,29635.6,29621.1,29625.7,221
2026-08-19T13:18:00Z,29625.6,29628.7,29622.4,29627.9,208
2026-08-19T13:19:00Z,29628.4,29636.2,29628.2,29633.0,214
2026-08-19T13:20:00Z,29633.4,29637.3,29628.8,29636.9,219
2026-08-19T13:21:00Z,29638.9,29649.7,29638.9,29647.4,213
2026-08-19T13:22:00Z,29647.0,29657.7,29646.7,29655.8,201
2026-08-19T13:23:00Z,29655.9,29659.7,29654.1,29655.7,208
2026-08-19T13:24:00Z,29656.1,29660.3,29654.9,29656.4,214
2026-08-19T13:25:00Z,29646.9,29661.1,29638.3,29660.4,219
2026-08-19T13:26:00Z,29657.7,29659.4,29652.7,29655.2,217
2026-08-19T13:27:00Z,29655.1,29657.9,29629.8,29633.0,214
2026-08-19T13:28:00Z,29639.0,29639.0,29627.8,29627.8,228
2026-08-19T13:29:00Z,29628.4,29630.2,29610.6,29611.0,222
2026-08-19T13:30:00Z,29609.6,29629.0,29565.0,29587.0,235
2026-08-19T13:31:00Z,29585.7,29617.4,29582.2,29599.9,235
2026-08-19T13:32:00Z,29600.6,29649.7,29600.6,29649.6,230
2026-08-19T13:33:00Z,29651.5,29654.1,29604.2,29611.7,232
2026-08-19T13:34:00Z,29611.0,29614.6,29581.1,29586.9,236
2026-08-19T13:35:00Z,29583.1,29600.7,29568.2,29588.4,236
2026-08-19T13:36:00Z,29587.1,29587.1,29539.2,29539.2,230
2026-08-19T13:37:00Z,29540.1,29561.5,29529.4,29542.3,237
2026-08-19T13:38:00Z,29543.0,29551.4,29526.2,29526.2,236
2026-08-19T13:39:00Z,29525.0,29534.0,29502.3,29502.6,235
2026-08-19T13:40:00Z,29503.8,29520.2,29491.9,29510.0,232
2026-08-19T13:41:00Z,29507.4,29525.1,29482.6,29486.3,236
2026-08-19T13:42:00Z,29486.5,29510.0,29475.4,29510.0,238
2026-08-19T13:43:00Z,29512.1,29533.2,29509.3,29527.1,224
2026-08-19T13:44:00Z,29529.3,29539.8,29517.2,29523.2,231
2026-08-19T13:45:00Z,29523.4,29545.7,29513.3,29518.6,238
2026-08-19T13:46:00Z,29519.9,29548.6,29503.9,29509.1,236
2026-08-19T13:47:00Z,29511.4,29520.9,29489.3,29496.5,234
2026-08-19T13:48:00Z,29497.0,29504.3,29429.2,29430.6,233
2026-08-19T13:49:00Z,29429.7,29429.7,29372.3,29382.5,235
2026-08-19T13:50:00Z,29382.4,29402.7,29370.3,29382.2,234
2026-08-19T13:51:00Z,29385.4,29386.8,29322.2,29333.8,234
2026-08-19T13:52:00Z,29334.4,29372.5,29331.1,29357.9,238
2026-08-19T13:53:00Z,29356.4,29403.7,29354.4,29396.9,240
2026-08-19T13:54:00Z,29399.1,29401.2,29371.3,29384.4,228
2026-08-19T13:55:00Z,29384.5,29438.1,29375.3,29415.9,235
2026-08-19T13:56:00Z,29420.0,29423.6,29387.6,29416.0,234
2026-08-19T13:57:00Z,29417.9,29424.6,29396.1,29418.3,234
2026-08-19T13:58:00Z,29417.8,29429.3,29386.5,29428.3,234
2026-08-19T13:59:00Z,29425.9,29429.5,29408.7,29411.7,226
2026-08-19T14:00:00Z,29409.7,29425.3,29373.8,29383.3,232
2026-08-19T14:01:00Z,29383.4,29401.1,29370.5,29387.2,238
2026-08-19T14:02:00Z,29388.1,29394.8,29377.0,29381.9,233
2026-08-19T14:03:00Z,29384.2,29392.8,29370.6,29378.4,233
2026-08-19T14:04:00Z,29377.4,29403.4,29372.5,29384.5,228
2026-08-19T14:05:00Z,29385.0,29416.2,29379.4,29400.1,235
2026-08-19T14:06:00Z,29398.0,29410.9,29373.1,29382.6,235
2026-08-19T14:07:00Z,29383.3,29390.7,29356.4,29371.9,238
2026-08-19T14:08:00Z,29375.9,29382.0,29354.0,29357.8,235
2026-08-19T14:09:00Z,29357.5,29366.5,29349.1,29364.3,234
2026-08-19T14:10:00Z,29366.0,29372.9,29326.6,29326.6,235
2026-08-19T14:11:00Z,29325.8,29331.4,29301.2,29306.0,235
2026-08-19T14:12:00Z,29307.1,29320.6,29294.3,29320.6,234
2026-08-19T14:13:00Z,29319.4,29330.3,29307.7,29325.2,236
2026-08-19T14:14:00Z,29323.2,29324.3,29292.7,29296.2,232
2026-08-19T14:15:00Z,29293.5,29334.3,29291.3,29334.3,232
2026-08-19T14:16:00Z,29333.1,29371.9,29319.8,29369.6,235
2026-08-19T14:17:00Z,29369.8,29381.1,29348.2,29359.4,234
2026-08-19T14:18:00Z,29363.1,29370.4,29343.4,29361.1,233
2026-08-19T14:19:00Z,29363.3,29369.7,29332.6,29334.1,231
2026-08-19T14:20:00Z,29332.6,29367.9,29322.1,29365.1,234
2026-08-19T14:21:00Z,29362.3,29365.3,29319.1,29326.1,234
2026-08-19T14:22:00Z,29326.2,29338.7,29298.8,29313.1,226
2026-08-19T14:23:00Z,29311.4,29344.0,29307.5,29332.4,234
2026-08-19T14:24:00Z,29332.3,29342.6,29322.8,29328.3,235
2026-08-19T14:25:00Z,29326.7,29337.3,29309.0,29315.2,231
2026-08-19T14:26:00Z,29317.5,29341.9,29316.7,29330.1,233
2026-08-19T14:27:00Z,29330.3,29358.0,29325.7,29355.9,231
2026-08-19T14:28:00Z,29354.6,29383.2,29353.5,29372.6,237
2026-08-19T14:29:00Z,29372.9,29397.1,29372.9,29395.6,231
2026-08-19T14:30:00Z,29395.2,29405.9,29382.4,29405.4,227
2026-08-19T14:31:00Z,29405.8,29425.0,29396.6,29423.7,237
2026-08-19T14:32:00Z,29424.3,29425.3,29406.3,29417.7,232
2026-08-19T14:33:00Z,29417.2,29428.4,29412.1,29419.6,235
2026-08-19T14:34:00Z,29419.7,29420.5,29391.7,29408.5,235
2026-08-19T14:35:00Z,29405.9,29431.6,29397.0,29431.6,230
2026-08-19T14:36:00Z,29433.1,29435.7,29420.9,29434.1,231
2026-08-19T14:37:00Z,29434.6,29457.6,29429.3,29453.6,224
2026-08-19T14:38:00Z,29453.8,29467.0,29453.8,29464.3,230
2026-08-19T14:39:00Z,29463.0,29479.3,29463.0,29478.3,223
2026-08-19T14:40:00Z,29479.5,29487.6,29472.8,29476.2,226
2026-08-19T14:41:00Z,29476.6,29483.9,29461.6,29464.0,228
2026-08-19T14:42:00Z,29464.1,29481.5,29448.5,29480.8,235
2026-08-19T14:43:00Z,29481.3,29482.8,29464.5,29468.2,226
2026-08-19T14:44:00Z,29468.3,29477.9,29463.6,29477.2,231
2026-08-19T14:45:00Z,29477.1,29477.5,29464.7,29468.4,224
2026-08-19T14:46:00Z,29469.8,29478.4,29461.4,29478.4,232
2026-08-19T14:47:00Z,29478.0,29479.1,29466.4,29468.4,233
2026-08-19T14:48:00Z,29468.2,29476.8,29451.8,29452.4,231
2026-08-19T14:49:00Z,29452.2,29455.4,29441.2,29444.8,234
2026-08-19T14:50:00Z,29446.6,29459.3,29441.2,29457.1,234
2026-08-19T14:51:00Z,29457.3,29476.2,29451.6,29463.7,231
2026-08-19T14:52:00Z,29464.1,29470.8,29450.5,29459.8,232
2026-08-19T14:53:00Z,29461.1,29504.0,29461.1,29504.0,234
2026-08-19T14:54:00Z,29505.4,29508.8,29500.7,29508.8,226
2026-08-19T14:55:00Z,29508.5,29516.5,29495.9,29496.5,229
2026-08-19T14:56:00Z,29497.5,29523.5,29497.5,29521.1,230
2026-08-19T14:57:00Z,29522.8,29529.3,29517.4,29518.6,225
2026-08-19T14:58:00Z,29518.2,29530.6,29511.3,29530.4,228
2026-08-19T14:59:00Z,29530.0,29537.1,29528.1,29536.3,221
2026-08-19T15:00:00Z,29537.9,29538.1,29524.5,29538.1,237
2026-08-19T15:01:00Z,29538.6,29542.7,29524.7,29524.7,228
2026-08-19T15:02:00Z,29525.0,29526.8,29508.7,29516.6,225
2026-08-19T15:03:00Z,29514.4,29520.1,29506.4,29510.7,221
2026-08-19T15:04:00Z,29510.1,29517.2,29507.1,29508.2,228
2026-08-19T15:05:00Z,29509.3,29511.3,29496.8,29509.4,231
2026-08-19T15:06:00Z,29512.8,29517.4,29505.3,29512.0,234
2026-08-19T15:07:00Z,29511.9,29521.5,29508.1,29517.4,232
2026-08-19T15:08:00Z,29517.0,29518.5,29496.4,29497.7,223
2026-08-19T15:09:00Z,29496.9,29513.5,29495.9,29500.6,222
2026-08-19T15:10:00Z,29500.3,29516.4,29500.3,29513.3,230
2026-08-19T15:11:00Z,29514.3,29516.8,29499.1,29504.5,223
2026-08-19T15:12:00Z,29506.0,29529.2,29506.0,29528.6,224
2026-08-19T15:13:00Z,29527.9,29537.0,29527.6,29527.8,230
2026-08-19T15:14:00Z,29528.1,29532.0,29522.3,29530.7,220
2026-08-19T15:15:00Z,29530.1,29531.7,29508.7,29516.0,233
2026-08-19T15:16:00Z,29515.5,29534.9,29515.5,29531.7,235
2026-08-19T15:17:00Z,29532.4,29541.8,29530.6,29535.3,225
2026-08-19T15:18:00Z,29535.2,29536.5,29518.8,29526.9,236
2026-08-19T15:19:00Z,29526.2,29540.3,29523.1,29536.7,228
2026-08-19T15:20:00Z,29535.7,29539.0,29530.1,29531.7,226
2026-08-19T15:21:00Z,29531.5,29535.1,29520.5,29521.7,226
2026-08-19T15:22:00Z,29523.4,29539.6,29520.1,29537.2,228
2026-08-19T15:23:00Z,29537.4,29543.3,29533.4,29533.4,228
2026-08-19T15:24:00Z,29532.7,29535.9,29516.0,29516.0,226
2026-08-19T15:25:00Z,29517.0,29523.2,29503.0,29518.0,228
2026-08-19T15:26:00Z,29518.9,29519.1,29509.0,29514.1,227
2026-08-19T15:27:00Z,29513.3,29521.1,29509.8,29509.8,226
2026-08-19T15:28:00Z,29514.3,29527.0,29511.9,29526.1,228
2026-08-19T15:29:00Z,29526.6,29533.6,29513.2,29526.5,230
2026-08-19T15:30:00Z,29526.7,29529.7,29512.9,29518.1,226
2026-08-19T15:31:00Z,29519.5,29525.2,29510.6,29511.0,232
2026-08-19T15:32:00Z,29511.8,29517.4,29509.1,29509.8,222
2026-08-19T15:33:00Z,29508.6,29520.4,29506.2,29506.2,212
2026-08-19T15:34:00Z,29506.1,29510.9,29501.5,29504.6,223
2026-08-19T15:35:00Z,29505.7,29509.7,29496.9,29500.2,232
2026-08-19T15:36:00Z,29501.0,29508.8,29491.7,29491.7,219
2026-08-19T15:37:00Z,29491.5,29510.1,29484.7,29505.9,232
2026-08-19T15:38:00Z,29505.2,29505.3,29487.2,29492.9,221
2026-08-19T15:39:00Z,29492.5,29494.7,29485.4,29485.4,226
2026-08-19T15:40:00Z,29485.2,29487.5,29468.9,29470.1,232
2026-08-19T15:41:00Z,29469.6,29476.8,29464.0,29476.8,218
2026-08-19T15:42:00Z,29476.7,29478.6,29469.9,29475.3,217
2026-08-19T15:43:00Z,29475.4,29494.3,29471.9,29487.2,229
2026-08-19T15:44:00Z,29489.1,29510.3,29488.6,29509.9,229
2026-08-19T15:45:00Z,29509.3,29511.9,29501.2,29510.7,226
2026-08-19T15:46:00Z,29509.9,29518.8,29508.4,29518.7,231
2026-08-19T15:47:00Z,29518.7,29519.3,29512.9,29514.2,228
2026-08-19T15:48:00Z,29515.8,29528.6,29511.2,29524.0,216
2026-08-19T15:49:00Z,29525.7,29529.0,29499.5,29499.5,225
2026-08-19T15:50:00Z,29500.0,29507.6,29490.0,29500.3,229
2026-08-19T15:51:00Z,29500.4,29502.2,29490.3,29492.2,230
2026-08-19T15:52:00Z,29491.2,29500.4,29488.7,29498.3,230
2026-08-19T15:53:00Z,29498.2,29504.6,29491.4,29491.4,216
2026-08-19T15:54:00Z,29492.2,29496.2,29483.1,29487.6,219
2026-08-19T15:55:00Z,29487.1,29499.3,29485.0,29499.3,225
2026-08-19T15:56:00Z,29499.0,29506.6,29494.0,29502.6,219
2026-08-19T15:57:00Z,29502.5,29508.5,29497.7,29499.0,222
2026-08-19T15:58:00Z,29498.4,29512.2,29497.4,29512.2,231
2026-08-19T15:59:00Z,29512.7,29521.3,29512.3,29520.7,228
2026-08-19T16:00:00Z,29520.6,29526.8,29501.0,29526.8,218
2026-08-19T16:01:00Z,29526.2,29539.1,29520.9,29539.1,220
2026-08-19T16:02:00Z,29538.4,29547.6,29538.1,29545.7,217
2026-08-19T16:03:00Z,29547.8,29552.5,29541.1,29542.9,226
2026-08-19T16:04:00Z,29543.1,29550.6,29543.0,29550.6,220
2026-08-19T16:05:00Z,29552.5,29553.4,29542.3,29550.2,234
2026-08-19T16:06:00Z,29550.3,29556.4,29548.9,29556.3,210
2026-08-19T16:07:00Z,29556.0,29563.2,29550.2,29563.0,225
2026-08-19T16:08:00Z,29563.4,29566.4,29553.0,29553.9,220
2026-08-19T16:09:00Z,29553.5,29563.4,29552.0,29563.1,215
2026-08-19T16:10:00Z,29564.2,29565.7,29559.4,29559.9,225
2026-08-19T16:11:00Z,29559.5,29564.4,29557.2,29561.2,217
2026-08-19T16:12:00Z,29561.1,29561.5,29555.5,29559.4,205
2026-08-19T16:13:00Z,29558.5,29558.9,29552.0,29554.3,207
2026-08-19T16:14:00Z,29555.0,29558.2,29552.3,29552.3,214
2026-08-19T16:15:00Z,29549.3,29555.4,29541.3,29552.5,223
2026-08-19T16:16:00Z,29553.2,29560.8,29546.2,29558.6,218
2026-08-19T16:17:00Z,29559.2,29566.1,29559.1,29564.8,205
2026-08-19T16:18:00Z,29564.9,29578.5,29562.3,29578.2,216
2026-08-19T16:19:00Z,29578.5,29579.8,29572.0,29572.1,223
2026-08-19T16:20:00Z,29572.5,29577.2,29570.0,29571.2,222
2026-08-19T16:21:00Z,29571.0,29578.1,29554.9,29558.0,220
2026-08-19T16:22:00Z,29557.9,29559.9,29552.8,29558.0,215
2026-08-19T16:23:00Z,29557.3,29559.3,29550.6,29555.7,217
2026-08-19T16:24:00Z,29556.9,29559.8,29547.0,29551.8,215
2026-08-19T16:25:00Z,29551.3,29551.7,29536.0,29536.0,228
2026-08-19T16:26:00Z,29535.9,29545.1,29534.2,29541.2,231
2026-08-19T16:27:00Z,29541.6,29543.7,29527.8,29533.7,221
2026-08-19T16:28:00Z,29533.5,29535.9,29519.2,29519.6,213
2026-08-19T16:29:00Z,29520.3,29525.5,29516.2,29523.0,218
2026-08-19T16:30:00Z,29523.1,29523.1,29509.6,29521.1,230
2026-08-19T16:31:00Z,29520.4,29520.7,29513.3,29518.7,221
2026-08-19T16:32:00Z,29519.2,29525.4,29515.3,29518.9,224
2026-08-19T16:33:00Z,29519.6,29529.3,29516.0,29525.8,226
2026-08-19T16:34:00Z,29525.4,29528.5,29520.4,29524.3,211
2026-08-19T16:35:00Z,29524.5,29524.9,29508.5,29510.8,226
2026-08-19T16:36:00Z,29510.1,29514.2,29508.3,29509.9,214
2026-08-19T16:37:00Z,29510.4,29517.9,29510.2,29513.0,219
2026-08-19T16:38:00Z,29513.3,29526.4,29513.0,29526.4,226
2026-08-19T16:39:00Z,29526.8,29534.6,29520.4,29522.9,218
2026-08-19T16:40:00Z,29522.7,29527.1,29521.5,29524.7,223
2026-08-19T16:41:00Z,29524.3,29532.6,29518.9,29530.5,221
2026-08-19T16:42:00Z,29530.9,29532.8,29521.0,29523.5,214
2026-08-19T16:43:00Z,29523.4,29526.7,29516.3,29519.6,228
2026-08-19T16:44:00Z,29520.0,29526.7,29518.8,29523.0,209
2026-08-19T16:45:00Z,29523.5,29523.7,29510.0,29511.2,217
2026-08-19T16:46:00Z,29510.8,29519.3,29510.8,29513.9,204
2026-08-19T16:47:00Z,29515.7,29522.7,29515.5,29518.8,211
2026-08-19T16:48:00Z,29517.8,29519.1,29510.0,29510.0,221
2026-08-19T16:49:00Z,29509.4,29510.9,29501.1,29502.1,210
2026-08-19T16:50:00Z,29501.8,29501.8,29490.5,29493.7,226
2026-08-19T16:51:00Z,29493.6,29497.3,29488.5,29496.1,209
2026-08-19T16:52:00Z,29495.1,29496.2,29487.0,29491.4,219
2026-08-19T16:53:00Z,29492.8,29494.4,29478.3,29479.8,214
2026-08-19T16:54:00Z,29480.6,29486.7,29477.7,29484.3,218
2026-08-19T16:55:00Z,29484.7,29485.0,29473.5,29479.1,217
2026-08-19T16:56:00Z,29479.3,29479.3,29471.5,29472.6,219
2026-08-19T16:57:00Z,29473.5,29476.5,29467.7,29468.2,223
2026-08-19T16:58:00Z,29467.3,29475.1,29467.1,29473.4,222
2026-08-19T16:59:00Z,29473.9,29479.6,29469.6,29473.0,222
2026-08-19T17:00:00Z,29472.8,29480.2,29465.8,29478.7,230
2026-08-19T17:01:00Z,29478.5,29478.5,29471.0,29473.1,216
2026-08-19T17:02:00Z,29473.3,29481.7,29471.8,29475.7,214
2026-08-19T17:03:00Z,29472.8,29482.1,29462.4,29481.6,216
2026-08-19T17:04:00Z,29477.9,29477.9,29465.6,29470.6,198
2026-08-19T17:05:00Z,29470.1,29485.7,29470.1,29482.6,211
2026-08-19T17:06:00Z,29483.5,29483.5,29468.2,29471.0,210
2026-08-19T17:07:00Z,29471.5,29472.9,29466.3,29467.4,220
2026-08-19T17:08:00Z,29467.5,29477.6,29458.7,29459.0,222
2026-08-19T17:09:00Z,29460.0,29462.5,29453.1,29455.2,218
2026-08-19T17:10:00Z,29455.5,29470.7,29455.5,29467.0,223
2026-08-19T17:11:00Z,29466.2,29466.6,29456.5,29458.4,216
2026-08-19T17:12:00Z,29458.0,29470.4,29456.9,29470.4,207
2026-08-19T17:13:00Z,29469.2,29475.6,29463.8,29464.1,223
2026-08-19T17:14:00Z,29464.3,29467.4,29461.4,29461.4,218
2026-08-19T17:15:00Z,29461.1,29464.6,29458.8,29462.3,218
2026-08-19T17:16:00Z,29460.9,29467.0,29457.6,29465.9,228
2026-08-19T17:17:00Z,29467.4,29469.4,29461.8,29465.4,218
2026-08-19T17:18:00Z,29465.3,29465.9,29443.8,29444.2,219
2026-08-19T17:19:00Z,29444.5,29447.5,29439.8,29439.8,228
2026-08-19T17:20:00Z,29440.3,29441.5,29430.3,29436.1,217
2026-08-19T17:21:00Z,29435.7,29435.8,29427.1,29428.4,227
2026-08-19T17:22:00Z,29427.8,29432.4,29424.2,29430.8,217
2026-08-19T17:23:00Z,29432.0,29440.8,29429.5,29436.8,224
2026-08-19T17:24:00Z,29435.7,29438.5,29429.1,29432.0,226
2026-08-19T17:25:00Z,29431.6,29438.8,29427.0,29430.9,225
2026-08-19T17:26:00Z,29429.5,29446.1,29429.1,29444.4,216
2026-08-19T17:27:00Z,29444.6,29446.5,29441.3,29444.0,214
2026-08-19T17:28:00Z,29445.8,29454.6,29443.3,29454.6,228
2026-08-19T17:29:00Z,29455.0,29456.4,29450.0,29452.7,228
2026-08-19T17:30:00Z,29453.2,29456.1,29446.4,29453.8,228
2026-08-19T17:31:00Z,29453.9,29454.3,29439.5,29447.4,219
2026-08-19T17:32:00Z,29445.9,29447.7,29435.4,29437.9,226
2026-08-19T17:33:00Z,29436.5,29444.4,29434.5,29438.5,217
2026-08-19T17:34:00Z,29438.1,29443.2,29432.5,29432.5,219
2026-08-19T17:35:00Z,29432.1,29441.7,29429.6,29441.7,212
2026-08-19T17:36:00Z,29442.2,29450.5,29437.4,29450.5,218
2026-08-19T17:37:00Z,29450.1,29451.0,29436.3,29440.9,216
2026-08-19T17:38:00Z,29440.4,29442.8,29436.8,29440.3,210
2026-08-19T17:39:00Z,29440.0,29441.3,29434.3,29435.7,209
2026-08-19T17:40:00Z,29436.2,29444.4,29435.5,29439.5,217
2026-08-19T17:41:00Z,29439.1,29444.0,29436.2,29444.0,214
2026-08-19T17:42:00Z,29444.5,29457.5,29442.5,29451.9,212
2026-08-19T17:43:00Z,29451.6,29455.6,29445.5,29455.6,227
2026-08-19T17:44:00Z,29455.7,29455.8,29448.5,29449.7,203
2026-08-19T17:45:00Z,29450.4,29459.7,29449.2,29457.2,206
2026-08-19T17:46:00Z,29458.9,29463.3,29453.2,29454.7,205
2026-08-19T17:47:00Z,29454.4,29456.2,29448.7,29451.6,225
2026-08-19T17:48:00Z,29451.8,29458.9,29447.7,29458.7,210
2026-08-19T17:49:00Z,29461.4,29461.4,29451.6,29454.7,209
2026-08-19T17:50:00Z,29454.6,29459.7,29451.3,29452.3,217
2026-08-19T17:51:00Z,29453.5,29467.8,29452.7,29467.4,215
2026-08-19T17:52:00Z,29468.8,29468.8,29461.6,29464.5,204
2026-08-19T17:53:00Z,29464.9,29473.4,29464.4,29471.3,213
2026-08-19T17:54:00Z,29472.2,29473.4,29460.5,29464.7,206
2026-08-19T17:55:00Z,29464.1,29466.5,29459.3,29459.3,222
2026-08-19T17:56:00Z,29459.7,29465.9,29459.4,29463.6,204
2026-08-19T17:57:00Z,29464.0,29464.0,29452.9,29454.1,213
2026-08-19T17:58:00Z,29453.9,29463.2,29453.5,29456.7,194
2026-08-19T17:59:00Z,29458.2,29458.3,29453.7,29456.7,209
2026-08-19T18:00:00Z,29457.1,29472.5,29448.7,29470.6,223
2026-08-19T18:01:00Z,29469.8,29488.9,29469.0,29487.0,222
2026-08-19T18:02:00Z,29485.7,29504.1,29482.7,29497.3,232
2026-08-19T18:03:00Z,29497.1,29501.2,29489.7,29492.0,223
2026-08-19T18:04:00Z,29492.1,29493.1,29472.3,29476.2,224
2026-08-19T18:05:00Z,29475.9,29484.6,29461.8,29462.8,234
2026-08-19T18:06:00Z,29462.0,29463.3,29444.3,29444.7,229
2026-08-19T18:07:00Z,29444.3,29446.0,29423.2,29431.3,223
2026-08-19T18:08:00Z,29430.9,29434.4,29416.8,29427.7,230
2026-08-19T18:09:00Z,29427.0,29428.6,29414.0,29416.3,233
2026-08-19T18:10:00Z,29414.5,29424.4,29414.1,29420.3,232
2026-08-19T18:11:00Z,29418.7,29438.0,29417.0,29436.4,222
2026-08-19T18:12:00Z,29436.3,29449.3,29433.9,29445.1,227
2026-08-19T18:13:00Z,29443.6,29452.5,29437.1,29438.1,216
2026-08-19T18:14:00Z,29437.6,29443.4,29428.5,29433.2,223
2026-08-19T18:15:00Z,29432.8,29436.1,29426.5,29428.5,235
2026-08-19T18:16:00Z,29429.3,29430.9,29415.0,29416.8,213
2026-08-19T18:17:00Z,29416.5,29417.7,29405.3,29405.3,212
2026-08-19T18:18:00Z,29406.5,29428.5,29405.7,29420.5,226
2026-08-19T18:19:00Z,29424.1,29429.7,29422.3,29426.2,226
2026-08-19T18:20:00Z,29424.1,29428.0,29420.5,29426.5,231
2026-08-19T18:21:00Z,29426.6,29437.0,29426.4,29436.2,227
2026-08-19T18:22:00Z,29435.2,29435.2,29422.3,29424.2,217
2026-08-19T18:23:00Z,29423.7,29430.3,29422.4,29425.7,215
2026-08-19T18:24:00Z,29426.4,29432.2,29421.2,29426.0,214
2026-08-19T18:25:00Z,29425.4,29435.7,29422.7,29435.7,222
2026-08-19T18:26:00Z,29435.8,29437.1,29430.4,29436.0,224
2026-08-19T18:27:00Z,29436.1,29440.9,29432.7,29439.4,219
2026-08-19T18:28:00Z,29439.8,29449.8,29439.1,29439.1,219
2026-08-19T18:29:00Z,29439.4,29452.6,29438.8,29452.2,218
2026-08-19T18:30:00Z,29451.9,29476.7,29451.3,29476.7,221
2026-08-19T18:31:00Z,29476.5,29482.3,29472.4,29476.4,223
2026-08-19T18:32:00Z,29476.3,29481.0,29473.0,29473.2,213
2026-08-19T18:33:00Z,29473.7,29475.9,29466.1,29466.1,218
2026-08-19T18:34:00Z,29465.8,29491.8,29465.8,29479.9,219
2026-08-19T18:35:00Z,29480.5,29480.7,29465.2,29469.7,222
2026-08-19T18:36:00Z,29470.9,29471.6,29465.0,29465.4,194
2026-08-19T18:37:00Z,29465.2,29467.2,29456.7,29457.1,218
2026-08-19T18:38:00Z,29457.0,29459.9,29450.4,29450.4,227
2026-08-19T18:39:00Z,29451.3,29461.6,29451.3,29456.6,214
2026-08-19T18:40:00Z,29455.7,29469.9,29455.7,29462.9,221
2026-08-19T18:41:00Z,29462.7,29475.9,29461.6,29469.8,222
2026-08-19T18:42:00Z,29469.7,29470.5,29464.3,29466.6,230
2026-08-19T18:43:00Z,29468.3,29477.0,29464.4,29475.6,219
2026-08-19T18:44:00Z,29475.5,29475.6,29467.9,29472.4,223
2026-08-19T18:45:00Z,29473.7,29474.1,29463.2,29466.7,216
2026-08-19T18:46:00Z,29465.8,29466.9,29454.9,29457.5,223
2026-08-19T18:47:00Z,29457.0,29463.7,29456.2,29461.2,218
2026-08-19T18:48:00Z,29461.4,29468.8,29460.5,29462.8,216
2026-08-19T18:49:00Z,29461.8,29469.5,29461.7,29467.8,216
2026-08-19T18:50:00Z,29467.3,29470.4,29462.4,29466.3,218
2026-08-19T18:51:00Z,29466.1,29468.9,29460.2,29460.2,203
2026-08-19T18:52:00Z,29460.4,29464.4,29451.7,29451.7,217
2026-08-19T18:53:00Z,29452.1,29459.0,29449.8,29457.6,220
2026-08-19T18:54:00Z,29457.4,29463.8,29455.7,29461.3,220
2026-08-19T18:55:00Z,29460.6,29462.0,29455.7,29458.1,225
2026-08-19T18:56:00Z,29457.8,29460.8,29446.7,29447.8,202
2026-08-19T18:57:00Z,29447.0,29452.2,29444.0,29444.3,222
2026-08-19T18:58:00Z,29444.5,29456.6,29441.1,29455.6,212
2026-08-19T18:59:00Z,29453.4,29453.4,29448.2,29448.4,206
2026-08-19T19:00:00Z,29448.9,29460.5,29443.0,29460.5,218
2026-08-19T19:01:00Z,29460.9,29465.8,29455.1,29455.1,218
2026-08-19T19:02:00Z,29454.6,29456.0,29449.5,29450.5,217
2026-08-19T19:03:00Z,29449.7,29452.3,29447.4,29450.8,211
2026-08-19T19:04:00Z,29450.7,29455.9,29448.4,29453.6,219
2026-08-19T19:05:00Z,29454.4,29458.2,29445.3,29451.5,223
2026-08-19T19:06:00Z,29453.0,29454.2,29448.0,29451.0,200
2026-08-19T19:07:00Z,29451.0,29458.4,29450.7,29456.3,218
2026-08-19T19:08:00Z,29456.5,29466.1,29456.5,29463.1,209
2026-08-19T19:09:00Z,29463.0,29471.5,29461.2,29469.3,210
2026-08-19T19:10:00Z,29469.3,29471.9,29461.7,29465.1,219
2026-08-19T19:11:00Z,29464.9,29466.1,29461.2,29462.5,211
2026-08-19T19:12:00Z,29463.4,29469.2,29462.0,29463.4,217
2026-08-19T19:13:00Z,29463.5,29464.5,29458.3,29458.5,216
2026-08-19T19:14:00Z,29459.0,29463.4,29458.3,29460.3,215
2026-08-19T19:15:00Z,29460.6,29467.4,29459.0,29465.7,221
2026-08-19T19:16:00Z,29465.9,29471.4,29457.1,29462.0,218
2026-08-19T19:17:00Z,29462.2,29468.0,29461.6,29467.2,207
2026-08-19T19:18:00Z,29467.3,29473.3,29464.8,29473.2,205
2026-08-19T19:19:00Z,29473.4,29480.1,29471.9,29479.7,202
2026-08-19T19:20:00Z,29478.7,29485.4,29474.8,29484.4,213
2026-08-19T19:21:00Z,29485.2,29486.7,29464.5,29464.5,204
2026-08-19T19:22:00Z,29465.2,29474.2,29464.5,29469.9,213
2026-08-19T19:23:00Z,29470.0,29476.6,29465.9,29475.9,193
2026-08-19T19:24:00Z,29476.1,29479.5,29473.3,29477.5,226
2026-08-19T19:25:00Z,29477.4,29485.1,29475.0,29483.5,201
2026-08-19T19:26:00Z,29483.3,29492.1,29483.2,29485.8,205
2026-08-19T19:27:00Z,29487.0,29487.0,29482.1,29482.2,203
2026-08-19T19:28:00Z,29481.6,29487.7,29480.3,29480.5,208
2026-08-19T19:29:00Z,29480.4,29483.6,29467.0,29468.4,217
2026-08-19T19:30:00Z,29470.9,29487.6,29466.2,29485.1,221
2026-08-19T19:31:00Z,29485.3,29489.5,29482.2,29484.6,216
2026-08-19T19:32:00Z,29484.0,29497.0,29482.6,29496.3,213
2026-08-19T19:33:00Z,29495.9,29502.4,29489.5,29492.0,210
2026-08-19T19:34:00Z,29492.4,29497.6,29490.7,29495.2,209
2026-08-19T19:35:00Z,29494.9,29494.9,29467.7,29470.7,214
2026-08-19T19:36:00Z,29471.0,29475.9,29463.5,29463.5,224
2026-08-19T19:37:00Z,29461.6,29464.0,29450.9,29452.7,211
2026-08-19T19:38:00Z,29452.2,29463.6,29451.0,29460.5,220
2026-08-19T19:39:00Z,29461.1,29467.4,29450.8,29450.8,210
2026-08-19T19:40:00Z,29450.5,29459.2,29448.5,29450.0,215
2026-08-19T19:41:00Z,29449.9,29457.1,29447.2,29457.1,221
2026-08-19T19:42:00Z,29455.2,29457.8,29451.5,29454.2,221
2026-08-19T19:43:00Z,29454.0,29454.0,29441.0,29446.6,214
2026-08-19T19:44:00Z,29446.5,29447.9,29442.5,29443.9,220
2026-08-19T19:45:00Z,29441.3,29446.0,29434.2,29434.2,219
2026-08-19T19:46:00Z,29433.5,29434.8,29424.0,29424.4,229
2026-08-19T19:47:00Z,29424.9,29426.9,29416.2,29425.7,221
2026-08-19T19:48:00Z,29424.6,29435.3,29418.3,29421.2,222
2026-08-19T19:49:00Z,29421.4,29426.2,29419.3,29424.0,214
2026-08-19T19:50:00Z,29409.1,29423.3,29398.8,29408.2,233
2026-08-19T19:51:00Z,29407.1,29414.5,29405.2,29407.7,213
2026-08-19T19:52:00Z,29407.0,29415.8,29403.5,29411.1,212
2026-08-19T19:53:00Z,29410.7,29419.4,29407.0,29413.9,224
2026-08-19T19:54:00Z,29413.2,29432.9,29413.2,29424.1,221
2026-08-19T19:55:00Z,29408.0,29424.5,29402.9,29403.3,223
2026-08-19T19:56:00Z,29402.9,29415.4,29402.4,29410.0,227
2026-08-19T19:57:00Z,29410.0,29425.6,29410.0,29425.1,229
2026-08-19T19:58:00Z,29425.4,29433.2,29421.4,29429.3,223
2026-08-19T19:59:00Z,29426.3,29438.3,29413.0,29433.8,226
2026-08-19T20:00:00Z,29436.0,29454.2,29436.0,29453.5,225
2026-08-19T20:01:00Z,29453.4,29453.7,29441.3,29443.4,216
2026-08-19T20:02:00Z,29443.3,29445.7,29438.7,29445.7,202
2026-08-19T20:03:00Z,29445.5,29454.5,29445.2,29445.7,210
2026-08-19T20:04:00Z,29446.3,29447.9,29444.4,29447.0,178
2026-08-19T20:05:00Z,29446.9,29447.5,29431.4,29433.8,208
2026-08-19T20:06:00Z,29434.0,29444.8,29434.0,29441.3,192
2026-08-19T20:07:00Z,29440.6,29445.7,29439.1,29445.7,174
2026-08-19T20:08:00Z,29446.6,29448.3,29443.9,29446.2,164
2026-08-19T20:09:00Z,29446.3,29449.7,29445.8,29446.4,162
2026-08-19T20:10:00Z,29446.7,29447.7,29443.0,29445.2,166
2026-08-19T20:11:00Z,29445.3,29446.0,29439.8,29440.4,166
2026-08-19T20:12:00Z,29440.3,29442.2,29432.3,29432.3,185
2026-08-19T20:13:00Z,29432.6,29442.0,29432.6,29436.2,194
2026-08-19T20:14:00Z,29437.7,29439.1,29431.8,29432.0,161
2026-08-19T20:15:00Z,29432.2,29433.2,29427.9,29430.4,184
2026-08-19T20:16:00Z,29430.5,29434.5,29430.3,29432.6,171
2026-08-19T20:17:00Z,29432.4,29433.1,29428.2,29429.2,149
2026-08-19T20:18:00Z,29428.9,29433.0,29427.8,29433.0,159
2026-08-19T20:19:00Z,29432.9,29435.4,29431.5,29433.0,155
2026-08-19T20:20:00Z,29433.1,29433.8,29431.5,29431.5,150
2026-08-19T20:21:00Z,29431.7,29433.7,29430.3,29432.4,120
2026-08-19T20:22:00Z,29431.4,29432.6,29431.2,29432.6,118
2026-08-19T20:23:00Z,29432.7,29433.7,29429.9,29431.2,149
2026-08-19T20:24:00Z,29431.0,29432.0,29430.0,29432.0,131
2026-08-19T20:25:00Z,29432.1,29436.1,29432.1,29435.0,161
2026-08-19T20:26:00Z,29435.1,29436.1,29433.7,29435.5,138
2026-08-19T20:27:00Z,29435.6,29437.9,29435.3,29437.1,127
2026-08-19T20:28:00Z,29437.0,29438.2,29436.5,29437.7,116
2026-08-19T20:29:00Z,29437.6,29439.1,29435.5,29438.2,134
2026-08-19T20:30:00Z,29438.3,29439.3,29437.2,29438.7,157
2026-08-19T20:31:00Z,29438.6,29439.9,29437.7,29439.4,131
2026-08-19T20:32:00Z,29439.1,29440.0,29435.9,29436.8,157
2026-08-19T20:33:00Z,29436.9,29442.2,29436.8,29442.2,124
2026-08-19T20:34:00Z,29442.3,29444.9,29440.4,29440.8,156
2026-08-19T20:35:00Z,29440.7,29443.7,29440.7,29442.7,123
2026-08-19T20:36:00Z,29442.5,29443.8,29439.7,29440.0,130
2026-08-19T20:37:00Z,29439.7,29440.1,29437.9,29439.4,131
2026-08-19T20:38:00Z,29439.5,29440.7,29439.5,29440.2,113
2026-08-19T20:39:00Z,29440.3,29440.4,29436.4,29436.7,129
2026-08-19T20:40:00Z,29436.5,29436.7,29433.5,29435.9,128
2026-08-19T20:41:00Z,29436.1,29437.6,29435.8,29436.2,126
2026-08-19T20:42:00Z,29436.2,29437.9,29436.2,29437.9,98
2026-08-19T20:43:00Z,29437.6,29444.5,29437.6,29442.2,143
2026-08-19T20:44:00Z,29441.7,29442.8,29441.1,29442.2,145
2026-08-19T20:45:00Z,29442.3,29445.0,29441.1,29445.0,140
2026-08-19T20:46:00Z,29444.9,29450.8,29443.8,29449.2,137
2026-08-19T20:47:00Z,29450.6,29452.8,29450.6,29450.9,90
2026-08-19T20:48:00Z,29451.0,29452.1,29450.2,29452.1,86
2026-08-19T20:49:00Z,29452.7,29454.2,29450.7,29454.2,108
2026-08-19T20:50:00Z,29454.4,29459.8,29453.4,29459.2,160
2026-08-19T20:51:00Z,29458.9,29461.9,29458.9,29459.6,146
2026-08-19T20:52:00Z,29459.8,29464.9,29459.6,29462.2,152
2026-08-19T20:53:00Z,29462.3,29466.1,29461.2,29466.1,164
2026-08-19T20:54:00Z,29466.2,29470.3,29465.3,29466.9,147
2026-08-19T20:55:00Z,29466.4,29469.2,29465.8,29466.7,147
2026-08-19T20:56:00Z,29466.6,29468.4,29465.7,29468.0,131
2026-08-19T20:57:00Z,29468.2,29469.9,29466.7,29466.7,141
2026-08-19T20:58:00Z,29466.8,29470.7,29466.7,29470.0,130
2026-08-19T22:00:00Z,29483.0,29489.0,29474.3,29484.0,212
2026-08-19T22:01:00Z,29483.0,29483.8,29471.7,29477.5,195
2026-08-19T22:02:00Z,29477.3,29509.4,29475.6,29507.9,203
2026-08-19T22:03:00Z,29507.0,29527.0,29506.1,29523.9,212
2026-08-19T22:04:00Z,29524.7,29528.7,29518.1,29518.6,204
2026-08-19T22:05:00Z,29519.4,29521.2,29505.6,29511.4,207
2026-08-19T22:06:00Z,29511.8,29515.5,29509.3,29511.8,193
2026-08-19T22:07:00Z,29510.5,29514.1,29504.6,29506.9,158
2026-08-19T22:08:00Z,29506.8,29515.5,29504.7,29508.9,171
2026-08-19T22:09:00Z,29509.1,29524.4,29508.9,29522.9,203
2026-08-19T22:10:00Z,29522.4,29522.4,29503.7,29504.6,185
2026-08-19T22:11:00Z,29503.7,29521.9,29503.7,29519.3,169
2026-08-19T22:12:00Z,29519.2,29522.1,29517.4,29519.4,173
2026-08-19T22:13:00Z,29519.2,29519.5,29515.5,29515.5,137
2026-08-19T22:14:00Z,29515.7,29550.0,29515.7,29539.3,164
2026-08-19T22:15:00Z,29539.1,29541.3,29535.8,29536.2,173
2026-08-19T22:16:00Z,29536.0,29537.4,29532.2,29532.7,131
2026-08-19T22:17:00Z,29532.5,29533.6,29530.3,29532.0,124
2026-08-19T22:18:00Z,29532.1,29533.4,29529.8,29530.4,141
2026-08-19T22:19:00Z,29530.2,29531.4,29526.7,29526.8,170
2026-08-19T22:20:00Z,29526.7,29527.5,29521.0,29525.1,142
2026-08-19T22:21:00Z,29525.2,29525.7,29523.3,29525.5,110
2026-08-19T22:22:00Z,29525.3,29540.9,29525.3,29540.1,174
2026-08-19T22:23:00Z,29539.6,29543.8,29535.9,29537.0,163
2026-08-19T22:24:00Z,29537.2,29544.8,29536.5,29544.8,163
2026-08-19T22:25:00Z,29545.6,29545.6,29539.5,29539.5,148
2026-08-19T22:26:00Z,29539.9,29541.6,29539.9,29540.5,140
2026-08-19T22:27:00Z,29540.6,29541.3,29540.0,29540.2,93
2026-08-19T22:28:00Z,29539.7,29540.4,29529.4,29529.5,138
2026-08-19T22:29:00Z,29529.6,29535.2,29529.2,29534.1,103
2026-08-19T22:30:00Z,29534.0,29534.2,29527.2,29532.3,160
2026-08-19T22:31:00Z,29532.4,29533.4,29526.7,29526.7,119
2026-08-19T22:32:00Z,29526.8,29533.2,29526.2,29529.2,167
2026-08-19T22:33:00Z,29529.3,29531.5,29529.0,29531.1,128
2026-08-19T22:34:00Z,29530.9,29533.5,29530.6,29530.7,109
2026-08-19T22:35:00Z,29529.9,29533.1,29529.4,29530.9,142
2026-08-19T22:36:00Z,29530.7,29538.5,29529.9,29538.1,115
2026-08-19T22:37:00Z,29538.2,29538.8,29535.5,29537.2,122
2026-08-19T22:38:00Z,29537.1,29544.0,29534.3,29542.9,130
2026-08-19T22:39:00Z,29542.8,29550.6,29541.9,29548.4,163
2026-08-19T22:40:00Z,29548.3,29550.4,29546.4,29548.4,140
2026-08-19T22:41:00Z,29548.1,29550.0,29547.6,29548.7,135
2026-08-19T22:42:00Z,29548.8,29550.8,29544.5,29544.5,140
2026-08-19T22:43:00Z,29544.6,29546.4,29543.2,29545.2,135
2026-08-19T22:44:00Z,29544.9,29545.4,29543.3,29543.6,146
2026-08-19T22:45:00Z,29543.7,29547.2,29543.6,29545.6,115
2026-08-19T22:46:00Z,29545.3,29545.9,29541.7,29541.8,109
2026-08-19T22:47:00Z,29541.9,29546.9,29541.8,29546.7,103
2026-08-19T22:48:00Z,29547.4,29549.4,29544.7,29547.2,112
2026-08-19T22:49:00Z,29547.3,29547.4,29545.4,29545.9,68
2026-08-19T22:50:00Z,29546.0,29550.8,29545.9,29550.5,86
2026-08-19T22:51:00Z,29550.4,29551.1,29548.2,29549.7,118
2026-08-19T22:52:00Z,29549.6,29550.0,29548.5,29549.1,98
2026-08-19T22:53:00Z,29549.2,29552.4,29549.0,29549.9,88
2026-08-19T22:54:00Z,29549.7,29550.5,29548.3,29549.1,125
2026-08-19T22:55:00Z,29549.2,29553.7,29548.7,29552.9,104
2026-08-19T22:56:00Z,29552.8,29554.0,29550.1,29551.5,107
2026-08-19T22:57:00Z,29551.3,29554.7,29551.3,29553.9,118
2026-08-19T22:58:00Z,29553.5,29554.5,29553.0,29554.5,117
2026-08-19T22:59:00Z,29554.3,29565.3,29547.6,29562.7,178
2026-08-19T23:00:00Z,29564.4,29564.4,29546.0,29563.0,188
2026-08-19T23:01:00Z,29564.7,29600.9,29564.7,29597.9,220
2026-08-19T23:02:00Z,29597.1,29597.1,29568.1,29568.7,217
2026-08-19T23:03:00Z,29568.8,29571.8,29559.1,29563.3,175
2026-08-19T23:04:00Z,29563.2,29563.5,29556.4,29559.9,162
2026-08-19T23:05:00Z,29559.8,29562.9,29557.8,29560.6,170
2026-08-19T23:06:00Z,29560.9,29571.1,29559.6,29566.7,162
2026-08-19T23:07:00Z,29566.3,29571.0,29565.6,29570.5,140
2026-08-19T23:08:00Z,29570.1,29578.7,29567.5,29573.8,162
2026-08-19T23:09:00Z,29574.3,29576.4,29573.8,29575.8,128
2026-08-19T23:10:00Z,29575.5,29576.8,29563.7,29567.0,156
2026-08-19T23:11:00Z,29567.1,29573.1,29566.4,29567.1,150
2026-08-19T23:12:00Z,29567.2,29568.2,29564.3,29564.9,127
2026-08-19T23:13:00Z,29565.7,29571.7,29563.5,29568.9,141
2026-08-19T23:14:00Z,29568.8,29569.0,29563.2,29564.8,148
2026-08-19T23:15:00Z,29564.8,29566.5,29564.2,29564.9,145
2026-08-19T23:16:00Z,29566.4,29571.7,29565.5,29569.3,122
2026-08-19T23:17:00Z,29569.1,29572.9,29568.2,29571.5,119
2026-08-19T23:18:00Z,29571.3,29571.3,29568.2,29570.0,117
2026-08-19T23:19:00Z,29570.1,29570.4,29567.7,29568.2,83
2026-08-19T23:20:00Z,29568.1,29568.6,29558.9,29560.5,112
2026-08-19T23:21:00Z,29560.3,29560.3,29556.6,29558.9,144
2026-08-19T23:22:00Z,29558.7,29560.9,29558.3,29560.7,107
2026-08-19T23:23:00Z,29560.8,29561.1,29557.1,29558.4,102
2026-08-19T23:24:00Z,29557.2,29562.4,29556.7,29560.2,125
2026-08-19T23:25:00Z,29560.9,29563.6,29560.7,29561.9,122
2026-08-19T23:26:00Z,29562.1,29563.2,29561.8,29562.6,113
2026-08-19T23:27:00Z,29562.1,29565.0,29561.6,29561.9,130
2026-08-19T23:28:00Z,29562.1,29564.1,29560.4,29563.2,100
2026-08-19T23:29:00Z,29563.4,29564.9,29562.2,29564.1,142
2026-08-19T23:30:00Z,29565.1,29567.2,29562.0,29562.0,119
2026-08-19T23:31:00Z,29561.7,29563.3,29557.1,29562.1,160
2026-08-19T23:32:00Z,29562.4,29564.4,29561.4,29562.7,127
2026-08-19T23:33:00Z,29562.4,29569.5,29562.2,29569.5,71
2026-08-19T23:34:00Z,29568.5,29572.1,29562.6,29562.7,139
2026-08-19T23:35:00Z,29562.4,29567.9,29559.4,29560.1,157
2026-08-19T23:36:00Z,29560.6,29567.2,29559.5,29565.7,143
2026-08-19T23:37:00Z,29565.5,29566.9,29564.2,29565.7,107
2026-08-19T23:38:00Z,29565.6,29568.6,29565.6,29567.9,115
2026-08-19T23:39:00Z,29567.7,29568.7,29562.9,29562.9,68
2026-08-19T23:40:00Z,29563.1,29568.9,29562.9,29568.9,117
2026-08-19T23:41:00Z,29568.5,29568.6,29564.4,29565.1,131
2026-08-19T23:42:00Z,29565.1,29567.0,29564.6,29566.6,94
2026-08-19T23:43:00Z,29566.9,29574.7,29566.6,29574.7,110
2026-08-19T23:44:00Z,29575.3,29579.2,29572.3,29572.5,160
2026-08-19T23:45:00Z,29572.3,29573.8,29566.1,29569.0,212
2026-08-19T23:46:00Z,29568.6,29572.0,29565.6,29565.6,204
2026-08-19T23:47:00Z,29565.8,29567.1,29563.8,29566.5,160
2026-08-19T23:48:00Z,29566.0,29573.3,29564.6,29571.4,136
2026-08-19T23:49:00Z,29572.2,29572.8,29563.4,29564.6,169
2026-08-19T23:50:00Z,29564.7,29573.2,29564.2,29568.7,175
2026-08-19T23:51:00Z,29568.8,29574.6,29568.8,29572.9,135
2026-08-19T23:52:00Z,29572.8,29573.0,29554.7,29555.3,198
2026-08-19T23:53:00Z,29555.1,29559.4,29553.5,29554.5,158
2026-08-19T23:54:00Z,29554.6,29558.2,29553.9,29558.1,175
2026-08-19T23:55:00Z,29558.4,29559.9,29552.7,29554.4,165
2026-08-19T23:56:00Z,29554.3,29557.1,29553.1,29555.4,176
2026-08-19T23:57:00Z,29555.2,29556.2,29552.6,29554.2,137
2026-08-19T23:58:00Z,29554.4,29554.4,29540.8,29544.6,152
2026-08-19T23:59:00Z,29544.2,29544.5,29540.2,29542.8,200
2026-08-20T00:00:00Z,29536.9,29537.6,29520.8,29526.7,227
2026-08-20T00:01:00Z,29526.8,29530.4,29514.3,29518.0,223
2026-08-20T00:02:00Z,29518.4,29519.0,29508.6,29518.7,216
2026-08-20T00:03:00Z,29519.3,29531.3,29512.9,29530.3,229
2026-08-20T00:04:00Z,29529.5,29537.4,29529.4,29530.4,219
2026-08-20T00:05:00Z,29531.4,29537.4,29524.9,29537.2,221
2026-08-20T00:06:00Z,29536.6,29537.5,29511.2,29511.2,215
2026-08-20T00:07:00Z,29512.4,29512.6,29502.3,29502.3,209
2026-08-20T00:08:00Z,29499.1,29504.9,29495.2,29503.6,210
2026-08-20T00:09:00Z,29504.9,29515.6,29503.9,29511.1,215
2026-08-20T00:10:00Z,29511.2,29511.6,29503.6,29509.7,220
2026-08-20T00:11:00Z,29509.1,29518.7,29509.1,29516.9,215
2026-08-20T00:12:00Z,29516.8,29521.3,29510.4,29520.3,205
2026-08-20T00:13:00Z,29520.1,29531.0,29518.2,29530.1,213
2026-08-20T00:14:00Z,29530.2,29543.6,29527.3,29542.4,213
2026-08-20T00:15:00Z,29543.0,29559.2,29541.7,29559.2,218
2026-08-20T00:16:00Z,29558.1,29570.8,29556.5,29570.5,213
2026-08-20T00:17:00Z,29571.1,29573.2,29565.6,29567.9,218
2026-08-20T00:18:00Z,29568.1,29571.6,29560.5,29565.3,221
2026-08-20T00:19:00Z,29564.8,29569.2,29564.5,29567.7,207
2026-08-20T00:20:00Z,29568.0,29572.2,29565.8,29571.1,211
2026-08-20T00:21:00Z,29571.1,29577.7,29566.6,29571.3,199
2026-08-20T00:22:00Z,29572.0,29575.9,29560.8,29562.4,222
2026-08-20T00:23:00Z,29562.2,29563.3,29548.4,29549.2,208
2026-08-20T00:24:00Z,29549.7,29562.7,29541.2,29560.8,223
2026-08-20T00:25:00Z,29560.7,29560.7,29550.6,29552.7,214
2026-08-20T00:26:00Z,29551.7,29553.5,29540.0,29540.1,217
2026-08-20T00:27:00Z,29539.9,29549.1,29538.3,29542.4,211
2026-08-20T00:28:00Z,29542.2,29549.8,29541.2,29546.5,221
2026-08-20T00:29:00Z,29546.0,29552.4,29543.9,29544.7,212
2026-08-20T00:30:00Z,29544.3,29547.2,29539.1,29544.7,213
2026-08-20T00:31:00Z,29544.6,29546.4,29531.7,29534.3,207
2026-08-20T00:32:00Z,29537.8,29543.9,29530.2,29538.6,219
2026-08-20T00:33:00Z,29539.5,29544.1,29537.1,29542.1,210
2026-08-20T00:34:00Z,29541.1,29554.9,29536.3,29554.9,214
2026-08-20T00:35:00Z,29555.0,29556.4,29540.7,29542.7,210
2026-08-20T00:36:00Z,29543.4,29563.3,29543.4,29561.9,218
2026-08-20T00:37:00Z,29560.5,29568.5,29560.3,29566.4,209
2026-08-20T00:38:00Z,29565.1,29568.8,29564.1,29566.3,208
2026-08-20T00:39:00Z,29565.9,29573.1,29565.4,29572.6,200
2026-08-20T00:40:00Z,29572.4,29572.8,29568.4,29572.4,197
2026-08-20T00:41:00Z,29572.5,29574.3,29570.4,29572.3,201
2026-08-20T00:42:00Z,29572.6,29577.1,29569.9,29575.1,190
2026-08-20T00:43:00Z,29574.9,29577.3,29571.6,29571.9,182
2026-08-20T00:44:00Z,29571.5,29571.7,29564.5,29567.7,197
2026-08-20T00:45:00Z,29567.9,29580.3,29566.4,29573.5,220
2026-08-20T00:46:00Z,29573.1,29576.4,29570.1,29575.1,219
2026-08-20T00:47:00Z,29574.6,29575.6,29561.4,29561.4,195
2026-08-20T00:48:00Z,29564.0,29567.7,29555.9,29559.0,205
2026-08-20T00:49:00Z,29560.0,29563.3,29555.9,29557.9,207
2026-08-20T00:50:00Z,29558.8,29575.6,29558.1,29572.8,203
2026-08-20T00:51:00Z,29572.5,29573.1,29565.2,29567.4,208
2026-08-20T00:52:00Z,29567.6,29575.2,29562.9,29575.2,208
2026-08-20T00:53:00Z,29576.0,29577.4,29572.9,29576.3,200
2026-08-20T00:54:00Z,29575.9,29581.7,29575.1,29581.7,201
2026-08-20T00:55:00Z,29582.3,29586.6,29581.4,29583.6,197
2026-08-20T00:56:00Z,29583.0,29583.0,29577.7,29581.7,204
2026-08-20T00:57:00Z,29581.6,29586.4,29579.5,29585.0,205
2026-08-20T00:58:00Z,29585.1,29588.6,29583.0,29585.4,203
2026-08-20T00:59:00Z,29585.6,29586.8,29580.7,29584.1,208
2026-08-20T01:00:00Z,29583.8,29591.5,29578.5,29587.9,228
2026-08-20T01:01:00Z,29586.9,29593.6,29581.6,29585.9,222
2026-08-20T01:02:00Z,29586.4,29597.1,29586.4,29594.6,230
2026-08-20T01:03:00Z,29595.1,29596.6,29588.5,29590.2,203
2026-08-20T01:04:00Z,29589.5,29590.8,29582.3,29587.6,209
2026-08-20T01:05:00Z,29588.0,29594.8,29585.4,29590.1,205
2026-08-20T01:06:00Z,29589.9,29591.7,29580.9,29583.0,209
2026-08-20T01:07:00Z,29582.7,29588.7,29575.2,29582.7,211
2026-08-20T01:08:00Z,29582.8,29583.1,29575.0,29576.0,196
2026-08-20T01:09:00Z,29575.8,29577.2,29569.6,29570.4,216
2026-08-20T01:10:00Z,29570.1,29572.6,29561.7,29563.0,227
2026-08-20T01:11:00Z,29563.6,29564.4,29556.5,29561.0,205
2026-08-20T01:12:00Z,29560.4,29564.7,29553.4,29556.6,217
2026-08-20T01:13:00Z,29557.5,29567.1,29555.3,29565.5,217
2026-08-20T01:14:00Z,29565.7,29567.1,29557.4,29557.9,206
2026-08-20T01:15:00Z,29557.8,29579.6,29557.5,29562.1,211
2026-08-20T01:16:00Z,29561.4,29563.7,29546.9,29547.5,227
2026-08-20T01:17:00Z,29547.6,29556.9,29546.5,29546.5,222
2026-08-20T01:18:00Z,29547.8,29562.6,29547.4,29561.2,222
2026-08-20T01:19:00Z,29560.9,29576.5,29560.9,29575.0,210
2026-08-20T01:20:00Z,29574.0,29576.9,29566.3,29566.3,218
2026-08-20T01:21:00Z,29565.9,29567.3,29545.6,29546.2,223
2026-08-20T01:22:00Z,29545.8,29553.3,29543.8,29550.5,213
2026-08-20T01:23:00Z,29549.0,29556.1,29549.0,29553.7,197
2026-08-20T01:24:00Z,29553.3,29554.5,29547.1,29547.2,218
2026-08-20T01:25:00Z,29545.8,29553.4,29543.9,29549.7,224
2026-08-20T01:26:00Z,29549.0,29558.2,29547.5,29555.5,218
2026-08-20T01:27:00Z,29555.1,29555.1,29539.9,29540.3,232
2026-08-20T01:28:00Z,29538.8,29547.6,29537.7,29546.1,212
2026-08-20T01:29:00Z,29545.8,29552.2,29541.6,29547.7,221
2026-08-20T01:30:00Z,29547.4,29559.2,29538.1,29553.4,234
2026-08-20T01:31:00Z,29552.9,29552.9,29540.5,29550.1,227
2026-08-20T01:32:00Z,29549.8,29553.5,29546.0,29551.8,211
2026-08-20T01:33:00Z,29551.5,29552.1,29538.3,29547.3,227
2026-08-20T01:34:00Z,29549.2,29556.4,29545.0,29555.7,216
2026-08-20T01:35:00Z,29556.5,29561.4,29553.9,29560.0,203
2026-08-20T01:36:00Z,29560.1,29565.7,29558.4,29559.3,206
2026-08-20T01:37:00Z,29559.5,29568.0,29555.1,29558.2,213
2026-08-20T01:38:00Z,29558.1,29559.7,29552.5,29554.7,215
2026-08-20T01:39:00Z,29554.5,29567.4,29553.1,29567.1,205
2026-08-20T01:40:00Z,29566.6,29573.4,29564.9,29571.4,208
2026-08-20T01:41:00Z,29571.7,29572.5,29566.0,29569.9,218
2026-08-20T01:42:00Z,29570.4,29577.1,29567.2,29577.1,202
2026-08-20T01:43:00Z,29576.6,29581.1,29574.4,29578.2,211
2026-08-20T01:44:00Z,29578.0,29584.0,29578.0,29581.9,195
2026-08-20T01:45:00Z,29583.4,29585.9,29574.3,29574.8,213
2026-08-20T01:46:00Z,29573.3,29580.4,29572.3,29576.4,228
2026-08-20T01:47:00Z,29576.1,29576.1,29569.7,29572.0,209
2026-08-20T01:48:00Z,29571.8,29579.4,29571.2,29574.6,208
2026-08-20T01:49:00Z,29574.7,29579.5,29574.2,29578.5,220
2026-08-20T01:50:00Z,29578.4,29585.9,29577.9,29579.7,192
2026-08-20T01:51:00Z,29579.2,29587.5,29578.5,29585.2,207
2026-08-20T01:52:00Z,29585.3,29585.7,29579.3,29581.1,221
2026-08-20T01:53:00Z,29581.3,29581.3,29561.8,29564.0,205
2026-08-20T01:54:00Z,29563.7,29582.6,29559.0,29575.9,223
2026-08-20T01:55:00Z,29576.6,29576.6,29563.6,29566.4,218
2026-08-20T01:56:00Z,29566.3,29566.4,29543.7,29546.2,212
2026-08-20T01:57:00Z,29546.8,29549.4,29543.6,29545.5,213
2026-08-20T01:58:00Z,29545.2,29558.5,29545.2,29558.3,205
2026-08-20T01:59:00Z,29558.5,29562.5,29553.5,29555.5,226
2026-08-20T02:00:00Z,29555.7,29569.9,29553.4,29563.1,221
2026-08-20T02:01:00Z,29565.0,29583.4,29563.3,29582.3,214
2026-08-20T02:02:00Z,29580.4,29589.5,29576.6,29589.3,214
2026-08-20T02:03:00Z,29589.1,29595.2,29586.3,29592.6,213
2026-08-20T02:04:00Z,29591.4,29593.9,29581.4,29586.2,218
2026-08-20T02:05:00Z,29585.5,29589.0,29584.4,29586.1,208
2026-08-20T02:06:00Z,29585.8,29591.1,29585.2,29585.5,209
2026-08-20T02:07:00Z,29585.2,29595.6,29585.1,29590.1,204
2026-08-20T02:08:00Z,29589.9,29591.2,29587.4,29589.8,194
2026-08-20T02:09:00Z,29590.1,29590.1,29583.8,29584.4,198
2026-08-20T02:10:00Z,29584.8,29586.9,29578.9,29579.0,200
2026-08-20T02:11:00Z,29579.1,29584.4,29578.6,29582.4,194
2026-08-20T02:12:00Z,29582.1,29582.6,29568.9,29568.9,203
2026-08-20T02:13:00Z,29569.6,29576.7,29568.1,29573.8,210
2026-08-20T02:14:00Z,29574.4,29583.2,29572.4,29581.3,221
2026-08-20T02:15:00Z,29581.1,29582.7,29573.9,29578.8,220
2026-08-20T02:16:00Z,29578.6,29579.3,29573.8,29576.4,212
2026-08-20T02:17:00Z,29575.9,29576.4,29564.5,29568.4,205
2026-08-20T02:18:00Z,29568.6,29569.5,29559.0,29559.0,174
2026-08-20T02:19:00Z,29558.8,29562.6,29557.4,29560.5,204
2026-08-20T02:20:00Z,29560.7,29560.7,29533.4,29535.5,213
2026-08-20T02:21:00Z,29534.1,29535.0,29527.5,29532.9,222
2026-08-20T02:22:00Z,29534.6,29539.6,29529.5,29532.4,216
2026-08-20T02:23:00Z,29532.2,29545.4,29526.7,29541.3,219
2026-08-20T02:24:00Z,29541.5,29543.5,29533.6,29540.2,219
2026-08-20T02:25:00Z,29540.3,29549.5,29533.8,29538.9,217
2026-08-20T02:26:00Z,29540.0,29549.2,29539.3,29548.5,213
2026-08-20T02:27:00Z,29549.1,29549.4,29538.1,29539.4,214
2026-08-20T02:28:00Z,29539.7,29548.1,29538.0,29546.4,204
2026-08-20T02:29:00Z,29546.0,29548.8,29543.8,29545.0,211
2026-08-20T02:30:00Z,29545.2,29553.4,29544.5,29549.6,221
2026-08-20T02:31:00Z,29547.9,29548.7,29523.5,29528.1,207
2026-08-20T02:32:00Z,29528.0,29551.1,29527.8,29547.7,221
2026-08-20T02:33:00Z,29546.4,29557.1,29543.5,29557.0,214
2026-08-20T02:34:00Z,29558.1,29571.2,29556.2,29571.2,218
2026-08-20T02:35:00Z,29572.6,29574.7,29554.8,29558.2,218
2026-08-20T02:36:00Z,29558.6,29560.4,29549.4,29551.2,200
2026-08-20T02:37:00Z,29551.1,29562.9,29550.9,29562.2,206
2026-08-20T02:38:00Z,29562.4,29563.1,29558.3,29559.9,207
2026-08-20T02:39:00Z,29559.8,29562.1,29556.9,29561.7,206
2026-08-20T02:40:00Z,29561.6,29563.9,29557.1,29558.1,204
2026-08-20T02:41:00Z,29558.0,29564.9,29555.9,29564.1,206
2026-08-20T02:42:00Z,29563.9,29564.2,29556.8,29557.4,185
2026-08-20T02:43:00Z,29557.1,29564.6,29556.9,29557.5,204
2026-08-20T02:44:00Z,29557.1,29560.6,29552.5,29559.5,191
2026-08-20T02:45:00Z,29559.4,29559.9,29555.0,29558.6,218
2026-08-20T02:46:00Z,29558.4,29558.5,29551.0,29554.8,195
2026-08-20T02:47:00Z,29556.4,29560.5,29553.9,29557.9,201
2026-08-20T02:48:00Z,29558.5,29558.5,29554.3,29555.7,188
2026-08-20T02:49:00Z,29555.1,29555.9,29534.2,29535.2,196
2026-08-20T02:50:00Z,29537.7,29539.7,29535.4,29536.3,219
2026-08-20T02:51:00Z,29536.2,29537.6,29534.6,29536.4,189
2026-08-20T02:52:00Z,29534.2,29536.6,29529.7,29530.5,214
2026-08-20T02:53:00Z,29530.7,29532.2,29524.3,29525.0,206
2026-08-20T02:54:00Z,29525.7,29534.5,29525.7,29530.8,200
2026-08-20T02:55:00Z,29530.4,29533.1,29525.7,29531.7,193
2026-08-20T02:56:00Z,29531.4,29537.1,29527.8,29528.7,200
2026-08-20T02:57:00Z,29530.8,29544.2,29529.9,29539.6,179
2026-08-20T02:58:00Z,29538.9,29544.1,29534.1,29542.6,208
2026-08-20T02:59:00Z,29542.6,29545.0,29537.9,29542.9,186
2026-08-20T03:00:00Z,29542.7,29546.6,29533.6,29542.3,219
2026-08-20T03:01:00Z,29543.3,29553.6,29543.2,29553.6,196
2026-08-20T03:02:00Z,29551.7,29552.6,29545.1,29546.1,196
2026-08-20T03:03:00Z,29548.9,29552.2,29544.0,29545.9,201
2026-08-20T03:04:00Z,29544.1,29551.9,29544.1,29548.4,190
2026-08-20T03:05:00Z,29548.5,29554.0,29548.5,29552.6,178
2026-08-20T03:06:00Z,29552.5,29566.7,29551.5,29565.2,193
2026-08-20T03:07:00Z,29565.4,29566.1,29556.7,29559.1,183
2026-08-20T03:08:00Z,29559.2,29560.1,29552.9,29552.9,201
2026-08-20T03:09:00Z,29552.7,29556.2,29545.3,29547.2,188
2026-08-20T03:10:00Z,29546.7,29546.7,29529.3,29530.5,199
2026-08-20T03:11:00Z,29530.1,29532.0,29520.6,29520.6,205
2026-08-20T03:12:00Z,29519.3,29526.0,29519.3,29523.9,192
2026-08-20T03:13:00Z,29524.3,29546.2,29524.3,29545.9,194
2026-08-20T03:14:00Z,29545.4,29545.4,29536.6,29536.8,195
2026-08-20T03:15:00Z,29537.8,29544.3,29534.3,29544.2,215
2026-08-20T03:16:00Z,29544.3,29552.6,29542.5,29552.6,186
2026-08-20T03:17:00Z,29553.0,29553.7,29550.2,29552.2,171
2026-08-20T03:18:00Z,29552.0,29553.9,29551.6,29552.9,192
2026-08-20T03:19:00Z,29553.0,29555.4,29551.9,29554.1,180
2026-08-20T03:20:00Z,29553.9,29557.7,29552.7,29553.9,200
2026-08-20T03:21:00Z,29554.3,29556.2,29553.6,29553.9,174
2026-08-20T03:22:00Z,29553.7,29557.1,29552.4,29555.4,186
2026-08-20T03:23:00Z,29555.6,29569.1,29555.6,29562.7,204
2026-08-20T03:24:00Z,29562.3,29562.3,29555.8,29556.1,198
2026-08-20T03:25:00Z,29556.4,29557.5,29545.4,29545.5,186
2026-08-20T03:26:00Z,29545.9,29549.6,29541.4,29543.9,187
2026-08-20T03:27:00Z,29543.5,29547.4,29540.6,29545.9,185
2026-08-20T03:28:00Z,29545.2,29547.1,29539.8,29544.4,183
2026-08-20T03:29:00Z,29544.5,29544.5,29538.4,29539.3,194
2026-08-20T03:30:00Z,29539.2,29541.4,29525.7,29525.7,216
2026-08-20T03:31:00Z,29526.4,29532.1,29521.2,29523.4,218
2026-08-20T03:32:00Z,29523.9,29528.9,29523.9,29527.6,200
2026-08-20T03:33:00Z,29528.0,29528.6,29517.0,29520.2,207
2026-08-20T03:34:00Z,29520.0,29522.2,29514.9,29517.0,199
2026-08-20T03:35:00Z,29516.4,29521.7,29510.4,29519.6,214
2026-08-20T03:36:00Z,29519.5,29520.5,29514.3,29519.5,214
2026-08-20T03:37:00Z,29519.9,29519.9,29513.4,29514.4,199
2026-08-20T03:38:00Z,29515.8,29523.1,29513.4,29522.9,212
2026-08-20T03:39:00Z,29521.9,29524.0,29516.2,29523.3,212
2026-08-20T03:40:00Z,29523.8,29525.5,29520.9,29522.2,214
2026-08-20T03:41:00Z,29522.6,29524.6,29519.0,29519.0,208
2026-08-20T03:42:00Z,29519.2,29524.2,29518.7,29522.4,210
2026-08-20T03:43:00Z,29523.2,29528.7,29521.6,29528.7,191
2026-08-20T03:44:00Z,29529.2,29539.9,29529.2,29532.3,200
2026-08-20T03:45:00Z,29530.7,29539.5,29527.3,29534.9,198
2026-08-20T03:46:00Z,29535.6,29537.3,29529.9,29534.0,201
2026-08-20T03:47:00Z,29534.6,29540.2,29531.6,29536.2,198
2026-08-20T03:48:00Z,29536.0,29538.6,29534.7,29537.0,186
2026-08-20T03:49:00Z,29536.8,29539.7,29533.8,29539.2,203
2026-08-20T03:50:00Z,29538.5,29538.8,29533.4,29533.9,190
2026-08-20T03:51:00Z,29534.2,29541.9,29530.9,29540.9,202
2026-08-20T03:52:00Z,29540.7,29541.7,29537.5,29540.8,183
2026-08-20T03:53:00Z,29541.2,29543.4,29535.9,29537.7,186
2026-08-20T03:54:00Z,29537.6,29537.7,29532.4,29532.7,155
2026-08-20T03:55:00Z,29532.2,29538.8,29532.2,29533.1,184
2026-08-20T03:56:00Z,29533.2,29538.4,29533.2,29536.4,179
2026-08-20T03:57:00Z,29536.6,29543.4,29535.7,29540.9,176
2026-08-20T03:58:00Z,29540.7,29540.7,29524.6,29525.0,196
2026-08-20T03:59:00Z,29525.6,29531.4,29525.5,29531.4,203
2026-08-20T04:00:00Z,29530.9,29531.4,29524.0,29528.5,207
2026-08-20T04:01:00Z,29528.8,29535.7,29528.8,29534.3,189
2026-08-20T04:02:00Z,29534.4,29537.5,29534.1,29537.0,174
2026-08-20T04:03:00Z,29537.2,29541.8,29534.2,29539.8,201
2026-08-20T04:04:00Z,29539.6,29547.6,29538.1,29546.9,199
2026-08-20T04:05:00Z,29546.8,29553.6,29546.8,29552.4,196
2026-08-20T04:06:00Z,29552.6,29559.1,29551.2,29558.6,167
2026-08-20T04:07:00Z,29557.9,29561.8,29556.9,29560.7,172
2026-08-20T04:08:00Z,29560.6,29561.4,29557.6,29559.4,164
2026-08-20T04:09:00Z,29558.6,29565.1,29558.0,29564.8,167
2026-08-20T04:10:00Z,29565.1,29565.4,29562.5,29564.6,147
2026-08-20T04:11:00Z,29564.2,29566.1,29562.0,29564.4,167
2026-08-20T04:12:00Z,29564.7,29565.9,29562.2,29562.3,153
2026-08-20T04:13:00Z,29562.2,29565.9,29561.2,29565.9,168
2026-08-20T04:14:00Z,29566.0,29567.9,29564.7,29567.4,151
2026-08-20T04:15:00Z,29567.6,29568.6,29561.6,29562.6,172
2026-08-20T04:16:00Z,29562.7,29564.6,29561.4,29564.2,183
2026-08-20T04:17:00Z,29564.1,29567.4,29563.1,29566.8,174
2026-08-20T04:18:00Z,29567.1,29568.1,29563.2,29566.1,197
2026-08-20T04:19:00Z,29566.4,29568.2,29564.5,29566.3,151
2026-08-20T04:20:00Z,29566.4,29566.4,29561.2,29562.9,162
2026-08-20T04:21:00Z,29563.1,29563.9,29555.8,29556.5,200
2026-08-20T04:22:00Z,29556.4,29559.7,29554.8,29554.8,176
2026-08-20T04:23:00Z,29556.0,29557.7,29554.2,29556.2,183
2026-08-20T04:24:00Z,29556.1,29556.6,29550.1,29551.5,169
2026-08-20T04:25:00Z,29551.6,29558.1,29551.2,29556.0,193
2026-08-20T04:26:00Z,29556.3,29558.9,29553.0,29553.2,177
2026-08-20T04:27:00Z,29554.0,29555.4,29549.1,29551.1,203
2026-08-20T04:28:00Z,29551.3,29556.8,29550.9,29556.8,197
2026-08-20T04:29:00Z,29556.9,29556.9,29552.7,29552.7,184
2026-08-20T04:30:00Z,29552.8,29553.7,29546.4,29548.0,186
2026-08-20T04:31:00Z,29548.3,29549.3,29541.7,29541.7,180
2026-08-20T04:32:00Z,29541.4,29541.8,29532.0,29533.9,206
2026-08-20T04:33:00Z,29534.9,29535.1,29523.8,29530.6,212
2026-08-20T04:34:00Z,29530.1,29530.8,29525.7,29526.2,196
2026-08-20T04:35:00Z,29525.9,29530.1,29521.3,29522.5,203
2026-08-20T04:36:00Z,29522.9,29530.0,29522.3,29530.0,199
2026-08-20T04:37:00Z,29529.8,29531.6,29527.2,29529.7,202
2026-08-20T04:38:00Z,29529.9,29533.6,29525.4,29532.3,193
2026-08-20T04:39:00Z,29532.2,29534.5,29530.8,29532.3,171
2026-08-20T04:40:00Z,29533.0,29541.8,29531.6,29541.2,192
2026-08-20T04:41:00Z,29541.6,29542.5,29532.7,29537.2,171
2026-08-20T04:42:00Z,29537.9,29539.1,29535.2,29537.7,170
2026-08-20T04:43:00Z,29537.8,29540.7,29536.6,29537.5,172
2026-08-20T04:44:00Z,29537.4,29541.0,29537.2,29541.0,184
2026-08-20T04:45:00Z,29541.6,29542.9,29537.2,29538.5,178
2026-08-20T04:46:00Z,29538.7,29543.6,29538.6,29539.7,193
2026-08-20T04:47:00Z,29539.6,29544.5,29539.6,29542.9,154
2026-08-20T04:48:00Z,29543.1,29544.2,29538.7,29539.0,150
2026-08-20T04:49:00Z,29538.9,29544.2,29538.9,29542.2,198
2026-08-20T04:50:00Z,29542.1,29545.1,29539.7,29543.7,166
2026-08-20T04:51:00Z,29543.1,29543.2,29539.0,29543.2,153
2026-08-20T04:52:00Z,29543.1,29545.9,29542.0,29545.2,174
2026-08-20T04:53:00Z,29545.1,29552.8,29545.0,29550.9,172
2026-08-20T04:54:00Z,29551.0,29551.0,29534.2,29534.2,191
2026-08-20T04:55:00Z,29534.5,29534.6,29529.5,29530.7,160
2026-08-20T04:56:00Z,29530.3,29534.5,29528.9,29531.0,192
2026-08-20T04:57:00Z,29530.8,29531.0,29524.9,29526.3,181
2026-08-20T04:58:00Z,29526.2,29531.4,29525.5,29529.4,184
2026-08-20T04:59:00Z,29528.7,29530.3,29527.5,29529.9,191
2026-08-20T05:00:00Z,29530.4,29531.2,29523.1,29531.2,198
2026-08-20T05:01:00Z,29531.0,29535.7,29528.5,29535.5,198
2026-08-20T05:02:00Z,29536.0,29536.2,29531.7,29531.7,198
2026-08-20T05:03:00Z,29531.6,29534.2,29526.3,29531.6,205
2026-08-20T05:04:00Z,29530.9,29533.9,29528.6,29531.6,187
2026-08-20T05:05:00Z,29531.5,29532.9,29527.9,29528.5,196
2026-08-20T05:06:00Z,29528.6,29530.2,29523.4,29525.1,180
2026-08-20T05:07:00Z,29525.2,29528.2,29520.1,29521.9,188
2026-08-20T05:08:00Z,29521.7,29525.1,29519.9,29521.9,161
2026-08-20T05:09:00Z,29522.1,29525.6,29521.2,29521.2,174
2026-08-20T05:10:00Z,29521.6,29521.6,29507.9,29511.9,197
2026-08-20T05:11:00Z,29512.2,29512.9,29505.7,29505.7,189
2026-08-20T05:12:00Z,29505.9,29517.6,29505.2,29514.1,201
2026-08-20T05:13:00Z,29514.7,29514.7,29506.4,29506.4,181
2026-08-20T05:14:00Z,29506.0,29509.7,29501.2,29509.7,187
2026-08-20T05:15:00Z,29510.4,29513.2,29507.7,29513.2,189
2026-08-20T05:16:00Z,29513.3,29535.1,29509.8,29533.9,211
2026-08-20T05:17:00Z,29533.7,29535.1,29530.6,29533.8,211
2026-08-20T05:18:00Z,29533.9,29540.9,29532.9,29540.2,204
2026-08-20T05:19:00Z,29540.3,29542.2,29535.0,29538.8,201
2026-08-20T05:20:00Z,29538.1,29539.7,29521.5,29521.5,205
2026-08-20T05:21:00Z,29521.3,29532.0,29521.3,29529.1,188
2026-08-20T05:22:00Z,29529.9,29535.9,29528.5,29535.2,182
2026-08-20T05:23:00Z,29534.4,29541.4,29529.7,29540.9,199
2026-08-20T05:24:00Z,29541.3,29546.6,29540.1,29545.6,195
2026-08-20T05:25:00Z,29545.3,29547.6,29541.7,29547.6,197
2026-08-20T05:26:00Z,29547.9,29553.8,29547.9,29551.4,187
2026-08-20T05:27:00Z,29551.5,29553.9,29549.1,29551.2,192
2026-08-20T05:28:00Z,29551.4,29551.6,29537.9,29539.7,185
2026-08-20T05:29:00Z,29540.0,29543.3,29529.0,29529.7,197
2026-08-20T05:30:00Z,29529.8,29546.9,29524.0,29524.0,223
2026-08-20T05:31:00Z,29525.0,29528.6,29525.0,29528.4,206
2026-08-20T05:32:00Z,29527.6,29529.4,29522.2,29524.0,189
2026-08-20T05:33:00Z,29524.3,29529.6,29521.2,29527.2,201
2026-08-20T05:34:00Z,29527.7,29528.8,29524.4,29525.6,199
2026-08-20T05:35:00Z,29525.7,29527.4,29521.8,29527.4,183
2026-08-20T05:36:00Z,29527.0,29527.7,29517.2,29519.9,210
2026-08-20T05:37:00Z,29519.5,29521.3,29518.2,29520.3,191
2026-08-20T05:38:00Z,29519.6,29524.7,29517.8,29523.1,190
2026-08-20T05:39:00Z,29522.0,29526.3,29518.7,29525.6,197
2026-08-20T05:40:00Z,29525.5,29526.7,29519.5,29523.8,185
2026-08-20T05:41:00Z,29524.1,29525.2,29520.1,29524.7,169
2026-08-20T05:42:00Z,29524.9,29534.9,29524.9,29533.2,193
2026-08-20T05:43:00Z,29533.8,29535.6,29531.6,29533.7,186
2026-08-20T05:44:00Z,29534.2,29539.9,29527.1,29527.1,189
2026-08-20T05:45:00Z,29528.2,29528.2,29516.0,29517.1,210
2026-08-20T05:46:00Z,29516.3,29522.3,29514.8,29522.1,181
2026-08-20T05:47:00Z,29522.4,29530.8,29522.2,29529.3,209
2026-08-20T05:48:00Z,29529.2,29529.2,29524.2,29526.4,169
2026-08-20T05:49:00Z,29525.9,29527.2,29522.5,29526.4,175
2026-08-20T05:50:00Z,29525.8,29528.1,29520.8,29527.9,189
2026-08-20T05:51:00Z,29527.7,29528.1,29518.3,29518.3,188
2026-08-20T05:52:00Z,29518.2,29524.1,29517.4,29523.0,195
2026-08-20T05:53:00Z,29523.2,29524.8,29515.2,29515.9,179
2026-08-20T05:54:00Z,29515.7,29516.5,29512.6,29514.5,179
2026-08-20T05:55:00Z,29514.4,29523.7,29513.7,29523.2,182
2026-08-20T05:56:00Z,29523.3,29523.5,29517.4,29517.4,163
2026-08-20T05:57:00Z,29517.5,29523.0,29516.9,29520.5,183
2026-08-20T05:58:00Z,29520.7,29521.2,29516.1,29518.9,181
2026-08-20T05:59:00Z,29519.0,29520.4,29515.9,29518.7,179
2026-08-20T06:00:00Z,29518.8,29529.1,29518.3,29519.6,215
2026-08-20T06:01:00Z,29521.6,29523.4,29516.4,29522.1,211
2026-08-20T06:02:00Z,29522.7,29540.8,29522.5,29540.6,196
2026-08-20T06:03:00Z,29540.8,29540.8,29527.0,29537.1,211
2026-08-20T06:04:00Z,29536.9,29545.5,29532.3,29544.6,216
2026-08-20T06:05:00Z,29545.5,29558.7,29544.1,29558.7,214
2026-08-20T06:06:00Z,29558.8,29565.0,29554.2,29563.7,208
2026-08-20T06:07:00Z,29563.2,29567.5,29560.1,29565.7,204
2026-08-20T06:08:00Z,29565.1,29567.2,29562.1,29563.0,191
2026-08-20T06:09:00Z,29562.9,29570.1,29561.7,29569.5,187
2026-08-20T06:10:00Z,29569.4,29576.3,29568.7,29575.7,198
2026-08-20T06:11:00Z,29575.8,29579.1,29573.0,29578.6,203
2026-08-20T06:12:00Z,29578.3,29578.9,29569.5,29570.4,189
2026-08-20T06:13:00Z,29570.1,29571.2,29563.9,29566.7,196
2026-08-20T06:14:00Z,29566.6,29577.2,29565.6,29572.4,201
2026-08-20T06:15:00Z,29572.6,29573.6,29564.9,29568.7,183
2026-08-20T06:16:00Z,29568.5,29568.7,29561.1,29561.2,199
2026-08-20T06:17:00Z,29561.7,29570.6,29561.7,29567.6,195
2026-08-20T06:18:00Z,29568.1,29568.1,29551.7,29552.8,198
2026-08-20T06:19:00Z,29553.1,29567.2,29552.3,29565.8,178
2026-08-20T06:20:00Z,29565.9,29566.8,29559.9,29563.5,203
2026-08-20T06:21:00Z,29563.7,29564.0,29559.2,29560.3,188
2026-08-20T06:22:00Z,29560.2,29563.2,29558.7,29558.9,176
2026-08-20T06:23:00Z,29559.4,29564.7,29558.5,29564.2,170
2026-08-20T06:24:00Z,29564.4,29568.8,29563.7,29568.2,189
2026-08-20T06:25:00Z,29568.4,29568.4,29553.7,29556.2,207
2026-08-20T06:26:00Z,29556.4,29558.8,29553.8,29555.4,174
2026-08-20T06:27:00Z,29555.2,29558.0,29555.2,29555.9,162
2026-08-20T06:28:00Z,29556.1,29564.4,29555.9,29564.4,192
2026-08-20T06:29:00Z,29563.9,29568.4,29562.8,29567.4,192
2026-08-20T06:30:00Z,29566.4,29571.4,29560.5,29568.7,211
2026-08-20T06:31:00Z,29568.0,29573.6,29566.3,29568.9,192
2026-08-20T06:32:00Z,29569.0,29575.3,29569.0,29574.6,196
2026-08-20T06:33:00Z,29575.6,29577.9,29573.7,29576.4,170
2026-08-20T06:34:00Z,29576.5,29589.3,29575.2,29588.1,195
2026-08-20T06:35:00Z,29588.3,29589.0,29580.7,29589.0,165
2026-08-20T06:36:00Z,29589.1,29589.9,29579.7,29579.7,171
2026-08-20T06:37:00Z,29579.4,29582.5,29577.9,29577.9,183
2026-08-20T06:38:00Z,29578.3,29578.3,29573.3,29573.3,176
2026-08-20T06:39:00Z,29573.7,29575.1,29570.9,29572.0,164
2026-08-20T06:40:00Z,29571.8,29577.6,29569.2,29577.6,180
2026-08-20T06:41:00Z,29577.8,29585.2,29576.8,29585.1,178
2026-08-20T06:42:00Z,29585.0,29586.6,29580.2,29585.9,181
2026-08-20T06:43:00Z,29586.1,29589.8,29584.5,29584.8,164
2026-08-20T06:44:00Z,29585.7,29586.2,29581.9,29584.5,165
2026-08-20T06:45:00Z,29585.4,29594.9,29585.4,29593.1,167
2026-08-20T06:46:00Z,29591.9,29597.0,29591.9,29595.9,164
2026-08-20T06:47:00Z,29596.0,29596.8,29588.4,29588.4,163
2026-08-20T06:48:00Z,29588.6,29592.9,29584.1,29592.9,190
2026-08-20T06:49:00Z,29594.4,29594.4,29585.5,29586.0,184
2026-08-20T06:50:00Z,29586.7,29587.5,29583.6,29583.8,177
2026-08-20T06:51:00Z,29584.4,29592.9,29583.3,29588.6,188
2026-08-20T06:52:00Z,29588.5,29598.3,29588.2,29596.5,160
2026-08-20T06:53:00Z,29596.2,29596.6,29585.1,29585.1,168
2026-08-20T06:54:00Z,29585.2,29589.7,29581.0,29588.4,192
2026-08-20T06:55:00Z,29588.1,29591.7,29585.7,29587.7,154
2026-08-20T06:56:00Z,29589.2,29591.4,29588.7,29589.7,165
2026-08-20T06:57:00Z,29589.6,29590.8,29584.4,29586.5,195
2026-08-20T06:58:00Z,29586.7,29587.6,29579.9,29583.1,187
2026-08-20T06:59:00Z,29583.5,29590.7,29583.5,29585.1,186
2026-08-20T07:00:00Z,29583.6,29583.6,29566.8,29566.8,223
2026-08-20T07:01:00Z,29567.4,29569.4,29555.0,29556.1,231
2026-08-20T07:02:00Z,29555.5,29559.6,29551.0,29552.2,211
2026-08-20T07:03:00Z,29552.1,29553.6,29546.0,29553.6,208
2026-08-20T07:04:00Z,29553.7,29567.4,29550.0,29565.5,202
2026-08-20T07:05:00Z,29565.2,29574.6,29558.6,29574.6,211
2026-08-20T07:06:00Z,29574.7,29576.0,29568.9,29576.0,211
2026-08-20T07:07:00Z,29578.1,29580.1,29565.6,29565.6,206
2026-08-20T07:08:00Z,29565.3,29579.0,29564.0,29577.3,206
2026-08-20T07:09:00Z,29577.9,29580.4,29573.1,29579.3,211
2026-08-20T07:10:00Z,29579.4,29583.3,29575.8,29576.3,199
2026-08-20T07:11:00Z,29576.2,29581.4,29572.9,29576.1,199
2026-08-20T07:12:00Z,29576.0,29579.0,29554.8,29554.9,211
2026-08-20T07:13:00Z,29556.7,29558.6,29551.9,29556.3,211
2026-08-20T07:14:00Z,29554.8,29557.7,29550.4,29550.8,193
2026-08-20T07:15:00Z,29550.4,29555.6,29550.4,29553.5,184
2026-08-20T07:16:00Z,29552.9,29553.4,29547.1,29548.9,213
2026-08-20T07:17:00Z,29548.5,29555.9,29548.5,29553.8,177
2026-08-20T07:18:00Z,29553.9,29555.4,29552.4,29553.8,174
2026-08-20T07:19:00Z,29555.2,29556.4,29548.6,29550.6,188
2026-08-20T07:20:00Z,29551.9,29554.9,29549.7,29554.6,203
2026-08-20T07:21:00Z,29554.7,29561.0,29553.5,29555.0,206
2026-08-20T07:22:00Z,29554.4,29555.8,29549.7,29550.3,194
2026-08-20T07:23:00Z,29550.5,29550.5,29529.5,29530.8,208
2026-08-20T07:24:00Z,29530.6,29534.6,29526.0,29531.2,209
2026-08-20T07:25:00Z,29532.0,29533.0,29527.9,29530.0,189
2026-08-20T07:26:00Z,29530.6,29531.2,29527.4,29528.9,191
2026-08-20T07:27:00Z,29528.7,29528.8,29518.5,29525.4,195
2026-08-20T07:28:00Z,29523.5,29538.2,29522.4,29536.3,203
2026-08-20T07:29:00Z,29536.1,29539.7,29528.1,29528.2,200
2026-08-20T07:30:00Z,29529.0,29529.0,29509.6,29515.2,217
2026-08-20T07:31:00Z,29516.5,29517.6,29508.8,29513.2,219
2026-08-20T07:32:00Z,29513.5,29527.4,29509.2,29527.0,208
2026-08-20T07:33:00Z,29527.2,29530.7,29520.3,29530.7,205
2026-08-20T07:34:00Z,29530.8,29541.9,29528.0,29537.1,203
2026-08-20T07:35:00Z,29537.2,29547.5,29537.2,29539.5,198
2026-08-20T07:36:00Z,29536.3,29538.9,29533.5,29535.3,209
2026-08-20T07:37:00Z,29535.1,29539.3,29528.3,29530.5,208
2026-08-20T07:38:00Z,29529.3,29536.1,29525.5,29533.9,202
2026-08-20T07:39:00Z,29533.6,29534.4,29529.9,29533.5,207
2026-08-20T07:40:00Z,29534.1,29536.1,29529.5,29535.8,197
2026-08-20T07:41:00Z,29534.5,29538.1,29530.9,29530.9,197
2026-08-20T07:42:00Z,29531.0,29531.7,29527.0,29531.4,200
2026-08-20T07:43:00Z,29531.2,29531.2,29517.9,29518.9,204
2026-08-20T07:44:00Z,29518.8,29524.6,29517.7,29519.8,183
2026-08-20T07:45:00Z,29519.9,29523.2,29516.6,29520.9,191
2026-08-20T07:46:00Z,29521.0,29525.1,29520.6,29524.8,193
2026-08-20T07:47:00Z,29525.2,29528.9,29522.9,29522.9,182
2026-08-20T07:48:00Z,29523.0,29528.0,29519.6,29528.0,177
2026-08-20T07:49:00Z,29528.5,29549.9,29526.9,29546.2,195
2026-08-20T07:50:00Z,29546.3,29546.3,29533.4,29534.9,214
2026-08-20T07:51:00Z,29533.3,29535.6,29518.4,29526.2,192
2026-08-20T07:52:00Z,29526.1,29526.6,29521.7,29523.7,199
2026-08-20T07:53:00Z,29523.6,29525.9,29520.5,29522.9,183
2026-08-20T07:54:00Z,29523.0,29525.3,29521.2,29522.6,179
2026-08-20T07:55:00Z,29523.1,29524.4,29520.2,29523.2,182
2026-08-20T07:56:00Z,29523.3,29525.4,29508.6,29514.2,191
2026-08-20T07:57:00Z,29514.1,29515.9,29508.6,29510.4,198
2026-08-20T07:58:00Z,29510.5,29512.9,29509.5,29509.9,193
2026-08-20T07:59:00Z,29510.0,29511.6,29506.2,29507.4,177
2026-08-20T08:00:00Z,29503.1,29512.9,29498.4,29504.5,233
2026-08-20T08:01:00Z,29505.5,29517.2,29503.9,29514.5,224
2026-08-20T08:02:00Z,29515.0,29517.0,29496.2,29496.2,216
2026-08-20T08:03:00Z,29495.2,29495.3,29474.6,29478.5,230
2026-08-20T08:04:00Z,29475.0,29480.7,29471.9,29473.6,211
2026-08-20T08:05:00Z,29471.9,29476.5,29463.1,29468.8,224
2026-08-20T08:06:00Z,29468.1,29484.9,29466.6,29469.5,227
2026-08-20T08:07:00Z,29470.0,29483.8,29465.7,29479.9,227
2026-08-20T08:08:00Z,29479.6,29483.9,29474.6,29482.1,204
2026-08-20T08:09:00Z,29481.8,29490.9,29473.2,29473.8,219
2026-08-20T08:10:00Z,29472.5,29472.5,29441.0,29442.0,222
2026-08-20T08:11:00Z,29441.5,29448.9,29433.6,29443.4,222
2026-08-20T08:12:00Z,29443.5,29451.5,29441.6,29449.5,220
2026-08-20T08:13:00Z,29450.4,29454.4,29439.1,29439.6,208
2026-08-20T08:14:00Z,29440.2,29453.3,29440.2,29450.8,226
2026-08-20T08:15:00Z,29450.2,29454.6,29443.6,29451.2,220
2026-08-20T08:16:00Z,29450.5,29451.1,29439.1,29446.7,214
2026-08-20T08:17:00Z,29446.8,29461.3,29444.4,29455.5,209
2026-08-20T08:18:00Z,29456.5,29457.1,29429.2,29457.1,212
2026-08-20T08:19:00Z,29457.5,29459.7,29446.8,29448.0,213
2026-08-20T08:20:00Z,29449.0,29451.9,29444.0,29450.4,221
2026-08-20T08:21:00Z,29449.9,29454.5,29444.6,29450.8,225
2026-08-20T08:22:00Z,29450.5,29453.9,29448.0,29449.5,224
2026-08-20T08:23:00Z,29449.1,29449.8,29423.3,29431.6,219
2026-08-20T08:24:00Z,29431.2,29432.3,29417.9,29422.1,212
2026-08-20T08:25:00Z,29422.3,29427.4,29416.8,29418.0,202
2026-08-20T08:26:00Z,29417.6,29424.0,29413.1,29423.8,213
2026-08-20T08:27:00Z,29422.9,29423.6,29413.6,29422.7,212
2026-08-20T08:28:00Z,29420.4,29420.4,29411.2,29413.4,189
2026-08-20T08:29:00Z,29413.7,29418.9,29409.3,29414.6,217
2026-08-20T08:30:00Z,29415.2,29415.2,29397.0,29400.3,220
2026-08-20T08:31:00Z,29399.9,29399.9,29387.6,29390.6,223
2026-08-20T08:32:00Z,29389.6,29394.2,29386.3,29388.8,218
2026-08-20T08:33:00Z,29389.2,29397.3,29385.0,29388.0,228
2026-08-20T08:34:00Z,29388.3,29398.0,29380.8,29381.2,224
2026-08-20T08:35:00Z,29380.6,29397.7,29378.5,29397.0,217
2026-08-20T08:36:00Z,29396.8,29417.8,29396.8,29417.8,205
2026-08-20T08:37:00Z,29417.9,29420.8,29408.2,29416.1,217
2026-08-20T08:38:00Z,29416.3,29428.5,29414.7,29428.5,223
2026-08-20T08:39:00Z,29428.5,29429.3,29424.8,29429.3,199
2026-08-20T08:40:00Z,29431.1,29433.6,29426.5,29433.1,204
2026-08-20T08:41:00Z,29433.3,29433.5,29421.9,29427.7,206
2026-08-20T08:42:00Z,29426.6,29435.0,29426.6,29435.0,210
2026-08-20T08:43:00Z,29436.4,29436.4,29424.6,29424.6,200
2026-08-20T08:44:00Z,29424.3,29431.9,29412.5,29412.5,223
2026-08-20T08:45:00Z,29412.7,29416.8,29405.1,29415.4,220
2026-08-20T08:46:00Z,29414.7,29415.3,29380.8,29381.3,217
2026-08-20T08:47:00Z,29380.7,29399.5,29379.4,29382.5,226
2026-08-20T08:48:00Z,29383.3,29384.2,29368.8,29381.7,225
2026-08-20T08:49:00Z,29381.4,29386.8,29378.3,29386.3,196
2026-08-20T08:50:00Z,29387.3,29403.2,29384.9,29403.2,218
2026-08-20T08:51:00Z,29403.3,29406.2,29398.2,29399.2,209
2026-08-20T08:52:00Z,29398.7,29402.8,29394.4,29399.8,206
2026-08-20T08:53:00Z,29399.4,29407.5,29396.9,29399.0,211
2026-08-20T08:54:00Z,29398.7,29402.0,29392.5,29399.2,187
2026-08-20T08:55:00Z,29399.3,29400.0,29379.0,29382.8,213
2026-08-20T08:56:00Z,29382.5,29396.1,29381.9,29395.8,218
2026-08-20T08:57:00Z,29395.9,29395.9,29387.2,29391.0,207
2026-08-20T08:58:00Z,29390.7,29394.8,29383.8,29390.0,191
2026-08-20T08:59:00Z,29389.8,29392.6,29380.2,29389.8,198
2026-08-20T09:00:00Z,29390.0,29392.5,29380.4,29380.9,214
2026-08-20T09:01:00Z,29381.5,29414.4,29381.2,29410.3,204
2026-08-20T09:02:00Z,29409.9,29415.5,29408.2,29411.7,206
2026-08-20T09:03:00Z,29410.2,29419.8,29410.2,29418.4,208
2026-08-20T09:04:00Z,29418.0,29427.9,29415.7,29425.7,211
2026-08-20T09:05:00Z,29425.6,29428.5,29410.3,29413.3,212
2026-08-20T09:06:00Z,29413.5,29442.6,29411.4,29442.6,220
2026-08-20T09:07:00Z,29442.7,29442.7,29426.3,29438.7,207
2026-08-20T09:08:00Z,29438.6,29452.1,29435.1,29451.2,200
2026-08-20T09:09:00Z,29452.4,29455.1,29450.8,29453.7,212
2026-08-20T09:10:00Z,29451.7,29456.6,29446.7,29449.7,194
2026-08-20T09:11:00Z,29449.5,29449.5,29430.9,29435.5,213
2026-08-20T09:12:00Z,29436.6,29441.3,29429.2,29432.0,214
2026-08-20T09:13:00Z,29432.1,29434.3,29424.2,29429.0,201
2026-08-20T09:14:00Z,29429.8,29439.1,29429.8,29437.1,209
2026-08-20T09:15:00Z,29436.1,29446.3,29431.9,29445.6,201
2026-08-20T09:16:00Z,29446.5,29447.4,29433.3,29433.4,208
2026-08-20T09:17:00Z,29433.2,29435.2,29428.2,29428.6,197
2026-08-20T09:18:00Z,29428.8,29444.1,29425.7,29443.7,186
2026-08-20T09:19:00Z,29443.5,29443.6,29436.4,29436.4,209
2026-08-20T09:20:00Z,29437.0,29439.0,29430.1,29434.8,190
2026-08-20T09:21:00Z,29435.2,29440.8,29432.5,29440.1,203
2026-08-20T09:22:00Z,29439.0,29447.4,29437.2,29447.4,196
2026-08-20T09:23:00Z,29447.7,29447.7,29442.0,29444.5,185
2026-08-20T09:24:00Z,29444.4,29448.0,29443.6,29446.1,173
2026-08-20T09:25:00Z,29446.0,29450.1,29443.9,29447.7,172
2026-08-20T09:26:00Z,29447.9,29454.6,29447.3,29454.2,178
2026-08-20T09:27:00Z,29454.0,29455.6,29448.8,29451.5,205
2026-08-20T09:28:00Z,29451.1,29451.1,29445.6,29446.8,187
2026-08-20T09:29:00Z,29446.2,29446.7,29440.6,29441.6,208
2026-08-20T09:30:00Z,29442.6,29443.1,29437.3,29440.8,192
2026-08-20T09:31:00Z,29437.8,29440.7,29433.1,29433.1,211
2026-08-20T09:32:00Z,29433.7,29442.9,29429.2,29429.2,197
2026-08-20T09:33:00Z,29428.0,29430.2,29425.8,29427.8,211
2026-08-20T09:34:00Z,29427.6,29428.7,29425.3,29427.3,202
2026-08-20T09:35:00Z,29426.8,29427.8,29420.3,29420.8,214
2026-08-20T09:36:00Z,29420.7,29432.9,29420.6,29428.6,203
2026-08-20T09:37:00Z,29428.7,29432.2,29424.9,29428.4,208
2026-08-20T09:38:00Z,29428.5,29435.6,29425.7,29431.7,198
2026-08-20T09:39:00Z,29432.8,29436.7,29430.3,29435.6,195
2026-08-20T09:40:00Z,29435.5,29449.0,29431.9,29446.1,198
2026-08-20T09:41:00Z,29446.2,29446.2,29424.5,29427.1,215
2026-08-20T09:42:00Z,29427.4,29447.6,29427.4,29447.4,212
2026-08-20T09:43:00Z,29447.3,29447.3,29442.8,29445.3,202
2026-08-20T09:44:00Z,29444.2,29450.6,29444.0,29448.3,187
2026-08-20T09:45:00Z,29447.9,29459.7,29447.4,29453.3,187
2026-08-20T09:46:00Z,29454.1,29457.8,29453.0,29454.9,203
2026-08-20T09:47:00Z,29454.6,29454.9,29445.5,29446.6,194
2026-08-20T09:48:00Z,29446.9,29449.8,29444.1,29447.4,178
2026-08-20T09:49:00Z,29447.3,29448.8,29444.2,29445.8,189
2026-08-20T09:50:00Z,29445.3,29449.1,29437.6,29447.2,219
2026-08-20T09:51:00Z,29447.0,29450.1,29437.0,29440.2,193
2026-08-20T09:52:00Z,29439.9,29442.0,29425.9,29430.3,196
2026-08-20T09:53:00Z,29431.0,29437.0,29428.7,29431.0,215
2026-08-20T09:54:00Z,29431.5,29447.7,29431.0,29443.2,190
2026-08-20T09:55:00Z,29444.0,29444.9,29440.3,29442.7,192
2026-08-20T09:56:00Z,29442.5,29446.8,29441.1,29442.9,167
2026-08-20T09:57:00Z,29443.1,29444.8,29440.5,29442.1,201
2026-08-20T09:58:00Z,29441.9,29447.9,29441.4,29443.9,199
2026-08-20T09:59:00Z,29443.4,29448.0,29440.5,29440.5,188
2026-08-20T10:00:00Z,29440.4,29448.7,29425.3,29448.7,208
2026-08-20T10:01:00Z,29448.5,29448.7,29437.5,29444.2,225
2026-08-20T10:02:00Z,29444.5,29447.4,29433.8,29436.1,222
2026-08-20T10:03:00Z,29436.2,29449.2,29435.9,29448.6,187
2026-08-20T10:04:00Z,29448.4,29452.4,29445.7,29448.1,196
2026-08-20T10:05:00Z,29448.2,29449.1,29441.4,29442.5,200
2026-08-20T10:06:00Z,29442.6,29452.7,29441.2,29449.9,188
2026-08-20T10:07:00Z,29450.3,29450.7,29442.0,29445.5,186
2026-08-20T10:08:00Z,29445.3,29454.5,29442.3,29454.2,196
2026-08-20T10:09:00Z,29454.2,29460.6,29453.4,29460.0,195
2026-08-20T10:10:00Z,29460.5,29462.6,29455.2,29457.6,216
2026-08-20T10:11:00Z,29459.0,29468.1,29458.3,29467.1,197
2026-08-20T10:12:00Z,29467.0,29474.6,29466.5,29471.1,196
2026-08-20T10:13:00Z,29470.9,29471.6,29465.9,29467.4,205
2026-08-20T10:14:00Z,29467.5,29472.6,29466.3,29470.2,199
2026-08-20T10:15:00Z,29470.1,29471.6,29468.4,29468.4,167
2026-08-20T10:16:00Z,29468.1,29468.8,29458.3,29458.3,191
2026-08-20T10:17:00Z,29458.7,29459.8,29453.4,29459.6,203
2026-08-20T10:18:00Z,29459.7,29463.9,29456.7,29459.0,217
2026-08-20T10:19:00Z,29459.1,29461.7,29457.0,29460.1,173
2026-08-20T10:20:00Z,29460.3,29465.1,29454.7,29456.8,209
2026-08-20T10:21:00Z,29456.5,29463.3,29456.2,29459.3,174
2026-08-20T10:22:00Z,29458.9,29464.9,29456.6,29463.7,190
2026-08-20T10:23:00Z,29463.5,29465.9,29459.4,29459.6,188
2026-08-20T10:24:00Z,29459.4,29466.4,29454.6,29464.9,185
2026-08-20T10:25:00Z,29465.2,29466.9,29452.6,29454.5,204
2026-08-20T10:26:00Z,29454.2,29457.2,29440.0,29453.5,221
2026-08-20T10:27:00Z,29453.8,29459.3,29448.5,29450.2,191
2026-08-20T10:28:00Z,29450.1,29450.8,29447.5,29448.7,202
2026-08-20T10:29:00Z,29448.8,29453.8,29448.6,29449.9,194
2026-08-20T10:30:00Z,29449.4,29453.5,29446.8,29449.0,193
2026-08-20T10:31:00Z,29448.6,29452.1,29446.5,29447.0,178
2026-08-20T10:32:00Z,29447.1,29459.7,29444.7,29458.6,193
2026-08-20T10:33:00Z,29458.5,29461.3,29453.6,29455.6,191
2026-08-20T10:34:00Z,29456.7,29457.0,29442.2,29443.3,193
2026-08-20T10:35:00Z,29442.9,29443.9,29433.9,29434.0,195
2026-08-20T10:36:00Z,29434.4,29460.6,29429.4,29439.3,219
2026-08-20T10:37:00Z,29439.1,29452.8,29438.3,29452.8,215
2026-08-20T10:38:00Z,29453.8,29453.9,29444.5,29448.2,195
2026-08-20T10:39:00Z,29448.0,29454.7,29438.4,29438.4,197
2026-08-20T10:40:00Z,29437.9,29444.8,29437.9,29441.5,201
2026-08-20T10:41:00Z,29440.8,29442.7,29430.7,29432.4,211
2026-08-20T10:42:00Z,29433.0,29440.6,29433.0,29435.6,196
2026-08-20T10:43:00Z,29435.2,29437.3,29432.6,29437.1,196
2026-08-20T10:44:00Z,29437.2,29438.5,29434.6,29437.8,197
2026-08-20T10:45:00Z,29438.1,29447.1,29437.8,29444.8,200
2026-08-20T10:46:00Z,29445.1,29447.4,29439.4,29442.8,194
2026-08-20T10:47:00Z,29442.1,29464.6,29442.1,29463.8,215
2026-08-20T10:48:00Z,29464.1,29473.3,29461.6,29471.2,210
2026-08-20T10:49:00Z,29471.5,29471.5,29466.0,29468.6,193
2026-08-20T10:50:00Z,29467.6,29467.6,29463.1,29465.2,178
2026-08-20T10:51:00Z,29464.8,29465.0,29460.5,29461.8,180
2026-08-20T10:52:00Z,29461.2,29472.6,29461.2,29471.3,196
2026-08-20T10:53:00Z,29471.3,29471.7,29458.2,29459.9,181
2026-08-20T10:54:00Z,29458.3,29458.7,29455.3,29456.6,202
2026-08-20T10:55:00Z,29456.7,29458.0,29452.2,29457.0,171
2026-08-20T10:56:00Z,29457.0,29459.2,29455.1,29457.3,199
2026-08-20T10:57:00Z,29457.1,29459.6,29455.7,29457.6,171
2026-08-20T10:58:00Z,29457.7,29465.0,29457.7,29463.5,198
2026-08-20T10:59:00Z,29463.3,29478.9,29463.2,29478.9,184
2026-08-20T11:00:00Z,29479.0,29495.2,29425.5,29425.5,236
2026-08-20T11:01:00Z,29427.1,29432.8,29421.8,29421.8,221
2026-08-20T11:02:00Z,29423.3,29430.3,29417.8,29419.3,217
2026-08-20T11:03:00Z,29419.3,29429.2,29415.0,29417.8,211
2026-08-20T11:04:00Z,29419.0,29425.0,29412.4,29413.0,216
2026-08-20T11:05:00Z,29412.2,29412.9,29402.0,29402.0,213
2026-08-20T11:06:00Z,29400.5,29409.9,29399.9,29403.3,222
2026-08-20T11:07:00Z,29402.2,29403.9,29397.8,29401.8,215
2026-08-20T11:08:00Z,29401.1,29401.1,29394.6,29394.6,205
2026-08-20T11:09:00Z,29394.5,29406.2,29392.1,29404.2,205
2026-08-20T11:10:00Z,29403.5,29403.5,29398.6,29398.7,210
2026-08-20T11:11:00Z,29398.8,29407.1,29396.2,29398.0,205
2026-08-20T11:12:00Z,29398.4,29402.8,29393.3,29394.0,220
2026-08-20T11:13:00Z,29394.4,29395.8,29376.8,29386.7,221
2026-08-20T11:14:00Z,29386.2,29402.8,29384.3,29400.7,213
2026-08-20T11:15:00Z,29401.2,29404.5,29393.2,29394.1,212
2026-08-20T11:16:00Z,29394.0,29410.7,29393.0,29406.0,229
2026-08-20T11:17:00Z,29405.9,29406.2,29397.4,29397.8,199
2026-08-20T11:18:00Z,29397.9,29402.2,29395.9,29398.9,214
2026-08-20T11:19:00Z,29398.8,29398.8,29382.9,29386.2,217
2026-08-20T11:20:00Z,29385.7,29385.7,29372.0,29375.0,209
2026-08-20T11:21:00Z,29375.7,29375.8,29361.4,29361.4,208
2026-08-20T11:22:00Z,29360.5,29370.7,29360.4,29366.4,208
2026-08-20T11:23:00Z,29365.7,29380.0,29364.3,29376.4,221
2026-08-20T11:24:00Z,29376.9,29377.4,29355.0,29362.2,210
2026-08-20T11:25:00Z,29361.5,29371.2,29360.7,29370.8,207
2026-08-20T11:26:00Z,29370.3,29370.4,29349.0,29356.9,210
2026-08-20T11:27:00Z,29356.8,29356.8,29343.8,29346.5,211
2026-08-20T11:28:00Z,29345.8,29346.0,29336.1,29342.3,214
2026-08-20T11:29:00Z,29342.1,29342.3,29335.2,29338.3,199
2026-08-20T11:30:00Z,29338.1,29351.3,29333.1,29334.0,228
2026-08-20T11:31:00Z,29334.1,29356.4,29333.5,29355.6,219
2026-08-20T11:32:00Z,29355.5,29356.7,29351.7,29351.9,208
2026-08-20T11:33:00Z,29351.7,29355.3,29338.7,29345.1,209
2026-08-20T11:34:00Z,29344.8,29348.0,29338.3,29344.0,214
2026-08-20T11:35:00Z,29344.2,29349.2,29338.4,29338.4,213
2026-08-20T11:36:00Z,29338.8,29351.1,29333.6,29333.9,221
2026-08-20T11:37:00Z,29334.2,29353.6,29333.0,29343.6,222
2026-08-20T11:38:00Z,29343.2,29356.7,29342.6,29355.3,214
2026-08-20T11:39:00Z,29352.5,29362.1,29352.5,29361.1,215
2026-08-20T11:40:00Z,29361.7,29366.9,29353.3,29363.5,211
2026-08-20T11:41:00Z,29363.8,29363.8,29331.4,29346.3,224
2026-08-20T11:42:00Z,29344.9,29360.9,29343.2,29359.1,221
2026-08-20T11:43:00Z,29358.4,29358.4,29344.8,29345.9,207
2026-08-20T11:44:00Z,29346.7,29347.2,29336.1,29336.3,205
2026-08-20T11:45:00Z,29337.0,29337.0,29328.1,29329.1,220
2026-08-20T11:46:00Z,29329.0,29329.4,29303.4,29304.0,225
2026-08-20T11:47:00Z,29303.2,29317.3,29302.4,29316.3,216
2026-08-20T11:48:00Z,29315.6,29315.6,29286.6,29293.4,229
2026-08-20T11:49:00Z,29293.6,29307.7,29292.1,29297.4,225
2026-08-20T11:50:00Z,29296.0,29309.4,29291.1,29301.7,222
2026-08-20T11:51:00Z,29301.4,29307.6,29293.9,29307.5,218
2026-08-20T11:52:00Z,29307.2,29308.1,29290.3,29302.8,224
2026-08-20T11:53:00Z,29300.9,29302.4,29295.0,29299.3,213
2026-08-20T11:54:00Z,29298.5,29300.1,29286.0,29286.0,216
2026-08-20T11:55:00Z,29281.5,29292.1,29277.8,29283.5,205
2026-08-20T11:56:00Z,29283.6,29285.5,29266.0,29269.4,226
2026-08-20T11:57:00Z,29266.8,29271.6,29262.3,29268.9,220
2026-08-20T11:58:00Z,29269.0,29274.6,29265.3,29269.9,207
2026-08-20T11:59:00Z,29270.4,29275.4,29268.1,29273.9,213
2026-08-20T12:00:00Z,29275.2,29278.4,29265.4,29265.4,224
2026-08-20T12:01:00Z,29265.6,29287.5,29260.8,29285.6,218
2026-08-20T12:02:00Z,29285.1,29286.5,29258.7,29258.7,219
2026-08-20T12:03:00Z,29258.2,29259.8,29241.0,29247.2,234
2026-08-20T12:04:00Z,29246.8,29248.4,29220.3,29230.3,228
2026-08-20T12:05:00Z,29231.4,29237.1,29223.1,29223.6,228
2026-08-20T12:06:00Z,29224.2,29229.2,29211.8,29214.4,226
2026-08-20T12:07:00Z,29215.2,29225.3,29209.2,29211.2,234
2026-08-20T12:08:00Z,29211.3,29225.1,29207.5,29221.5,223
2026-08-20T12:09:00Z,29220.9,29223.4,29203.8,29210.9,229
2026-08-20T12:10:00Z,29211.1,29212.1,29200.8,29207.9,235
2026-08-20T12:11:00Z,29206.4,29207.3,29195.0,29199.1,226
2026-08-20T12:12:00Z,29198.2,29204.2,29178.5,29178.5,228
2026-08-20T12:13:00Z,29177.4,29202.2,29177.4,29195.5,223
2026-08-20T12:14:00Z,29195.2,29200.4,29185.4,29186.2,228
2026-08-20T12:15:00Z,29185.1,29206.4,29181.1,29191.0,231
2026-08-20T12:16:00Z,29191.3,29201.1,29182.7,29194.8,229
2026-08-20T12:17:00Z,29195.0,29195.7,29179.7,29189.3,225
2026-08-20T12:18:00Z,29187.9,29195.6,29177.7,29178.9,216
2026-08-20T12:19:00Z,29180.2,29187.6,29179.2,29185.7,218
2026-08-20T12:20:00Z,29184.9,29200.4,29183.7,29197.9,223
2026-08-20T12:21:00Z,29195.7,29207.7,29192.9,29207.7,223
2026-08-20T12:22:00Z,29213.1,29213.2,29188.6,29201.3,227
2026-08-20T12:23:00Z,29200.6,29211.8,29199.9,29201.6,228
2026-08-20T12:24:00Z,29201.8,29218.8,29201.8,29213.4,228
2026-08-20T12:25:00Z,29212.8,29212.8,29200.5,29205.0,234
2026-08-20T12:26:00Z,29204.5,29204.5,29192.8,29200.5,213
2026-08-20T12:27:00Z,29198.6,29209.6,29193.9,29202.4,221
2026-08-20T12:28:00Z,29201.4,29206.4,29191.8,29194.2,222
2026-08-20T12:29:00Z,29194.3,29194.3,29187.0,29187.2,191
2026-08-20T12:30:00Z,29191.0,29194.5,29169.0,29191.7,229
2026-08-20T12:31:00Z,29191.4,29192.4,29167.7,29168.6,225
2026-08-20T12:32:00Z,29169.0,29185.0,29166.8,29184.1,234
2026-08-20T12:33:00Z,29183.7,29186.1,29170.6,29183.0,220
2026-08-20T12:34:00Z,29182.9,29189.7,29176.2,29181.3,222
2026-08-20T12:35:00Z,29180.3,29180.4,29158.6,29161.6,219
2026-08-20T12:36:00Z,29161.5,29174.0,29154.1,29173.4,227
2026-08-20T12:37:00Z,29173.0,29174.6,29159.2,29173.5,223
2026-08-20T12:38:00Z,29174.1,29176.2,29162.8,29169.0,226
2026-08-20T12:39:00Z,29169.5,29181.6,29163.7,29180.3,236
2026-08-20T12:40:00Z,29179.9,29191.0,29173.8,29190.2,221
2026-08-20T12:41:00Z,29190.1,29191.4,29186.7,29187.4,218
2026-08-20T12:42:00Z,29186.4,29191.5,29182.0,29185.7,222
2026-08-20T12:43:00Z,29186.3,29200.6,29182.5,29200.6,214
2026-08-20T12:44:00Z,29200.9,29205.1,29197.9,29203.3,217
2026-08-20T12:45:00Z,29202.9,29203.9,29197.4,29199.4,228
2026-08-20T12:46:00Z,29200.1,29212.5,29200.1,29204.0,204
2026-08-20T12:47:00Z,29205.6,29213.9,29205.1,29211.1,216
2026-08-20T12:48:00Z,29211.9,29217.3,29210.2,29214.4,208
2026-08-20T12:49:00Z,29214.6,29226.7,29214.6,29226.1,210
2026-08-20T12:50:00Z,29225.4,29234.1,29225.4,29232.2,225
2026-08-20T12:51:00Z,29232.3,29238.6,29227.6,29234.3,221
2026-08-20T12:52:00Z,29235.4,29245.6,29232.7,29245.6,214
2026-08-20T12:53:00Z,29244.4,29256.1,29244.4,29248.8,222
2026-08-20T12:54:00Z,29248.4,29259.8,29248.4,29258.5,201
2026-08-20T12:55:00Z,29258.9,29259.9,29249.6,29257.6,220
2026-08-20T12:56:00Z,29257.5,29257.8,29250.3,29254.3,204
2026-08-20T12:57:00Z,29255.1,29256.9,29249.4,29252.4,223
2026-08-20T12:58:00Z,29252.8,29257.7,29250.0,29255.7,206
2026-08-20T12:59:00Z,29255.0,29262.7,29254.4,29259.2,202
2026-08-20T13:00:00Z,29260.0,29280.7,29256.7,29272.1,226
2026-08-20T13:01:00Z,29271.8,29272.8,29264.0,29267.7,226
2026-08-20T13:02:00Z,29267.6,29271.4,29262.6,29270.2,231
2026-08-20T13:03:00Z,29269.4,29274.1,29265.6,29271.2,219
2026-08-20T13:04:00Z,29271.4,29285.6,29271.4,29277.8,209
2026-08-20T13:05:00Z,29279.2,29285.3,29277.9,29282.9,219
2026-08-20T13:06:00Z,29282.6,29283.8,29273.5,29273.5,208
2026-08-20T13:07:00Z,29273.7,29281.9,29268.9,29269.4,226
2026-08-20T13:08:00Z,29269.7,29271.6,29261.8,29268.0,207
2026-08-20T13:09:00Z,29266.5,29269.1,29257.1,29258.4,208
2026-08-20T13:10:00Z,29258.2,29261.8,29254.2,29255.9,210
2026-08-20T13:11:00Z,29256.7,29264.0,29250.2,29255.6,216
2026-08-20T13:12:00Z,29257.9,29258.2,29252.7,29254.2,205
2026-08-20T13:13:00Z,29254.0,29261.6,29251.3,29253.4,215
2026-08-20T13:14:00Z,29254.5,29255.2,29246.9,29251.2,204
2026-08-20T13:15:00Z,29251.3,29254.2,29245.5,29249.2,230
2026-08-20T13:16:00Z,29250.6,29254.4,29243.7,29248.5,205
2026-08-20T13:17:00Z,29248.3,29254.5,29242.8,29247.2,222
2026-08-20T13:18:00Z,29247.3,29261.2,29244.4,29257.2,223
2026-08-20T13:19:00Z,29256.9,29257.9,29249.3,29251.2,213
2026-08-20T13:20:00Z,29251.4,29253.0,29237.2,29243.1,212
2026-08-20T13:21:00Z,29242.9,29257.2,29242.4,29246.2,221
2026-08-20T13:22:00Z,29245.4,29252.6,29244.7,29249.1,219
2026-08-20T13:23:00Z,29249.7,29255.8,29246.8,29252.2,204
2026-08-20T13:24:00Z,29251.8,29261.1,29250.5,29260.7,200
2026-08-20T13:25:00Z,29263.6,29281.4,29261.9,29281.4,220
2026-08-20T13:26:00Z,29281.8,29281.8,29268.2,29272.0,224
2026-08-20T13:27:00Z,29271.8,29274.9,29249.3,29249.6,222
2026-08-20T13:28:00Z,29258.7,29266.9,29257.6,29263.0,227
2026-08-20T13:29:00Z,29262.7,29271.3,29262.7,29266.6,227
2026-08-20T13:30:00Z,29264.1,29303.6,29253.5,29259.3,233
2026-08-20T13:31:00Z,29260.5,29345.9,29258.8,29339.9,236
2026-08-20T13:32:00Z,29339.1,29341.6,29303.7,29330.5,229
2026-08-20T13:33:00Z,29329.6,29329.6,29304.8,29326.5,238
2026-08-20T13:34:00Z,29326.6,29327.3,29295.0,29315.9,239
2026-08-20T13:35:00Z,29313.2,29371.4,29286.6,29360.7,240
2026-08-20T13:36:00Z,29362.2,29377.5,29353.3,29360.7,236
2026-08-20T13:37:00Z,29362.2,29382.5,29352.3,29357.9,238
2026-08-20T13:38:00Z,29356.8,29371.1,29346.5,29353.2,237
2026-08-20T13:39:00Z,29350.9,29378.6,29350.9,29351.7,230
2026-08-20T13:40:00Z,29349.8,29351.6,29305.0,29316.6,234
2026-08-20T13:41:00Z,29316.0,29364.1,29303.5,29347.1,234
2026-08-20T13:42:00Z,29346.5,29369.6,29334.1,29353.9,237
2026-08-20T13:43:00Z,29355.2,29365.0,29344.4,29364.2,234
2026-08-20T13:44:00Z,29365.7,29369.6,29355.7,29356.7,221
2026-08-20T13:45:00Z,29354.7,29371.4,29308.4,29323.5,237
2026-08-20T13:46:00Z,29326.6,29329.3,29305.4,29311.6,237
2026-08-20T13:47:00Z,29307.1,29309.6,29288.0,29299.7,227
2026-08-20T13:48:00Z,29300.5,29311.9,29279.9,29281.0,233
2026-08-20T13:49:00Z,29281.7,29304.4,29265.1,29298.1,236
2026-08-20T13:50:00Z,29297.1,29304.2,29267.7,29290.5,235
2026-08-20T13:51:00Z,29290.2,29298.0,29250.5,29274.2,240
2026-08-20T13:52:00Z,29273.3,29275.8,29236.6,29236.6,236
2026-08-20T13:53:00Z,29235.0,29266.7,29223.3,29241.4,235
2026-08-20T13:54:00Z,29242.9,29276.6,29241.9,29276.6,234
2026-08-20T13:55:00Z,29280.0,29315.2,29265.8,29315.2,232
2026-08-20T13:56:00Z,29314.9,29321.1,29252.5,29252.5,237
2026-08-20T13:57:00Z,29248.9,29265.1,29238.4,29246.0,232
2026-08-20T13:58:00Z,29243.4,29275.0,29242.2,29274.3,234
2026-08-20T13:59:00Z,29274.5,29282.5,29252.8,29265.9,230
2026-08-20T14:00:00Z,29268.2,29306.9,29266.5,29289.8,232
2026-08-20T14:01:00Z,29286.1,29300.5,29272.5,29279.2,235
2026-08-20T14:02:00Z,29279.9,29293.5,29242.5,29242.5,235
2026-08-20T14:03:00Z,29244.0,29264.5,29231.9,29256.4,236
2026-08-20T14:04:00Z,29256.1,29258.3,29238.1,29244.9,233
2026-08-20T14:05:00Z,29240.4,29260.1,29229.7,29260.1,236
2026-08-20T14:06:00Z,29258.0,29293.0,29243.3,29270.4,234
2026-08-20T14:07:00Z,29272.8,29286.8,29255.8,29279.8,232
2026-08-20T14:08:00Z,29278.5,29282.3,29242.4,29274.6,231
2026-08-20T14:09:00Z,29278.0,29303.5,29272.5,29303.5,235
2026-08-20T14:10:00Z,29304.6,29317.0,29288.7,29308.3,240
2026-08-20T14:11:00Z,29309.3,29315.4,29283.0,29285.1,230
2026-08-20T14:12:00Z,29285.4,29305.9,29283.1,29297.4,226
2026-08-20T14:13:00Z,29297.2,29314.7,29291.8,29295.2,235
2026-08-20T14:14:00Z,29296.6,29301.1,29276.0,29281.7,239
2026-08-20T14:15:00Z,29281.9,29294.1,29248.9,29252.9,230
2026-08-20T14:16:00Z,29249.8,29263.7,29237.8,29241.8,232
2026-08-20T14:17:00Z,29239.6,29252.9,29235.0,29252.9,229
2026-08-20T14:18:00Z,29248.2,29259.4,29239.6,29240.8,230
2026-08-20T14:19:00Z,29242.1,29248.1,29227.5,29229.0,229
2026-08-20T14:20:00Z,29228.3,29298.8,29221.6,29283.3,233
2026-08-20T14:21:00Z,29281.7,29301.9,29275.3,29288.7,234
2026-08-20T14:22:00Z,29288.1,29301.6,29264.9,29301.6,232
2026-08-20T14:23:00Z,29301.3,29321.2,29283.4,29321.2,228
2026-08-20T14:24:00Z,29319.9,29324.5,29302.2,29309.1,230
2026-08-20T14:25:00Z,29310.2,29313.1,29294.9,29298.6,231
2026-08-20T14:26:00Z,29299.0,29305.4,29273.5,29273.5,229
2026-08-20T14:27:00Z,29274.0,29287.4,29253.3,29264.0,235
2026-08-20T14:28:00Z,29263.9,29287.8,29259.8,29261.3,235
2026-08-20T14:29:00Z,29263.1,29272.7,29249.1,29262.9,234
2026-08-20T14:30:00Z,29262.0,29277.5,29253.1,29274.0,231
2026-08-20T14:31:00Z,29274.0,29277.9,29253.6,29275.0,235
2026-08-20T14:32:00Z,29278.4,29289.7,29264.2,29279.1,228
2026-08-20T14:33:00Z,29278.9,29294.2,29276.2,29288.7,223
2026-08-20T14:34:00Z,29287.9,29299.0,29250.8,29251.3,227
2026-08-20T14:35:00Z,29250.0,29269.7,29242.1,29268.9,236
2026-08-20T14:36:00Z,29269.7,29294.5,29265.5,29294.5,219
2026-08-20T14:37:00Z,29293.2,29302.2,29282.1,29293.1,232
2026-08-20T14:38:00Z,29292.7,29304.4,29280.7,29298.9,228
2026-08-20T14:39:00Z,29298.3,29329.7,29298.3,29324.7,234
2026-08-20T14:40:00Z,29325.1,29327.3,29310.7,29324.9,224
2026-08-20T14:41:00Z,29324.6,29326.4,29308.1,29309.2,233
2026-08-20T14:42:00Z,29310.1,29335.3,29310.1,29331.7,232
2026-08-20T14:43:00Z,29331.3,29341.3,29329.7,29329.7,224
2026-08-20T14:44:00Z,29329.1,29338.6,29329.1,29334.6,226
2026-08-20T14:45:00Z,29335.0,29344.9,29329.9,29329.9,222
2026-08-20T14:46:00Z,29332.9,29344.6,29317.7,29344.6,229
2026-08-20T14:47:00Z,29345.6,29346.9,29305.2,29306.3,227
2026-08-20T14:48:00Z,29306.4,29314.6,29294.2,29298.2,233
2026-08-20T14:49:00Z,29294.4,29303.4,29286.2,29289.2,224
2026-08-20T14:50:00Z,29288.9,29296.6,29280.8,29289.7,237
2026-08-20T14:51:00Z,29292.1,29296.5,29280.1,29286.3,231
2026-08-20T14:52:00Z,29286.1,29306.6,29283.0,29304.6,235
2026-08-20T14:53:00Z,29300.9,29310.8,29288.5,29288.5,226
2026-08-20T14:54:00Z,29289.6,29292.1,29266.3,29272.7,219
2026-08-20T14:55:00Z,29273.6,29290.6,29272.8,29290.3,234
2026-08-20T14:56:00Z,29290.0,29290.0,29269.1,29279.3,233
2026-08-20T14:57:00Z,29279.0,29284.8,29264.6,29278.9,230
2026-08-20T14:58:00Z,29279.9,29279.9,29262.9,29279.7,231
2026-08-20T14:59:00Z,29281.5,29307.4,29281.5,29306.6,230
2026-08-20T15:00:00Z,29305.6,29319.4,29302.5,29317.2,231
2026-08-20T15:01:00Z,29317.1,29358.3,29312.2,29354.5,232
2026-08-20T15:02:00Z,29353.8,29365.4,29338.3,29342.0,238
2026-08-20T15:03:00Z,29340.9,29351.1,29327.3,29350.7,229
2026-08-20T15:04:00Z,29351.5,29354.9,29339.6,29343.8,230
2026-08-20T15:05:00Z,29343.5,29343.5,29286.3,29286.3,235
2026-08-20T15:06:00Z,29286.5,29295.5,29278.9,29278.9,234
2026-08-20T15:07:00Z,29281.9,29291.6,29275.8,29283.5,227
2026-08-20T15:08:00Z,29287.9,29298.4,29265.3,29270.8,232
2026-08-20T15:09:00Z,29270.7,29273.1,29256.5,29270.8,231
2026-08-20T15:10:00Z,29267.6,29275.6,29254.5,29257.2,232
2026-08-20T15:11:00Z,29258.1,29258.1,29239.3,29254.3,226
2026-08-20T15:12:00Z,29252.8,29267.1,29244.7,29267.1,228
2026-08-20T15:13:00Z,29266.1,29288.8,29263.3,29288.8,234
2026-08-20T15:14:00Z,29290.2,29294.6,29273.0,29279.6,234
2026-08-20T15:15:00Z,29277.7,29281.3,29263.7,29279.9,229
2026-08-20T15:16:00Z,29279.4,29279.4,29255.9,29270.2,232
2026-08-20T15:17:00Z,29270.4,29275.7,29256.6,29271.4,232
2026-08-20T15:18:00Z,29271.5,29276.8,29261.0,29276.5,233
2026-08-20T15:19:00Z,29276.6,29282.2,29268.2,29268.2,230
2026-08-20T15:20:00Z,29266.9,29270.4,29252.5,29256.3,226
2026-08-20T15:21:00Z,29256.8,29258.8,29237.6,29240.8,232
2026-08-20T15:22:00Z,29240.7,29245.6,29230.1,29238.8,227
2026-08-20T15:23:00Z,29237.4,29238.3,29228.7,29229.4,228
2026-08-20T15:24:00Z,29229.7,29242.1,29224.0,29233.2,230
2026-08-20T15:25:00Z,29233.7,29233.8,29215.2,29222.8,227
2026-08-20T15:26:00Z,29223.3,29234.4,29220.6,29231.9,228
2026-08-20T15:27:00Z,29232.2,29248.1,29228.6,29246.1,230
2026-08-20T15:28:00Z,29247.2,29253.7,29237.4,29241.6,232
2026-08-20T15:29:00Z,29241.8,29258.4,29239.0,29256.9,232
2026-08-20T15:30:00Z,29255.9,29262.6,29243.2,29248.2,231
2026-08-20T15:31:00Z,29254.2,29256.4,29242.9,29249.3,225
2026-08-20T15:32:00Z,29249.1,29255.0,29235.4,29254.3,224
2026-08-20T15:33:00Z,29253.8,29253.8,29213.1,29218.4,229
2026-08-20T15:34:00Z,29216.1,29219.2,29208.0,29213.8,228
2026-08-20T15:35:00Z,29214.4,29222.8,29207.8,29207.8,229
2026-08-20T15:36:00Z,29207.1,29214.1,29202.9,29213.3,229
2026-08-20T15:37:00Z,29213.8,29228.3,29210.8,29220.1,229
2026-08-20T15:38:00Z,29219.7,29223.3,29193.2,29195.3,234
2026-08-20T15:39:00Z,29197.5,29202.4,29190.8,29191.8,230
2026-08-20T15:40:00Z,29191.3,29201.8,29190.8,29198.6,230
2026-08-20T15:41:00Z,29197.5,29200.7,29190.0,29194.9,221
2026-08-20T15:42:00Z,29195.4,29215.1,29195.4,29208.1,225
2026-08-20T15:43:00Z,29208.4,29208.9,29191.7,29198.8,225
2026-08-20T15:44:00Z,29198.4,29201.3,29190.0,29191.0,233
2026-08-20T15:45:00Z,29190.7,29195.9,29187.7,29193.5,232
2026-08-20T15:46:00Z,29192.8,29196.4,29183.2,29190.1,223
2026-08-20T15:47:00Z,29189.7,29216.8,29185.1,29216.8,225
2026-08-20T15:48:00Z,29214.6,29220.1,29209.9,29219.8,232
2026-08-20T15:49:00Z,29219.3,29221.1,29207.3,29209.3,229
2026-08-20T15:50:00Z,29207.8,29216.3,29204.4,29208.8,226
2026-08-20T15:51:00Z,29208.6,29232.9,29204.6,29232.9,225
2026-08-20T15:52:00Z,29232.8,29242.8,29230.6,29232.7,232
2026-08-20T15:53:00Z,29230.1,29234.8,29223.6,29225.1,227
2026-08-20T15:54:00Z,29226.1,29239.0,29225.2,29235.9,229
2026-08-20T15:55:00Z,29236.9,29242.2,29227.6,29237.9,230
2026-08-20T15:56:00Z,29237.8,29239.6,29231.1,29239.0,223
2026-08-20T15:57:00Z,29238.3,29244.1,29232.8,29234.3,228
2026-08-20T15:58:00Z,29234.6,29241.7,29228.1,29237.6,220
2026-08-20T15:59:00Z,29237.8,29243.0,29232.9,29243.0,229
2026-08-20T16:00:00Z,29242.8,29251.1,29226.4,29240.8,222
2026-08-20T16:01:00Z,29240.7,29243.5,29233.3,29234.1,220
2026-08-20T16:02:00Z,29232.9,29256.6,29232.8,29255.9,220
2026-08-20T16:03:00Z,29254.6,29258.5,29242.4,29242.4,232
2026-08-20T16:04:00Z,29241.5,29247.3,29226.3,29229.4,223
2026-08-20T16:05:00Z,29228.7,29247.5,29225.8,29227.8,223
2026-08-20T16:06:00Z,29227.7,29231.3,29220.2,29222.3,227
2026-08-20T16:07:00Z,29223.2,29227.2,29218.5,29219.6,211
2026-08-20T16:08:00Z,29219.3,29240.3,29215.8,29236.7,228
2026-08-20T16:09:00Z,29237.9,29246.8,29234.9,29246.4,234
2026-08-20T16:10:00Z,29246.6,29248.3,29227.2,29236.9,217
2026-08-20T16:11:00Z,29239.4,29254.7,29237.7,29250.9,227
2026-08-20T16:12:00Z,29251.2,29251.4,29240.6,29241.7,219
2026-08-20T16:13:00Z,29241.2,29242.2,29223.0,29224.3,224
2026-08-20T16:14:00Z,29224.1,29225.1,29219.6,29220.7,219
2026-08-20T16:15:00Z,29220.2,29229.9,29218.5,29227.1,223
2026-08-20T16:16:00Z,29228.4,29229.7,29220.4,29223.2,213
2026-08-20T16:17:00Z,29223.5,29233.2,29220.5,29230.5,225
2026-08-20T16:18:00Z,29230.8,29235.8,29224.2,29233.0,232
2026-08-20T16:19:00Z,29233.1,29236.1,29229.9,29234.9,217
2026-08-20T16:20:00Z,29236.4,29238.4,29225.9,29232.1,219
2026-08-20T16:21:00Z,29232.2,29245.5,29228.2,29245.5,221
2026-08-20T16:22:00Z,29244.4,29248.6,29237.2,29241.9,223
2026-08-20T16:23:00Z,29243.2,29267.2,29243.2,29255.8,229
2026-08-20T16:24:00Z,29256.5,29267.3,29256.5,29260.0,226
2026-08-20T16:25:00Z,29260.7,29268.3,29252.9,29266.6,219
2026-08-20T16:26:00Z,29268.4,29268.4,29259.2,29259.4,213
2026-08-20T16:27:00Z,29259.7,29262.2,29253.3,29253.5,221
2026-08-20T16:28:00Z,29253.7,29257.9,29247.7,29257.1,225
2026-08-20T16:29:00Z,29256.8,29259.2,29250.3,29253.6,215
2026-08-20T16:30:00Z,29253.8,29254.2,29225.7,29232.0,220
2026-08-20T16:31:00Z,29231.4,29231.4,29223.4,29223.8,212
2026-08-20T16:32:00Z,29224.6,29231.9,29224.2,29227.6,217
2026-08-20T16:33:00Z,29226.7,29242.9,29226.4,29236.8,217
2026-08-20T16:34:00Z,29237.7,29261.7,29236.7,29261.7,218
2026-08-20T16:35:00Z,29260.1,29263.2,29254.0,29261.1,214
2026-08-20T16:36:00Z,29260.1,29266.8,29257.7,29266.8,223
2026-08-20T16:37:00Z,29266.7,29273.5,29260.3,29262.7,213
2026-08-20T16:38:00Z,29263.1,29268.7,29261.0,29267.9,210
2026-08-20T16:39:00Z,29267.8,29272.0,29264.9,29271.6,215
2026-08-20T16:40:00Z,29272.1,29280.4,29271.3,29274.5,207
2026-08-20T16:41:00Z,29274.4,29277.6,29271.9,29272.2,207
2026-08-20T16:42:00Z,29273.0,29277.3,29269.2,29269.2,216
2026-08-20T16:43:00Z,29268.1,29279.3,29268.1,29274.8,201
2026-08-20T16:44:00Z,29275.1,29289.8,29272.2,29289.7,214
2026-08-20T16:45:00Z,29289.2,29290.8,29278.9,29284.4,212
2026-08-20T16:46:00Z,29284.5,29300.5,29283.6,29300.3,217
2026-08-20T16:47:00Z,29300.2,29301.8,29294.6,29296.0,218
2026-08-20T16:48:00Z,29295.6,29296.3,29277.5,29278.4,219
2026-08-20T16:49:00Z,29279.2,29286.5,29278.3,29282.0,207
2026-08-20T16:50:00Z,29281.6,29293.1,29280.5,29280.5,218
2026-08-20T16:51:00Z,29280.4,29285.0,29275.0,29275.5,221
2026-08-20T16:52:00Z,29276.3,29278.1,29269.3,29276.5,222
2026-08-20T16:53:00Z,29276.9,29281.8,29275.3,29278.6,206
2026-08-20T16:54:00Z,29279.0,29283.1,29277.8,29282.9,201
2026-08-20T16:55:00Z,29283.3,29287.0,29280.2,29283.5,218
2026-08-20T16:56:00Z,29282.8,29284.0,29275.7,29279.2,209
2026-08-20T16:57:00Z,29279.8,29296.4,29278.9,29283.6,220
2026-08-20T16:58:00Z,29283.7,29287.8,29276.0,29284.2,226
2026-08-20T16:59:00Z,29282.6,29297.9,29282.6,29292.1,216
2026-08-20T17:00:00Z,29293.1,29294.8,29283.6,29285.1,223
2026-08-20T17:01:00Z,29285.8,29286.1,29272.2,29274.5,217
2026-08-20T17:02:00Z,29274.3,29279.3,29268.6,29268.6,218
2026-08-20T17:03:00Z,29269.5,29271.0,29265.3,29268.0,216
2026-08-20T17:04:00Z,29268.7,29276.1,29268.7,29272.2,211
2026-08-20T17:05:00Z,29271.7,29273.2,29262.5,29270.9,225
2026-08-20T17:06:00Z,29270.3,29271.9,29253.5,29259.8,221
2026-08-20T17:07:00Z,29257.9,29262.4,29254.5,29259.4,206
2026-08-20T17:08:00Z,29259.7,29259.7,29248.0,29254.2,224
2026-08-20T17:09:00Z,29256.1,29260.3,29254.2,29256.1,228
2026-08-20T17:10:00Z,29256.2,29260.2,29255.6,29257.8,217
2026-08-20T17:11:00Z,29256.9,29264.6,29254.4,29264.0,225
2026-08-20T17:12:00Z,29263.9,29266.5,29256.4,29260.0,216
2026-08-20T17:13:00Z,29259.7,29264.9,29254.8,29254.8,211
2026-08-20T17:14:00Z,29253.8,29257.1,29248.3,29250.3,209
2026-08-20T17:15:00Z,29249.9,29250.8,29234.0,29234.4,206
2026-08-20T17:16:00Z,29235.0,29235.0,29224.8,29226.6,224
2026-08-20T17:17:00Z,29226.1,29226.4,29218.6,29225.8,224
2026-08-20T17:18:00Z,29226.5,29232.5,29221.5,29225.3,226
2026-08-20T17:19:00Z,29225.7,29227.8,29217.1,29217.3,211
2026-08-20T17:20:00Z,29218.5,29229.1,29211.8,29227.1,220
2026-08-20T17:21:00Z,29227.2,29230.3,29223.7,29226.6,217
2026-08-20T17:22:00Z,29226.1,29236.6,29226.1,29229.0,218
2026-08-20T17:23:00Z,29229.9,29234.1,29226.8,29233.0,223
2026-08-20T17:24:00Z,29233.2,29236.7,29224.5,29224.5,212
2026-08-20T17:25:00Z,29224.0,29229.1,29220.0,29220.3,216
2026-08-20T17:26:00Z,29220.5,29224.8,29217.9,29221.4,222
2026-08-20T17:27:00Z,29221.5,29222.6,29207.0,29208.0,203
2026-08-20T17:28:00Z,29207.8,29214.1,29206.7,29211.9,212
2026-08-20T17:29:00Z,29213.4,29214.8,29206.0,29207.3,209
2026-08-20T17:30:00Z,29207.5,29209.4,29201.8,29204.9,221
2026-08-20T17:31:00Z,29205.4,29215.8,29203.8,29214.9,215
2026-08-20T17:32:00Z,29215.2,29216.9,29204.9,29206.9,200
2026-08-20T17:33:00Z,29207.9,29211.4,29202.3,29203.2,215
2026-08-20T17:34:00Z,29202.6,29205.9,29199.0,29201.1,211
2026-08-20T17:35:00Z,29200.7,29212.5,29198.3,29205.0,220
2026-08-20T17:36:00Z,29205.6,29207.6,29199.4,29206.4,212
2026-08-20T17:37:00Z,29206.3,29206.9,29195.8,29202.6,210
2026-08-20T17:38:00Z,29202.7,29206.6,29201.9,29206.0,214
2026-08-20T17:39:00Z,29205.5,29210.2,29202.4,29202.4,205
2026-08-20T17:40:00Z,29202.3,29206.2,29196.5,29199.8,206
2026-08-20T17:41:00Z,29200.3,29204.3,29197.5,29197.5,209
2026-08-20T17:42:00Z,29197.0,29203.1,29196.3,29200.5,203
2026-08-20T17:43:00Z,29200.5,29200.9,29196.5,29198.6,203
2026-08-20T17:44:00Z,29199.4,29204.6,29199.1,29203.4,207
2026-08-20T17:45:00Z,29203.0,29213.0,29200.8,29212.1,217
2026-08-20T17:46:00Z,29211.2,29215.4,29206.9,29213.5,212
2026-08-20T17:47:00Z,29214.1,29220.5,29212.3,29220.5,202
2026-08-20T17:48:00Z,29220.6,29224.8,29217.3,29220.6,204
2026-08-20T17:49:00Z,29220.3,29224.9,29218.5,29218.5,208
2026-08-20T17:50:00Z,29218.7,29232.9,29216.6,29232.4,211
2026-08-20T17:51:00Z,29232.8,29238.2,29228.5,29230.7,211
2026-08-20T17:52:00Z,29230.9,29232.7,29226.1,29226.5,198
2026-08-20T17:53:00Z,29226.2,29227.7,29219.1,29224.7,212
2026-08-20T17:54:00Z,29224.5,29226.3,29212.8,29214.5,210
2026-08-20T17:55:00Z,29214.4,29215.7,29208.9,29215.2,205
2026-08-20T17:56:00Z,29214.4,29221.1,29213.3,29220.4,205
2026-08-20T17:57:00Z,29219.8,29221.6,29214.7,29221.6,216
2026-08-20T17:58:00Z,29221.9,29222.8,29207.0,29211.2,205
2026-08-20T17:59:00Z,29208.7,29211.4,29204.1,29205.7,207
2026-08-20T18:00:00Z,29205.8,29205.8,29191.1,29194.9,212
2026-08-20T18:01:00Z,29194.5,29194.8,29188.4,29189.5,229
2026-08-20T18:02:00Z,29191.1,29192.1,29175.1,29176.5,225
2026-08-20T18:03:00Z,29175.3,29181.0,29170.8,29173.2,217
2026-08-20T18:04:00Z,29172.9,29175.3,29167.3,29173.7,208
2026-08-20T18:05:00Z,29173.3,29177.4,29153.0,29159.7,222
2026-08-20T18:06:00Z,29158.4,29160.9,29152.4,29153.4,223
2026-08-20T18:07:00Z,29154.1,29154.6,29143.7,29149.8,230
2026-08-20T18:08:00Z,29150.3,29151.3,29141.5,29142.7,213
2026-08-20T18:09:00Z,29142.8,29148.6,29142.8,29147.2,217
2026-08-20T18:10:00Z,29146.0,29146.0,29129.0,29131.9,213
2026-08-20T18:11:00Z,29131.7,29143.6,29128.8,29138.7,220
2026-08-20T18:12:00Z,29139.6,29151.7,29138.0,29139.1,214
2026-08-20T18:13:00Z,29139.3,29143.5,29132.5,29139.0,209
2026-08-20T18:14:00Z,29140.6,29144.5,29135.4,29143.5,196
2026-08-20T18:15:00Z,29143.4,29144.4,29129.0,29131.7,206
2026-08-20T18:16:00Z,29131.6,29131.6,29115.9,29119.6,223
2026-08-20T18:17:00Z,29120.2,29129.6,29120.2,29128.1,215
2026-08-20T18:18:00Z,29130.7,29143.3,29129.0,29141.8,221
2026-08-20T18:19:00Z,29141.5,29148.7,29141.2,29146.9,220
2026-08-20T18:20:00Z,29147.7,29160.0,29147.7,29160.0,224
2026-08-20T18:21:00Z,29159.5,29161.0,29148.8,29153.0,224
2026-08-20T18:22:00Z,29153.3,29160.9,29147.6,29148.5,211
2026-08-20T18:23:00Z,29148.8,29154.7,29146.2,29146.5,211
2026-08-20T18:24:00Z,29147.7,29151.6,29141.7,29143.3,224
2026-08-20T18:25:00Z,29142.3,29146.3,29137.1,29138.1,220
2026-08-20T18:26:00Z,29136.0,29141.7,29136.0,29137.4,216
2026-08-20T18:27:00Z,29137.8,29142.2,29133.9,29137.5,206
2026-08-20T18:28:00Z,29137.6,29146.1,29134.9,29142.6,206
2026-08-20T18:29:00Z,29142.9,29152.5,29142.9,29144.7,209
2026-08-20T18:30:00Z,29146.0,29150.0,29137.7,29141.3,216
2026-08-20T18:31:00Z,29139.6,29147.0,29136.9,29140.3,208
2026-08-20T18:32:00Z,29140.1,29143.2,29137.6,29138.8,209
2026-08-20T18:33:00Z,29138.6,29140.4,29129.9,29130.3,213
2026-08-20T18:34:00Z,29129.9,29131.9,29125.2,29129.4,211
2026-08-20T18:35:00Z,29128.9,29138.9,29127.9,29128.6,212
2026-08-20T18:36:00Z,29128.2,29144.6,29127.0,29144.6,216
2026-08-20T18:37:00Z,29144.2,29144.6,29137.7,29139.9,221
2026-08-20T18:38:00Z,29140.7,29142.8,29136.8,29141.2,217
2026-08-20T18:39:00Z,29141.5,29143.6,29135.2,29135.2,215
2026-08-20T18:40:00Z,29135.9,29138.0,29125.8,29131.1,199
2026-08-20T18:41:00Z,29132.7,29134.7,29129.4,29132.6,219
2026-08-20T18:42:00Z,29133.4,29144.2,29133.3,29140.7,197
2026-08-20T18:43:00Z,29141.2,29145.4,29138.5,29144.1,200
2026-08-20T18:44:00Z,29143.8,29148.1,29142.6,29147.4,209
2026-08-20T18:45:00Z,29148.0,29149.5,29140.6,29146.3,219
2026-08-20T18:46:00Z,29146.6,29147.8,29141.2,29144.4,206
2026-08-20T18:47:00Z,29144.7,29155.5,29142.4,29155.1,211
2026-08-20T18:48:00Z,29155.9,29166.0,29153.5,29162.5,218
2026-08-20T18:49:00Z,29162.8,29166.5,29162.2,29164.1,219
2026-08-20T18:50:00Z,29163.6,29167.6,29153.2,29154.7,220
2026-08-20T18:51:00Z,29154.6,29166.6,29153.7,29162.9,200
2026-08-20T18:52:00Z,29163.4,29167.6,29162.1,29165.2,207
2026-08-20T18:53:00Z,29165.4,29167.1,29157.7,29158.9,202
2026-08-20T18:54:00Z,29158.0,29162.8,29155.7,29162.5,211
2026-08-20T18:55:00Z,29162.4,29171.8,29160.3,29162.9,212
2026-08-20T18:56:00Z,29164.7,29168.2,29164.1,29166.2,212
2026-08-20T18:57:00Z,29165.7,29168.2,29161.2,29166.1,206
2026-08-20T18:58:00Z,29166.4,29167.5,29158.7,29167.5,205
2026-08-20T18:59:00Z,29167.4,29168.4,29156.5,29156.5,193
2026-08-20T19:00:00Z,29156.3,29168.9,29155.3,29165.0,221
2026-08-20T19:01:00Z,29165.2,29173.8,29164.2,29168.9,224
2026-08-20T19:02:00Z,29171.4,29184.2,29168.3,29184.1,215
2026-08-20T19:03:00Z,29183.3,29186.8,29179.6,29182.7,222
2026-08-20T19:04:00Z,29181.8,29188.3,29178.6,29185.6,214
2026-08-20T19:05:00Z,29184.9,29194.5,29177.7,29194.5,219
2026-08-20T19:06:00Z,29193.1,29205.4,29191.9,29195.9,220
2026-08-20T19:07:00Z,29196.7,29201.7,29193.3,29196.6,215
2026-08-20T19:08:00Z,29197.7,29205.6,29197.4,29203.9,200
2026-08-20T19:09:00Z,29203.5,29204.6,29199.1,29203.2,212
2026-08-20T19:10:00Z,29203.3,29204.3,29193.0,29193.8,203
2026-08-20T19:11:00Z,29194.8,29195.7,29187.8,29191.3,223
2026-08-20T19:12:00Z,29191.9,29196.0,29189.5,29191.3,214
2026-08-20T19:13:00Z,29191.0,29200.9,29190.9,29197.8,215
2026-08-20T19:14:00Z,29199.1,29206.0,29191.9,29194.4,217
2026-08-20T19:15:00Z,29194.7,29205.5,29194.5,29205.1,208
2026-08-20T19:16:00Z,29204.9,29206.7,29201.9,29202.0,206
2026-08-20T19:17:00Z,29199.5,29199.8,29189.4,29190.1,203
2026-08-20T19:18:00Z,29189.4,29195.1,29188.0,29188.6,203
2026-08-20T19:19:00Z,29189.5,29191.1,29181.1,29183.0,213
2026-08-20T19:20:00Z,29184.5,29188.2,29182.4,29184.6,204
2026-08-20T19:21:00Z,29185.1,29187.9,29181.6,29184.7,199
2026-08-20T19:22:00Z,29185.0,29199.6,29185.0,29199.1,206
2026-08-20T19:23:00Z,29199.4,29207.9,29199.4,29207.3,215
2026-08-20T19:24:00Z,29207.6,29217.3,29205.5,29210.0,218
2026-08-20T19:25:00Z,29209.3,29218.6,29208.5,29215.5,216
2026-08-20T19:26:00Z,29214.7,29217.7,29209.6,29215.8,207
2026-08-20T19:27:00Z,29215.3,29220.3,29213.8,29214.2,204
2026-08-20T19:28:00Z,29214.0,29216.4,29211.3,29216.4,216
2026-08-20T19:29:00Z,29216.6,29218.6,29214.4,29217.2,205
2026-08-20T19:30:00Z,29218.0,29218.3,29207.2,29207.3,213
2026-08-20T19:31:00Z,29205.7,29212.2,29203.8,29212.0,214
2026-08-20T19:32:00Z,29211.6,29219.7,29210.4,29218.9,212
2026-08-20T19:33:00Z,29219.9,29221.6,29212.9,29213.8,218
2026-08-20T19:34:00Z,29213.9,29217.2,29207.3,29217.0,217
2026-08-20T19:35:00Z,29216.9,29222.7,29211.9,29222.7,214
2026-08-20T19:36:00Z,29223.6,29232.6,29219.9,29232.6,215
2026-08-20T19:37:00Z,29232.4,29236.7,29231.0,29231.9,205
2026-08-20T19:38:00Z,29232.1,29239.5,29230.3,29239.5,206
2026-08-20T19:39:00Z,29240.0,29248.1,29239.6,29241.1,215
2026-08-20T19:40:00Z,29241.1,29246.2,29238.0,29240.7,215
2026-08-20T19:41:00Z,29240.2,29245.6,29236.0,29241.9,211
2026-08-20T19:42:00Z,29241.3,29241.8,29227.9,29228.5,217
2026-08-20T19:43:00Z,29227.3,29229.9,29224.0,29224.0,197
2026-08-20T19:44:00Z,29223.8,29224.0,29215.5,29224.0,206
2026-08-20T19:45:00Z,29224.8,29225.4,29209.9,29219.9,227
2026-08-20T19:46:00Z,29218.7,29218.7,29208.0,29208.3,212
2026-08-20T19:47:00Z,29208.0,29215.9,29208.0,29209.3,204
2026-08-20T19:48:00Z,29208.5,29215.2,29206.4,29214.2,213
2026-08-20T19:49:00Z,29214.5,29234.0,29214.5,29233.2,224
2026-08-20T19:50:00Z,29228.8,29238.1,29223.5,29236.5,221
2026-08-20T19:51:00Z,29236.6,29239.1,29230.8,29231.2,224
2026-08-20T19:52:00Z,29231.3,29238.5,29220.8,29238.2,232
2026-08-20T19:53:00Z,29237.0,29243.2,29230.5,29232.6,221
2026-08-20T19:54:00Z,29232.3,29232.7,29212.6,29216.3,231
2026-08-20T19:55:00Z,29217.1,29217.1,29203.6,29209.3,227
2026-08-20T19:56:00Z,29209.5,29213.6,29202.1,29210.6,223
2026-08-20T19:57:00Z,29211.0,29211.5,29199.8,29205.2,226
2026-08-20T19:58:00Z,29209.6,29218.0,29206.2,29216.3,223
2026-08-20T19:59:00Z,29217.8,29228.4,29204.7,29216.7,235
2026-08-20T20:00:00Z,29218.4,29230.0,29218.4,29229.6,236
2026-08-20T20:01:00Z,29229.8,29231.9,29220.3,29231.6,217
2026-08-20T20:02:00Z,29231.4,29232.5,29224.1,29232.3,184
2026-08-20T20:03:00Z,29232.5,29233.6,29227.4,29227.8,199
2026-08-20T20:04:00Z,29227.8,29231.8,29226.7,29226.7,209
2026-08-20T20:05:00Z,29226.2,29226.3,29216.7,29217.4,210
2026-08-20T20:06:00Z,29217.2,29217.8,29209.5,29210.1,196
2026-08-20T20:07:00Z,29210.0,29211.3,29206.6,29208.6,196
2026-08-20T20:08:00Z,29209.0,29209.2,29191.0,29196.3,204
2026-08-20T20:09:00Z,29197.2,29203.0,29196.2,29200.8,211
2026-08-20T20:10:00Z,29201.5,29211.6,29200.3,29210.7,199
2026-08-20T20:11:00Z,29210.6,29212.8,29208.4,29208.4,188
2026-08-20T20:12:00Z,29208.1,29210.6,29202.1,29204.5,200
2026-08-20T20:13:00Z,29203.8,29205.6,29202.3,29202.3,173
2026-08-20T20:14:00Z,29202.0,29202.0,29190.6,29193.6,208
2026-08-20T20:15:00Z,29193.9,29197.6,29190.2,29191.4,178
2026-08-20T20:16:00Z,29191.5,29195.8,29186.0,29186.7,186
2026-08-20T20:17:00Z,29187.0,29187.0,29177.2,29181.4,209
2026-08-20T20:18:00Z,29181.6,29186.0,29181.1,29185.3,160
2026-08-20T20:19:00Z,29185.5,29188.1,29183.9,29187.1,148
2026-08-20T20:20:00Z,29187.0,29190.0,29186.9,29189.2,164
2026-08-20T20:21:00Z,29189.4,29189.9,29187.2,29188.7,150
2026-08-20T20:22:00Z,29188.6,29196.8,29188.6,29194.9,161
2026-08-20T20:23:00Z,29195.6,29200.1,29195.6,29199.8,163
2026-08-20T20:24:00Z,29199.6,29202.3,29197.7,29202.1,128
2026-08-20T20:25:00Z,29202.2,29206.2,29202.0,29205.7,140
2026-08-20T20:26:00Z,29205.6,29205.6,29200.7,29204.4,131
2026-08-20T20:27:00Z,29204.1,29204.1,29197.5,29201.3,162
2026-08-20T20:28:00Z,29201.3,29202.2,29200.2,29202.0,147
2026-08-20T20:29:00Z,29201.9,29204.2,29200.3,29200.9,137
2026-08-20T20:30:00Z,29200.2,29205.6,29198.2,29202.3,169
2026-08-20T20:31:00Z,29203.2,29203.5,29200.5,29200.7,145
2026-08-20T20:32:00Z,29201.0,29205.0,29199.5,29202.7,161
2026-08-20T20:33:00Z,29202.5,29209.9,29202.5,29207.7,165
2026-08-20T20:34:00Z,29207.8,29209.4,29207.1,29209.3,153
2026-08-20T20:35:00Z,29209.2,29215.1,29209.2,29214.9,145
2026-08-20T20:36:00Z,29214.3,29216.7,29212.8,29213.0,156
2026-08-20T20:37:00Z,29213.1,29221.8,29212.9,29219.3,174
2026-08-20T20:38:00Z,29219.7,29222.0,29218.7,29219.6,148
2026-08-20T20:39:00Z,29219.5,29219.5,29215.6,29215.9,129
2026-08-20T20:40:00Z,29215.8,29217.4,29214.7,29216.3,136
2026-08-20T20:41:00Z,29216.2,29216.8,29212.6,29213.4,163
2026-08-20T20:42:00Z,29212.9,29213.9,29211.4,29213.5,130
2026-08-20T20:43:00Z,29213.6,29217.7,29213.4,29217.0,124
2026-08-20T20:44:00Z,29216.6,29217.9,29215.6,29215.8,129
2026-08-20T20:45:00Z,29215.4,29218.4,29214.7,29214.7,110
2026-08-20T20:46:00Z,29214.6,29215.9,29213.7,29215.0,130
2026-08-20T20:47:00Z,29214.9,29217.8,29213.6,29217.2,133
2026-08-20T20:48:00Z,29216.9,29218.3,29215.7,29216.7,129
2026-08-20T20:49:00Z,29216.5,29217.4,29215.5,29217.1,119
2026-08-20T20:50:00Z,29218.5,29218.5,29215.5,29216.1,123
2026-08-20T20:51:00Z,29215.8,29216.2,29208.9,29212.9,152
2026-08-20T20:52:00Z,29213.2,29217.3,29212.7,29217.3,135
2026-08-20T20:53:00Z,29216.8,29218.4,29214.9,29217.1,112
2026-08-20T20:54:00Z,29217.2,29218.1,29215.3,29217.4,139
2026-08-20T20:55:00Z,29217.3,29220.6,29217.3,29219.7,156
2026-08-20T20:56:00Z,29219.5,29223.3,29218.9,29221.4,159
2026-08-20T20:57:00Z,29221.3,29222.0,29219.7,29220.4,139
2026-08-20T20:58:00Z,29221.1,29221.5,29218.9,29218.9,134
2026-08-20T22:00:00Z,29255.8,29260.4,29237.3,29237.3,207
2026-08-20T22:01:00Z,29237.0,29238.8,29225.3,29229.5,218
2026-08-20T22:02:00Z,29229.4,29231.5,29213.0,29217.5,199
2026-08-20T22:03:00Z,29217.3,29218.1,29199.4,29203.3,210
2026-08-20T22:04:00Z,29203.5,29204.7,29193.6,29193.9,203
2026-08-20T22:05:00Z,29193.8,29199.5,29187.8,29196.5,204
2026-08-20T22:06:00Z,29196.6,29203.0,29189.1,29195.9,178
2026-08-20T22:07:00Z,29196.9,29203.0,29194.1,29196.9,168
2026-08-20T22:08:00Z,29197.0,29199.8,29196.6,29199.5,162
2026-08-20T22:09:00Z,29199.3,29202.9,29197.5,29201.6,136
2026-08-20T22:10:00Z,29201.1,29202.8,29196.4,29201.5,142
2026-08-20T22:11:00Z,29202.7,29202.8,29192.8,29198.1,184
2026-08-20T22:12:00Z,29197.9,29199.6,29195.3,29196.7,131
2026-08-20T22:13:00Z,29196.8,29196.8,29191.0,29191.0,136
2026-08-20T22:14:00Z,29190.7,29193.1,29190.2,29191.5,164
2026-08-20T22:15:00Z,29192.2,29198.2,29191.2,29197.4,157
2026-08-20T22:16:00Z,29197.9,29200.2,29196.4,29198.3,104
2026-08-20T22:17:00Z,29197.6,29203.3,29197.2,29203.3,131
2026-08-20T22:18:00Z,29202.9,29204.0,29201.6,29201.8,135
2026-08-20T22:19:00Z,29201.6,29202.8,29197.6,29198.1,117
2026-08-20T22:20:00Z,29197.1,29200.1,29196.1,29197.5,125
2026-08-20T22:21:00Z,29197.7,29200.3,29194.8,29200.1,156
2026-08-20T22:22:00Z,29200.6,29200.8,29197.1,29197.8,113
2026-08-20T22:23:00Z,29198.0,29199.8,29197.9,29198.6,82
2026-08-20T22:24:00Z,29198.8,29199.3,29195.4,29196.7,83
2026-08-20T22:25:00Z,29196.8,29197.6,29192.8,29194.5,131
2026-08-20T22:26:00Z,29194.3,29197.2,29193.6,29196.4,132
2026-08-20T22:27:00Z,29195.6,29202.8,29194.6,29202.8,102
2026-08-20T22:28:00Z,29201.6,29202.2,29195.3,29195.8,149
2026-08-20T22:29:00Z,29198.2,29200.5,29198.2,29200.1,96
2026-08-20T22:30:00Z,29200.8,29200.8,29197.4,29199.6,121
2026-08-20T22:31:00Z,29199.5,29199.5,29195.6,29199.5,131
2026-08-20T22:32:00Z,29199.3,29205.3,29199.1,29205.3,116
2026-08-20T22:33:00Z,29204.2,29214.9,29202.2,29211.1,169
2026-08-20T22:34:00Z,29212.3,29217.5,29211.7,29217.2,169
2026-08-20T22:35:00Z,29217.5,29220.5,29216.1,29220.3,162
2026-08-20T22:36:00Z,29220.0,29222.3,29219.7,29221.1,156
2026-08-20T22:37:00Z,29221.0,29221.0,29216.0,29216.1,142
2026-08-20T22:38:00Z,29216.4,29219.8,29216.1,29219.7,127
2026-08-20T22:39:00Z,29219.9,29220.7,29211.6,29212.3,128
2026-08-20T22:40:00Z,29212.8,29212.8,29200.3,29207.0,177
2026-08-20T22:41:00Z,29207.6,29209.9,29206.6,29209.4,129
2026-08-20T22:42:00Z,29209.1,29211.2,29208.2,29211.2,118
2026-08-20T22:43:00Z,29211.1,29216.6,29209.9,29216.6,88
2026-08-20T22:44:00Z,29216.9,29217.2,29214.3,29214.3,98
2026-08-20T22:45:00Z,29214.6,29216.6,29210.3,29216.6,104
2026-08-20T22:46:00Z,29216.7,29217.8,29215.1,29216.5,82
2026-08-20T22:47:00Z,29216.4,29220.4,29215.8,29219.3,106
2026-08-20T22:48:00Z,29219.1,29220.1,29218.4,29218.4,51
2026-08-20T22:49:00Z,29218.3,29225.3,29218.3,29223.3,125
2026-08-20T22:50:00Z,29223.1,29225.6,29221.5,29225.6,136
2026-08-20T22:51:00Z,29224.8,29239.2,29224.3,29234.6,150
2026-08-20T22:52:00Z,29234.7,29237.1,29230.1,29236.8,150
2026-08-20T22:53:00Z,29237.0,29238.1,29235.0,29235.3,118
2026-08-20T22:54:00Z,29235.2,29237.4,29233.9,29236.1,122
2026-08-20T22:55:00Z,29235.1,29237.1,29234.6,29236.4,112
2026-08-20T22:56:00Z,29236.3,29236.5,29233.6,29234.6,95
2026-08-20T22:57:00Z,29234.7,29235.8,29233.8,29233.8,91
2026-08-20T22:58:00Z,29233.8,29236.7,29233.8,29236.1,77
2026-08-20T22:59:00Z,29236.0,29237.1,29234.1,29235.8,98
2026-08-20T23:00:00Z,29235.7,29236.1,29232.6,29233.8,129
2026-08-20T23:01:00Z,29233.6,29236.1,29231.9,29234.8,121
2026-08-20T23:02:00Z,29234.7,29234.7,29231.5,29232.3,96
2026-08-20T23:03:00Z,29232.6,29233.2,29231.2,29231.4,113
2026-08-20T23:04:00Z,29231.6,29234.5,29231.1,29233.0,104
2026-08-20T23:05:00Z,29232.7,29234.0,29231.3,29233.5,79
2026-08-20T23:06:00Z,29233.8,29236.6,29233.1,29234.8,127
2026-08-20T23:07:00Z,29235.0,29236.6,29231.2,29231.8,105
2026-08-20T23:08:00Z,29232.1,29232.9,29229.3,29230.5,95
2026-08-20T23:09:00Z,29229.5,29232.8,29228.8,29231.1,118
2026-08-20T23:10:00Z,29231.2,29232.6,29230.9,29231.1,105
2026-08-20T23:11:00Z,29231.4,29232.1,29229.3,29230.5,96
2026-08-20T23:12:00Z,29230.4,29231.3,29229.3,29229.3,71
2026-08-20T23:13:00Z,29229.4,29229.4,29227.2,29227.9,103
2026-08-20T23:14:00Z,29228.1,29232.1,29228.1,29231.7,90
2026-08-20T23:15:00Z,29232.1,29232.1,29228.1,29229.3,118
2026-08-20T23:16:00Z,29229.1,29237.9,29228.1,29234.6,148
2026-08-20T23:17:00Z,29234.4,29241.5,29234.4,29240.3,123
2026-08-20T23:18:00Z,29239.3,29239.3,29233.9,29235.0,109
2026-08-20T23:19:00Z,29234.6,29236.1,29233.9,29234.8,83
2026-08-20T23:20:00Z,29234.7,29235.7,29232.3,29233.5,94
2026-08-20T23:21:00Z,29233.5,29235.1,29231.8,29235.0,109
2026-08-20T23:22:00Z,29235.2,29235.9,29233.6,29233.6,89
2026-08-20T23:23:00Z,29233.5,29234.1,29232.8,29233.3,100
2026-08-20T23:24:00Z,29233.4,29234.0,29231.9,29232.3,72
2026-08-20T23:25:00Z,29232.0,29234.8,29229.8,29233.5,110
2026-08-20T23:26:00Z,29234.0,29235.0,29232.7,29232.7,101
2026-08-20T23:27:00Z,29232.8,29232.8,29226.1,29227.8,149
2026-08-20T23:28:00Z,29228.3,29233.7,29227.3,29232.0,106
2026-08-20T23:29:00Z,29232.1,29232.1,29228.1,29229.4,113
2026-08-20T23:30:00Z,29229.3,29232.4,29228.3,29232.0,136
2026-08-20T23:31:00Z,29231.9,29232.1,29228.2,29229.1,106
2026-08-20T23:32:00Z,29229.0,29231.1,29229.0,29231.1,75
2026-08-20T23:33:00Z,29231.3,29232.3,29231.1,29231.1,102
2026-08-20T23:34:00Z,29230.9,29231.3,29226.2,29226.4,95
2026-08-20T23:35:00Z,29226.5,29226.5,29209.7,29213.2,160
2026-08-20T23:36:00Z,29213.0,29215.3,29211.0,29212.9,157
2026-08-20T23:37:00Z,29213.1,29213.5,29210.8,29211.0,120
2026-08-20T23:38:00Z,29210.8,29212.8,29210.3,29212.3,117
2026-08-20T23:39:00Z,29212.5,29215.3,29212.5,29214.9,130
2026-08-20T23:40:00Z,29214.6,29230.0,29214.6,29229.2,137
2026-08-20T23:41:00Z,29230.0,29236.6,29225.4,29235.6,166
2026-08-20T23:42:00Z,29234.8,29235.3,29227.3,29228.2,146
2026-08-20T23:43:00Z,29227.7,29228.1,29224.7,29226.8,157
2026-08-20T23:44:00Z,29226.6,29231.3,29226.6,29230.1,121
2026-08-20T23:45:00Z,29230.8,29230.8,29215.8,29218.8,204
2026-08-20T23:46:00Z,29219.0,29220.6,29210.8,29217.8,202
2026-08-20T23:47:00Z,29217.3,29217.3,29209.8,29211.5,167
2026-08-20T23:48:00Z,29211.3,29212.3,29200.6,29204.1,189
2026-08-20T23:49:00Z,29206.1,29219.9,29203.3,29219.9,165
2026-08-20T23:50:00Z,29220.0,29227.7,29208.3,29223.3,205
2026-08-20T23:51:00Z,29223.3,29225.8,29210.0,29210.9,202
2026-08-20T23:52:00Z,29210.9,29213.7,29209.0,29212.5,197
2026-08-20T23:53:00Z,29212.4,29221.1,29211.7,29220.5,185
2026-08-20T23:54:00Z,29219.5,29221.6,29216.1,29219.0,176
2026-08-20T23:55:00Z,29218.2,29218.3,29211.6,29213.9,197
2026-08-20T23:56:00Z,29214.0,29214.5,29207.2,29210.4,192
2026-08-20T23:57:00Z,29210.6,29212.6,29208.1,29208.5,170
2026-08-20T23:58:00Z,29208.2,29211.7,29206.9,29211.0,179
2026-08-20T23:59:00Z,29211.0,29212.8,29205.6,29206.7,201
2026-08-21T00:00:00Z,29207.1,29232.2,29204.7,29217.8,234
2026-08-21T00:01:00Z,29219.3,29242.4,29219.3,29241.5,213
2026-08-21T00:02:00Z,29240.3,29243.4,29233.5,29238.2,226
2026-08-21T00:03:00Z,29238.7,29241.0,29230.3,29230.7,211
2026-08-21T00:04:00Z,29231.7,29239.0,29225.4,29229.7,219
2026-08-21T00:05:00Z,29229.0,29248.7,29228.9,29248.5,223
2026-08-21T00:06:00Z,29247.6,29255.3,29242.8,29255.3,205
2026-08-21T00:07:00Z,29254.2,29257.7,29239.3,29242.8,213
2026-08-21T00:08:00Z,29243.5,29247.2,29239.5,29243.8,212
2026-08-21T00:09:00Z,29243.3,29245.6,29238.8,29239.0,213
2026-08-21T00:10:00Z,29239.2,29246.8,29232.0,29246.5,217
2026-08-21T00:11:00Z,29245.6,29260.8,29244.8,29259.8,204
2026-08-21T00:12:00Z,29258.8,29267.5,29256.4,29267.5,209
2026-08-21T00:13:00Z,29267.4,29272.9,29266.2,29270.9,210
2026-08-21T00:14:00Z,29270.7,29278.0,29268.6,29274.5,196
2026-08-21T00:15:00Z,29274.8,29274.8,29256.1,29263.1,203
2026-08-21T00:16:00Z,29264.7,29266.8,29254.3,29254.3,207
2026-08-21T00:17:00Z,29254.9,29254.9,29235.6,29244.2,220
2026-08-21T00:18:00Z,29243.6,29250.2,29240.3,29245.8,212
2026-08-21T00:19:00Z,29246.8,29250.6,29236.1,29239.6,215
2026-08-21T00:20:00Z,29240.0,29249.8,29239.8,29246.7,211
2026-08-21T00:21:00Z,29246.8,29247.8,29241.0,29243.5,209
2026-08-21T00:22:00Z,29242.3,29253.6,29242.3,29252.8,217
2026-08-21T00:23:00Z,29253.0,29258.8,29251.8,29254.2,196
2026-08-21T00:24:00Z,29253.6,29256.3,29236.2,29238.7,213
2026-08-21T00:25:00Z,29239.8,29244.2,29238.5,29243.4,218
2026-08-21T00:26:00Z,29244.1,29244.1,29238.1,29238.1,208
2026-08-21T00:27:00Z,29238.6,29240.6,29229.7,29235.5,205
2026-08-21T00:28:00Z,29235.8,29236.6,29229.4,29235.3,214
2026-08-21T00:29:00Z,29235.4,29239.0,29231.4,29239.0,192
2026-08-21T00:30:00Z,29239.6,29239.6,29226.7,29227.3,219
2026-08-21T00:31:00Z,29227.6,29245.4,29226.1,29245.3,214
2026-08-21T00:32:00Z,29246.8,29249.0,29243.0,29244.3,202
2026-08-21T00:33:00Z,29243.9,29249.3,29242.3,29249.3,217
2026-08-21T00:34:00Z,29249.6,29251.4,29244.4,29248.8,208
2026-08-21T00:35:00Z,29249.0,29254.3,29244.9,29254.3,209
2026-08-21T00:36:00Z,29253.5,29253.5,29239.5,29242.8,209
2026-08-21T00:37:00Z,29243.6,29248.3,29240.5,29245.1,214
2026-08-21T00:38:00Z,29245.4,29263.5,29244.6,29262.8,210
2026-08-21T00:39:00Z,29262.6,29265.0,29260.3,29263.2,194
2026-08-21T00:40:00Z,29263.2,29263.5,29258.9,29260.5,207
2026-08-21T00:41:00Z,29261.4,29261.9,29245.7,29248.8,203
2026-08-21T00:42:00Z,29249.1,29251.1,29244.1,29250.3,203
2026-08-21T00:43:00Z,29250.5,29251.3,29245.7,29248.8,220
2026-08-21T00:44:00Z,29248.6,29269.5,29248.3,29266.9,207
2026-08-21T00:45:00Z,29267.1,29269.5,29263.7,29268.8,218
2026-08-21T00:46:00Z,29269.2,29269.4,29262.8,29264.1,212
2026-08-21T00:47:00Z,29263.7,29270.3,29263.5,29268.5,213
2026-08-21T00:48:00Z,29267.9,29271.5,29267.5,29271.5,203
2026-08-21T00:49:00Z,29271.1,29275.3,29268.2,29268.6,208
2026-08-21T00:50:00Z,29268.5,29269.8,29262.8,29262.8,204
2026-08-21T00:51:00Z,29262.5,29272.1,29262.3,29272.1,209
2026-08-21T00:52:00Z,29272.3,29274.2,29257.6,29260.3,221
2026-08-21T00:53:00Z,29260.6,29260.8,29245.3,29249.8,215
2026-08-21T00:54:00Z,29250.1,29252.4,29240.0,29240.9,212
2026-08-21T00:55:00Z,29240.2,29245.9,29235.5,29242.6,228
2026-08-21T00:56:00Z,29242.3,29244.6,29236.4,29238.8,208
2026-08-21T00:57:00Z,29239.3,29244.5,29234.1,29240.6,206
2026-08-21T00:58:00Z,29240.0,29243.3,29236.4,29238.4,194
2026-08-21T00:59:00Z,29238.7,29241.4,29234.8,29234.8,216
2026-08-21T01:00:00Z,29233.7,29246.3,29231.2,29240.8,214
2026-08-21T01:01:00Z,29242.1,29244.6,29238.3,29243.8,211
2026-08-21T01:02:00Z,29242.8,29247.4,29240.1,29241.9,209
2026-08-21T01:03:00Z,29241.0,29243.2,29236.2,29239.4,229
2026-08-21T01:04:00Z,29239.9,29241.6,29231.8,29233.8,201
2026-08-21T01:05:00Z,29235.0,29235.0,29222.0,29225.0,202
2026-08-21T01:06:00Z,29224.8,29227.0,29216.8,29227.0,208
2026-08-21T01:07:00Z,29227.2,29227.2,29215.5,29215.7,211
2026-08-21T01:08:00Z,29214.7,29222.8,29211.1,29213.8,203
2026-08-21T01:09:00Z,29213.3,29223.1,29205.7,29219.4,214
2026-08-21T01:10:00Z,29219.5,29228.1,29214.0,29225.3,228
2026-08-21T01:11:00Z,29224.3,29226.3,29214.1,29226.2,216
2026-08-21T01:12:00Z,29226.6,29242.7,29226.5,29238.8,208
2026-08-21T01:13:00Z,29239.1,29244.1,29230.9,29235.6,224
2026-08-21T01:14:00Z,29235.3,29244.6,29234.1,29244.6,216
2026-08-21T01:15:00Z,29243.9,29251.0,29227.1,29251.0,217
2026-08-21T01:16:00Z,29250.8,29264.7,29247.8,29264.6,214
2026-08-21T01:17:00Z,29265.6,29266.4,29258.2,29266.1,226
2026-08-21T01:18:00Z,29265.9,29267.0,29260.0,29263.1,207
2026-08-21T01:19:00Z,29262.7,29266.4,29259.1,29266.2,213
2026-08-21T01:20:00Z,29266.5,29266.8,29253.9,29253.9,216
2026-08-21T01:21:00Z,29252.8,29262.5,29252.3,29258.7,214
2026-08-21T01:22:00Z,29258.3,29258.3,29233.7,29233.7,204
2026-08-21T01:23:00Z,29233.9,29240.0,29231.6,29236.6,222
2026-08-21T01:24:00Z,29238.0,29245.6,29236.5,29245.6,219
2026-08-21T01:25:00Z,29245.3,29254.0,29243.1,29254.0,217
2026-08-21T01:26:00Z,29252.7,29256.9,29250.0,29256.1,217
2026-08-21T01:27:00Z,29256.0,29262.9,29255.5,29262.3,216
2026-08-21T01:28:00Z,29262.2,29269.5,29259.1,29264.6,214
2026-08-21T01:29:00Z,29263.1,29263.3,29250.4,29253.8,202
2026-08-21T01:30:00Z,29253.6,29265.6,29248.1,29263.5,225
2026-08-21T01:31:00Z,29264.8,29269.6,29256.3,29257.6,225
2026-08-21T01:32:00Z,29258.0,29261.6,29248.0,29251.3,228
2026-08-21T01:33:00Z,29251.0,29253.4,29247.0,29249.8,203
2026-08-21T01:34:00Z,29249.3,29255.5,29248.0,29253.5,217
2026-08-21T01:35:00Z,29253.1,29253.8,29248.0,29250.3,210
2026-08-21T01:36:00Z,29249.5,29249.5,29240.1,29240.9,210
2026-08-21T01:37:00Z,29240.7,29244.1,29236.3,29239.6,207
2026-08-21T01:38:00Z,29239.3,29242.3,29233.9,29241.7,209
2026-08-21T01:39:00Z,29241.3,29242.1,29235.2,29238.3,196
2026-08-21T01:40:00Z,29238.5,29241.2,29237.3,29240.7,208
2026-08-21T01:41:00Z,29240.6,29249.0,29239.5,29249.0,211
2026-08-21T01:42:00Z,29248.6,29255.6,29246.8,29254.7,219
2026-08-21T01:43:00Z,29254.9,29265.6,29251.8,29265.2,204
2026-08-21T01:44:00Z,29265.1,29269.8,29260.0,29264.0,202
2026-08-21T01:45:00Z,29264.2,29264.6,29253.8,29255.1,207
2026-08-21T01:46:00Z,29254.7,29269.3,29254.4,29266.8,213
2026-08-21T01:47:00Z,29266.9,29267.3,29261.8,29266.0,201
2026-08-21T01:48:00Z,29265.8,29276.3,29263.6,29275.5,201
2026-08-21T01:49:00Z,29275.3,29281.9,29273.0,29280.5,176
2026-08-21T01:50:00Z,29282.8,29285.6,29274.0,29276.8,218
2026-08-21T01:51:00Z,29277.3,29277.3,29261.8,29263.3,213
2026-08-21T01:52:00Z,29263.2,29265.8,29260.1,29261.4,215
2026-08-21T01:53:00Z,29262.8,29264.3,29259.1,29261.4,206
2026-08-21T01:54:00Z,29261.7,29264.8,29256.4,29256.4,203
2026-08-21T01:55:00Z,29255.8,29256.7,29249.9,29250.6,205
2026-08-21T01:56:00Z,29251.0,29256.9,29249.6,29250.2,194
2026-08-21T01:57:00Z,29250.1,29256.6,29247.5,29255.9,197
2026-08-21T01:58:00Z,29256.0,29262.4,29252.6,29260.6,199
2026-08-21T01:59:00Z,29258.9,29268.8,29250.4,29266.8,219
2026-08-21T02:00:00Z,29266.6,29269.0,29261.3,29266.2,213
2026-08-21T02:01:00Z,29267.3,29274.7,29267.3,29272.6,199
2026-08-21T02:02:00Z,29272.0,29272.6,29261.5,29265.3,222
2026-08-21T02:03:00Z,29265.6,29266.1,29262.2,29263.1,201
2026-08-21T02:04:00Z,29263.2,29263.6,29259.0,29261.8,204
2026-08-21T02:05:00Z,29261.9,29272.3,29257.1,29269.9,214
2026-08-21T02:06:00Z,29269.6,29270.6,29266.1,29270.3,204
2026-08-21T02:07:00Z,29270.1,29275.9,29268.4,29274.3,199
2026-08-21T02:08:00Z,29274.2,29278.1,29273.5,29278.0,199
2026-08-21T02:09:00Z,29277.8,29279.1,29274.4,29277.6,194
2026-08-21T02:10:00Z,29277.9,29279.0,29267.6,29267.6,203
2026-08-21T02:11:00Z,29267.7,29276.0,29267.7,29268.9,199
2026-08-21T02:12:00Z,29269.4,29275.1,29269.3,29275.1,202
2026-08-21T02:13:00Z,29274.7,29278.3,29274.0,29278.3,174
2026-08-21T02:14:00Z,29278.4,29286.2,29276.8,29286.0,176
2026-08-21T02:15:00Z,29286.0,29288.8,29284.8,29286.5,173
2026-08-21T02:16:00Z,29286.6,29288.4,29281.6,29285.1,198
2026-08-21T02:17:00Z,29284.9,29285.3,29283.2,29284.8,167
2026-08-21T02:18:00Z,29284.4,29286.1,29281.1,29281.1,177
2026-08-21T02:19:00Z,29280.9,29283.8,29280.7,29282.6,169
2026-08-21T02:20:00Z,29282.5,29290.3,29281.9,29290.0,214
2026-08-21T02:21:00Z,29289.6,29293.8,29284.6,29293.2,191
2026-08-21T02:22:00Z,29293.7,29303.3,29291.4,29302.6,213
2026-08-21T02:23:00Z,29302.5,29307.8,29301.6,29301.6,204
2026-08-21T02:24:00Z,29301.1,29302.0,29295.6,29296.0,199
2026-08-21T02:25:00Z,29296.1,29300.8,29295.0,29296.5,209
2026-08-21T02:26:00Z,29296.8,29297.9,29292.3,29294.1,185
2026-08-21T02:27:00Z,29294.3,29298.3,29294.1,29297.9,162
2026-08-21T02:28:00Z,29297.6,29302.2,29296.1,29301.0,197
2026-08-21T02:29:00Z,29300.8,29303.0,29300.0,29303.0,178
2026-08-21T02:30:00Z,29302.6,29309.3,29302.6,29306.2,207
2026-08-21T02:31:00Z,29306.1,29307.6,29304.3,29304.5,170
2026-08-21T02:32:00Z,29304.3,29305.6,29300.9,29305.0,178
2026-08-21T02:33:00Z,29305.1,29305.5,29300.3,29303.6,168
2026-08-21T02:34:00Z,29303.0,29306.9,29301.3,29305.3,177
2026-08-21T02:35:00Z,29304.5,29308.0,29304.0,29306.3,192
2026-08-21T02:36:00Z,29306.0,29308.1,29304.8,29306.8,189
2026-08-21T02:37:00Z,29307.0,29309.1,29306.0,29308.7,182
2026-08-21T02:38:00Z,29308.3,29308.8,29298.0,29298.3,184
2026-08-21T02:39:00Z,29298.8,29300.4,29295.1,29296.4,207
2026-08-21T02:40:00Z,29296.5,29301.3,29296.5,29299.3,173
2026-08-21T02:41:00Z,29299.5,29300.5,29297.3,29297.8,181
2026-08-21T02:42:00Z,29297.0,29298.4,29295.6,29296.5,173
2026-08-21T02:43:00Z,29296.3,29302.6,29296.3,29301.6,201
2026-08-21T02:44:00Z,29303.3,29303.3,29290.0,29293.7,189
2026-08-21T02:45:00Z,29294.1,29294.5,29290.8,29291.8,182
2026-08-21T02:46:00Z,29291.9,29297.7,29291.3,29295.6,170
2026-08-21T02:47:00Z,29295.5,29296.5,29291.9,29295.3,195
2026-08-21T02:48:00Z,29295.6,29309.8,29295.6,29301.1,201
2026-08-21T02:49:00Z,29301.0,29305.3,29300.3,29304.2,194
2026-08-21T02:50:00Z,29304.1,29305.4,29301.5,29301.5,164
2026-08-21T02:51:00Z,29302.5,29304.3,29300.5,29303.8,190
2026-08-21T02:52:00Z,29304.1,29311.3,29302.0,29310.6,170
2026-08-21T02:53:00Z,29310.4,29311.6,29302.2,29303.3,189
2026-08-21T02:54:00Z,29303.4,29304.6,29299.8,29300.6,198
2026-08-21T02:55:00Z,29300.4,29303.8,29299.6,29303.6,152
2026-08-21T02:56:00Z,29303.5,29304.8,29300.3,29301.3,176
2026-08-21T02:57:00Z,29301.2,29301.8,29299.3,29300.4,178
2026-08-21T02:58:00Z,29299.8,29301.5,29299.6,29300.6,161
2026-08-21T02:59:00Z,29300.5,29302.0,29297.3,29297.8,172
2026-08-21T03:00:00Z,29298.0,29301.3,29294.9,29297.2,188
2026-08-21T03:01:00Z,29297.0,29299.8,29297.0,29298.1,177
2026-08-21T03:02:00Z,29298.0,29300.3,29296.6,29298.8,174
2026-08-21T03:03:00Z,29298.6,29299.9,29296.6,29296.9,164
2026-08-21T03:04:00Z,29296.6,29298.3,29294.2,29294.2,152
2026-08-21T03:05:00Z,29294.1,29294.6,29285.3,29286.8,210
2026-08-21T03:06:00Z,29286.0,29286.0,29281.3,29284.6,202
2026-08-21T03:07:00Z,29284.5,29284.5,29275.9,29277.9,182
2026-08-21T03:08:00Z,29278.0,29280.6,29276.3,29276.3,172
2026-08-21T03:09:00Z,29276.1,29281.6,29276.1,29281.5,175
2026-08-21T03:10:00Z,29281.3,29281.6,29276.4,29277.3,169
2026-08-21T03:11:00Z,29277.4,29279.5,29275.7,29275.7,163
2026-08-21T03:12:00Z,29275.3,29277.6,29275.1,29275.4,152
2026-08-21T03:13:00Z,29274.9,29277.6,29274.6,29275.7,192
2026-08-21T03:14:00Z,29275.8,29276.0,29268.6,29269.6,188
2026-08-21T03:15:00Z,29270.0,29276.8,29269.2,29275.3,170
2026-08-21T03:16:00Z,29275.5,29276.1,29268.0,29276.1,170
2026-08-21T03:17:00Z,29275.8,29276.1,29270.3,29270.8,195
2026-08-21T03:18:00Z,29270.5,29281.3,29263.1,29274.0,196
2026-08-21T03:19:00Z,29274.1,29274.5,29267.0,29267.6,185
2026-08-21T03:20:00Z,29266.6,29275.1,29266.1,29271.1,201
2026-08-21T03:21:00Z,29271.0,29277.8,29268.8,29274.6,169
2026-08-21T03:22:00Z,29274.2,29274.6,29269.6,29273.9,173
2026-08-21T03:23:00Z,29273.8,29282.7,29273.8,29281.8,169
2026-08-21T03:24:00Z,29282.0,29284.4,29277.6,29279.1,179
2026-08-21T03:25:00Z,29279.4,29280.6,29277.1,29277.8,194
2026-08-21T03:26:00Z,29277.9,29278.0,29272.2,29274.3,172
2026-08-21T03:27:00Z,29274.8,29277.5,29274.1,29276.0,203
2026-08-21T03:28:00Z,29275.5,29277.0,29274.0,29275.5,165
2026-08-21T03:29:00Z,29275.8,29276.5,29274.7,29276.1,147
2026-08-21T03:30:00Z,29277.3,29289.0,29276.2,29284.1,210
2026-08-21T03:31:00Z,29283.8,29288.1,29282.6,29284.9,211
2026-08-21T03:32:00Z,29285.0,29290.1,29285.0,29287.3,178
2026-08-21T03:33:00Z,29287.6,29289.4,29283.3,29285.1,168
2026-08-21T03:34:00Z,29285.4,29289.3,29284.5,29288.3,176
2026-08-21T03:35:00Z,29288.1,29288.7,29280.6,29280.6,192
2026-08-21T03:36:00Z,29280.8,29281.8,29270.6,29271.2,187
2026-08-21T03:37:00Z,29272.0,29279.6,29271.8,29278.8,198
2026-08-21T03:38:00Z,29279.1,29282.4,29276.2,29282.4,188
2026-08-21T03:39:00Z,29282.6,29282.6,29277.1,29277.6,169
2026-08-21T03:40:00Z,29277.7,29277.7,29267.6,29269.9,197
2026-08-21T03:41:00Z,29270.1,29272.0,29268.8,29269.3,184
2026-08-21T03:42:00Z,29269.6,29274.8,29268.6,29271.6,188
2026-08-21T03:43:00Z,29271.3,29272.3,29268.6,29271.8,166
2026-08-21T03:44:00Z,29271.9,29272.4,29269.8,29270.3,166
2026-08-21T03:45:00Z,29269.7,29270.0,29258.9,29263.9,181
2026-08-21T03:46:00Z,29264.5,29269.8,29264.3,29267.3,162
2026-08-21T03:47:00Z,29267.6,29269.3,29265.3,29266.0,175
2026-08-21T03:48:00Z,29266.1,29269.2,29264.1,29266.1,198
2026-08-21T03:49:00Z,29265.6,29266.8,29264.3,29265.9,168
2026-08-21T03:50:00Z,29266.2,29270.6,29262.8,29265.3,185
2026-08-21T03:51:00Z,29266.0,29267.3,29262.3,29264.6,170
2026-08-21T03:52:00Z,29264.5,29265.2,29261.5,29261.9,184
2026-08-21T03:53:00Z,29261.8,29264.0,29259.1,29262.5,180
2026-08-21T03:54:00Z,29262.6,29263.5,29260.3,29262.0,171
2026-08-21T03:55:00Z,29261.9,29262.3,29256.0,29256.0,175
2026-08-21T03:56:00Z,29257.0,29259.4,29256.5,29257.9,208
2026-08-21T03:57:00Z,29258.1,29269.0,29256.5,29266.4,189
2026-08-21T03:58:00Z,29266.5,29274.0,29266.0,29274.0,185
2026-08-21T03:59:00Z,29273.8,29277.3,29264.3,29265.6,188
2026-08-21T04:00:00Z,29266.1,29270.1,29263.0,29266.8,208
2026-08-21T04:01:00Z,29267.2,29269.6,29262.7,29266.3,213
2026-08-21T04:02:00Z,29265.9,29271.8,29265.1,29271.2,199
2026-08-21T04:03:00Z,29270.5,29274.0,29268.1,29270.0,190
2026-08-21T04:04:00Z,29270.8,29276.3,29270.4,29276.1,194
2026-08-21T04:05:00Z,29275.9,29276.4,29268.6,29271.4,156
2026-08-21T04:06:00Z,29271.6,29277.1,29271.5,29276.8,200
2026-08-21T04:07:00Z,29276.9,29277.8,29269.9,29271.1,185
2026-08-21T04:08:00Z,29270.8,29275.6,29269.1,29275.1,183
2026-08-21T04:09:00Z,29275.3,29280.8,29272.0,29272.4,176
2026-08-21T04:10:00Z,29272.6,29274.3,29269.0,29270.5,180
2026-08-21T04:11:00Z,29269.8,29272.3,29269.3,29271.6,173
2026-08-21T04:12:00Z,29271.1,29271.5,29266.6,29270.1,194
2026-08-21T04:13:00Z,29269.9,29280.7,29269.6,29278.5,159
2026-08-21T04:14:00Z,29278.8,29282.8,29278.6,29280.8,165
2026-08-21T04:15:00Z,29280.7,29285.0,29279.6,29283.8,181
2026-08-21T04:16:00Z,29283.5,29283.8,29264.8,29264.8,183
2026-08-21T04:17:00Z,29264.5,29268.8,29262.5,29265.8,196
2026-08-21T04:18:00Z,29265.6,29269.1,29262.6,29269.1,188
2026-08-21T04:19:00Z,29268.6,29269.1,29264.3,29266.0,174
2026-08-21T04:20:00Z,29265.7,29265.9,29257.8,29259.5,194
2026-08-21T04:21:00Z,29259.0,29260.9,29253.0,29253.0,174
2026-08-21T04:22:00Z,29252.9,29253.2,29245.7,29249.8,190
2026-08-21T04:23:00Z,29249.7,29253.1,29247.8,29248.6,187
2026-08-21T04:24:00Z,29248.7,29253.3,29248.7,29250.4,172
2026-08-21T04:25:00Z,29250.6,29252.3,29246.5,29252.3,191
2026-08-21T04:26:00Z,29252.2,29252.2,29247.7,29248.2,174
2026-08-21T04:27:00Z,29248.3,29250.2,29244.6,29246.1,186
2026-08-21T04:28:00Z,29245.8,29247.8,29244.3,29244.3,172
2026-08-21T04:29:00Z,29244.4,29246.3,29243.9,29243.9,153
2026-08-21T04:30:00Z,29243.9,29245.2,29237.0,29239.8,196
2026-08-21T04:31:00Z,29239.9,29246.8,29239.8,29245.7,180
2026-08-21T04:32:00Z,29245.0,29250.8,29245.0,29250.1,170
2026-08-21T04:33:00Z,29250.3,29251.4,29243.1,29244.7,181
2026-08-21T04:34:00Z,29244.7,29247.5,29242.8,29244.6,178
2026-08-21T04:35:00Z,29245.1,29247.6,29234.6,29237.6,178
2026-08-21T04:36:00Z,29239.0,29239.0,29235.6,29236.5,177
2026-08-21T04:37:00Z,29236.4,29240.8,29235.1,29239.1,188
2026-08-21T04:38:00Z,29239.0,29240.5,29237.9,29239.3,162
2026-08-21T04:39:00Z,29239.2,29240.0,29238.1,29239.6,141
2026-08-21T04:40:00Z,29239.8,29246.0,29239.7,29246.0,180
2026-08-21T04:41:00Z,29245.8,29250.3,29243.9,29249.1,182
2026-08-21T04:42:00Z,29248.9,29251.5,29247.5,29251.5,185
2026-08-21T04:43:00Z,29251.2,29251.4,29244.1,29244.8,199
2026-08-21T04:44:00Z,29244.6,29249.5,29244.6,29248.0,172
2026-08-21T04:45:00Z,29247.8,29249.8,29246.8,29249.8,168
2026-08-21T04:46:00Z,29249.7,29258.6,29249.7,29257.6,178
2026-08-21T04:47:00Z,29257.8,29260.9,29255.5,29260.8,141
2026-08-21T04:48:00Z,29260.2,29261.3,29258.7,29259.2,148
2026-08-21T04:49:00Z,29259.3,29273.8,29258.6,29273.8,190
2026-08-21T04:50:00Z,29273.6,29277.6,29270.7,29272.5,180
2026-08-21T04:51:00Z,29272.8,29275.5,29268.2,29273.6,162
2026-08-21T04:52:00Z,29273.7,29273.7,29269.8,29272.3,177
2026-08-21T04:53:00Z,29272.7,29274.8,29269.7,29274.5,157
2026-08-21T04:54:00Z,29274.6,29276.1,29272.3,29274.6,152
2026-08-21T04:55:00Z,29275.1,29275.8,29272.8,29274.3,139
2026-08-21T04:56:00Z,29274.6,29274.6,29268.8,29269.7,180
2026-08-21T04:57:00Z,29270.2,29271.1,29266.9,29267.2,154
2026-08-21T04:58:00Z,29267.8,29273.0,29265.5,29271.3,191
2026-08-21T04:59:00Z,29271.5,29272.6,29268.0,29271.1,163
2026-08-21T05:00:00Z,29271.5,29274.9,29265.7,29265.7,203
2026-08-21T05:01:00Z,29266.4,29275.5,29266.3,29272.1,189
2026-08-21T05:02:00Z,29271.9,29277.8,29270.3,29277.3,186
2026-08-21T05:03:00Z,29277.4,29282.4,29276.3,29279.8,175
2026-08-21T05:04:00Z,29279.9,29282.8,29277.1,29282.3,176
2026-08-21T05:05:00Z,29282.1,29283.8,29280.3,29283.7,191
2026-08-21T05:06:00Z,29283.3,29283.7,29278.5,29278.7,187
2026-08-21T05:07:00Z,29278.8,29281.8,29278.6,29278.8,168
2026-08-21T05:08:00Z,29278.9,29280.5,29275.5,29275.9,179
2026-08-21T05:09:00Z,29275.6,29275.8,29267.5,29268.5,201
2026-08-21T05:10:00Z,29268.6,29270.6,29267.5,29268.2,173
2026-08-21T05:11:00Z,29268.1,29277.0,29268.1,29277.0,185
2026-08-21T05:12:00Z,29277.9,29283.5,29277.8,29282.3,140
2026-08-21T05:13:00Z,29282.2,29282.8,29278.1,29279.0,179
2026-08-21T05:14:00Z,29279.2,29281.0,29278.1,29278.8,178
2026-08-21T05:15:00Z,29279.0,29279.8,29278.2,29279.5,177
2026-08-21T05:16:00Z,29278.8,29280.3,29278.1,29279.9,147
2026-08-21T05:17:00Z,29280.6,29283.4,29278.9,29283.0,186
2026-08-21T05:18:00Z,29282.9,29293.5,29282.0,29291.7,152
2026-08-21T05:19:00Z,29291.8,29292.7,29288.3,29291.4,196
2026-08-21T05:20:00Z,29291.8,29292.1,29278.7,29279.2,208
2026-08-21T05:21:00Z,29277.9,29280.1,29276.0,29277.1,190
2026-08-21T05:22:00Z,29277.0,29283.0,29276.8,29278.8,173
2026-08-21T05:23:00Z,29278.9,29282.5,29276.8,29281.3,175
2026-08-21T05:24:00Z,29281.4,29281.4,29274.1,29274.1,169
2026-08-21T05:25:00Z,29274.6,29279.4,29273.4,29279.4,191
2026-08-21T05:26:00Z,29279.0,29279.0,29270.6,29270.8,188
2026-08-21T05:27:00Z,29270.2,29273.5,29267.9,29268.9,177
2026-08-21T05:28:00Z,29269.0,29269.4,29264.6,29268.6,180
2026-08-21T05:29:00Z,29269.2,29271.6,29266.5,29266.5,176
2026-08-21T05:30:00Z,29266.9,29273.2,29263.6,29269.8,206
2026-08-21T05:31:00Z,29269.9,29271.3,29266.6,29267.9,201
2026-08-21T05:32:00Z,29268.0,29269.7,29263.9,29267.8,193
2026-08-21T05:33:00Z,29267.3,29273.0,29266.8,29272.2,162
2026-08-21T05:34:00Z,29272.3,29284.5,29271.8,29284.0,191
2026-08-21T05:35:00Z,29283.7,29283.9,29278.8,29283.8,168
2026-08-21T05:36:00Z,29284.0,29290.1,29282.3,29286.8,166
2026-08-21T05:37:00Z,29286.9,29286.9,29282.5,29283.0,182
2026-08-21T05:38:00Z,29280.9,29283.6,29280.8,29282.5,186
2026-08-21T05:39:00Z,29282.3,29286.0,29279.5,29280.1,180
2026-08-21T05:40:00Z,29280.4,29281.2,29267.8,29267.8,156
2026-08-21T05:41:00Z,29268.8,29271.5,29264.7,29265.3,174
2026-08-21T05:42:00Z,29265.2,29271.0,29263.5,29270.8,186
2026-08-21T05:43:00Z,29271.1,29277.8,29268.6,29277.8,175
2026-08-21T05:44:00Z,29278.1,29278.6,29271.8,29274.1,193
2026-08-21T05:45:00Z,29274.3,29274.8,29269.3,29273.5,174
2026-08-21T05:46:00Z,29273.6,29273.6,29265.9,29265.9,196
2026-08-21T05:47:00Z,29266.5,29268.8,29264.0,29264.2,185
2026-08-21T05:48:00Z,29264.0,29264.5,29257.9,29260.2,187
2026-08-21T05:49:00Z,29260.6,29262.0,29258.2,29258.3,144
2026-08-21T05:50:00Z,29257.1,29261.1,29257.1,29260.8,169
2026-08-21T05:51:00Z,29261.2,29261.2,29254.3,29256.0,164
2026-08-21T05:52:00Z,29256.1,29262.4,29255.8,29262.4,153
2026-08-21T05:53:00Z,29262.4,29267.1,29259.8,29264.1,205
2026-08-21T05:54:00Z,29264.2,29265.6,29262.3,29264.1,178
2026-08-21T05:55:00Z,29264.3,29267.0,29262.1,29267.0,169
2026-08-21T05:56:00Z,29267.1,29271.0,29265.3,29269.5,196
2026-08-21T05:57:00Z,29269.3,29271.8,29266.9,29271.8,182
2026-08-21T05:58:00Z,29272.0,29277.5,29272.0,29276.1,184
2026-08-21T05:59:00Z,29276.2,29279.8,29275.1,29279.4,137
2026-08-21T06:00:00Z,29279.2,29280.2,29268.3,29271.6,218
2026-08-21T06:01:00Z,29271.7,29281.6,29270.2,29281.6,206
2026-08-21T06:02:00Z,29279.5,29280.1,29271.4,29271.9,198
2026-08-21T06:03:00Z,29271.5,29279.5,29270.8,29276.7,185
2026-08-21T06:04:00Z,29276.4,29276.6,29270.8,29272.2,186
2026-08-21T06:05:00Z,29272.1,29282.0,29269.1,29282.0,189
2026-08-21T06:06:00Z,29282.2,29282.5,29279.1,29280.3,163
2026-08-21T06:07:00Z,29281.0,29283.8,29278.4,29281.1,185
2026-08-21T06:08:00Z,29280.8,29282.0,29275.4,29275.6,181
2026-08-21T06:09:00Z,29271.9,29280.6,29271.8,29275.7,201
2026-08-21T06:10:00Z,29276.5,29286.2,29276.5,29286.2,199
2026-08-21T06:11:00Z,29286.0,29286.7,29282.8,29285.1,196
2026-08-21T06:12:00Z,29285.2,29287.3,29282.4,29285.7,203
2026-08-21T06:13:00Z,29286.4,29287.5,29284.5,29286.3,176
2026-08-21T06:14:00Z,29286.4,29288.4,29286.0,29286.8,172
2026-08-21T06:15:00Z,29286.7,29292.0,29285.3,29285.3,185
2026-08-21T06:16:00Z,29284.5,29285.6,29281.6,29285.5,181
2026-08-21T06:17:00Z,29285.6,29288.0,29281.3,29282.0,191
2026-08-21T06:18:00Z,29282.1,29282.8,29279.9,29281.3,169
2026-08-21T06:19:00Z,29281.5,29284.3,29280.3,29284.2,186
2026-08-21T06:20:00Z,29284.1,29290.9,29281.6,29286.8,184
2026-08-21T06:21:00Z,29286.6,29287.9,29281.0,29281.3,153
2026-08-21T06:22:00Z,29281.2,29285.6,29281.2,29285.6,180
2026-08-21T06:23:00Z,29285.3,29285.5,29282.6,29285.5,145
2026-08-21T06:24:00Z,29285.1,29285.5,29281.3,29282.4,165
2026-08-21T06:25:00Z,29282.1,29287.9,29281.4,29287.1,177
2026-08-21T06:26:00Z,29287.3,29294.5,29287.3,29291.8,174
2026-08-21T06:27:00Z,29291.9,29293.6,29290.6,29291.8,184
2026-08-21T06:28:00Z,29292.0,29293.8,29291.3,29292.7,176
2026-08-21T06:29:00Z,29292.3,29294.3,29289.0,29289.5,162
2026-08-21T06:30:00Z,29289.3,29292.6,29282.5,29282.6,190
2026-08-21T06:31:00Z,29282.8,29287.5,29282.8,29287.0,173
2026-08-21T06:32:00Z,29286.8,29295.3,29286.8,29294.4,182
2026-08-21T06:33:00Z,29294.6,29305.1,29293.6,29301.5,189
2026-08-21T06:34:00Z,29302.0,29306.8,29297.5,29306.8,174
2026-08-21T06:35:00Z,29307.0,29314.4,29307.0,29312.3,189
2026-08-21T06:36:00Z,29311.5,29311.9,29299.6,29302.8,213
2026-08-21T06:37:00Z,29302.9,29305.2,29302.8,29304.1,144
2026-08-21T06:38:00Z,29304.2,29306.3,29301.1,29305.8,160
2026-08-21T06:39:00Z,29306.3,29307.2,29302.3,29302.6,167
2026-08-21T06:40:00Z,29303.1,29303.7,29301.0,29302.0,173
2026-08-21T06:41:00Z,29302.1,29303.3,29298.1,29298.5,146
2026-08-21T06:42:00Z,29298.3,29300.8,29297.2,29299.5,142
2026-08-21T06:43:00Z,29299.3,29299.6,29291.8,29292.3,152
2026-08-21T06:44:00Z,29291.6,29293.0,29285.7,29285.7,183
2026-08-21T06:45:00Z,29286.0,29286.9,29281.1,29281.5,167
2026-08-21T06:46:00Z,29282.3,29282.7,29279.1,29280.0,162
2026-08-21T06:47:00Z,29279.8,29285.3,29279.0,29282.8,159
2026-08-21T06:48:00Z,29282.9,29288.4,29280.8,29288.4,159
2026-08-21T06:49:00Z,29288.3,29299.1,29282.2,29297.9,182
2026-08-21T06:50:00Z,29297.6,29297.6,29287.1,29292.3,179
2026-08-21T06:51:00Z,29292.1,29294.7,29290.3,29294.0,157
2026-08-21T06:52:00Z,29294.8,29297.8,29293.9,29296.2,159
2026-08-21T06:53:00Z,29296.1,29296.5,29292.9,29294.6,150
2026-08-21T06:54:00Z,29294.7,29296.8,29291.0,29293.8,169
2026-08-21T06:55:00Z,29294.0,29296.3,29293.0,29294.8,157
2026-08-21T06:56:00Z,29294.7,29297.3,29291.2,29295.5,169
2026-08-21T06:57:00Z,29295.5,29298.1,29293.6,29296.8,146
2026-08-21T06:58:00Z,29296.7,29298.3,29295.4,29297.7,175
2026-08-21T06:59:00Z,29297.3,29302.6,29294.1,29300.0,180
2026-08-21T07:00:00Z,29298.1,29300.8,29294.2,29300.5,231
2026-08-21T07:01:00Z,29300.6,29307.5,29294.6,29305.8,217
2026-08-21T07:02:00Z,29304.9,29307.9,29303.7,29307.3,208
2026-08-21T07:03:00Z,29307.7,29316.7,29306.6,29315.0,176
2026-08-21T07:04:00Z,29314.8,29317.8,29314.5,29316.7,183
2026-08-21T07:05:00Z,29316.5,29323.8,29316.2,29323.8,197
2026-08-21T07:06:00Z,29323.6,29325.7,29319.3,29323.2,211
2026-08-21T07:07:00Z,29321.4,29327.8,29321.1,29325.0,185
2026-08-21T07:08:00Z,29324.8,29326.1,29321.7,29324.9,176
2026-08-21T07:09:00Z,29326.1,29328.0,29323.6,29324.8,193
2026-08-21T07:10:00Z,29325.0,29329.9,29323.8,29329.9,199
2026-08-21T07:11:00Z,29330.0,29331.3,29327.6,29329.0,188
2026-08-21T07:12:00Z,29329.3,29331.2,29323.9,29323.9,176
2026-08-21T07:13:00Z,29324.2,29328.2,29320.0,29327.3,190
2026-08-21T07:14:00Z,29327.7,29341.3,29327.7,29341.3,181
2026-08-21T07:15:00Z,29341.4,29341.4,29335.1,29338.7,188
2026-08-21T07:16:00Z,29338.4,29346.9,29329.0,29331.6,181
2026-08-21T07:17:00Z,29331.4,29342.7,29330.7,29341.1,203
2026-08-21T07:18:00Z,29342.2,29348.3,29341.3,29343.6,198
2026-08-21T07:19:00Z,29344.3,29348.1,29343.0,29347.9,178
2026-08-21T07:20:00Z,29348.2,29349.2,29345.0,29347.2,188
2026-08-21T07:21:00Z,29347.1,29348.5,29344.1,29344.5,204
2026-08-21T07:22:00Z,29344.3,29349.2,29343.4,29349.0,181
2026-08-21T07:23:00Z,29348.8,29351.5,29343.6,29351.5,181
2026-08-21T07:24:00Z,29351.6,29368.1,29351.3,29367.1,187
2026-08-21T07:25:00Z,29367.1,29367.6,29360.0,29365.0,193
2026-08-21T07:26:00Z,29366.0,29366.0,29354.6,29354.6,181
2026-08-21T07:27:00Z,29354.4,29355.3,29348.2,29348.2,161
2026-08-21T07:28:00Z,29348.1,29348.3,29342.6,29345.3,165
2026-08-21T07:29:00Z,29345.5,29345.8,29338.7,29340.0,188
2026-08-21T07:30:00Z,29339.8,29343.9,29337.8,29340.3,186
2026-08-21T07:31:00Z,29340.1,29341.8,29335.4,29337.5,185
2026-08-21T07:32:00Z,29337.1,29349.1,29335.0,29348.8,188
2026-08-21T07:33:00Z,29349.0,29366.5,29347.5,29359.6,225
2026-08-21T07:34:00Z,29358.8,29359.0,29353.9,29356.7,201
2026-08-21T07:35:00Z,29358.4,29359.1,29349.8,29349.8,193
2026-08-21T07:36:00Z,29348.2,29357.7,29346.6,29354.4,213
2026-08-21T07:37:00Z,29354.3,29355.9,29349.8,29354.8,177
2026-08-21T07:38:00Z,29354.7,29355.5,29348.8,29350.8,178
2026-08-21T07:39:00Z,29351.0,29357.7,29350.0,29352.0,180
2026-08-21T07:40:00Z,29351.5,29354.2,29345.8,29346.1,179
2026-08-21T07:41:00Z,29347.6,29351.3,29346.3,29350.2,194
2026-08-21T07:42:00Z,29350.4,29356.9,29350.3,29356.5,199
2026-08-21T07:43:00Z,29356.7,29358.7,29347.5,29348.7,182
2026-08-21T07:44:00Z,29349.3,29349.3,29335.2,29336.8,193
2026-08-21T07:45:00Z,29337.3,29342.3,29336.8,29341.4,197
2026-08-21T07:46:00Z,29341.2,29342.8,29336.5,29340.5,177
2026-08-21T07:47:00Z,29340.3,29356.8,29339.8,29356.8,193
2026-08-21T07:48:00Z,29357.2,29358.6,29353.8,29357.0,189
2026-08-21T07:49:00Z,29356.9,29357.7,29346.1,29349.8,189
2026-08-21T07:50:00Z,29350.1,29351.8,29345.1,29346.0,174
2026-08-21T07:51:00Z,29345.6,29347.4,29344.9,29345.6,174
2026-08-21T07:52:00Z,29346.0,29348.2,29343.8,29347.3,178
2026-08-21T07:53:00Z,29347.6,29350.7,29346.8,29348.7,169
2026-08-21T07:54:00Z,29349.1,29349.3,29343.8,29344.3,166
2026-08-21T07:55:00Z,29344.4,29347.7,29339.3,29346.6,195
2026-08-21T07:56:00Z,29347.3,29355.4,29347.3,29352.0,183
2026-08-21T07:57:00Z,29351.9,29353.4,29349.4,29349.9,163
2026-08-21T07:58:00Z,29350.1,29354.6,29349.8,29354.4,149
2026-08-21T07:59:00Z,29354.2,29360.0,29351.8,29360.0,153
2026-08-21T08:00:00Z,29360.2,29370.0,29353.0,29370.0,213
2026-08-21T08:01:00Z,29369.5,29373.2,29363.7,29363.8,211
2026-08-21T08:02:00Z,29363.9,29368.3,29356.9,29368.3,197
2026-08-21T08:03:00Z,29367.0,29375.9,29365.9,29371.1,191
2026-08-21T08:04:00Z,29371.4,29372.3,29369.0,29369.8,183
2026-08-21T08:05:00Z,29369.4,29369.4,29343.7,29344.1,207
2026-08-21T08:06:00Z,29344.2,29346.3,29330.1,29330.3,213
2026-08-21T08:07:00Z,29329.4,29334.0,29326.3,29326.3,212
2026-08-21T08:08:00Z,29325.6,29332.2,29322.6,29328.3,217
2026-08-21T08:09:00Z,29328.5,29335.1,29325.1,29334.1,188
2026-08-21T08:10:00Z,29334.3,29343.5,29329.4,29329.6,209
2026-08-21T08:11:00Z,29330.1,29331.5,29323.3,29323.4,207
2026-08-21T08:12:00Z,29323.1,29331.4,29323.1,29330.3,217
2026-08-21T08:13:00Z,29330.2,29331.7,29322.1,29327.6,213
2026-08-21T08:14:00Z,29327.7,29332.5,29326.0,29330.0,212
2026-08-21T08:15:00Z,29333.1,29333.8,29327.1,29327.1,191
2026-08-21T08:16:00Z,29324.4,29327.7,29319.6,29320.0,198
2026-08-21T08:17:00Z,29320.5,29335.3,29318.9,29334.5,216
2026-08-21T08:18:00Z,29334.0,29337.3,29331.1,29336.7,188
2026-08-21T08:19:00Z,29337.0,29337.2,29330.6,29331.6,203
2026-08-21T08:20:00Z,29331.4,29334.1,29324.3,29324.8,205
2026-08-21T08:21:00Z,29323.8,29324.2,29311.5,29317.9,214
2026-08-21T08:22:00Z,29318.0,29318.5,29306.0,29311.7,206
2026-08-21T08:23:00Z,29311.9,29311.9,29304.4,29311.6,200
2026-08-21T08:24:00Z,29311.7,29316.8,29308.6,29316.8,210
2026-08-21T08:25:00Z,29316.5,29326.9,29316.3,29323.6,203
2026-08-21T08:26:00Z,29323.5,29327.8,29321.8,29327.5,199
2026-08-21T08:27:00Z,29325.6,29333.7,29325.4,29333.0,197
2026-08-21T08:28:00Z,29332.9,29336.3,29332.1,29333.4,196
2026-08-21T08:29:00Z,29333.5,29335.3,29330.6,29334.9,194
2026-08-21T08:30:00Z,29335.6,29346.5,29332.5,29346.3,200
2026-08-21T08:31:00Z,29343.9,29344.3,29332.1,29340.0,219
2026-08-21T08:32:00Z,29340.6,29341.3,29336.0,29337.4,201
2026-08-21T08:33:00Z,29337.5,29344.3,29334.8,29343.8,202
2026-08-21T08:34:00Z,29344.2,29344.2,29335.8,29340.9,194
2026-08-21T08:35:00Z,29341.3,29348.5,29341.0,29347.8,202
2026-08-21T08:36:00Z,29348.1,29349.8,29346.6,29347.7,199
2026-08-21T08:37:00Z,29348.4,29351.4,29347.4,29351.3,172
2026-08-21T08:38:00Z,29350.5,29358.0,29346.1,29352.4,178
2026-08-21T08:39:00Z,29352.7,29357.0,29351.8,29356.7,173
2026-08-21T08:40:00Z,29357.2,29363.5,29353.6,29359.1,215
2026-08-21T08:41:00Z,29357.8,29365.1,29356.5,29362.9,179
2026-08-21T08:42:00Z,29363.2,29366.5,29360.1,29362.1,198
2026-08-21T08:43:00Z,29362.9,29364.1,29354.8,29360.1,193
2026-08-21T08:44:00Z,29360.0,29369.6,29360.0,29368.4,192
2026-08-21T08:45:00Z,29367.8,29367.8,29363.2,29365.3,197
2026-08-21T08:46:00Z,29365.7,29368.8,29362.3,29365.6,194
2026-08-21T08:47:00Z,29365.7,29368.9,29363.3,29367.8,169
2026-08-21T08:48:00Z,29366.3,29367.0,29363.3,29365.4,173
2026-08-21T08:49:00Z,29366.6,29367.1,29361.6,29362.1,160
2026-08-21T08:50:00Z,29361.3,29367.0,29360.9,29364.6,180
2026-08-21T08:51:00Z,29364.5,29380.8,29364.5,29378.4,196
2026-08-21T08:52:00Z,29379.3,29380.7,29372.9,29375.6,180
2026-08-21T08:53:00Z,29375.3,29375.6,29362.4,29365.9,198
2026-08-21T08:54:00Z,29366.9,29375.8,29365.7,29371.2,202
2026-08-21T08:55:00Z,29371.3,29372.6,29370.1,29372.4,177
2026-08-21T08:56:00Z,29372.5,29374.6,29371.4,29374.6,159
2026-08-21T08:57:00Z,29374.5,29375.7,29371.5,29372.5,186
2026-08-21T08:58:00Z,29372.7,29376.2,29368.8,29370.3,182
2026-08-21T08:59:00Z,29370.1,29370.8,29364.6,29366.7,176
2026-08-21T09:00:00Z,29367.3,29368.2,29357.6,29359.5,218
2026-08-21T09:01:00Z,29362.0,29364.3,29358.1,29360.2,208
2026-08-21T09:02:00Z,29360.1,29360.6,29345.0,29351.0,212
2026-08-21T09:03:00Z,29350.8,29352.6,29343.3,29351.8,207
2026-08-21T09:04:00Z,29352.7,29354.3,29345.5,29346.1,182
2026-08-21T09:05:00Z,29346.2,29347.7,29339.0,29342.1,206
2026-08-21T09:06:00Z,29342.8,29344.6,29337.8,29339.9,202
2026-08-21T09:07:00Z,29339.5,29339.5,29331.8,29337.4,214
2026-08-21T09:08:00Z,29337.6,29337.6,29328.6,29332.7,205
2026-08-21T09:09:00Z,29333.4,29334.3,29328.5,29332.4,209
2026-08-21T09:10:00Z,29333.4,29337.5,29325.3,29337.5,213
2026-08-21T09:11:00Z,29337.4,29342.2,29336.8,29340.1,208
2026-08-21T09:12:00Z,29340.0,29342.3,29330.9,29341.0,206
2026-08-21T09:13:00Z,29341.3,29342.0,29336.6,29337.6,195
2026-08-21T09:14:00Z,29337.7,29352.6,29337.3,29351.5,188
2026-08-21T09:15:00Z,29350.9,29352.0,29343.9,29343.9,212
2026-08-21T09:16:00Z,29344.0,29356.2,29343.3,29353.8,206
2026-08-21T09:17:00Z,29353.5,29357.9,29353.1,29357.9,181
2026-08-21T09:18:00Z,29357.6,29357.6,29351.5,29354.6,187
2026-08-21T09:19:00Z,29355.9,29357.4,29352.1,29352.6,184
2026-08-21T09:20:00Z,29352.5,29357.1,29351.9,29355.3,191
2026-08-21T09:21:00Z,29355.2,29355.5,29351.6,29353.0,186
2026-08-21T09:22:00Z,29353.1,29353.9,29351.1,29353.6,184
2026-08-21T09:23:00Z,29353.9,29355.6,29352.3,29355.0,159
2026-08-21T09:24:00Z,29355.1,29356.8,29349.0,29350.6,190
2026-08-21T09:25:00Z,29351.1,29357.2,29347.9,29349.6,162
2026-08-21T09:26:00Z,29349.2,29353.2,29349.1,29352.3,182
2026-08-21T09:27:00Z,29352.5,29354.0,29351.1,29353.2,171
2026-08-21T09:28:00Z,29353.3,29353.9,29350.8,29352.5,168
2026-08-21T09:29:00Z,29353.0,29353.6,29347.6,29348.3,171
2026-08-21T09:30:00Z,29348.9,29356.3,29348.1,29349.9,165
2026-08-21T09:31:00Z,29350.4,29354.8,29343.5,29352.7,188
2026-08-21T09:32:00Z,29352.5,29359.0,29352.1,29356.6,176
2026-08-21T09:33:00Z,29356.0,29358.0,29353.8,29356.1,164
2026-08-21T09:34:00Z,29356.2,29357.2,29353.8,29355.1,156
2026-08-21T09:35:00Z,29354.7,29370.2,29354.7,29368.4,183
2026-08-21T09:36:00Z,29368.8,29377.4,29367.2,29377.4,164
2026-08-21T09:37:00Z,29377.1,29379.4,29375.6,29378.4,192
2026-08-21T09:38:00Z,29378.2,29379.7,29375.1,29375.7,167
2026-08-21T09:39:00Z,29375.6,29381.6,29374.1,29381.6,163
2026-08-21T09:40:00Z,29380.8,29386.1,29375.8,29383.3,206
2026-08-21T09:41:00Z,29383.9,29386.3,29379.8,29384.8,185
2026-08-21T09:42:00Z,29385.2,29389.5,29384.7,29386.5,164
2026-08-21T09:43:00Z,29389.8,29396.0,29386.8,29395.5,186
2026-08-21T09:44:00Z,29395.3,29395.3,29386.6,29387.2,164
2026-08-21T09:45:00Z,29388.1,29390.1,29381.1,29382.0,174
2026-08-21T09:46:00Z,29382.3,29383.4,29380.1,29380.2,160
2026-08-21T09:47:00Z,29380.8,29383.8,29379.0,29382.5,174
2026-08-21T09:48:00Z,29383.3,29387.2,29383.2,29386.0,177
2026-08-21T09:49:00Z,29386.1,29395.9,29386.1,29395.9,174
2026-08-21T09:50:00Z,29394.4,29394.4,29385.9,29392.1,188
2026-08-21T09:51:00Z,29391.9,29399.8,29391.1,29399.1,181
2026-08-21T09:52:00Z,29399.2,29404.1,29394.8,29395.1,193
2026-08-21T09:53:00Z,29394.9,29397.3,29392.3,29393.0,173
2026-08-21T09:54:00Z,29393.4,29400.6,29391.9,29400.5,182
2026-08-21T09:55:00Z,29400.7,29404.8,29399.8,29402.3,178
2026-08-21T09:56:00Z,29401.1,29402.1,29399.8,29401.7,162
2026-08-21T09:57:00Z,29401.8,29402.0,29399.1,29401.8,163
2026-08-21T09:58:00Z,29401.6,29404.5,29398.8,29400.1,185
2026-08-21T09:59:00Z,29399.6,29400.6,29397.8,29398.5,181
2026-08-21T10:00:00Z,29399.1,29419.6,29398.9,29413.7,211
2026-08-21T10:01:00Z,29413.9,29419.4,29413.6,29417.9,184
2026-08-21T10:02:00Z,29418.4,29425.2,29417.4,29419.6,191
2026-08-21T10:03:00Z,29419.4,29422.1,29416.8,29420.0,177
2026-08-21T10:04:00Z,29419.9,29424.2,29419.8,29421.8,168
2026-08-21T10:05:00Z,29421.9,29427.4,29420.8,29426.5,177
2026-08-21T10:06:00Z,29426.8,29428.3,29421.8,29424.9,170
2026-08-21T10:07:00Z,29426.4,29426.4,29410.3,29411.0,203
2026-08-21T10:08:00Z,29410.3,29410.9,29400.9,29404.5,213
2026-08-21T10:09:00Z,29404.4,29409.0,29399.8,29405.5,222
2026-08-21T10:10:00Z,29405.4,29409.3,29403.7,29405.0,185
2026-08-21T10:11:00Z,29405.2,29408.5,29399.9,29400.8,184
2026-08-21T10:12:00Z,29400.6,29402.7,29398.2,29398.2,174
2026-08-21T10:13:00Z,29398.5,29398.6,29390.3,29396.1,189
2026-08-21T10:14:00Z,29396.6,29401.1,29396.3,29398.0,176
2026-08-21T10:15:00Z,29398.6,29399.2,29394.5,29396.0,191
2026-08-21T10:16:00Z,29396.1,29399.1,29394.9,29397.2,182
2026-08-21T10:17:00Z,29397.1,29400.8,29395.5,29397.5,175
2026-08-21T10:18:00Z,29397.1,29398.7,29392.4,29397.7,171
2026-08-21T10:19:00Z,29397.9,29398.0,29388.7,29390.1,169
2026-08-21T10:20:00Z,29391.4,29391.8,29383.7,29385.8,178
2026-08-21T10:21:00Z,29386.2,29390.4,29384.7,29388.0,188
2026-08-21T10:22:00Z,29387.9,29389.8,29387.5,29389.3,175
2026-08-21T10:23:00Z,29389.4,29391.2,29386.6,29387.1,169
2026-08-21T10:24:00Z,29387.3,29390.2,29386.9,29389.1,171
2026-08-21T10:25:00Z,29389.7,29394.7,29389.5,29394.3,190
2026-08-21T10:26:00Z,29394.4,29400.0,29394.0,29399.1,179
2026-08-21T10:27:00Z,29398.8,29398.9,29394.0,29395.6,168
2026-08-21T10:28:00Z,29396.4,29403.3,29395.4,29402.6,177
2026-08-21T10:29:00Z,29402.5,29404.5,29401.3,29404.0,152
2026-08-21T10:30:00Z,29403.5,29406.2,29402.8,29404.9,158
2026-08-21T10:31:00Z,29405.1,29405.7,29397.1,29401.2,194
2026-08-21T10:32:00Z,29401.1,29403.6,29396.8,29398.5,172
2026-08-21T10:33:00Z,29398.4,29398.6,29393.0,29393.1,164
2026-08-21T10:34:00Z,29393.3,29393.5,29389.1,29391.9,163
2026-08-21T10:35:00Z,29391.7,29393.0,29388.5,29389.3,187
2026-08-21T10:36:00Z,29389.2,29396.1,29386.9,29387.3,163
2026-08-21T10:37:00Z,29386.4,29391.2,29385.8,29390.6,163
2026-08-21T10:38:00Z,29390.5,29394.6,29389.4,29391.9,193
2026-08-21T10:39:00Z,29392.0,29395.5,29392.0,29394.2,147
2026-08-21T10:40:00Z,29394.3,29397.0,29393.6,29394.8,174
2026-08-21T10:41:00Z,29395.4,29396.1,29392.8,29394.6,182
2026-08-21T10:42:00Z,29395.0,29396.1,29391.9,29392.8,143
2026-08-21T10:43:00Z,29392.6,29394.2,29389.6,29390.7,171
2026-08-21T10:44:00Z,29390.1,29391.5,29388.8,29391.3,160
2026-08-21T10:45:00Z,29391.7,29394.4,29391.3,29394.1,138
2026-08-21T10:46:00Z,29393.8,29395.5,29391.9,29393.5,176
2026-08-21T10:47:00Z,29393.6,29394.7,29392.1,29393.3,162
2026-08-21T10:48:00Z,29393.1,29396.1,29393.1,29394.8,139
2026-08-21T10:49:00Z,29392.6,29394.3,29392.1,29393.9,155
2026-08-21T10:50:00Z,29393.5,29395.1,29388.8,29389.1,180
2026-08-21T10:51:00Z,29389.0,29393.1,29388.8,29392.9,168
2026-08-21T10:52:00Z,29392.4,29399.8,29389.9,29397.3,184
2026-08-21T10:53:00Z,29396.0,29396.0,29389.9,29394.0,163
2026-08-21T10:54:00Z,29394.3,29395.9,29392.8,29392.8,165
2026-08-21T10:55:00Z,29392.6,29395.0,29391.5,29393.4,143
2026-08-21T10:56:00Z,29393.7,29395.2,29392.0,29394.1,169
2026-08-21T10:57:00Z,29394.5,29399.3,29391.1,29395.6,184
2026-08-21T10:58:00Z,29394.6,29396.5,29387.3,29387.5,187
2026-08-21T10:59:00Z,29387.5,29396.0,29387.5,29392.8,183
2026-08-21T11:00:00Z,29390.6,29398.0,29376.9,29379.0,210
2026-08-21T11:01:00Z,29379.1,29379.3,29372.6,29374.2,201
2026-08-21T11:02:00Z,29374.1,29374.8,29368.6,29368.6,176
2026-08-21T11:03:00Z,29367.9,29372.2,29366.3,29367.3,203
2026-08-21T11:04:00Z,29367.1,29381.1,29367.1,29381.1,212
2026-08-21T11:05:00Z,29380.6,29398.0,29379.2,29397.2,208
2026-08-21T11:06:00Z,29397.3,29397.3,29386.3,29391.8,214
2026-08-21T11:07:00Z,29391.6,29391.6,29388.6,29389.9,172
2026-08-21T11:08:00Z,29389.4,29390.3,29381.8,29381.8,191
2026-08-21T11:09:00Z,29381.7,29390.8,29381.7,29390.4,188
2026-08-21T11:10:00Z,29390.2,29392.5,29388.0,29392.0,186
2026-08-21T11:11:00Z,29391.5,29393.0,29386.3,29390.4,175
2026-08-21T11:12:00Z,29391.0,29391.0,29374.2,29377.4,189
2026-08-21T11:13:00Z,29378.5,29378.8,29374.2,29376.1,176
2026-08-21T11:14:00Z,29375.3,29381.5,29374.8,29381.0,181
2026-08-21T11:15:00Z,29380.9,29389.0,29380.0,29386.8,197
2026-08-21T11:16:00Z,29387.0,29389.4,29386.5,29386.6,160
2026-08-21T11:17:00Z,29386.7,29390.6,29386.4,29389.1,158
2026-08-21T11:18:00Z,29388.9,29395.3,29388.6,29394.6,176
2026-08-21T11:19:00Z,29394.5,29395.3,29390.6,29390.7,160
2026-08-21T11:20:00Z,29390.5,29394.3,29390.1,29392.3,169
2026-08-21T11:21:00Z,29391.7,29400.3,29391.5,29400.3,187
2026-08-21T11:22:00Z,29400.7,29420.9,29400.0,29407.9,209
2026-08-21T11:23:00Z,29409.0,29421.1,29404.1,29418.5,213
2026-08-21T11:24:00Z,29419.9,29436.3,29417.8,29431.7,217
2026-08-21T11:25:00Z,29431.4,29437.1,29417.6,29437.1,219
2026-08-21T11:26:00Z,29435.9,29437.2,29422.5,29423.4,213
2026-08-21T11:27:00Z,29422.5,29429.4,29420.8,29422.5,203
2026-08-21T11:28:00Z,29422.3,29430.3,29422.2,29426.8,203
2026-08-21T11:29:00Z,29427.6,29432.3,29422.9,29431.8,211
2026-08-21T11:30:00Z,29431.7,29432.5,29425.6,29430.6,203
2026-08-21T11:31:00Z,29430.5,29435.5,29425.6,29435.5,200
2026-08-21T11:32:00Z,29436.3,29436.3,29418.0,29419.2,203
2026-08-21T11:33:00Z,29419.2,29430.3,29418.5,29426.7,208
2026-08-21T11:34:00Z,29427.3,29432.1,29418.0,29424.5,204
2026-08-21T11:35:00Z,29424.6,29442.2,29424.6,29442.2,190
2026-08-21T11:36:00Z,29442.6,29452.2,29440.9,29443.7,212
2026-08-21T11:37:00Z,29444.5,29447.8,29440.3,29442.7,214
2026-08-21T11:38:00Z,29442.2,29443.3,29431.5,29431.5,191
2026-08-21T11:39:00Z,29434.1,29437.8,29429.3,29430.8,215
2026-08-21T11:40:00Z,29429.9,29434.8,29423.1,29423.1,198
2026-08-21T11:41:00Z,29422.5,29428.8,29421.3,29427.5,192
2026-08-21T11:42:00Z,29427.3,29435.1,29426.2,29432.8,200
2026-08-21T11:43:00Z,29432.7,29435.8,29427.3,29430.3,201
2026-08-21T11:44:00Z,29430.6,29445.0,29430.6,29444.8,196
2026-08-21T11:45:00Z,29444.7,29445.0,29432.5,29440.0,196
2026-08-21T11:46:00Z,29439.8,29440.1,29426.5,29431.3,200
2026-08-21T11:47:00Z,29431.8,29432.5,29426.4,29426.6,184
2026-08-21T11:48:00Z,29427.0,29429.0,29419.8,29428.3,199
2026-08-21T11:49:00Z,29428.5,29428.5,29422.7,29424.3,189
2026-08-21T11:50:00Z,29425.1,29425.1,29414.7,29419.3,189
2026-08-21T11:51:00Z,29419.2,29419.2,29416.0,29417.0,172
2026-08-21T11:52:00Z,29416.8,29420.6,29416.8,29419.1,202
2026-08-21T11:53:00Z,29419.3,29422.5,29418.1,29418.8,172
2026-08-21T11:54:00Z,29418.4,29421.7,29418.4,29421.1,157
2026-08-21T11:55:00Z,29420.3,29420.6,29417.6,29420.3,161
2026-08-21T11:56:00Z,29419.9,29424.5,29418.1,29418.3,181
2026-08-21T11:57:00Z,29418.4,29420.0,29416.3,29419.9,180
2026-08-21T11:58:00Z,29419.7,29420.7,29413.9,29414.3,181
2026-08-21T11:59:00Z,29415.0,29416.1,29411.6,29413.1,178
2026-08-21T12:00:00Z,29412.4,29416.5,29406.7,29408.1,200
2026-08-21T12:01:00Z,29407.5,29409.0,29404.1,29406.0,188
2026-08-21T12:02:00Z,29405.6,29406.0,29394.9,29397.8,198
2026-08-21T12:03:00Z,29397.5,29402.0,29394.3,29397.0,176
2026-08-21T12:04:00Z,29397.2,29398.0,29393.4,29397.6,179
2026-08-21T12:05:00Z,29397.4,29403.2,29393.2,29398.4,198
2026-08-21T12:06:00Z,29398.0,29404.1,29396.1,29403.0,176
2026-08-21T12:07:00Z,29401.6,29405.5,29401.1,29405.0,189
2026-08-21T12:08:00Z,29405.0,29410.0,29403.8,29408.7,169
2026-08-21T12:09:00Z,29408.8,29414.1,29406.1,29410.4,188
2026-08-21T12:10:00Z,29409.7,29410.9,29406.4,29407.2,181
2026-08-21T12:11:00Z,29407.3,29410.3,29404.0,29406.5,166
2026-08-21T12:12:00Z,29406.6,29407.0,29401.1,29404.5,194
2026-08-21T12:13:00Z,29404.1,29405.6,29401.8,29402.9,164
2026-08-21T12:14:00Z,29403.1,29404.0,29399.8,29400.4,164
2026-08-21T12:15:00Z,29400.6,29403.0,29396.6,29403.0,193
2026-08-21T12:16:00Z,29402.8,29404.5,29400.0,29400.4,191
2026-08-21T12:17:00Z,29399.4,29413.4,29398.4,29412.3,197
2026-08-21T12:18:00Z,29412.4,29416.1,29405.0,29405.0,194
2026-08-21T12:19:00Z,29405.2,29408.0,29402.3,29402.3,188
2026-08-21T12:20:00Z,29402.2,29403.1,29395.5,29397.4,199
2026-08-21T12:21:00Z,29397.6,29401.0,29394.2,29395.5,152
2026-08-21T12:22:00Z,29395.1,29397.4,29392.0,29396.9,195
2026-08-21T12:23:00Z,29396.4,29401.0,29393.7,29400.0,195
2026-08-21T12:24:00Z,29400.3,29416.8,29400.3,29414.9,208
2026-08-21T12:25:00Z,29415.8,29415.8,29413.1,29415.2,185
2026-08-21T12:26:00Z,29414.9,29422.7,29414.9,29422.7,200
2026-08-21T12:27:00Z,29422.6,29427.7,29419.3,29420.5,168
2026-08-21T12:28:00Z,29420.4,29424.5,29420.4,29424.5,182
2026-08-21T12:29:00Z,29425.1,29430.3,29424.7,29430.0,176
2026-08-21T12:30:00Z,29429.7,29435.5,29423.3,29426.0,212
2026-08-21T12:31:00Z,29425.7,29436.1,29422.4,29435.9,206
2026-08-21T12:32:00Z,29435.8,29435.9,29429.1,29432.9,199
2026-08-21T12:33:00Z,29433.1,29435.9,29423.0,29424.3,202
2026-08-21T12:34:00Z,29424.1,29427.7,29422.5,29426.9,184
2026-08-21T12:35:00Z,29427.0,29430.0,29424.4,29427.6,202
2026-08-21T12:36:00Z,29427.4,29435.0,29425.6,29433.1,190
2026-08-21T12:37:00Z,29432.3,29436.4,29427.8,29433.2,205
2026-08-21T12:38:00Z,29432.7,29432.9,29422.5,29424.1,214
2026-08-21T12:39:00Z,29424.4,29429.1,29424.3,29428.1,208
2026-08-21T12:40:00Z,29427.9,29428.0,29424.3,29425.3,196
2026-08-21T12:41:00Z,29425.6,29435.3,29424.6,29435.0,186
2026-08-21T12:42:00Z,29435.3,29435.3,29431.7,29433.3,186
2026-08-21T12:43:00Z,29433.1,29442.9,29432.6,29440.5,210
2026-08-21T12:44:00Z,29440.4,29442.1,29438.0,29442.0,203
2026-08-21T12:45:00Z,29441.8,29444.8,29436.3,29439.7,190
2026-08-21T12:46:00Z,29439.1,29439.8,29436.6,29437.1,186
2026-08-21T12:47:00Z,29437.3,29441.2,29435.2,29439.3,189
2026-08-21T12:48:00Z,29439.4,29443.8,29439.4,29442.7,175
2026-08-21T12:49:00Z,29442.9,29445.5,29442.1,29444.4,169
2026-08-21T12:50:00Z,29443.6,29444.9,29440.5,29443.8,195
2026-08-21T12:51:00Z,29443.9,29444.2,29439.4,29440.2,164
2026-08-21T12:52:00Z,29440.4,29440.4,29430.6,29430.6,178
2026-08-21T12:53:00Z,29430.5,29430.9,29423.0,29427.1,196
2026-08-21T12:54:00Z,29427.1,29427.1,29420.0,29423.5,195
2026-08-21T12:55:00Z,29422.6,29422.6,29417.1,29420.5,156
2026-08-21T12:56:00Z,29420.6,29425.6,29419.7,29419.7,179
2026-08-21T12:57:00Z,29420.1,29425.1,29420.1,29422.6,169
2026-08-21T12:58:00Z,29422.3,29424.1,29421.2,29423.6,156
2026-08-21T12:59:00Z,29423.5,29426.3,29421.5,29424.3,168
2026-08-21T13:00:00Z,29425.3,29425.6,29419.1,29425.2,209
2026-08-21T13:01:00Z,29424.9,29428.6,29422.8,29427.1,178
2026-08-21T13:02:00Z,29427.3,29427.3,29422.8,29424.5,179
2026-08-21T13:03:00Z,29424.9,29425.0,29416.1,29417.7,188
2026-08-21T13:04:00Z,29417.6,29419.7,29415.8,29419.7,200
2026-08-21T13:05:00Z,29419.8,29420.6,29413.3,29413.4,203
2026-08-21T13:06:00Z,29413.3,29414.9,29410.9,29412.2,210
2026-08-21T13:07:00Z,29412.0,29415.8,29411.4,29415.1,181
2026-08-21T13:08:00Z,29415.3,29415.8,29408.5,29409.6,193
2026-08-21T13:09:00Z,29409.8,29410.3,29400.3,29401.3,189
2026-08-21T13:10:00Z,29401.0,29401.9,29392.9,29396.4,219
2026-08-21T13:11:00Z,29396.5,29397.3,29390.6,29392.2,207
2026-08-21T13:12:00Z,29392.3,29394.9,29390.4,29392.5,190
2026-08-21T13:13:00Z,29392.8,29392.9,29382.2,29382.3,196
2026-08-21T13:14:00Z,29382.5,29385.7,29380.5,29382.6,208
2026-08-21T13:15:00Z,29383.1,29384.7,29375.8,29377.4,196
2026-08-21T13:16:00Z,29376.9,29381.1,29373.4,29373.6,204
2026-08-21T13:17:00Z,29373.8,29376.8,29365.8,29367.1,217
2026-08-21T13:18:00Z,29367.2,29371.0,29364.3,29366.6,205
2026-08-21T13:19:00Z,29366.7,29369.7,29362.8,29363.3,210
2026-08-21T13:20:00Z,29362.8,29365.5,29358.7,29361.8,200
2026-08-21T13:21:00Z,29361.4,29362.0,29356.4,29360.0,204
2026-08-21T13:22:00Z,29360.6,29360.9,29354.7,29359.0,189
2026-08-21T13:23:00Z,29359.2,29361.2,29355.4,29361.2,203
2026-08-21T13:24:00Z,29361.4,29362.5,29356.6,29361.0,195
2026-08-21T13:25:00Z,29340.3,29341.7,29331.2,29334.6,220
2026-08-21T13:26:00Z,29335.7,29336.8,29331.6,29334.8,222
2026-08-21T13:27:00Z,29338.7,29368.5,29337.7,29366.5,206
2026-08-21T13:28:00Z,29377.9,29395.5,29375.0,29393.8,221
2026-08-21T13:29:00Z,29393.7,29398.3,29380.4,29391.3,231
2026-08-21T13:30:00Z,29383.0,29383.0,29331.6,29337.0,226
2026-08-21T13:31:00Z,29338.9,29345.7,29312.7,29315.9,234
2026-08-21T13:32:00Z,29315.0,29315.0,29279.2,29294.3,232
2026-08-21T13:33:00Z,29290.0,29293.9,29272.7,29290.3,229
2026-08-21T13:34:00Z,29290.5,29300.7,29273.0,29277.3,237
2026-08-21T13:35:00Z,29273.1,29284.2,29257.4,29280.8,238
2026-08-21T13:36:00Z,29281.0,29286.0,29246.4,29256.7,234
2026-08-21T13:37:00Z,29259.6,29259.6,29232.9,29252.8,231
2026-08-21T13:38:00Z,29251.6,29255.0,29237.0,29250.2,233
2026-08-21T13:39:00Z,29253.8,29264.3,29234.7,29263.0,232
2026-08-21T13:40:00Z,29262.6,29268.4,29251.3,29253.2,233
2026-08-21T13:41:00Z,29254.3,29271.5,29251.2,29252.6,227
2026-08-21T13:42:00Z,29252.1,29272.8,29252.1,29261.7,236
2026-08-21T13:43:00Z,29260.0,29260.5,29226.3,29227.5,230
2026-08-21T13:44:00Z,29228.2,29241.0,29228.2,29233.3,234
2026-08-21T13:45:00Z,29232.6,29263.4,29232.6,29250.1,188
2026-08-21T13:46:00Z,29252.8,29269.2,29242.6,29262.5,231
2026-08-21T13:47:00Z,29263.6,29270.3,29224.7,29234.0,229
2026-08-21T13:48:00Z,29234.5,29244.3,29221.5,29222.9,233
2026-08-21T13:49:00Z,29223.6,29253.4,29222.4,29253.4,228
2026-08-21T13:50:00Z,29253.2,29257.9,29243.8,29243.8,233
2026-08-21T13:51:00Z,29244.5,29251.3,29219.7,29225.8,228
2026-08-21T13:52:00Z,29226.8,29228.1,29199.9,29199.9,226
2026-08-21T13:53:00Z,29200.3,29214.6,29192.6,29198.5,233
2026-08-21T13:54:00Z,29198.3,29204.9,29172.5,29204.9,235
2026-08-21T13:55:00Z,29205.6,29222.2,29195.2,29195.2,239
2026-08-21T13:56:00Z,29194.6,29233.2,29194.6,29226.1,234
2026-08-21T13:57:00Z,29227.7,29227.7,29200.4,29207.3,236
2026-08-21T13:58:00Z,29205.8,29212.9,29185.8,29207.2,233
2026-08-21T13:59:00Z,29205.9,29231.4,29203.5,29219.7,235
2026-08-21T14:00:00Z,29217.1,29232.8,29207.0,29219.0,236
2026-08-21T14:01:00Z,29218.1,29224.6,29202.8,29204.8,236
2026-08-21T14:02:00Z,29206.1,29207.3,29181.0,29182.0,234
2026-08-21T14:03:00Z,29182.3,29202.3,29177.0,29195.1,239
2026-08-21T14:04:00Z,29196.6,29207.0,29193.1,29204.0,224
2026-08-21T14:05:00Z,29204.9,29236.7,29203.5,29234.7,232
2026-08-21T14:06:00Z,29234.6,29247.3,29230.2,29236.7,224
2026-08-21T14:07:00Z,29238.8,29240.2,29216.0,29221.8,233
2026-08-21T14:08:00Z,29223.5,29242.6,29216.0,29241.4,236
2026-08-21T14:09:00Z,29242.3,29243.4,29219.2,29225.6,224
2026-08-21T14:10:00Z,29227.8,29241.6,29219.5,29237.8,230
2026-08-21T14:11:00Z,29237.3,29238.2,29216.3,29220.3,230
2026-08-21T14:12:00Z,29221.5,29223.6,29200.7,29205.8,228
2026-08-21T14:13:00Z,29207.8,29213.6,29179.3,29184.3,226
2026-08-21T14:14:00Z,29184.2,29187.3,29164.3,29166.6,231
2026-08-21T14:15:00Z,29166.4,29184.3,29159.3,29184.0,234
2026-08-21T14:16:00Z,29184.5,29192.5,29163.8,29190.2,232
2026-08-21T14:17:00Z,29190.6,29193.9,29161.0,29171.3,222
2026-08-21T14:18:00Z,29171.8,29176.1,29153.3,29153.3,235
2026-08-21T14:19:00Z,29154.2,29159.6,29142.8,29143.5,228
2026-08-21T14:20:00Z,29143.3,29151.5,29135.7,29150.5,233
2026-08-21T14:21:00Z,29150.3,29155.7,29133.6,29154.1,225
2026-08-21T14:22:00Z,29154.3,29184.9,29151.8,29177.3,227
2026-08-21T14:23:00Z,29176.4,29187.6,29165.2,29187.2,233
2026-08-21T14:24:00Z,29184.5,29200.9,29163.5,29168.5,229
2026-08-21T14:25:00Z,29169.6,29195.6,29165.7,29193.9,227
2026-08-21T14:26:00Z,29193.4,29209.5,29191.4,29206.6,234
2026-08-21T14:27:00Z,29209.2,29223.6,29201.9,29210.7,227
2026-08-21T14:28:00Z,29212.2,29223.4,29206.3,29215.9,223
2026-08-21T14:29:00Z,29217.4,29218.1,29190.2,29192.7,233
2026-08-21T14:30:00Z,29193.4,29210.6,29191.6,29199.2,233
2026-08-21T14:31:00Z,29198.8,29210.7,29195.3,29209.3,234
2026-08-21T14:32:00Z,29210.6,29217.1,29194.8,29207.8,234
2026-08-21T14:33:00Z,29209.8,29218.7,29202.0,29202.0,235
2026-08-21T14:34:00Z,29202.2,29207.1,29188.4,29188.7,233
2026-08-21T14:35:00Z,29189.0,29194.1,29182.7,29185.1,232
2026-08-21T14:36:00Z,29187.0,29196.6,29179.1,29179.5,230
2026-08-21T14:37:00Z,29179.3,29196.1,29179.2,29183.6,226
2026-08-21T14:38:00Z,29185.1,29206.2,29184.7,29206.2,229
2026-08-21T14:39:00Z,29206.7,29210.6,29189.1,29194.2,232
2026-08-21T14:40:00Z,29192.7,29207.1,29191.7,29197.3,230
2026-08-21T14:41:00Z,29196.2,29199.1,29175.8,29176.4,230
2026-08-21T14:42:00Z,29175.4,29188.5,29173.1,29187.5,229
2026-08-21T14:43:00Z,29187.7,29222.4,29181.2,29215.9,229
2026-08-21T14:44:00Z,29216.4,29218.0,29204.2,29209.2,228
2026-08-21T14:45:00Z,29208.6,29220.7,29202.9,29219.8,233
2026-08-21T14:46:00Z,29220.1,29233.0,29218.2,29225.7,230
2026-08-21T14:47:00Z,29225.6,29230.6,29208.3,29215.7,236
2026-08-21T14:48:00Z,29217.0,29220.9,29214.0,29219.3,226
2026-08-21T14:49:00Z,29218.5,29229.3,29217.4,29223.6,226
2026-08-21T14:50:00Z,29223.7,29232.1,29217.8,29225.4,226
2026-08-21T14:51:00Z,29226.0,29229.8,29216.8,29217.8,224
2026-08-21T14:52:00Z,29217.3,29235.7,29209.1,29229.0,231
2026-08-21T14:53:00Z,29228.0,29236.3,29220.6,29220.6,218
2026-08-21T14:54:00Z,29220.5,29223.6,29202.7,29209.9,228
2026-08-21T14:55:00Z,29208.6,29233.0,29202.8,29233.0,225
2026-08-21T14:56:00Z,29232.2,29242.5,29224.7,29238.9,233
2026-08-21T14:57:00Z,29237.5,29238.9,29228.0,29229.5,230
2026-08-21T14:58:00Z,29229.2,29232.3,29222.1,29230.0,225
2026-08-21T14:59:00Z,29231.2,29245.6,29231.0,29245.4,226
2026-08-21T15:00:00Z,29246.4,29260.7,29240.0,29258.6,226
2026-08-21T15:01:00Z,29258.0,29261.9,29243.4,29247.3,224
2026-08-21T15:02:00Z,29247.9,29259.4,29247.5,29250.4,232
2026-08-21T15:03:00Z,29249.2,29269.9,29247.4,29268.4,221
2026-08-21T15:04:00Z,29268.7,29277.5,29266.2,29273.3,218
2026-08-21T15:05:00Z,29274.8,29274.8,29256.3,29266.8,230
2026-08-21T15:06:00Z,29265.6,29277.0,29264.1,29267.2,221
2026-08-21T15:07:00Z,29270.5,29279.3,29270.3,29277.0,230
2026-08-21T15:08:00Z,29275.3,29281.9,29272.2,29275.5,212
2026-08-21T15:09:00Z,29275.4,29275.4,29262.1,29263.7,227
2026-08-21T15:10:00Z,29264.8,29264.9,29258.3,29258.5,227
2026-08-21T15:11:00Z,29260.1,29273.8,29258.1,29270.6,209
2026-08-21T15:12:00Z,29272.6,29275.0,29267.5,29272.8,223
2026-08-21T15:13:00Z,29272.6,29274.7,29264.9,29272.2,219
2026-08-21T15:14:00Z,29272.5,29273.0,29263.3,29266.1,211
2026-08-21T15:15:00Z,29265.9,29280.1,29261.8,29263.8,218
2026-08-21T15:16:00Z,29264.8,29266.3,29259.6,29260.0,224
2026-08-21T15:17:00Z,29259.4,29265.1,29255.2,29263.1,218
2026-08-21T15:18:00Z,29262.9,29264.9,29253.5,29253.9,224
2026-08-21T15:19:00Z,29254.1,29257.6,29248.4,29254.9,220
2026-08-21T15:20:00Z,29255.5,29260.5,29249.1,29249.1,226
2026-08-21T15:21:00Z,29248.2,29260.8,29245.1,29255.7,233
2026-08-21T15:22:00Z,29255.1,29270.3,29254.8,29267.4,220
2026-08-21T15:23:00Z,29266.6,29272.0,29264.0,29272.0,216
2026-08-21T15:24:00Z,29271.6,29272.8,29247.3,29250.6,211
2026-08-21T15:25:00Z,29249.6,29255.0,29247.9,29254.5,225
2026-08-21T15:26:00Z,29254.2,29272.6,29253.7,29272.6,223
2026-08-21T15:27:00Z,29272.8,29278.4,29267.0,29274.7,210
2026-08-21T15:28:00Z,29274.3,29280.7,29271.1,29278.8,213
2026-08-21T15:29:00Z,29278.5,29284.4,29276.1,29280.7,218
2026-08-21T15:30:00Z,29281.6,29290.3,29277.6,29287.9,224
2026-08-21T15:31:00Z,29287.0,29292.7,29283.9,29286.3,222
2026-08-21T15:32:00Z,29286.7,29305.0,29285.8,29303.7,216
2026-08-21T15:33:00Z,29304.0,29307.4,29302.3,29307.3,210
2026-08-21T15:34:00Z,29306.6,29318.1,29306.6,29317.0,214
2026-08-21T15:35:00Z,29316.6,29318.9,29313.6,29317.8,226
2026-08-21T15:36:00Z,29318.0,29324.3,29314.4,29323.9,226
2026-08-21T15:37:00Z,29324.2,29338.7,29323.4,29325.8,230
2026-08-21T15:38:00Z,29326.5,29341.4,29324.1,29338.6,223
2026-08-21T15:39:00Z,29337.3,29357.6,29337.3,29355.9,223
2026-08-21T15:40:00Z,29355.3,29368.9,29351.5,29367.6,221
2026-08-21T15:41:00Z,29367.4,29384.0,29367.3,29380.3,217
2026-08-21T15:42:00Z,29379.9,29382.5,29370.7,29370.7,223
2026-08-21T15:43:00Z,29368.5,29372.5,29361.5,29362.8,230
2026-08-21T15:44:00Z,29364.4,29371.0,29360.7,29364.6,216
2026-08-21T15:45:00Z,29364.9,29369.9,29356.8,29357.9,226
2026-08-21T15:46:00Z,29360.9,29363.5,29354.3,29356.0,221
2026-08-21T15:47:00Z,29355.6,29361.5,29354.3,29354.8,210
2026-08-21T15:48:00Z,29354.4,29357.4,29342.8,29345.9,221
2026-08-21T15:49:00Z,29345.5,29348.1,29339.0,29345.0,224
2026-08-21T15:50:00Z,29346.0,29374.0,29345.5,29371.8,223
2026-08-21T15:51:00Z,29372.3,29384.7,29371.5,29381.3,211
2026-08-21T15:52:00Z,29381.6,29393.8,29381.6,29390.1,228
2026-08-21T15:53:00Z,29390.6,29401.3,29388.9,29398.3,231
2026-08-21T15:54:00Z,29398.1,29399.3,29384.6,29386.3,214
2026-08-21T15:55:00Z,29386.2,29386.5,29370.1,29372.4,220
2026-08-21T15:56:00Z,29372.3,29376.8,29367.2,29369.5,218
2026-08-21T15:57:00Z,29369.6,29369.6,29356.8,29358.2,218
2026-08-21T15:58:00Z,29358.4,29361.9,29352.3,29360.6,217
2026-08-21T15:59:00Z,29360.4,29360.8,29350.2,29357.4,218
2026-08-21T16:00:00Z,29356.8,29360.4,29345.0,29348.1,227
2026-08-21T16:01:00Z,29348.3,29356.7,29348.1,29352.0,218
2026-08-21T16:02:00Z,29352.4,29354.0,29340.5,29344.1,221
2026-08-21T16:03:00Z,29343.7,29348.3,29341.3,29346.0,225
2026-08-21T16:04:00Z,29345.6,29349.2,29330.4,29333.3,224
2026-08-21T16:05:00Z,29333.7,29336.8,29327.5,29335.3,212
2026-08-21T16:06:00Z,29334.1,29340.7,29325.0,29330.7,223
2026-08-21T16:07:00Z,29330.5,29337.9,29325.2,29330.3,220
2026-08-21T16:08:00Z,29331.1,29332.4,29324.8,29326.5,218
2026-08-21T16:09:00Z,29326.0,29327.1,29305.5,29307.6,214
2026-08-21T16:10:00Z,29308.2,29314.3,29303.1,29313.3,214
2026-08-21T16:11:00Z,29313.4,29319.7,29311.0,29316.3,230
2026-08-21T16:12:00Z,29316.1,29317.6,29306.7,29313.8,208
2026-08-21T16:13:00Z,29313.5,29321.5,29313.0,29320.0,221
2026-08-21T16:14:00Z,29321.0,29321.8,29307.8,29308.2,224
2026-08-21T16:15:00Z,29307.2,29316.5,29304.7,29315.7,224
2026-08-21T16:16:00Z,29316.8,29331.2,29315.0,29328.6,222
2026-08-21T16:17:00Z,29327.9,29332.8,29327.4,29331.1,217
2026-08-21T16:18:00Z,29332.1,29332.1,29315.6,29315.9,217
2026-08-21T16:19:00Z,29315.4,29317.8,29303.9,29311.7,220
2026-08-21T16:20:00Z,29311.9,29313.0,29301.8,29310.8,218
2026-08-21T16:21:00Z,29310.7,29364.9,29310.7,29322.2,225
2026-08-21T16:22:00Z,29324.1,29329.2,29313.5,29319.3,228
2026-08-21T16:23:00Z,29319.7,29323.0,29312.6,29322.8,229
2026-08-21T16:24:00Z,29321.6,29324.5,29316.5,29317.1,216
2026-08-21T16:25:00Z,29317.5,29324.8,29315.2,29319.8,219
2026-08-21T16:26:00Z,29319.6,29322.4,29311.9,29312.2,219
2026-08-21T16:27:00Z,29312.0,29319.8,29311.1,29317.1,222
2026-08-21T16:28:00Z,29319.7,29327.2,29318.1,29320.2,220
2026-08-21T16:29:00Z,29319.9,29324.5,29319.9,29323.3,205
2026-08-21T16:30:00Z,29323.5,29326.5,29316.6,29322.8,217
2026-08-21T16:31:00Z,29322.7,29324.0,29311.1,29311.6,208
2026-08-21T16:32:00Z,29313.8,29320.0,29312.5,29320.0,209
2026-08-21T16:33:00Z,29319.7,29323.7,29318.4,29319.9,206
2026-08-21T16:34:00Z,29319.8,29319.8,29308.3,29308.7,213
2026-08-21T16:35:00Z,29308.2,29313.4,29307.1,29311.2,205
2026-08-21T16:36:00Z,29311.3,29321.9,29310.3,29319.9,207
2026-08-21T16:37:00Z,29319.4,29322.7,29316.4,29318.1,226
2026-08-21T16:38:00Z,29318.2,29330.1,29316.6,29330.0,202
2026-08-21T16:39:00Z,29329.8,29331.1,29327.4,29330.2,207
2026-08-21T16:40:00Z,29330.0,29332.8,29326.8,29332.4,206
2026-08-21T16:41:00Z,29331.9,29338.5,29329.8,29333.0,221
2026-08-21T16:42:00Z,29332.7,29337.3,29331.2,29336.3,216
2026-08-21T16:43:00Z,29334.8,29336.4,29327.1,29331.0,215
2026-08-21T16:44:00Z,29332.6,29332.6,29325.8,29331.0,206
2026-08-21T16:45:00Z,29330.3,29330.4,29314.7,29316.8,211
2026-08-21T16:46:00Z,29316.9,29326.5,29316.6,29317.4,224
2026-08-21T16:47:00Z,29317.7,29318.7,29313.9,29315.0,217
2026-08-21T16:48:00Z,29315.3,29318.9,29313.6,29318.3,196
2026-08-21T16:49:00Z,29318.2,29321.6,29314.3,29314.3,212
2026-08-21T16:50:00Z,29313.9,29314.8,29294.1,29302.9,227
2026-08-21T16:51:00Z,29302.4,29307.4,29300.3,29303.8,207
2026-08-21T16:52:00Z,29303.2,29309.7,29303.2,29308.4,219
2026-08-21T16:53:00Z,29309.0,29309.5,29304.5,29305.1,204
2026-08-21T16:54:00Z,29304.9,29309.2,29300.6,29303.7,206
2026-08-21T16:55:00Z,29303.8,29307.4,29298.2,29302.0,220
2026-08-21T16:56:00Z,29302.5,29304.2,29298.3,29298.3,204
2026-08-21T16:57:00Z,29298.2,29314.8,29296.5,29313.4,210
2026-08-21T16:58:00Z,29312.9,29327.7,29310.8,29326.3,213
2026-08-21T16:59:00Z,29326.8,29326.8,29320.0,29325.2,205
2026-08-21T17:00:00Z,29325.3,29332.5,29324.6,29330.1,216
2026-08-21T17:01:00Z,29329.1,29334.8,29322.6,29333.7,218
2026-08-21T17:02:00Z,29333.8,29336.5,29325.2,29328.8,220
2026-08-21T17:03:00Z,29328.3,29328.8,29323.6,29324.4,210
2026-08-21T17:04:00Z,29324.1,29326.2,29321.8,29324.0,215
2026-08-21T17:05:00Z,29323.8,29326.6,29316.9,29326.0,206
2026-08-21T17:06:00Z,29326.1,29329.3,29319.1,29328.5,214
2026-08-21T17:07:00Z,29328.9,29333.0,29322.7,29322.7,205
2026-08-21T17:08:00Z,29322.8,29332.2,29321.9,29330.0,201
2026-08-21T17:09:00Z,29330.4,29333.4,29322.9,29324.8,219
2026-08-21T17:10:00Z,29325.2,29325.2,29316.9,29317.0,206
2026-08-21T17:11:00Z,29317.5,29322.2,29312.6,29318.0,219
2026-08-21T17:12:00Z,29318.1,29322.5,29315.5,29319.5,204
2026-08-21T17:13:00Z,29319.2,29322.6,29317.0,29320.0,167
2026-08-21T17:14:00Z,29320.1,29322.7,29317.8,29320.8,205
2026-08-21T17:15:00Z,29321.3,29322.2,29313.0,29322.0,215
2026-08-21T17:16:00Z,29322.3,29322.8,29319.6,29321.5,205
2026-08-21T17:17:00Z,29321.8,29323.3,29314.6,29316.0,207
2026-08-21T17:18:00Z,29315.8,29318.1,29313.7,29314.9,202
2026-08-21T17:19:00Z,29315.1,29319.2,29312.4,29314.8,206
2026-08-21T17:20:00Z,29314.9,29315.3,29304.8,29309.8,217
2026-08-21T17:21:00Z,29310.5,29311.1,29300.2,29300.4,215
2026-08-21T17:22:00Z,29300.6,29303.5,29289.7,29295.4,212
2026-08-21T17:23:00Z,29295.2,29298.9,29293.5,29297.6,203
2026-08-21T17:24:00Z,29297.1,29304.8,29293.7,29302.2,209
2026-08-21T17:25:00Z,29302.5,29302.7,29292.0,29295.3,219
2026-08-21T17:26:00Z,29295.4,29302.4,29291.6,29297.2,215
2026-08-21T17:27:00Z,29297.5,29306.5,29296.9,29306.0,205
2026-08-21T17:28:00Z,29306.1,29319.2,29304.9,29316.7,215
2026-08-21T17:29:00Z,29316.8,29318.4,29307.7,29308.9,201
2026-08-21T17:30:00Z,29309.3,29314.6,29305.4,29309.4,222
2026-08-21T17:31:00Z,29310.2,29311.7,29308.7,29310.5,206
2026-08-21T17:32:00Z,29310.6,29311.1,29304.6,29306.6,217
2026-08-21T17:33:00Z,29306.1,29313.3,29305.0,29309.4,202
2026-08-21T17:34:00Z,29310.5,29312.9,29299.2,29299.8,207
2026-08-21T17:35:00Z,29299.4,29305.5,29297.5,29300.3,201
2026-08-21T17:36:00Z,29300.5,29308.9,29296.5,29308.4,216
2026-08-21T17:37:00Z,29308.3,29317.6,29307.1,29314.1,191
2026-08-21T17:38:00Z,29313.8,29315.4,29310.6,29311.7,229
2026-08-21T17:39:00Z,29311.5,29315.8,29306.5,29308.2,217
2026-08-21T17:40:00Z,29307.4,29308.4,29299.9,29300.5,192
2026-08-21T17:41:00Z,29301.3,29311.5,29300.4,29308.2,203
2026-08-21T17:42:00Z,29308.2,29311.9,29308.2,29310.0,210
2026-08-21T17:43:00Z,29311.3,29313.3,29308.2,29310.1,213
2026-08-21T17:44:00Z,29310.3,29317.0,29308.0,29317.0,188
2026-08-21T17:45:00Z,29318.4,29320.9,29309.6,29313.1,217
2026-08-21T17:46:00Z,29313.3,29322.0,29312.7,29322.0,194
2026-08-21T17:47:00Z,29322.2,29323.2,29316.7,29318.8,198
2026-08-21T17:48:00Z,29319.0,29323.4,29317.7,29318.1,202
2026-08-21T17:49:00Z,29317.7,29317.7,29310.5,29312.5,221
2026-08-21T17:50:00Z,29313.0,29314.3,29307.0,29313.4,197
2026-08-21T17:51:00Z,29312.9,29315.1,29305.3,29309.1,209
2026-08-21T17:52:00Z,29305.6,29308.4,29301.5,29302.2,212
2026-08-21T17:53:00Z,29302.3,29312.8,29301.4,29312.1,199
2026-08-21T17:54:00Z,29312.4,29312.7,29305.5,29307.3,224
2026-08-21T17:55:00Z,29306.4,29306.7,29299.8,29305.1,213
2026-08-21T17:56:00Z,29305.3,29305.6,29300.4,29303.8,199
2026-08-21T17:57:00Z,29303.5,29305.3,29298.7,29304.0,208
2026-08-21T17:58:00Z,29303.8,29304.2,29298.7,29302.3,201
2026-08-21T17:59:00Z,29301.9,29302.7,29295.6,29296.9,203
2026-08-21T18:00:00Z,29296.8,29306.1,29292.3,29305.5,223
2026-08-21T18:01:00Z,29305.3,29308.6,29300.6,29300.7,198
2026-08-21T18:02:00Z,29300.2,29309.1,29298.8,29307.2,209
2026-08-21T18:03:00Z,29307.5,29318.3,29307.1,29316.3,204
2026-08-21T18:04:00Z,29316.5,29316.5,29312.3,29313.8,190
2026-08-21T18:05:00Z,29313.6,29314.0,29304.0,29304.8,207
2026-08-21T18:06:00Z,29304.3,29304.3,29293.2,29294.7,214
2026-08-21T18:07:00Z,29294.5,29295.1,29288.5,29291.6,204
2026-08-21T18:08:00Z,29291.9,29295.6,29289.4,29294.6,201
2026-08-21T18:09:00Z,29294.8,29295.9,29290.1,29290.7,197
2026-08-21T18:10:00Z,29290.1,29296.8,29287.3,29292.4,203
2026-08-21T18:11:00Z,29292.5,29295.5,29291.8,29293.1,192
2026-08-21T18:12:00Z,29293.6,29300.5,29291.3,29298.8,200
2026-08-21T18:13:00Z,29299.1,29299.3,29295.1,29295.6,214
2026-08-21T18:14:00Z,29295.5,29296.4,29286.0,29287.9,204
2026-08-21T18:15:00Z,29287.7,29292.0,29286.8,29289.4,189
2026-08-21T18:16:00Z,29290.0,29291.8,29287.5,29291.0,198
2026-08-21T18:17:00Z,29291.4,29292.1,29286.5,29287.1,186
2026-08-21T18:18:00Z,29287.6,29290.7,29283.3,29286.6,203
2026-08-21T18:19:00Z,29285.9,29296.4,29285.9,29293.7,189
2026-08-21T18:20:00Z,29293.8,29300.7,29291.0,29299.9,208
2026-08-21T18:21:00Z,29299.5,29304.5,29293.3,29302.0,196
2026-08-21T18:22:00Z,29301.8,29303.5,29298.4,29302.8,183
2026-08-21T18:23:00Z,29303.3,29305.3,29299.9,29299.9,200
2026-08-21T18:24:00Z,29299.6,29299.6,29296.9,29298.1,192
2026-08-21T18:25:00Z,29299.3,29299.8,29285.4,29286.0,218
2026-08-21T18:26:00Z,29286.8,29290.7,29284.4,29286.8,205
2026-08-21T18:27:00Z,29286.7,29287.1,29282.0,29282.0,189
2026-08-21T18:28:00Z,29281.3,29283.8,29279.0,29280.0,204
2026-08-21T18:29:00Z,29280.2,29282.5,29276.1,29276.5,204
2026-08-21T18:30:00Z,29275.8,29280.7,29269.5,29271.4,211
2026-08-21T18:31:00Z,29271.5,29275.3,29267.9,29275.3,206
2026-08-21T18:32:00Z,29274.7,29275.2,29269.4,29270.1,206
2026-08-21T18:33:00Z,29270.0,29273.4,29267.7,29272.1,204
2026-08-21T18:34:00Z,29272.6,29275.2,29267.9,29270.6,202
2026-08-21T18:35:00Z,29271.0,29281.0,29271.0,29277.6,186
2026-08-21T18:36:00Z,29277.5,29279.7,29273.0,29273.5,211
2026-08-21T18:37:00Z,29274.6,29279.2,29271.5,29276.3,171
2026-08-21T18:38:00Z,29276.7,29277.0,29270.5,29272.8,200
2026-08-21T18:39:00Z,29273.0,29275.4,29271.7,29275.0,197
2026-08-21T18:40:00Z,29274.8,29285.0,29274.4,29282.5,188
2026-08-21T18:41:00Z,29282.6,29283.0,29277.5,29278.4,177
2026-08-21T18:42:00Z,29278.5,29280.5,29275.6,29280.0,184
2026-08-21T18:43:00Z,29280.4,29283.3,29277.0,29283.3,189
2026-08-21T18:44:00Z,29283.5,29285.2,29279.0,29280.3,201
2026-08-21T18:45:00Z,29280.2,29283.9,29278.4,29281.5,203
2026-08-21T18:46:00Z,29281.3,29286.0,29277.5,29285.3,201
2026-08-21T18:47:00Z,29285.0,29287.0,29283.1,29285.6,182
2026-08-21T18:48:00Z,29286.1,29290.8,29286.1,29290.1,204
2026-08-21T18:49:00Z,29290.1,29297.5,29288.6,29296.0,207
2026-08-21T18:50:00Z,29296.4,29306.7,29295.7,29302.6,216
2026-08-21T18:51:00Z,29302.8,29305.6,29299.3,29299.3,203
2026-08-21T18:52:00Z,29299.8,29306.5,29299.5,29306.3,209
2026-08-21T18:53:00Z,29306.2,29306.2,29299.4,29303.0,198
2026-08-21T18:54:00Z,29304.0,29309.3,29302.5,29304.8,197
2026-08-21T18:55:00Z,29304.5,29305.1,29298.7,29301.6,194
2026-08-21T18:56:00Z,29301.5,29305.1,29300.4,29305.1,181
2026-08-21T18:57:00Z,29305.7,29310.8,29304.4,29310.8,182
2026-08-21T18:58:00Z,29310.6,29313.8,29308.4,29312.8,194
2026-08-21T18:59:00Z,29312.5,29316.2,29308.7,29313.6,211
2026-08-21T19:00:00Z,29313.1,29320.7,29313.1,29318.1,217
2026-08-21T19:01:00Z,29318.7,29327.6,29316.6,29325.4,206
2026-08-21T19:02:00Z,29325.3,29325.5,29314.2,29314.6,205
2026-08-21T19:03:00Z,29315.3,29316.9,29312.1,29314.7,211
2026-08-21T19:04:00Z,29315.0,29315.0,29304.7,29305.4,218
2026-08-21T19:05:00Z,29305.3,29309.2,29302.9,29304.4,198
2026-08-21T19:06:00Z,29306.1,29307.3,29303.0,29305.4,194
2026-08-21T19:07:00Z,29305.3,29316.4,29305.3,29314.6,210
2026-08-21T19:08:00Z,29314.5,29319.3,29313.5,29314.8,210
2026-08-21T19:09:00Z,29314.9,29314.9,29309.8,29311.0,186
2026-08-21T19:10:00Z,29310.3,29311.3,29303.1,29306.8,198
2026-08-21T19:11:00Z,29306.9,29306.9,29301.3,29304.4,204
2026-08-21T19:12:00Z,29304.3,29306.6,29298.3,29300.0,196
2026-08-21T19:13:00Z,29300.3,29304.3,29299.2,29303.8,191
2026-08-21T19:14:00Z,29303.5,29304.2,29301.1,29302.1,185
2026-08-21T19:15:00Z,29302.0,29302.3,29296.4,29297.5,204
2026-08-21T19:16:00Z,29297.4,29297.5,29293.8,29296.3,204
2026-08-21T19:17:00Z,29297.0,29304.3,29296.2,29301.3,210
2026-08-21T19:18:00Z,29301.7,29309.0,29301.2,29309.0,198
2026-08-21T19:19:00Z,29309.3,29310.9,29300.8,29301.7,192
2026-08-21T19:20:00Z,29300.4,29309.2,29297.5,29309.0,199
2026-08-21T19:21:00Z,29309.1,29309.9,29307.4,29308.2,193
2026-08-21T19:22:00Z,29308.5,29309.5,29306.6,29307.1,183
2026-08-21T19:23:00Z,29307.4,29309.1,29306.1,29306.7,190
2026-08-21T19:24:00Z,29306.8,29312.8,29304.1,29312.7,202
2026-08-21T19:25:00Z,29311.9,29312.0,29307.6,29309.8,191
2026-08-21T19:26:00Z,29309.7,29312.3,29307.8,29310.4,182
2026-08-21T19:27:00Z,29310.7,29315.3,29309.6,29314.6,198
2026-08-21T19:28:00Z,29314.9,29317.7,29310.2,29317.4,207
2026-08-21T19:29:00Z,29317.0,29317.3,29307.5,29307.5,201
2026-08-21T19:30:00Z,29307.2,29322.6,29307.2,29318.8,206
2026-08-21T19:31:00Z,29318.9,29321.6,29314.5,29318.0,208
2026-08-21T19:32:00Z,29318.7,29322.0,29315.4,29319.6,192
2026-08-21T19:33:00Z,29319.3,29320.6,29315.1,29317.2,205
2026-08-21T19:34:00Z,29316.7,29319.7,29315.4,29317.6,193
2026-08-21T19:35:00Z,29317.3,29320.6,29311.9,29318.2,189
2026-08-21T19:36:00Z,29318.7,29320.3,29315.0,29318.6,187
2026-08-21T19:37:00Z,29319.1,29322.6,29317.5,29321.5,195
2026-08-21T19:38:00Z,29321.6,29324.8,29321.5,29322.6,198
2026-08-21T19:39:00Z,29323.0,29325.0,29321.8,29322.7,187
2026-08-21T19:40:00Z,29323.0,29323.8,29315.9,29316.0,209
2026-08-21T19:41:00Z,29315.9,29317.1,29310.7,29311.8,204
2026-08-21T19:42:00Z,29312.3,29317.0,29311.6,29314.2,199
2026-08-21T19:43:00Z,29314.3,29318.8,29312.2,29317.9,176
2026-08-21T19:44:00Z,29318.0,29324.7,29318.0,29323.9,202
2026-08-21T19:45:00Z,29323.1,29330.0,29322.2,29330.0,193
2026-08-21T19:46:00Z,29329.7,29331.8,29327.4,29330.9,205
2026-08-21T19:47:00Z,29330.6,29337.1,29329.3,29337.1,207
2026-08-21T19:48:00Z,29337.8,29344.3,29337.8,29340.1,201
2026-08-21T19:49:00Z,29340.5,29345.0,29336.1,29340.5,208
2026-08-21T19:50:00Z,29337.3,29340.7,29315.6,29317.8,214
2026-08-21T19:51:00Z,29318.1,29325.3,29316.7,29318.1,224
2026-08-21T19:52:00Z,29318.1,29322.5,29313.0,29315.3,200
2026-08-21T19:53:00Z,29314.9,29317.6,29309.9,29310.5,187
2026-08-21T19:54:00Z,29311.8,29314.0,29307.1,29309.3,198
2026-08-21T19:55:00Z,29309.1,29314.6,29296.8,29309.6,219
2026-08-21T19:56:00Z,29309.2,29309.2,29299.7,29308.9,215
2026-08-21T19:57:00Z,29310.0,29313.9,29303.3,29311.3,216
2026-08-21T19:58:00Z,29311.1,29323.1,29310.8,29320.9,213
2026-08-21T19:59:00Z,29321.1,29326.0,29289.2,29310.2,228
2026-08-21T20:00:00Z,29309.4,29309.4,29293.8,29297.6,226
2026-08-21T20:01:00Z,29297.8,29298.9,29292.3,29293.1,207
2026-08-21T20:02:00Z,29294.6,29296.9,29292.5,29293.0,181
2026-08-21T20:03:00Z,29292.9,29296.6,29291.1,29295.8,191
2026-08-21T20:04:00Z,29295.6,29301.6,29295.4,29301.6,147
2026-08-21T20:05:00Z,29300.4,29300.7,29297.1,29298.5,179
2026-08-21T20:06:00Z,29298.3,29299.7,29295.7,29299.2,155
2026-08-21T20:07:00Z,29299.0,29301.1,29294.7,29296.3,165
2026-08-21T20:08:00Z,29296.6,29296.6,29293.6,29294.0,165
2026-08-21T20:09:00Z,29293.7,29296.2,29285.8,29296.0,194
2026-08-21T20:10:00Z,29295.4,29296.7,29292.2,29295.2,172
2026-08-21T20:11:00Z,29295.3,29299.0,29293.9,29298.9,147
2026-08-21T20:12:00Z,29299.0,29300.1,29296.7,29298.1,146
2026-08-21T20:13:00Z,29298.4,29298.9,29289.5,29293.6,175
2026-08-21T20:14:00Z,29293.4,29297.3,29293.1,29295.2,183
2026-08-21T20:15:00Z,29295.0,29301.3,29293.9,29297.8,198
2026-08-21T20:16:00Z,29297.6,29301.7,29297.5,29300.9,122
2026-08-21T20:17:00Z,29300.7,29301.6,29295.1,29295.3,124
2026-08-21T20:18:00Z,29295.2,29295.8,29291.6,29292.4,154
2026-08-21T20:19:00Z,29292.6,29293.6,29290.5,29290.7,164
2026-08-21T20:20:00Z,29290.8,29292.9,29288.3,29290.6,121
2026-08-21T20:21:00Z,29290.8,29293.1,29289.1,29290.3,157
2026-08-21T20:22:00Z,29290.2,29290.3,29285.9,29286.3,163
2026-08-21T20:23:00Z,29286.2,29287.2,29281.9,29282.2,161
2026-08-21T20:24:00Z,29281.7,29285.6,29281.7,29285.0,140
2026-08-21T20:25:00Z,29284.7,29286.2,29281.4,29283.6,143
2026-08-21T20:26:00Z,29283.7,29288.3,29283.2,29287.6,128
2026-08-21T20:27:00Z,29287.7,29288.1,29284.3,29285.8,110
2026-08-21T20:28:00Z,29286.0,29287.2,29285.5,29285.6,115
2026-08-21T20:29:00Z,29285.3,29287.0,29283.8,29284.1,132
2026-08-21T20:30:00Z,29284.0,29286.3,29283.5,29286.1,121
2026-08-21T20:31:00Z,29286.0,29290.6,29285.6,29290.6,150
2026-08-21T20:32:00Z,29290.9,29292.2,29287.8,29289.5,135
2026-08-21T20:33:00Z,29289.7,29291.8,29288.7,29289.1,134
2026-08-21T20:34:00Z,29289.5,29292.5,29289.3,29291.6,127
2026-08-21T20:35:00Z,29291.7,29293.1,29291.1,29292.6,124
2026-08-21T20:36:00Z,29292.5,29293.0,29290.6,29291.5,93
2026-08-21T20:37:00Z,29291.3,29295.1,29289.8,29294.0,128
2026-08-21T20:38:00Z,29294.1,29294.8,29293.1,29294.2,111
2026-08-21T20:39:00Z,29294.1,29295.3,29293.3,29294.0,120
2026-08-21T20:40:00Z,29293.9,29296.7,29293.6,29294.3,155
2026-08-21T20:41:00Z,29294.5,29295.4,29293.6,29294.5,110
2026-08-21T20:42:00Z,29294.3,29296.5,29293.7,29296.1,124
2026-08-21T20:43:00Z,29296.3,29299.8,29296.3,29297.8,89
2026-08-21T20:44:00Z,29297.6,29300.0,29296.8,29297.8,140
2026-08-21T20:45:00Z,29298.2,29298.3,29296.8,29297.0,126
2026-08-21T20:46:00Z,29297.1,29298.0,29296.2,29296.3,106
2026-08-21T20:47:00Z,29296.2,29296.3,29291.8,29295.0,130
2026-08-21T20:48:00Z,29295.1,29295.1,29286.0,29286.8,135
2026-08-21T20:49:00Z,29286.7,29289.8,29286.0,29287.1,148
2026-08-21T20:50:00Z,29287.3,29288.1,29285.8,29287.5,109
2026-08-21T20:51:00Z,29288.3,29290.4,29287.9,29289.1,100
2026-08-21T20:52:00Z,29289.2,29292.3,29288.8,29292.3,79
2026-08-21T20:53:00Z,29292.5,29292.6,29290.6,29290.8,112
2026-08-21T20:54:00Z,29291.0,29291.1,29289.5,29290.0,98
