date,side,entry_time,entry,stop,target,exit,exit_time,range_high,range_low,stop_dist,r_gross,cost_r,period
2021-08-17,long,09:25,1793.21,1785.436,1808.758,1785.436,15:12,1792.44,1784.41,7.774000000000024,-1.0000000000000115,0.04502186776434254,train
2021-08-20,long,08:05,1787.29,1780.008,1801.854,1780.008,11:13,1786.94,1778.73,7.282000000000017,-0.9999999999999875,0.048063718758582695,train
2021-08-26,short,08:05,1785.07,1792.786,1769.638,1792.786,15:30,1791.89,1786.1,7.716000000000031,-1.0000000000000118,0.045360290305857774,train
2021-09-01,long,08:05,1815.98,1808.666,1830.6080000000002,1808.666,16:02,1815.96,1810.28,7.314000000000033,-1.0000000000000062,0.04785343177467848,train
2021-09-02,long,10:45,1816.36,1809.1319999999998,1830.816,1809.1319999999998,15:04,1816.06,1810.63,7.22800000000002,-1.0000000000000062,0.04842280022136124,train
2021-09-06,short,09:35,1824.25,1831.478,1809.7939999999999,1823.2,17:59,1828.48,1825.12,7.22800000000002,0.14526840066407742,0.04842280022136124,train
2021-09-07,short,09:05,1816.37,1823.4699999999998,1802.1699999999998,1802.1699999999998,15:04,1827.24,1816.96,7.1000000000000005,2.000000000000006,0.049295774647887314,train
2021-09-09,long,10:35,1795.05,1787.95,1809.25,1787.95,15:00,1790.88,1786.61,7.1000000000000005,-0.9999999999999871,0.049295774647887314,train
2021-09-14,long,08:25,1794.11,1787.3259999999998,1807.6779999999999,1787.3259999999998,11:02,1793.42,1789.63,6.784000000000015,-1.0000000000000133,0.05159198113207535,train
2021-09-15,short,08:05,1800.6,1807.5439999999999,1786.712,1793.97,20:54,1804.67,1801.37,6.944000000000006,0.9547811059907655,0.05040322580645157,train
2021-09-16,short,10:35,1783.28,1790.224,1769.392,1769.392,13:08,1796.19,1785.94,6.944000000000006,1.9999999999999867,0.05040322580645157,train
2021-09-17,long,08:05,1762.9,1755.9560000000001,1776.788,1755.9560000000001,13:49,1762.86,1753.59,6.944000000000006,-0.9999999999999933,0.05040322580645157,train
2021-09-20,long,09:45,1756.54,1749.408,1770.804,1764.17,20:54,1755.19,1742.14,7.1320000000000165,1.0698261357263168,0.04907459338194043,train
2021-09-21,short,08:15,1759.77,1766.902,1745.5059999999999,1766.902,10:48,1766.12,1760.78,7.1320000000000165,-1.0000000000000064,0.04907459338194043,train
2021-09-23,short,08:15,1760.35,1767.954,1745.1419999999998,1767.954,09:17,1768.67,1760.74,7.604000000000042,-1.0,0.0460284061020513,train
2021-09-28,short,08:05,1736.32,1743.796,1721.368,1743.796,08:51,1754.44,1747.1,7.476000000000022,-1.0000000000000122,0.04681647940074892,train
2021-09-30,short,08:15,1726.88,1735.422,1709.796,1735.422,13:56,1734.86,1727.06,8.542000000000007,-0.9999999999999893,0.04097401077031137,train
2021-10-04,short,08:05,1757.17,1765.712,1740.086,1765.712,15:39,1765.68,1757.77,8.542000000000007,-0.9999999999999893,0.04097401077031137,train
2021-10-05,short,08:05,1755.96,1765.028,1737.824,1759.69,20:54,1769.21,1756.29,9.067999999999984,-0.41133656815174513,0.03859726510807241,train
2021-10-06,short,08:05,1750.71,1759.332,1733.4660000000001,1759.332,13:27,1760.1,1750.96,8.62199999999998,-1.0000000000000104,0.040593829737879936,train
2021-10-07,long,08:20,1764.58,1755.9579999999999,1781.8239999999998,1755.9579999999999,13:40,1764.21,1756.44,8.62199999999998,-1.0000000000000104,0.040593829737879936,train
2021-10-12,long,08:05,1762.36,1753.292,1780.4959999999999,1761.55,20:54,1762.09,1750.76,9.067999999999984,-0.08932509925010441,0.03859726510807241,train
2021-10-13,long,08:05,1763.27,1754.648,1780.514,1780.514,14:57,1763.31,1759.49,8.62199999999998,1.9999999999999947,0.040593829737879936,train
2021-10-14,long,08:05,1794.73,1785.662,1812.866,1796.64,20:54,1793.84,1786.67,9.067999999999984,0.21063078958977563,0.03859726510807241,train
2021-10-15,short,08:20,1790.97,1799.592,1773.726,1773.726,13:17,1796.48,1791.43,8.62199999999998,1.9999999999999947,0.040593829737879936,train
2021-10-18,short,08:05,1763.93,1772.998,1745.794,1764.81,20:54,1772.09,1766.6,9.067999999999984,-0.09704455227171188,0.03859726510807241,train
2021-10-19,long,08:05,1779.8,1771.1779999999999,1797.0439999999999,1771.1779999999999,15:31,1777.73,1762.89,8.62199999999998,-1.0000000000000104,0.040593829737879936,train
2021-10-21,short,08:10,1781.12,1789.548,1764.264,1784.48,20:54,1789.47,1781.22,8.42800000000002,-0.3986710963455291,0.041528239202657705,train
2021-10-22,long,08:10,1791.67,1783.7040000000002,1807.602,1807.602,14:06,1788.1,1783.51,7.965999999999986,2.0000000000000058,0.043936731107205695,train
2021-10-25,long,09:50,1803.07,1794.6419999999998,1819.926,1806.09,20:54,1801.09,1792.22,8.42800000000002,0.35832937826293004,0.041528239202657705,train
2021-10-26,short,08:35,1801.32,1809.748,1784.464,1784.464,15:15,1808.31,1801.83,8.42800000000002,1.9999999999999944,0.041528239202657705,train
2021-10-27,short,09:35,1784.14,1792.5680000000002,1767.284,1792.5680000000002,13:10,1794.38,1785.51,8.42800000000002,-1.0000000000000107,0.041528239202657705,train
2021-10-29,short,09:40,1791.21,1798.77,1776.0900000000001,1798.77,10:55,1800.67,1793.26,7.559999999999992,-0.9999999999999939,0.04629629629629634,train
2021-11-04,long,10:50,1779.52,1772.184,1794.192,1794.192,13:40,1778.29,1770.77,7.336000000000013,2.0,0.04770992366412205,train
2021-11-05,long,08:20,1798.54,1790.518,1814.584,1790.518,12:30,1796.99,1790.07,8.022000000000025,-0.9999999999999887,0.04363001745200684,train
2021-11-09,short,08:05,1821.15,1829.172,1805.106,1829.172,13:32,1827.23,1821.89,8.022000000000025,-0.9999999999999887,0.04363001745200684,train
2021-11-11,long,08:05,1856.59,1848.6519999999998,1872.4660000000001,1862.98,20:54,1855.66,1842.88,7.938000000000057,0.8049886621315261,0.04409171075837711,train
2021-11-12,short,08:20,1853.08,1861.8339999999998,1835.572,1861.8339999999998,15:09,1862.4,1855.1,8.753999999999996,-0.9999999999999897,0.03998172264107838,train
2021-11-16,long,08:55,1869.93,1861.1760000000002,1887.438,1861.1760000000002,14:13,1868.86,1861.91,8.753999999999996,-0.9999999999999897,0.03998172264107838,train
2021-11-17,long,08:05,1856.52,1847.576,1874.408,1866.18,20:54,1856.07,1849.56,8.944000000000006,1.080053667262978,0.03913237924865829,train
2021-11-18,short,10:30,1861.12,1869.4499999999998,1844.46,1859.72,20:54,1870.95,1862.61,8.329999999999973,0.16806722689074047,0.042016806722689204,train
2021-11-19,short,08:05,1858.14,1866.47,1841.4800000000002,1847.05,20:54,1863.77,1858.55,8.329999999999973,1.331332533013227,0.042016806722689204,train
2021-11-22,short,10:35,1840.82,1849.076,1824.308,1824.308,14:17,1849.09,1841.04,8.255999999999995,1.9999999999999944,0.042393410852713205,train
2021-11-23,short,09:00,1800.9,1810.0900000000001,1782.5200000000002,1782.5200000000002,16:17,1812.4,1803.39,9.189999999999964,1.999999999999995,0.03808487486398274,train
2021-11-26,long,08:05,1806.89,1797.7,1825.27,1797.7,14:52,1803.4,1790.0,9.189999999999964,-1.0000000000000098,0.03808487486398274,train
2021-11-29,long,09:35,1797.64,1788.45,1816.02,1788.45,13:40,1796.72,1789.86,9.189999999999964,-1.0000000000000098,0.03808487486398274,train
2021-12-02,short,08:15,1773.38,1782.5700000000002,1755.0000000000002,1769.0,20:54,1782.04,1775.09,9.189999999999964,0.47660500544071016,0.03808487486398274,train
2021-12-06,short,09:05,1779.43,1787.876,1762.538,1779.14,20:54,1787.77,1781.06,8.446000000000003,0.03433578025100207,0.04143973478569735,train
2021-12-08,long,10:40,1791.68,1783.2340000000002,1808.5720000000001,1783.2340000000002,11:47,1791.59,1784.45,8.446000000000003,-0.9999999999999892,0.04143973478569735,train
2021-12-10,short,10:35,1771.36,1779.062,1755.956,1779.062,13:33,1779.63,1771.41,7.702000000000044,-0.999999999999994,0.045442742144897165,train
2021-12-14,short,08:05,1783.0,1790.576,1767.848,1767.848,14:01,1789.53,1785.06,7.576000000000022,2.0,0.04619852164730715,train
2021-12-16,long,08:05,1785.54,1777.658,1801.304,1797.84,20:54,1785.04,1775.53,7.882000000000062,1.5605176351179724,0.04440497335701563,train
2021-12-17,long,08:05,1809.05,1801.002,1825.146,1801.002,18:38,1807.28,1797.2,8.048000000000048,-0.9999999999999942,0.043489065606361565,train
2021-12-20,short,08:05,1798.45,1806.332,1782.686,1788.86,20:54,1804.15,1799.04,7.882000000000062,1.216696269982247,0.04440497335701563,train
2021-12-21,long,08:15,1795.1,1787.542,1810.216,1787.542,15:43,1793.45,1788.82,7.558000000000039,-0.9999999999999939,0.04630854723471794,train
2021-12-22,short,08:30,1786.85,1794.1699999999998,1772.2099999999998,1794.1699999999998,13:58,1791.18,1786.94,7.320000000000028,-0.9999999999999875,0.04781420765027304,train
2021-12-27,short,08:40,1806.51,1814.0240000000001,1791.482,1812.21,20:54,1811.86,1806.61,7.514000000000033,-0.7585839765770589,0.04657971785999447,train
2021-12-28,long,10:35,1816.36,1809.04,1831.0,1809.04,18:38,1815.41,1808.48,7.320000000000028,-0.9999999999999875,0.04781420765027304,train
2021-12-29,short,08:05,1803.69,1810.544,1789.982,1789.982,13:14,1807.66,1804.07,6.854000000000042,2.0,0.051065071491099776,train
2022-01-03,short,08:15,1823.2,1829.516,1810.568,1810.568,13:33,1831.59,1823.67,6.316000000000031,2.0,0.05541481950601619,train
2022-01-04,short,09:05,1802.26,1808.576,1789.628,1808.576,10:31,1807.11,1802.88,6.316000000000031,-1.0,0.05541481950601619,train
2022-01-05,long,10:05,1818.73,1811.922,1832.346,1811.922,20:10,1817.03,1812.7,6.808000000000039,-0.9999999999999932,0.05141010575793155,train
2022-01-06,short,08:30,1797.54,1804.822,1782.9759999999999,1804.822,10:35,1811.46,1799.42,7.282000000000017,-0.9999999999999875,0.048063718758582695,train
2022-01-07,short,08:15,1788.06,1795.388,1773.404,1795.388,13:31,1793.22,1788.83,7.328000000000021,-0.9999999999999937,0.047762008733624316,train
2022-01-10,long,10:15,1799.82,1792.492,1814.4759999999999,1792.492,12:55,1796.71,1791.48,7.328000000000021,-0.9999999999999937,0.047762008733624316,train
2022-01-12,short,08:05,1816.77,1824.098,1802.114,1824.098,13:41,1822.54,1817.74,7.328000000000021,-0.9999999999999937,0.047762008733624316,train
2022-01-13,short,08:35,1823.13,1830.412,1808.566,1820.98,20:54,1828.14,1824.02,7.282000000000017,0.295248558088449,0.048063718758582695,train
2022-01-14,long,08:20,1828.79,1821.954,1842.462,1821.954,09:28,1828.08,1819.59,6.836000000000013,-1.0,0.05119953188999405,train
2022-01-17,long,08:05,1821.59,1815.214,1834.3419999999999,1819.22,19:29,1820.54,1813.1,6.3760000000000225,-0.37170639899621744,0.05489335006273506,train
2022-01-19,long,11:00,1818.76,1812.392,1831.496,1831.496,15:05,1814.75,1810.24,6.36800000000003,2.000000000000007,0.05496231155778868,train
2022-01-21,short,08:20,1831.79,1838.158,1819.0539999999999,1838.158,13:09,1842.04,1836.29,6.36800000000003,-0.9999999999999857,0.05496231155778868,train
2022-01-24,long,08:10,1840.28,1833.912,1853.016,1833.912,14:37,1839.62,1832.54,6.36800000000003,-0.9999999999999857,0.05496231155778868,train
2022-01-26,short,08:05,1845.04,1851.638,1831.844,1831.844,14:44,1849.56,1846.29,6.5980000000000025,1.999999999999986,0.05304637769020913,train
2022-01-28,short,08:05,1793.81,1800.408,1780.614,1780.614,11:14,1799.41,1795.06,6.5980000000000025,1.999999999999986,0.05304637769020913,train
2022-01-31,long,08:30,1791.33,1784.3,1805.3899999999999,1797.99,20:54,1790.31,1785.57,7.030000000000019,0.9473684210526406,0.049786628733997015,train
2022-02-01,long,09:05,1805.93,1799.332,1819.126,1799.332,15:00,1803.52,1795.74,6.5980000000000025,-0.999999999999993,0.05304637769020913,train
2022-02-02,long,10:05,1802.59,1796.222,1815.326,1805.28,20:54,1801.64,1796.59,6.36800000000003,0.4224246231155845,0.05496231155778868,train
2022-02-03,short,08:05,1803.72,1810.088,1790.984,1790.984,14:46,1808.96,1804.9,6.36800000000003,2.000000000000007,0.05496231155778868,train
2022-02-04,long,08:20,1808.51,1802.142,1821.246,1802.142,13:32,1807.97,1805.01,6.36800000000003,-0.9999999999999857,0.05496231155778868,train
2022-02-08,short,08:05,1818.74,1825.176,1805.868,1825.176,15:25,1823.26,1818.92,6.436000000000013,-0.9999999999999858,0.05438160348042251,train
2022-02-10,short,08:35,1830.54,1836.68,1818.26,1836.68,13:41,1834.96,1831.5,6.1400000000000095,-1.0000000000000147,0.057003257328990135,train
2022-02-15,short,08:25,1868.04,1875.228,1853.664,1853.664,09:26,1879.49,1870.11,7.188000000000011,1.9999999999999936,0.0486922648859209,train
2022-02-16,long,08:15,1856.62,1848.9999999999998,1871.86,1871.86,19:12,1856.03,1850.29,7.620000000000028,1.999999999999994,0.04593175853018356,train
2022-02-17,long,08:30,1884.6,1876.9799999999998,1899.84,1899.84,17:45,1877.19,1867.8,7.620000000000028,1.999999999999994,0.04593175853018356,train
2022-02-18,short,10:40,1888.19,1896.082,1872.406,1896.082,13:09,1902.45,1888.35,7.892000000000053,-1.0,0.04434870755195104,train
2022-02-22,short,08:30,1904.8,1912.932,1888.5359999999998,1901.23,20:54,1913.89,1905.29,8.132000000000062,0.43900639449088896,0.043039842597146744,train
2022-02-23,short,08:55,1893.14,1901.3280000000002,1876.764,1901.3280000000002,13:20,1901.3,1893.36,8.188000000000057,-1.0000000000000053,0.042745481191987976,train
2022-02-24,long,10:20,1967.46,1959.272,1983.8360000000002,1959.272,12:17,1948.97,1910.1,8.188000000000057,-1.0000000000000053,0.042745481191987976,train
2022-02-28,short,08:05,1895.63,1903.9140000000002,1879.0620000000001,1903.9140000000002,10:31,1919.39,1904.58,8.284000000000015,-1.0000000000000109,0.04225012071463054,train
2022-03-01,long,08:05,1909.23,1900.614,1926.462,1926.462,14:56,1908.83,1901.37,8.615999999999985,2.0,0.04062209842154139,train
2022-03-02,short,10:30,1921.76,1930.7160000000001,1903.848,1930.7160000000001,11:07,1943.82,1931.0,8.95600000000004,-1.0000000000000102,0.03907994640464475,train
2022-03-03,long,08:05,1932.38,1923.338,1950.4640000000002,1938.19,20:54,1930.83,1922.04,9.042000000000053,0.6425569564255598,0.038708250387082276,train
2022-03-09,short,09:05,2035.0,2047.356,2010.288,2010.288,10:03,2059.2,2035.11,12.355999999999995,2.0,0.028326319197151194,train
2022-03-10,long,10:15,1995.28,1981.818,2022.204,1981.818,15:18,1990.07,1970.68,13.461999999999989,-1.0,0.025999108601990808,train
2022-03-14,short,08:50,1968.7,1982.502,1941.096,1951.39,20:54,1978.79,1970.08,13.802,1.2541660628894324,0.025358643674829734,train
2022-03-15,short,11:00,1921.68,1935.482,1894.076,1917.47,20:54,1952.21,1924.94,13.802,0.30502825677438317,0.025358643674829734,train
2022-03-17,long,08:30,1939.38,1924.842,1968.4560000000001,1942.45,20:54,1938.04,1925.51,14.537999999999967,0.21117072499655684,0.024074838354656816,train
2022-03-22,short,08:15,1926.94,1941.478,1897.864,1921.42,20:54,1938.39,1929.34,14.537999999999967,0.3796945934791577,0.024074838354656816,train
2022-03-23,long,09:00,1925.88,1911.342,1954.9560000000001,1944.83,20:54,1924.38,1915.52,14.537999999999967,1.3034805337735493,0.024074838354656816,train
2022-03-25,short,09:05,1955.26,1968.956,1927.868,1957.18,20:54,1964.26,1955.42,13.696000000000005,-0.14018691588785573,0.025554906542056062,train
2022-03-28,short,08:30,1932.44,1945.816,1905.688,1919.23,20:54,1958.41,1933.17,13.376000000000023,0.9875897129186614,0.026166267942583685,train
2022-03-29,short,08:30,1920.08,1933.7759999999998,1892.6879999999999,1892.6879999999999,13:32,1929.31,1921.26,13.696000000000005,2.000000000000003,0.025554906542056062,train
2022-04-01,short,08:05,1931.57,1945.0339999999999,1904.6419999999998,1923.61,20:54,1939.46,1932.44,13.464000000000034,0.5912061794414748,0.02599524658348181,train
2022-04-04,long,08:05,1929.3,1916.5939999999998,1954.712,1931.49,20:54,1926.85,1915.43,12.70600000000004,0.1723595151896779,0.027546041240358796,train
2022-04-06,long,10:15,1931.57,1920.022,1954.666,1920.022,12:11,1925.24,1916.55,11.547999999999957,-1.0000000000000038,0.03030827848978189,train
2022-04-07,long,08:25,1927.84,1916.556,1950.408,1931.9,20:54,1927.3,1920.52,11.28399999999997,0.3598014888337632,0.031017369727047224,train
2022-04-11,long,09:25,1953.2,1942.4260000000002,1974.748,1942.4260000000002,17:54,1947.74,1939.96,10.77399999999998,-0.9999999999999915,0.03248561351401528,train
2022-04-13,long,09:20,1974.87,1964.096,1996.418,1977.2,20:54,1973.54,1962.86,10.77399999999998,0.21626136996474465,0.03248561351401528,train
2022-04-14,short,08:10,1971.51,1981.666,1951.198,1972.06,20:54,1980.31,1972.2,10.155999999999995,-0.05415517920440673,0.0344623867664435,train
2022-04-18,long,08:35,1989.16,1979.22,2009.0400000000002,1979.22,18:44,1988.52,1978.22,9.94000000000001,-1.0000000000000044,0.03521126760563376,train
2022-04-19,long,08:30,1979.71,1970.55,1998.03,1970.55,13:43,1978.87,1972.72,9.159999999999991,-1.00000000000001,0.0382096069868996,train
2022-04-21,short,09:10,1947.28,1956.234,1929.372,1951.89,20:54,1957.39,1949.79,8.95399999999995,-0.5148536966718955,0.039088675452312024,train
2022-04-22,long,08:25,1953.8,1945.084,1971.232,1945.084,09:52,1953.61,1945.89,8.715999999999985,-0.9999999999999896,0.04015603487838464,train
2022-04-27,short,09:05,1894.09,1902.8059999999998,1876.658,1902.8059999999998,13:06,1906.99,1896.01,8.715999999999985,-0.9999999999999896,0.04015603487838464,train
2022-04-28,long,09:45,1887.72,1879.0040000000001,1905.152,1895.62,20:54,1886.81,1872.07,8.715999999999985,0.9063790729692378,0.04015603487838464,train
2022-04-29,long,08:05,1911.75,1903.034,1929.182,1903.034,14:39,1908.33,1892.54,8.715999999999985,-0.9999999999999896,0.04015603487838464,train
2022-05-02,short,09:25,1882.62,1891.3359999999998,1865.1879999999999,1865.1879999999999,13:43,1899.89,1882.72,8.715999999999985,2.0000000000000053,0.04015603487838464,train
2022-05-03,short,08:05,1857.27,1866.628,1838.554,1866.628,14:31,1867.1,1857.45,9.357999999999993,-0.9999999999999951,0.037401154092754886,train
2022-05-04,long,08:35,1870.84,1860.78,1890.96,1883.4,20:54,1869.43,1861.63,10.060000000000038,1.24850894632208,0.03479125248508933,train
2022-05-09,short,08:10,1870.46,1881.194,1848.992,1853.38,20:54,1882.75,1870.67,10.734000000000016,1.591205515185383,0.03260667039314323,train
2022-05-11,long,08:15,1848.23,1837.232,1870.2259999999999,1837.232,13:39,1840.01,1832.02,10.997999999999957,-1.0000000000000082,0.031823967994180885,train
2022-05-12,short,08:15,1846.99,1857.724,1825.522,1825.522,17:56,1858.74,1847.47,10.734000000000016,2.000000000000004,0.03260667039314323,train
2022-05-13,long,08:35,1828.62,1817.6219999999998,1850.6159999999998,1817.6219999999998,11:32,1828.49,1818.85,10.997999999999957,-1.0000000000000082,0.031823967994180885,train
2022-05-16,short,08:40,1802.22,1813.422,1779.816,1813.422,15:23,1817.59,1806.63,11.201999999999954,-1.000000000000004,0.031244420639171704,train
2022-05-19,short,08:30,1812.77,1823.972,1790.366,1823.972,10:07,1817.72,1813.16,11.201999999999954,-1.000000000000004,0.031244420639171704,train
2022-05-20,long,08:05,1848.9,1837.432,1871.836,1837.432,14:52,1846.7,1836.51,11.467999999999984,-1.000000000000008,0.030519707010812736,train
2022-05-23,long,09:20,1858.12,1846.918,1880.524,1853.75,20:54,1858.22,1845.62,11.201999999999954,-0.3901089091233627,0.031244420639171704,train
2022-05-24,long,09:00,1860.03,1849.032,1882.0259999999998,1866.85,20:54,1857.04,1849.3,10.997999999999957,0.6201127477723188,0.031823967994180885,train
2022-05-25,short,08:05,1857.67,1868.6680000000001,1835.6740000000002,1855.01,20:54,1868.04,1858.85,10.997999999999957,0.24186215675578218,0.031823967994180885,train
2022-05-27,long,08:20,1858.27,1847.272,1880.2659999999998,1853.26,20:54,1856.42,1847.9,10.997999999999957,-0.4555373704309884,0.031823967994180885,train
2022-05-31,long,08:05,1855.73,1845.242,1876.7060000000001,1845.242,12:56,1854.98,1845.88,10.488000000000012,-1.0000000000000042,0.033371472158657475,train
2022-06-01,short,10:15,1829.42,1839.8220000000001,1808.616,1839.8220000000001,13:38,1837.98,1829.51,10.402,-1.0000000000000042,0.033647375504710635,train
2022-06-02,long,08:05,1852.95,1843.276,1872.298,1869.61,20:54,1849.0,1844.03,9.673999999999978,1.7221418234442725,0.03617945007235898,train
2022-06-03,short,08:05,1864.94,1874.614,1845.592,1850.93,20:54,1874.08,1866.72,9.673999999999978,1.4482117014678544,0.03617945007235898,train
2022-06-07,long,08:35,1845.46,1836.566,1863.248,1854.03,20:54,1844.48,1836.91,8.893999999999961,0.9635709467056414,0.03935237238587829,train
2022-06-09,short,08:05,1849.88,1858.2520000000002,1833.136,1846.79,20:54,1855.27,1850.84,8.372000000000027,0.3690874343048418,0.0418060200668895,train
2022-06-13,short,08:30,1860.12,1868.138,1844.0839999999998,1844.0839999999998,13:46,1877.38,1860.16,8.018000000000029,2.0,0.04365178348715374,train
2022-06-14,long,08:05,1831.13,1823.112,1847.1660000000002,1823.112,10:04,1828.28,1817.79,8.018000000000029,-1.0,0.04365178348715374,train
2022-06-15,long,08:05,1820.44,1812.422,1836.476,1836.476,13:49,1819.27,1807.64,8.018000000000029,2.0,0.04365178348715374,train
2022-06-16,short,08:05,1828.73,1837.102,1811.9859999999999,1837.102,16:14,1836.41,1829.74,8.372000000000027,-1.0000000000000053,0.0418060200668895,train
2022-06-21,short,08:25,1833.06,1841.432,1816.3159999999998,1841.432,15:32,1842.36,1833.69,8.372000000000027,-1.0000000000000053,0.0418060200668895,train
2022-06-24,long,08:55,1830.97,1822.266,1848.378,1822.266,12:49,1827.06,1821.61,8.703999999999997,-0.9999999999999947,0.04021139705882354,train
2022-06-27,long,08:05,1838.13,1829.4260000000002,1855.538,1829.4260000000002,13:30,1836.9,1828.15,8.703999999999997,-0.9999999999999947,0.04021139705882354,train
2022-06-28,long,08:05,1827.66,1818.9560000000001,1845.068,1818.9560000000001,14:47,1826.89,1822.24,8.703999999999997,-0.9999999999999947,0.04021139705882354,train
2022-06-29,short,08:20,1818.22,1826.594,1801.472,1826.594,12:09,1822.9,1818.29,8.37399999999998,-1.0000000000000053,0.04179603534750428,train
2022-06-30,short,08:50,1813.67,1821.928,1797.154,1821.928,13:42,1821.88,1815.02,8.257999999999994,-1.0000000000000053,0.04238314361830955,train
2022-07-01,short,08:15,1794.15,1802.4080000000001,1777.634,1802.4080000000001,15:17,1807.21,1795.22,8.257999999999994,-1.0000000000000053,0.04238314361830955,train
2022-07-05,short,08:25,1806.08,1814.338,1789.5639999999999,1789.5639999999999,14:44,1812.1,1806.54,8.257999999999994,2.0000000000000107,0.04238314361830955,train
2022-07-08,short,08:40,1735.37,1744.5539999999999,1717.002,1744.5539999999999,13:15,1746.55,1738.91,9.183999999999969,-1.0,0.0381097560975611,train
2022-07-11,short,08:30,1738.37,1747.02,1721.07,1731.69,20:54,1744.16,1738.53,8.65,0.7722543352600967,0.040462427745664734,train
2022-07-13,long,10:15,1729.74,1721.4840000000002,1746.252,1721.4840000000002,13:30,1728.82,1722.77,8.255999999999949,-0.999999999999989,0.04239341085271344,train
2022-07-14,short,08:05,1717.12,1725.3759999999997,1700.608,1700.608,14:40,1734.3,1725.46,8.255999999999949,2.0000000000000058,0.04239341085271344,train
2022-07-15,short,08:05,1705.52,1713.7759999999998,1689.008,1713.7759999999998,14:15,1716.52,1707.45,8.255999999999949,-0.999999999999989,0.04239341085271344,train
2022-07-18,long,08:25,1720.01,1711.7540000000001,1736.522,1711.7540000000001,13:30,1718.32,1707.51,8.255999999999949,-0.999999999999989,0.04239341085271344,train
2022-07-20,short,08:05,1707.04,1715.2959999999998,1690.528,1696.45,20:54,1713.42,1708.23,8.255999999999949,1.2827034883720911,0.04239341085271344,train
2022-07-21,short,08:05,1689.32,1697.268,1673.424,1697.268,13:39,1695.97,1689.94,7.948000000000002,-1.0000000000000113,0.044036235530951165,train
2022-07-22,long,08:30,1719.95,1712.002,1735.846,1735.846,14:46,1719.28,1712.85,7.948000000000002,1.9999999999999942,0.044036235530951165,train
2022-07-25,long,09:40,1730.12,1721.864,1746.6319999999998,1721.864,14:36,1728.86,1719.83,8.255999999999949,-0.999999999999989,0.04239341085271344,train
2022-07-27,long,08:10,1720.64,1712.278,1737.364,1712.278,14:56,1720.1,1713.58,8.36199999999999,-1.0000000000000109,0.04185601530734279,train
2022-07-28,long,08:10,1743.19,1734.712,1760.146,1755.24,20:54,1741.62,1733.95,8.477999999999975,1.421325784383108,0.04128332153809873,train
2022-07-29,long,08:10,1766.95,1758.472,1783.906,1758.472,10:35,1765.06,1752.66,8.477999999999975,-1.0000000000000107,0.04128332153809873,train
2022-08-01,long,08:15,1766.5,1758.448,1782.604,1771.14,20:54,1765.8,1758.29,8.051999999999998,0.5762543467461626,0.0434674615002484,train
2022-08-02,short,08:40,1770.62,1778.6719999999998,1754.5159999999998,1778.6719999999998,12:21,1780.49,1770.81,8.051999999999998,-0.9999999999999888,0.0434674615002484,train
2022-08-04,long,10:00,1776.35,1768.724,1791.602,1791.602,18:16,1774.54,1763.14,7.626000000000068,2.0000000000000058,0.04589562024652463,train
2022-08-08,long,08:30,1777.55,1769.072,1794.5059999999999,1788.22,20:54,1776.51,1771.17,8.477999999999975,1.2585515451757614,0.04128332153809873,train
2022-08-09,long,09:25,1792.09,1783.6119999999999,1809.0459999999998,1794.79,20:54,1790.68,1783.19,8.477999999999975,0.31847133757962415,0.04128332153809873,train
2022-08-12,long,08:05,1793.46,1785.936,1808.508,1785.936,11:14,1792.5,1786.19,7.524000000000024,-1.000000000000012,0.046517809675704264,train
2022-08-15,short,08:05,1791.77,1799.294,1776.722,1776.722,11:12,1801.69,1792.13,7.524000000000024,1.9999999999999938,0.046517809675704264,train
2022-08-16,short,09:00,1775.95,1783.862,1760.126,1776.17,20:54,1783.13,1776.82,7.911999999999989,-0.02780586450960915,0.044236602628918154,train
2022-08-17,short,09:00,1773.53,1781.442,1757.706,1764.95,20:54,1781.67,1773.83,7.911999999999989,1.084428715874613,0.044236602628918154,train
2022-08-18,short,08:05,1761.43,1769.8700000000001,1744.55,1769.8700000000001,11:06,1767.52,1761.64,8.44000000000001,-1.0000000000000053,0.04146919431279616,train
2022-08-22,short,08:05,1741.18,1748.656,1726.228,1735.5,20:54,1749.06,1742.86,7.475999999999977,0.7597645799893099,0.046816479400749206,train
2022-08-24,long,09:05,1748.48,1740.568,1764.304,1751.99,20:54,1748.13,1743.99,7.911999999999989,0.44362992922143524,0.044236602628918154,train
2022-08-25,long,08:05,1760.84,1753.364,1775.792,1753.364,14:59,1758.75,1749.89,7.475999999999977,-0.9999999999999878,0.046816479400749206,train
2022-08-26,short,09:40,1751.78,1758.932,1737.4759999999999,1737.4759999999999,16:13,1757.47,1752.27,7.151999999999998,2.000000000000013,0.04893736017897093,train
2022-08-30,short,08:05,1732.45,1740.362,1716.626,1723.64,20:54,1740.45,1733.59,7.911999999999989,1.1134984833164758,0.044236602628918154,train
2022-08-31,short,08:15,1720.16,1727.778,1704.9240000000002,1709.92,20:54,1726.52,1720.28,7.617999999999984,1.3441848254134983,0.045943817274875384,train
2022-09-01,short,09:35,1701.11,1708.7279999999998,1685.874,1695.59,20:54,1711.29,1702.25,7.617999999999984,0.7245996324494609,0.045943817274875384,train
2022-09-02,long,08:05,1702.45,1694.832,1717.686,1717.686,15:54,1701.68,1694.98,7.617999999999984,1.9999999999999878,0.045943817274875384,train
2022-09-07,long,09:10,1703.94,1695.95,1719.92,1717.37,20:54,1703.84,1691.34,7.990000000000009,1.680851063829765,0.04380475594493111,train
2022-09-08,long,08:05,1722.31,1714.1979999999999,1738.5339999999999,1714.1979999999999,13:57,1719.29,1713.52,8.11199999999999,-1.000000000000011,0.04314595660749512,train
2022-09-09,long,08:05,1725.34,1716.5819999999999,1742.856,1716.5819999999999,14:23,1721.89,1709.19,8.757999999999994,-1.000000000000005,0.03996346197762049,train
2022-09-12,long,08:05,1720.71,1711.952,1738.226,1724.82,20:54,1719.58,1711.92,8.757999999999994,0.46928522493718916,0.03996346197762049,train
2022-09-15,short,08:10,1686.06,1694.818,1668.5439999999999,1668.5439999999999,15:52,1698.25,1686.07,8.757999999999994,2.00000000000001,0.03996346197762049,train
2022-09-16,short,08:50,1657.22,1666.318,1639.0240000000001,1666.318,11:57,1667.73,1661.25,9.098000000000003,-0.9999999999999949,0.038469993405143975,train
2022-09-19,short,08:05,1664.84,1674.0819999999999,1646.356,1674.0819999999999,16:02,1679.87,1666.84,9.241999999999962,-1.0,0.037870590781216344,train
2022-09-21,long,08:05,1671.97,1662.872,1690.166,1662.872,19:00,1667.47,1661.66,9.098000000000003,-0.9999999999999949,0.038469993405143975,train
2022-09-22,short,08:05,1655.94,1665.182,1637.4560000000001,1665.182,09:04,1671.7,1656.62,9.241999999999962,-1.0,0.037870590781216344,train
2022-09-23,short,08:50,1667.17,1676.6480000000001,1648.2140000000002,1648.2140000000002,11:51,1675.9,1668.2,9.477999999999975,1.9999999999999951,0.03692762186115224,train
2022-09-26,long,08:30,1648.55,1639.072,1667.5059999999999,1639.072,11:12,1646.0,1626.31,9.477999999999975,-1.0000000000000095,0.03692762186115224,train
2022-09-27,long,08:05,1638.75,1629.272,1657.706,1629.272,17:52,1636.35,1626.02,9.477999999999975,-1.0000000000000095,0.03692762186115224,train
2022-09-28,short,08:10,1620.1,1629.578,1601.144,1629.578,11:22,1630.52,1622.59,9.477999999999975,-1.0000000000000095,0.03692762186115224,train
2022-09-29,short,08:35,1642.05,1652.158,1621.8339999999998,1652.158,12:59,1659.38,1642.79,10.10800000000004,-0.9999999999999909,0.0346260387811633,train
2022-09-30,long,08:05,1669.7,1659.592,1689.9160000000002,1660.53,20:54,1668.06,1659.22,10.10800000000004,-0.9072022160664857,0.0346260387811633,train
2022-10-03,short,09:05,1661.81,1671.918,1641.5939999999998,1671.918,14:17,1669.46,1661.93,10.10800000000004,-0.9999999999999909,0.0346260387811633,train
2022-10-04,long,08:05,1705.97,1695.318,1727.2740000000001,1727.2740000000001,16:32,1704.2,1695.19,10.652000000000044,2.0,0.03285767930904981,train
2022-10-05,short,08:50,1717.33,1728.176,1695.638,1716.52,20:54,1725.72,1717.5,10.84600000000005,0.07468191038170217,0.03226996127604632,train
2022-10-07,short,08:05,1709.03,1719.754,1687.5819999999999,1694.88,20:54,1713.81,1709.18,10.724000000000025,1.3194703468854747,0.032637075718015586,train
2022-10-10,short,08:50,1684.59,1695.3139999999999,1663.1419999999998,1668.06,20:54,1698.24,1685.03,10.724000000000025,1.541402461767991,0.032637075718015586,train
2022-10-13,short,08:05,1667.45,1678.174,1646.002,1678.174,12:33,1675.43,1668.97,10.724000000000025,-0.9999999999999913,0.032637075718015586,train
2022-10-14,short,10:35,1652.19,1662.914,1630.742,1662.914,13:57,1670.56,1658.84,10.724000000000025,-0.9999999999999913,0.032637075718015586,train
2022-10-19,short,08:05,1638.33,1649.384,1616.222,1628.99,20:54,1654.39,1644.97,11.053999999999997,0.844943007056262,0.03166274651709789,train
2022-10-21,short,08:10,1619.58,1629.772,1599.196,1629.772,13:58,1628.26,1619.81,10.192000000000007,-1.0,0.034340659340659316,train
2022-10-24,short,08:20,1651.22,1661.412,1630.836,1649.72,20:54,1670.72,1651.89,10.192000000000007,0.14717425431711134,0.034340659340659316,train
2022-10-25,short,08:30,1646.4,1656.592,1626.016,1656.592,14:34,1654.91,1647.21,10.192000000000007,-1.0,0.034340659340659316,train
2022-10-26,long,08:05,1666.89,1656.698,1687.2740000000001,1664.27,20:54,1660.37,1649.7,10.192000000000007,-0.2570643642072328,0.034340659340659316,train
2022-10-27,short,08:05,1661.45,1671.3600000000001,1641.63,1661.59,20:54,1670.82,1662.27,9.909999999999991,-0.014127144298675358,0.03531786074672051,train
2022-10-28,short,08:05,1655.78,1665.69,1635.96,1644.6,20:54,1667.0,1659.44,9.909999999999991,1.1281533804238217,0.03531786074672051,train
2022-10-31,short,08:05,1640.32,1650.706,1619.548,1633.66,20:54,1645.65,1640.49,10.386000000000013,0.6412478336221689,0.033699210475640236,train
2022-11-01,long,08:10,1648.07,1638.1599999999999,1667.8899999999999,1647.69,20:54,1647.38,1630.73,9.909999999999991,-0.038345105953570345,0.03531786074672051,train
2022-11-02,long,08:20,1654.21,1644.3,1674.03,1644.3,19:18,1653.3,1646.68,9.909999999999991,-1.000000000000009,0.03531786074672051,train
2022-11-03,short,08:05,1627.35,1637.26,1607.53,1629.39,20:54,1641.01,1632.8,9.909999999999991,-0.20585267406661886,0.03531786074672051,train
2022-11-04,long,09:20,1651.23,1641.308,1671.074,1671.074,14:15,1649.72,1629.35,9.921999999999981,2.000000000000009,0.03527514613989122,train
2022-11-07,short,08:05,1668.61,1678.924,1647.982,1678.924,09:15,1675.32,1670.28,10.313999999999988,-1.0000000000000089,0.03393445801822769,train
2022-11-08,short,08:50,1667.86,1677.782,1648.0159999999998,1677.782,14:45,1676.7,1668.2,9.921999999999981,-1.0000000000000044,0.03527514613989122,train
2022-11-09,long,08:05,1714.71,1704.396,1735.338,1704.396,10:16,1712.52,1707.0,10.313999999999988,-1.0000000000000089,0.03393445801822769,train
2022-11-10,short,10:25,1704.52,1714.834,1683.892,1714.834,13:30,1712.57,1705.06,10.313999999999988,-1.0000000000000089,0.03393445801822769,train
2022-11-11,long,09:00,1765.43,1755.116,1786.058,1755.116,11:04,1764.31,1747.27,10.313999999999988,-1.0000000000000089,0.03393445801822769,train
2022-11-14,short,10:05,1756.86,1766.782,1737.0159999999998,1766.782,14:37,1766.29,1757.87,9.921999999999981,-1.0000000000000044,0.03527514613989122,train
2022-11-15,long,08:05,1781.21,1771.288,1801.054,1771.288,14:34,1773.64,1767.04,9.921999999999981,-1.0000000000000044,0.03527514613989122,train
2022-11-21,short,08:05,1743.37,1752.552,1725.0059999999999,1738.8,20:54,1752.96,1743.77,9.182000000000016,0.49771291657590155,0.038118057068176794,train
2022-11-22,long,08:30,1745.83,1737.3,1762.8899999999999,1737.3,19:04,1745.65,1737.98,8.530000000000019,-0.9999999999999946,0.04103165298944891,train
2022-11-23,long,08:05,1742.9,1734.64,1759.42,1734.64,10:23,1742.84,1733.02,8.260000000000037,-0.9999999999999944,0.04237288135593201,train
2022-11-24,long,09:05,1757.02,1748.76,1773.54,1755.2,19:29,1756.8,1752.21,8.260000000000037,-0.22033898305083877,0.04237288135593201,train
2022-11-25,short,08:05,1750.39,1758.65,1733.8700000000001,1754.54,18:44,1761.07,1752.34,8.260000000000037,-0.5024213075060345,0.04237288135593201,train
2022-11-28,long,08:30,1757.08,1748.944,1773.3519999999999,1748.944,14:21,1753.9,1745.85,8.136000000000013,-0.9999999999999943,0.0430186823992133,train
2022-11-30,long,08:05,1756.17,1748.034,1772.442,1748.034,18:29,1755.72,1747.75,8.136000000000013,-0.9999999999999943,0.0430186823992133,train
2022-12-05,short,08:10,1798.04,1806.176,1781.768,1781.768,15:00,1809.97,1798.56,8.136000000000013,1.9999999999999887,0.0430186823992133,train
2022-12-07,long,08:55,1775.51,1767.374,1791.782,1787.21,20:54,1775.15,1768.69,8.136000000000013,1.438053097345136,0.0430186823992133,train
2022-12-13,long,08:10,1787.04,1779.12,1802.88,1802.88,13:30,1786.6,1780.93,7.9200000000000275,2.0000000000000115,0.04419191919191904,train
2022-12-14,short,08:10,1807.34,1815.426,1791.168,1808.03,20:54,1813.24,1808.21,8.086000000000013,-0.08533267375711767,0.04328468958694032,train
2022-12-15,short,08:05,1788.39,1796.476,1772.218,1777.04,20:54,1807.78,1789.45,8.086000000000013,1.403660648033653,0.04328468958694032,train
2022-12-16,short,08:30,1775.02,1783.138,1758.7839999999999,1783.138,11:13,1784.26,1775.87,8.118000000000029,-0.9999999999999888,0.04311406750431125,train
2022-12-19,long,08:25,1797.84,1789.762,1813.9959999999999,1789.762,14:39,1796.8,1790.25,8.07800000000002,-0.9999999999999943,0.04332755632582311,train
2022-12-20,long,08:05,1796.82,1789.0459999999998,1812.368,1812.368,14:49,1796.1,1784.57,7.774000000000024,1.999999999999994,0.04502186776434254,train
2022-12-23,long,08:05,1797.83,1789.4679999999998,1814.5539999999999,1797.01,20:54,1796.26,1791.21,8.36199999999999,-0.09806266443433836,0.04185601530734279,train
2022-12-27,long,08:30,1807.83,1799.4679999999998,1824.5539999999999,1824.5539999999999,15:34,1807.37,1800.51,8.36199999999999,1.9999999999999944,0.04185601530734279,train
2022-12-28,short,08:10,1807.27,1815.632,1790.546,1804.59,20:54,1814.49,1809.32,8.36199999999999,0.32049748863908956,0.04185601530734279,train
2022-12-29,long,08:55,1810.31,1801.9479999999999,1827.0339999999999,1814.71,20:54,1810.15,1805.0,8.36199999999999,0.5261899067208917,0.04185601530734279,train
2022-12-30,short,10:35,1814.2,1821.9740000000002,1798.652,1821.9740000000002,14:00,1820.26,1814.64,7.774000000000024,-1.0000000000000115,0.04502186776434254,train
2023-01-03,long,08:05,1844.57,1837.186,1859.338,1837.186,08:31,1844.19,1826.82,7.3840000000000146,-1.0,0.047399783315276174,train
2023-01-04,long,08:05,1859.59,1852.206,1874.358,1852.206,15:09,1849.04,1836.12,7.3840000000000146,-1.0,0.047399783315276174,train
2023-01-05,short,08:05,1848.51,1855.894,1833.742,1833.742,13:57,1858.94,1850.34,7.3840000000000146,2.0,0.047399783315276174,train
2023-01-11,long,08:50,1885.18,1877.406,1900.728,1877.406,12:18,1884.59,1871.96,7.774000000000024,-1.0000000000000115,0.04502186776434254,train
2023-01-13,long,08:10,1901.66,1893.766,1917.448,1893.766,13:04,1900.89,1892.25,7.8940000000000055,-1.0,0.04433747149733972,train
2023-01-16,short,08:30,1912.4,1921.0220000000002,1895.156,1915.38,19:29,1928.9,1913.27,8.622000000000027,-0.34562746462537797,0.040593829737879714,train
2023-01-18,long,08:05,1911.06,1903.5459999999998,1926.088,1903.5459999999998,17:26,1910.34,1896.51,7.514000000000033,-1.000000000000012,0.04657971785999447,train
2023-01-19,long,08:05,1911.99,1903.462,1929.046,1929.046,19:26,1911.14,1900.93,8.52800000000002,2.0,0.04104127579737326,train
2023-01-20,long,08:10,1937.31,1928.782,1954.366,1928.782,08:52,1934.84,1923.15,8.52800000000002,-1.0,0.04104127579737326,train
2023-01-23,short,08:05,1919.56,1928.088,1902.504,1928.088,10:10,1935.45,1920.97,8.52800000000002,-1.0,0.04104127579737326,train
2023-01-24,long,08:05,1941.18,1932.652,1958.236,1932.652,13:47,1939.95,1930.71,8.52800000000002,-1.0,0.04104127579737326,train
2023-01-25,short,10:15,1923.89,1933.3360000000002,1904.998,1933.3360000000002,15:05,1939.6,1925.78,9.44600000000005,-1.0000000000000095,0.037052720728350426,train
2023-01-26,short,08:05,1940.26,1949.7060000000001,1921.368,1921.368,16:24,1949.12,1942.44,9.44600000000005,1.9999999999999951,0.037052720728350426,train
2023-01-30,short,08:05,1923.29,1933.166,1903.538,1922.08,20:54,1934.4,1924.34,9.876000000000023,0.1225192385581241,0.03543944916970425,train
2023-01-31,short,08:10,1911.43,1921.306,1891.678,1921.306,14:15,1927.42,1911.99,9.876000000000023,-0.9999999999999953,0.03543944916970425,train
2023-02-01,short,08:05,1924.07,1934.764,1902.682,1934.764,19:40,1928.77,1924.55,10.694000000000006,-0.9999999999999957,0.03272863287824947,train
2023-02-02,long,08:10,1957.79,1947.096,1979.1779999999999,1947.096,13:50,1957.26,1950.79,10.694000000000006,-0.9999999999999957,0.03272863287824947,train
2023-02-03,short,08:05,1912.78,1923.474,1891.392,1891.392,13:37,1918.61,1913.77,10.694000000000006,1.9999999999999913,0.03272863287824947,train
2023-02-06,long,08:20,1880.42,1869.726,1901.808,1869.726,11:36,1878.85,1863.68,10.694000000000006,-0.9999999999999957,0.03272863287824947,train
2023-02-07,long,08:05,1876.95,1866.256,1898.338,1866.256,11:45,1876.86,1868.28,10.694000000000006,-0.9999999999999957,0.03272863287824947,train
2023-02-08,long,08:05,1883.02,1872.326,1904.408,1872.326,14:49,1878.46,1872.38,10.694000000000006,-0.9999999999999957,0.03272863287824947,train
2023-02-09,long,08:05,1882.95,1872.256,1904.338,1872.256,16:02,1881.47,1872.02,10.694000000000006,-0.9999999999999957,0.03272863287824947,train
2023-02-10,long,08:05,1868.62,1857.926,1890.0079999999998,1857.926,16:20,1865.41,1852.71,10.694000000000006,-0.9999999999999957,0.03272863287824947,train
2023-02-13,short,09:45,1855.29,1865.166,1835.538,1853.51,20:54,1866.62,1856.97,9.876000000000023,0.18023491292020744,0.03543944916970425,train
2023-02-15,short,08:05,1832.5,1843.032,1811.4360000000001,1836.66,20:54,1860.02,1841.97,10.531999999999972,-0.39498670717813267,0.033232054690467236,train
2023-02-16,long,08:10,1842.81,1832.278,1863.8739999999998,1832.278,13:30,1842.62,1834.18,10.531999999999972,-0.9999999999999957,0.033232054690467236,train
2023-02-17,short,08:05,1820.68,1830.556,1800.928,1830.556,15:03,1834.23,1823.16,9.876000000000023,-0.9999999999999953,0.03543944916970425,train
2023-02-20,long,08:05,1847.24,1837.2440000000001,1867.232,1841.22,19:29,1845.57,1837.31,9.99599999999996,-0.602240896358544,0.035014005602241036,train
2023-02-21,short,08:05,1833.23,1843.2259999999999,1813.238,1843.2259999999999,14:35,1843.71,1837.02,9.99599999999996,-0.9999999999999908,0.035014005602241036,train
2023-02-22,long,08:05,1840.54,1831.698,1858.224,1831.698,15:12,1838.39,1834.55,8.841999999999961,-0.9999999999999898,0.03958380456910218,train
2023-02-24,short,08:05,1820.37,1828.1599999999999,1804.79,1811.36,20:54,1827.76,1822.98,7.79000000000001,1.1566110397946059,0.04492939666238762,train
2023-02-28,short,08:05,1809.17,1816.96,1793.5900000000001,1816.96,14:46,1819.41,1812.17,7.79000000000001,-0.9999999999999941,0.04492939666238762,train
2023-03-01,long,09:05,1837.25,1829.46,1852.83,1837.55,20:54,1836.71,1823.02,7.79000000000001,0.038510911424897834,0.04492939666238762,train
2023-03-02,short,08:10,1830.83,1838.62,1815.25,1838.62,15:33,1838.14,1831.09,7.79000000000001,-0.9999999999999941,0.04492939666238762,train
2023-03-03,long,08:05,1844.37,1836.7179999999998,1859.674,1854.77,20:54,1844.31,1837.74,7.651999999999998,1.359121798222699,0.04573967590172505,train
2023-03-06,long,08:15,1856.88,1849.4060000000002,1871.828,1849.4060000000002,11:08,1856.41,1850.74,7.473999999999979,-0.9999999999999938,0.04682900722504696,train
2023-03-09,long,08:40,1817.86,1810.386,1832.8079999999998,1832.8079999999998,15:03,1816.42,1811.86,7.473999999999979,1.9999999999999876,0.04682900722504696,train
2023-03-10,long,08:05,1836.63,1829.1560000000002,1851.578,1851.578,14:32,1834.83,1827.69,7.473999999999979,1.9999999999999876,0.04682900722504696,train
2023-03-13,long,09:30,1889.3,1881.826,1904.2479999999998,1881.826,10:47,1888.85,1872.12,7.473999999999979,-0.9999999999999938,0.04682900722504696,train
2023-03-15,short,08:05,1892.82,1900.3239999999998,1877.8120000000001,1900.3239999999998,10:04,1905.65,1898.55,7.503999999999952,-0.9999999999999939,0.04664179104477642,train
2023-03-20,long,08:05,1999.99,1991.932,2016.106,1991.932,09:20,1993.18,1968.06,8.057999999999993,-1.0,0.043435095557210264,train
2023-03-21,short,08:05,1969.6,1978.386,1952.0279999999998,1952.0279999999998,14:00,1985.14,1971.81,8.786000000000014,2.00000000000001,0.03983610289096283,train
2023-03-24,short,08:40,1983.77,1994.236,1962.838,1994.236,09:55,1994.75,1985.25,10.466000000000031,-1.0000000000000087,0.03344162048538113,train
2023-03-27,short,08:05,1969.03,1979.86,1947.37,1947.37,13:47,1978.7,1969.25,10.83000000000002,2.000000000000004,0.03231763619575248,train
2023-03-28,short,08:05,1955.33,1967.8239999999998,1930.3419999999999,1967.8239999999998,15:57,1963.95,1956.61,12.494000000000007,-0.9999999999999926,0.028013446454298045,train
2023-03-29,short,08:05,1960.95,1973.444,1935.962,1963.35,20:54,1973.73,1963.0,12.494000000000007,-0.19209220425803283,0.028013446454298045,train
2023-03-30,long,08:05,1969.41,1956.9160000000002,1994.3980000000001,1981.67,20:54,1965.33,1955.25,12.494000000000007,0.9812710100848394,0.028013446454298045,train
2023-03-31,short,08:35,1977.22,1989.974,1951.712,1970.42,20:54,1983.57,1977.61,12.753999999999998,0.5331660655480599,0.027442371020856206,train
2023-04-03,long,09:55,1965.9,1953.1460000000002,1991.4080000000001,1985.17,20:54,1964.44,1949.69,12.753999999999998,1.510898541633996,0.027442371020856206,train
2023-04-05,long,08:35,2027.2,2012.8500000000001,2055.9,2012.8500000000001,15:33,2025.29,2019.4,14.350000000000001,-0.9999999999999936,0.024390243902439022,train
2023-04-11,long,08:45,2003.32,1990.566,2028.828,2004.09,20:54,2001.51,1988.73,12.753999999999998,0.06037321624588223,0.027442371020856206,train
2023-04-13,long,08:35,2024.34,2012.984,2047.052,2047.052,15:00,2019.76,2015.04,11.355999999999995,2.0,0.0308207115181402,train
2023-04-14,short,08:30,2037.72,2049.076,2015.008,2015.008,15:06,2047.33,2038.64,11.355999999999995,2.0,0.0308207115181402,train
2023-04-18,long,08:40,2003.31,1990.778,2028.3739999999998,2004.06,20:54,2001.79,1993.25,12.531999999999972,0.059846792211937574,0.027928503032237532,train
2023-04-19,short,09:10,1985.45,1996.806,1962.738,1994.74,20:54,2008.11,1999.39,11.355999999999995,-0.8180697428672039,0.0308207115181402,train
2023-04-21,short,08:35,1985.18,1996.1080000000002,1963.324,1996.1080000000002,14:39,2005.5,1993.91,10.92800000000002,-1.0000000000000082,0.03202781844802336,train
2023-04-24,long,10:10,1985.52,1974.5919999999999,2007.376,1974.5919999999999,14:51,1985.25,1976.43,10.92800000000002,-1.0000000000000082,0.03202781844802336,train
2023-04-25,short,08:45,1989.19,1999.796,1967.978,1999.796,19:02,2000.86,1990.78,10.60600000000004,-0.9999999999999957,0.033000188572506,train
2023-04-28,short,09:05,1981.74,1992.6680000000001,1959.884,1992.6680000000001,15:38,1991.47,1983.41,10.92800000000002,-1.0000000000000082,0.03202781844802336,train
2023-05-01,short,08:05,1979.48,1990.056,1958.328,1990.056,13:11,1989.25,1979.87,10.576000000000022,-1.0,0.03309379727685318,train
2023-05-02,short,09:05,1980.29,1991.218,1958.434,1991.218,15:00,1985.17,1980.69,10.92800000000002,-1.0000000000000082,0.03202781844802336,train
2023-05-03,short,08:45,2014.05,2024.978,1992.194,2024.978,16:21,2019.46,2014.17,10.92800000000002,-1.0000000000000082,0.03202781844802336,train
2023-05-04,short,08:05,2037.24,2048.168,2015.384,2048.168,15:17,2057.05,2038.25,10.92800000000002,-1.0000000000000082,0.03202781844802336,train
2023-05-05,short,08:25,2042.43,2053.7580000000003,2019.7740000000001,2019.7740000000001,13:39,2052.9,2045.44,11.32800000000002,1.9999999999999918,0.030896892655367172,train
2023-05-10,short,09:35,2026.82,2038.384,2003.6919999999998,2038.384,13:30,2038.15,2027.71,11.564000000000034,-1.0000000000000038,0.03026634382566577,train
2023-05-11,short,08:05,2027.52,2039.084,2004.3919999999998,2039.084,12:33,2036.32,2029.97,11.564000000000034,-1.0000000000000038,0.03026634382566577,train
2023-05-12,short,09:45,2008.2,2019.7640000000001,1985.072,2019.7640000000001,14:06,2017.5,2008.29,11.564000000000034,-1.0000000000000038,0.03026634382566577,train
2023-05-17,short,10:05,1985.45,1996.778,1962.794,1982.99,20:54,1992.96,1987.71,11.32800000000002,0.21716101694915535,0.030896892655367172,train
2023-05-18,short,08:05,1977.11,1987.9859999999999,1955.358,1955.358,15:40,1985.98,1977.47,10.875999999999976,2.0,0.032180948878264136,train
2023-05-19,long,10:40,1966.49,1955.162,1989.146,1975.84,20:54,1964.1,1953.94,11.32800000000002,0.8253884180790865,0.030896892655367172,train
2023-05-23,short,08:15,1959.03,1970.358,1936.374,1970.358,14:47,1971.72,1959.54,11.32800000000002,-0.9999999999999959,0.030896892655367172,train
2023-05-24,short,08:05,1972.41,1983.518,1950.1940000000002,1983.518,13:21,1980.53,1972.71,11.107999999999993,-0.9999999999999959,0.0315088224702917,train
2023-05-30,long,10:35,1947.27,1936.766,1968.278,1960.43,20:54,1946.61,1931.97,10.503999999999998,1.2528560548362608,0.03332063975628333,train
2023-06-01,short,08:05,1960.31,1970.184,1940.562,1970.184,14:05,1967.45,1961.98,9.874000000000024,-1.0,0.03544662750658286,train
2023-06-05,short,08:05,1942.54,1952.414,1922.792,1952.414,15:00,1949.93,1942.92,9.874000000000024,-1.0,0.03544662750658286,train
2023-06-06,short,08:30,1957.27,1967.626,1936.558,1962.53,20:54,1964.49,1957.84,10.35600000000004,-0.5079181151023533,0.03379683275395892,train
2023-06-07,short,08:05,1956.7,1967.056,1935.988,1967.056,14:52,1966.68,1962.62,10.35600000000004,-0.9999999999999956,0.03379683275395892,train
2023-06-09,short,09:05,1962.15,1972.506,1941.438,1972.506,13:31,1966.16,1962.36,10.35600000000004,-0.9999999999999956,0.03379683275395892,train
2023-06-12,long,09:05,1962.97,1952.614,1983.682,1952.614,14:49,1961.43,1954.21,10.35600000000004,-0.9999999999999956,0.03379683275395892,train
2023-06-13,long,08:05,1962.69,1952.334,1983.402,1952.334,15:01,1962.16,1955.88,10.35600000000004,-0.9999999999999956,0.03379683275395892,train
2023-06-14,long,10:35,1952.74,1942.384,1973.452,1942.384,19:06,1949.49,1942.11,10.35600000000004,-0.9999999999999956,0.03379683275395892,train
2023-06-15,short,08:05,1930.55,1940.906,1909.838,1940.906,14:26,1945.29,1930.7,10.35600000000004,-0.9999999999999956,0.03379683275395892,train
2023-06-19,short,10:50,1952.25,1962.124,1932.502,1950.28,19:29,1958.65,1953.96,9.874000000000024,0.19951387482276914,0.03544662750658286,train
2023-06-20,long,08:40,1955.69,1945.816,1975.438,1945.816,13:50,1952.96,1945.07,9.874000000000024,-1.0,0.03544662750658286,train
2023-06-21,short,08:05,1934.06,1944.416,1913.348,1933.33,20:54,1939.47,1934.24,10.35600000000004,0.07049053688683037,0.03379683275395892,train
2023-06-22,short,08:10,1927.92,1937.318,1909.124,1913.92,20:54,1934.92,1927.9,9.398000000000001,1.4896786550329855,0.03724196637582464,train
2023-06-23,long,08:50,1918.52,1909.864,1935.8319999999999,1935.8319999999999,14:45,1917.97,1910.04,8.655999999999995,1.9999999999999893,0.04043438077634013,train
2023-06-26,long,09:05,1929.67,1920.056,1948.8980000000001,1922.78,20:54,1928.51,1923.76,9.614000000000033,-0.7166631995007361,0.03640524235489898,train
2023-06-28,short,08:05,1910.6,1919.2559999999999,1893.288,1909.53,20:54,1917.15,1913.37,8.655999999999995,0.12361367837337534,0.04043438077634013,train
2023-06-30,short,08:05,1906.33,1914.416,1890.158,1914.416,14:22,1909.88,1906.82,8.086000000000013,-1.0,0.04328468958694032,train
2023-07-03,short,08:45,1913.05,1921.136,1896.878,1921.136,13:51,1920.64,1914.59,8.086000000000013,-1.0,0.04328468958694032,train
2023-07-04,long,08:05,1926.67,1918.584,1942.842,1925.46,18:59,1924.63,1919.84,8.086000000000013,-0.14964135542914103,0.04328468958694032,train
2023-07-05,short,08:05,1922.76,1930.846,1906.588,1930.846,14:12,1927.04,1923.16,8.086000000000013,-1.0,0.04328468958694032,train
2023-07-07,long,08:35,1916.35,1908.2939999999999,1932.462,1932.462,15:40,1914.5,1909.58,8.055999999999996,2.000000000000011,0.04344587884806358,train
2023-07-11,long,08:05,1934.26,1926.174,1950.432,1932.08,20:54,1930.02,1924.32,8.086000000000013,-0.2696017808558076,0.04328468958694032,train
2023-07-14,short,08:05,1955.7,1963.706,1939.688,1954.97,20:54,1963.77,1957.88,8.005999999999949,0.09118161378966061,0.04371721209093208,train
2023-07-18,long,08:55,1962.94,1954.9340000000002,1978.952,1978.952,15:10,1961.7,1954.64,8.005999999999949,2.0000000000000058,0.04371721209093208,train
2023-07-21,short,08:35,1967.67,1975.5720000000001,1951.8660000000002,1962.38,20:54,1973.72,1968.04,7.901999999999953,0.6694507719564661,0.044292584155910156,train
2023-07-24,long,08:05,1963.88,1956.566,1978.508,1956.566,19:12,1962.61,1959.0,7.313999999999988,-1.0000000000000124,0.047853431774678774,train
2023-07-26,long,08:05,1970.0,1963.7259999999999,1982.548,1974.67,20:54,1966.01,1961.99,6.274000000000024,0.7443417277653896,0.05578578259483561,train
2023-08-01,short,08:05,1957.25,1963.904,1943.942,1943.942,15:31,1965.68,1958.23,6.653999999999996,2.0,0.052599939885783015,train
2023-08-03,short,08:05,1932.4,1939.41,1918.38,1933.63,20:54,1938.86,1932.89,7.010000000000037,-0.17546362339515145,0.04992867332382284,train
2023-08-04,short,08:05,1933.12,1939.774,1919.812,1939.774,13:41,1937.94,1933.13,6.653999999999996,-1.0,0.052599939885783015,train
2023-08-07,short,10:35,1935.59,1942.244,1922.282,1936.43,20:54,1945.3,1936.1,6.653999999999996,-0.1262398557259011,0.052599939885783015,train
2023-08-10,long,08:10,1920.01,1913.3700000000001,1933.29,1913.3700000000001,16:05,1919.16,1915.28,6.639999999999964,-0.9999999999999862,0.05271084337349426,train
2023-08-11,long,08:05,1916.11,1909.3439999999998,1929.6419999999998,1913.39,20:54,1915.99,1910.72,6.765999999999986,-0.40201005025122755,0.051729234407330876,train
2023-08-14,long,08:40,1914.84,1908.0739999999998,1928.3719999999998,1908.0739999999998,13:17,1914.59,1910.11,6.765999999999986,-1.0000000000000133,0.051729234407330876,train
2023-08-16,long,08:05,1905.56,1898.92,1918.84,1898.92,17:53,1905.42,1900.21,6.639999999999964,-0.9999999999999862,0.05271084337349426,train
2023-08-17,long,08:05,1897.22,1890.5800000000002,1910.5,1890.5800000000002,16:55,1894.37,1889.59,6.639999999999964,-0.9999999999999862,0.05271084337349426,train
2023-08-22,long,08:05,1898.65,1892.316,1911.3180000000002,1892.316,14:50,1897.25,1893.64,6.334000000000015,-1.000000000000007,0.05525734133249118,train
2023-08-23,long,09:05,1904.28,1897.934,1916.972,1916.972,14:48,1903.94,1897.72,6.346000000000004,2.0,0.055152852190356094,train
2023-08-25,long,10:30,1917.77,1911.618,1930.074,1911.618,15:02,1917.53,1913.06,6.152000000000044,-1.0,0.05689206762028568,train
2023-08-28,short,09:05,1913.82,1919.972,1901.5159999999998,1919.972,16:17,1917.54,1914.28,6.152000000000044,-1.0,0.05689206762028568,train
2023-08-30,long,10:30,1938.43,1932.294,1950.702,1943.38,20:54,1937.54,1935.23,6.136000000000013,0.8067144719687149,0.05704041720990861,train
2023-09-05,short,10:25,1931.99,1938.116,1919.738,1926.15,20:54,1938.94,1934.91,6.125999999999976,0.9533137446947341,0.057133529219719446,train
2023-09-06,short,08:30,1923.89,1929.766,1912.1380000000001,1916.68,20:54,1928.49,1924.24,5.875999999999976,1.2270251872021896,0.059564329475834135,train
2023-09-11,long,08:05,1928.49,1922.912,1939.646,1922.912,15:30,1928.05,1916.61,5.578000000000021,-0.9999999999999917,0.06274650412334146,train
2023-09-12,short,08:05,1919.56,1925.174,1908.3319999999999,1908.3319999999999,14:01,1924.51,1919.89,5.6139999999999874,2.000000000000016,0.06234413965087295,train
2023-09-14,short,08:55,1905.82,1911.398,1894.664,1911.398,17:20,1912.87,1907.5,5.578000000000021,-0.9999999999999917,0.06274650412334146,train
2023-09-22,long,08:05,1925.78,1920.28,1936.78,1925.58,20:54,1925.49,1920.07,5.500000000000046,-0.03636363636364433,0.0636363636363631,train
2023-09-25,long,08:10,1926.68,1921.298,1937.4440000000002,1921.298,09:19,1925.75,1921.66,5.3820000000000165,-1.0000000000000084,0.065031586770717,train
2023-09-26,short,08:05,1910.64,1915.8380000000002,1900.244,1900.244,19:12,1916.67,1913.04,5.1980000000000475,2.0000000000000173,0.0673335898422464,train
2023-09-29,long,08:05,1870.37,1864.87,1881.37,1864.87,15:09,1868.26,1862.89,5.500000000000046,-0.9999999999999916,0.0636363636363631,train
2023-10-02,short,10:10,1837.84,1843.34,1826.84,1829.27,20:54,1848.89,1839.22,5.500000000000046,1.5581818181817935,0.0636363636363631,train
2023-10-04,short,08:05,1818.74,1824.944,1806.3319999999999,1824.944,12:11,1825.01,1819.76,6.204000000000042,-0.9999999999999852,0.05641521598968369,train
2023-10-05,short,08:15,1821.64,1827.844,1809.232,1820.65,20:54,1829.14,1821.74,6.204000000000042,0.15957446808510675,0.05641521598968369,train
2023-10-06,short,08:05,1819.07,1825.692,1805.8259999999998,1825.692,14:31,1824.56,1819.66,6.622000000000026,-1.0000000000000069,0.052854122621564276,train
2023-10-10,short,08:05,1857.08,1864.032,1843.176,1860.17,20:54,1865.37,1859.8,6.951999999999998,-0.44447640966630414,0.05034522439585732,train
2023-10-11,long,08:05,1863.39,1856.438,1877.294,1873.65,20:54,1862.08,1858.59,6.951999999999998,1.4758342922899876,0.05034522439585732,train
2023-10-12,long,08:05,1881.99,1874.846,1896.278,1874.846,14:42,1880.07,1874.45,7.1440000000000055,-1.0,0.048992161254199286,train
2023-10-13,long,08:15,1878.52,1871.376,1892.808,1892.808,12:22,1878.02,1869.66,7.1440000000000055,2.0,0.048992161254199286,train
2023-10-16,short,08:05,1909.81,1916.954,1895.522,1916.954,11:22,1926.36,1914.25,7.1440000000000055,-1.0,0.048992161254199286,train
2023-10-18,long,10:35,1944.33,1936.962,1959.0659999999998,1959.0659999999998,14:39,1942.79,1923.77,7.367999999999984,1.9999999999999876,0.04750271444082529,train
2023-10-23,long,08:35,1978.74,1971.04,1994.14,1971.04,14:44,1978.1,1964.31,7.7,-1.0000000000000058,0.04545454545454545,train
2023-10-24,short,10:25,1967.12,1974.82,1951.7199999999998,1974.82,17:32,1980.81,1971.39,7.7,-1.0000000000000058,0.04545454545454545,train
2023-10-25,short,08:30,1968.67,1976.8780000000002,1952.2540000000001,1976.8780000000002,13:54,1976.95,1970.31,8.207999999999993,-1.000000000000011,0.04264132553606241,train
2023-10-30,short,08:05,1992.37,2000.5659999999998,1975.9779999999998,2000.5659999999998,13:12,2006.68,1995.0,8.196000000000003,-0.9999999999999889,0.04270375793069788,train
2023-10-31,long,08:20,1997.71,1990.01,2013.1100000000001,1990.01,16:08,1997.24,1990.6,7.7,-1.0000000000000058,0.04545454545454545,train
2023-11-03,long,09:05,1989.65,1980.872,2007.2060000000001,1992.39,20:54,1988.32,1983.2,8.77800000000002,0.312143996354523,0.03987240829346083,train
2023-11-07,short,08:05,1969.62,1978.1319999999998,1952.596,1969.05,20:54,1977.01,1970.97,8.51199999999999,0.06696428571427832,0.041118421052631624,train
2023-11-08,short,10:05,1964.21,1972.722,1947.1860000000001,1949.75,20:54,1970.96,1964.99,8.51199999999999,1.6987781954887282,0.041118421052631624,train
2023-11-09,short,08:15,1946.6,1955.378,1929.0439999999999,1955.378,14:41,1954.6,1947.72,8.77800000000002,-1.0,0.03987240829346083,train
2023-11-10,short,08:05,1955.3,1964.078,1937.744,1937.744,16:36,1960.82,1955.68,8.77800000000002,2.0,0.03987240829346083,train
2023-11-15,long,08:15,1970.42,1961.268,1988.7240000000002,1961.268,14:41,1970.49,1961.54,9.152,-1.0000000000000049,0.03824300699300699,train
2023-11-17,long,08:35,1988.52,1979.742,2006.076,1979.742,14:54,1987.05,1981.74,8.77800000000002,-1.0,0.03987240829346083,train
2023-11-22,long,08:05,2004.77,1996.258,2021.7939999999999,1996.258,15:04,2001.31,1995.47,8.51199999999999,-0.9999999999999946,0.041118421052631624,train
2023-11-24,long,10:35,1995.04,1986.8,2011.52,2002.16,18:44,1994.93,1991.42,8.239999999999965,0.8640776699029307,0.04247572815533999,train
2023-11-28,short,08:10,2013.44,2021.4560000000001,1997.4080000000001,2021.4560000000001,13:42,2018.09,2013.89,8.015999999999986,-1.0000000000000113,0.043662674650698674,train
2023-11-29,short,08:15,2042.66,2050.676,2026.6280000000002,2044.7,20:54,2051.94,2042.74,8.015999999999986,-0.25449101796406776,0.043662674650698674,train
2023-11-30,short,09:00,2040.56,2048.446,2024.788,2035.23,20:54,2047.23,2041.43,7.886000000000013,0.675881308648227,0.04438244991123502,train
2023-12-01,long,09:00,2045.35,2037.464,2061.122,2037.464,11:55,2043.41,2038.68,7.886000000000013,-0.9999999999999941,0.04438244991123502,train
2023-12-04,short,08:05,2059.25,2067.136,2043.478,2067.136,08:41,2120.51,2073.71,7.886000000000013,-0.9999999999999941,0.04438244991123502,train
2023-12-06,long,08:05,2033.46,2025.3400000000001,2049.7,2025.3400000000001,08:55,2027.07,2018.67,8.119999999999981,-0.9999999999999889,0.04310344827586216,train
2023-12-07,long,08:05,2030.51,2022.624,2046.282,2022.624,17:04,2029.98,2025.23,7.886000000000013,-0.9999999999999941,0.04438244991123502,train
2023-12-11,short,08:05,1994.03,2001.898,1978.294,1978.294,17:19,2007.7,1994.75,7.867999999999984,1.9999999999999882,0.04448398576512464,train
2023-12-14,long,08:35,2039.9,2032.0320000000002,2055.636,2032.0320000000002,13:23,2039.29,2029.98,7.867999999999984,-0.9999999999999941,0.04448398576512464,train
2023-12-15,long,08:05,2038.38,2030.5120000000002,2054.116,2030.5120000000002,13:40,2037.5,2031.3,7.867999999999984,-0.9999999999999941,0.04448398576512464,train
2023-12-18,long,09:05,2026.24,2018.228,2042.2640000000001,2026.66,20:54,2024.86,2016.08,8.012000000000034,0.05242136794808674,0.04368447329006472,train
2023-12-20,short,10:35,2036.04,2044.0439999999999,2020.032,2030.7,20:54,2042.39,2036.73,8.003999999999996,0.6671664167915943,0.043728135932034,train
2023-12-22,long,10:30,2056.23,2048.226,2072.238,2052.83,20:54,2053.86,2046.83,8.003999999999996,-0.42478760619691314,0.043728135932034,train
2023-12-27,long,08:10,2068.13,2059.306,2085.7780000000002,2077.57,20:54,2067.87,2063.97,8.824000000000025,1.0698096101541283,0.03966455122393461,train
2023-12-28,short,08:30,2077.49,2086.16,2060.1499999999996,2066.19,20:54,2088.43,2079.26,8.670000000000028,1.3033448673586725,0.04036908881199525,train
2023-12-29,long,08:15,2073.35,2064.2619999999997,2091.526,2064.2619999999997,10:18,2073.17,2066.07,9.088000000000012,-1.00000000000002,0.03851232394366192,train
2024-01-03,short,09:50,2056.57,2065.6580000000004,2038.3940000000002,2038.3940000000002,14:06,2066.0,2059.16,9.088000000000012,1.9999999999999898,0.03851232394366192,train
2024-01-04,long,09:45,2049.87,2040.782,2068.046,2040.782,13:33,2048.55,2040.12,9.088000000000012,-0.9999999999999949,0.03851232394366192,train
2024-01-09,long,09:35,2036.03,2026.818,2054.4539999999997,2026.818,16:01,2035.88,2030.35,9.211999999999989,-1.0,0.03799392097264442,train
2024-01-10,long,08:10,2034.05,2024.962,2052.226,2024.962,15:04,2032.88,2023.89,9.088000000000012,-0.9999999999999949,0.03851232394366192,train
2024-01-12,long,08:05,2038.79,2029.702,2056.966,2056.966,14:02,2036.99,2030.06,9.088000000000012,1.9999999999999898,0.03851232394366192,train
2024-01-16,short,08:35,2045.58,2054.668,2027.404,2027.404,17:07,2054.51,2047.43,9.088000000000012,1.9999999999999898,0.03851232394366192,train
2024-01-19,long,08:05,2027.57,2018.482,2045.7459999999999,2027.87,20:54,2025.52,2020.36,9.088000000000012,0.03301056338027664,0.03851232394366192,train
2024-01-24,long,08:05,2030.43,2021.9740000000002,2047.342,2021.9740000000002,14:45,2029.28,2022.79,8.455999999999994,-0.9999999999999893,0.041390728476821216,train
2024-01-25,short,08:20,2013.01,2022.098,1994.834,2022.098,13:38,2017.23,2014.47,9.088000000000012,-0.9999999999999949,0.03851232394366192,train
2024-01-26,short,09:10,2019.08,2027.5359999999998,2002.168,2018.87,20:54,2024.17,2019.35,8.455999999999994,0.024834437086097033,0.041390728476821216,train
2024-01-29,long,08:05,2033.29,2025.53,2048.81,2025.53,11:24,2028.98,2019.29,7.759999999999991,-1.0,0.0451030927835052,train
2024-01-30,long,08:05,2037.56,2029.8,2053.08,2029.8,15:26,2035.93,2029.78,7.759999999999991,-1.0,0.0451030927835052,train
2024-01-31,long,09:05,2039.38,2031.68,2054.78,2054.78,14:53,2038.68,2032.79,7.7,2.0000000000000115,0.04545454545454545,train
2024-02-01,short,10:40,2035.43,2043.13,2020.03,2043.13,14:06,2049.59,2039.18,7.7,-1.0000000000000058,0.04545454545454545,train
2024-02-05,short,08:05,2026.24,2034.108,2010.5040000000001,2025.3,20:54,2039.82,2026.77,7.867999999999984,0.11947127605491312,0.04448398576512464,train
2024-02-07,short,08:35,2032.0,2039.868,2016.2640000000001,2039.868,14:43,2036.12,2032.43,7.867999999999984,-0.9999999999999941,0.04448398576512464,train
2024-02-08,short,08:35,2030.05,2037.75,2014.6499999999999,2037.75,10:27,2038.68,2031.19,7.7,-1.0000000000000058,0.04545454545454545,train
2024-02-09,short,08:15,2031.21,2038.71,2016.21,2024.78,20:54,2035.14,2031.97,7.5,0.8573333333333418,0.04666666666666666,train
2024-02-13,long,08:05,2025.71,2018.346,2040.438,2018.346,13:30,2024.06,2016.83,7.364000000000033,-1.0,0.04752851711026595,train
2024-02-14,short,08:10,1988.36,1995.724,1973.6319999999998,1995.724,18:03,1993.62,1988.88,7.364000000000033,-1.0,0.04752851711026595,train
2024-02-15,long,08:10,1994.78,1987.47,2009.4,2004.4,20:54,1994.36,1990.27,7.310000000000037,1.316005471956234,0.04787961696306405,train
2024-02-16,long,10:35,2006.14,1998.8300000000002,2020.7600000000002,1998.8300000000002,13:34,2005.66,2002.36,7.310000000000037,-0.9999999999999875,0.04787961696306405,train
2024-02-20,long,08:05,2021.45,2014.14,2036.0700000000002,2024.56,20:54,2020.84,2014.98,7.310000000000037,0.42544459644321264,0.04787961696306405,train
2024-02-22,long,08:05,2032.02,2025.0539999999999,2045.952,2025.0539999999999,13:24,2030.63,2025.06,6.966000000000031,-1.000000000000013,0.05024404249210428,train
2024-02-23,short,09:25,2017.06,2024.026,2003.128,2024.026,12:00,2027.41,2018.21,6.966000000000031,-1.000000000000013,0.05024404249210428,train
2024-02-26,long,08:05,2034.36,2027.118,2048.844,2027.118,14:30,2034.3,2029.86,7.242000000000008,-0.9999999999999937,0.048329190831262026,train
2024-02-27,long,08:05,2034.99,2028.024,2048.922,2029.95,20:54,2034.98,2031.06,6.966000000000031,-0.7235142118862964,0.05024404249210428,train
2024-02-28,short,08:05,2028.01,2034.586,2014.858,2034.586,13:31,2033.78,2028.64,6.576000000000068,-0.999999999999993,0.05322384428223789,train
2024-02-29,short,10:40,2031.77,2038.164,2018.982,2038.164,13:31,2037.1,2033.94,6.394000000000052,-0.9999999999999928,0.0547388176415385,train
2024-03-01,short,08:25,2042.35,2048.744,2029.562,2048.744,10:14,2048.12,2042.83,6.394000000000052,-1.0000000000000284,0.0547388176415385,train
2024-03-04,long,08:05,2086.95,2080.5559999999996,2099.738,2099.738,14:42,2084.38,2079.47,6.394000000000052,1.9999999999999856,0.0547388176415385,train
2024-03-05,long,08:30,2120.88,2114.486,2133.668,2133.668,13:30,2119.72,2110.46,6.394000000000052,1.9999999999999856,0.0547388176415385,train
2024-03-06,long,08:15,2128.46,2121.8940000000002,2141.592,2141.592,14:32,2128.08,2123.62,6.566000000000031,2.0,0.053304904051172455,train
2024-03-08,long,08:15,2163.6,2156.634,2177.532,2156.634,13:30,2163.53,2154.02,6.966000000000031,-0.9999999999999803,0.05024404249210428,train
2024-03-13,long,10:45,2162.95,2155.3419999999996,2178.1659999999997,2178.1659999999997,17:13,2161.54,2156.57,7.608000000000039,1.999999999999976,0.046004206098843085,train
2024-03-15,long,10:00,2171.85,2163.236,2189.078,2163.236,12:04,2170.04,2160.62,8.614000000000033,-1.0,0.04063153006733209,train
2024-03-19,short,08:10,2153.57,2162.184,2136.342,2157.63,20:54,2162.83,2154.05,8.614000000000033,-0.471325748781046,0.04063153006733209,train
2024-03-20,short,08:15,2155.02,2163.634,2137.792,2163.634,14:02,2160.22,2155.2,8.614000000000033,-1.0,0.04063153006733209,train
2024-03-22,short,08:05,2167.98,2177.478,2148.984,2177.478,13:47,2186.06,2169.91,9.497999999999957,-1.0000000000000095,0.03684986312907997,train
2024-03-26,long,08:20,2175.23,2165.732,2194.226,2194.226,09:41,2174.48,2167.54,9.497999999999957,2.000000000000019,0.03684986312907997,train
2024-03-27,long,08:20,2181.91,2171.344,2203.042,2194.74,20:54,2181.63,2173.27,10.565999999999987,1.2142721938292584,0.033125118303993985,train
2024-03-28,long,10:25,2206.25,2195.666,2227.418,2227.418,20:49,2200.64,2187.34,10.584000000000016,2.0000000000000084,0.03306878306878302,train
2024-04-02,long,09:10,2262.14,2250.63,2285.16,2277.6,20:54,2259.89,2246.69,11.509999999999946,1.343179843614258,0.03040834057341456,train
2024-04-03,short,08:20,2274.97,2286.4799999999996,2251.95,2286.4799999999996,16:28,2287.94,2276.72,11.509999999999946,-0.9999999999999841,0.03040834057341456,train
2024-04-04,short,08:15,2294.57,2306.08,2271.55,2284.74,20:54,2304.69,2294.99,11.509999999999946,0.8540399652476479,0.03040834057341456,train
2024-04-05,long,10:45,2292.36,2281.426,2314.228,2281.426,13:33,2291.18,2267.76,10.934000000000015,-1.0000000000000167,0.03201024327784886,train
2024-04-09,long,08:15,2354.94,2342.65,2379.52,2342.65,16:51,2348.44,2337.64,12.289999999999964,-1.0,0.02847843775427185,train
2024-04-11,short,09:20,2331.61,2343.9,2307.03,2343.9,13:36,2346.83,2333.3,12.289999999999964,-1.0,0.02847843775427185,train
2024-04-12,long,08:10,2397.58,2384.544,2423.652,2423.652,15:53,2395.39,2373.86,13.035999999999968,2.0000000000000138,0.026848726603252597,train
2024-04-15,short,09:40,2346.48,2359.692,2320.056,2359.692,12:07,2365.83,2348.44,13.211999999999989,-1.0,0.02649106872540117,train
2024-04-16,short,08:05,2374.53,2388.6360000000004,2346.318,2388.6360000000004,16:04,2389.41,2379.22,14.10600000000004,-1.0000000000000129,0.02481213667942712,train
2024-04-17,long,09:35,2390.65,2376.1620000000003,2419.626,2376.1620000000003,17:32,2386.82,2374.21,14.488000000000012,-0.9999999999999873,0.024157923799006054,train
2024-04-18,long,08:05,2380.84,2366.3520000000003,2409.8160000000003,2379.77,20:54,2377.11,2363.62,14.488000000000012,-0.07385422418554409,0.024157923799006054,train
2024-04-23,short,10:20,2295.17,2309.658,2266.194,2309.658,13:26,2334.46,2295.47,14.488000000000012,-0.9999999999999873,0.024157923799006054,train
2024-04-24,short,10:25,2314.9,2330.4500000000003,2283.8,2330.4500000000003,16:00,2330.08,2315.75,15.55,-1.0000000000000115,0.022508038585209,train
2024-04-25,long,08:55,2325.58,2310.0299999999997,2356.68,2332.16,20:54,2322.12,2304.77,15.55,0.42315112540192457,0.022508038585209,train
2024-04-26,long,08:05,2339.98,2323.844,2372.252,2339.97,20:54,2338.53,2326.2,16.135999999999967,-0.0006197322756704449,0.02169062964799211,train
2024-04-29,long,10:50,2342.4,2326.954,2373.292,2326.954,14:42,2336.84,2319.82,15.446000000000005,-0.999999999999994,0.022659588242910776,train
2024-04-30,short,08:30,2317.01,2332.0840000000003,2286.862,2292.74,20:54,2336.16,2321.72,15.073999999999979,1.610057051877436,0.023218787315908217,train
2024-05-02,short,08:10,2311.02,2327.764,2277.532,2304.46,20:54,2326.43,2313.01,16.74399999999996,0.39178213091256336,0.020903010033444865,train
2024-05-03,short,08:05,2297.78,2314.59,2264.1600000000003,2314.59,13:30,2308.76,2299.89,16.809999999999945,-1.0,0.020820939916716307,train
2024-05-06,long,08:45,2323.18,2306.37,2356.7999999999997,2324.85,20:54,2315.31,2291.81,16.809999999999945,0.09934562760262214,0.020820939916716307,train
2024-05-07,short,09:10,2317.74,2334.046,2285.1279999999997,2314.43,20:54,2329.95,2319.67,16.30599999999995,0.20299276339997274,0.02146449159818478,train
2024-05-08,short,09:00,2305.51,2321.8160000000003,2272.898,2308.75,20:54,2321.43,2306.96,16.30599999999995,-0.19869986508032572,0.02146449159818478,train
2024-05-10,long,10:00,2369.59,2353.5440000000003,2401.6820000000002,2363.83,20:54,2358.78,2345.9,16.046000000000003,-0.35896796709461654,0.021812289667206775,train
2024-05-13,short,09:20,2347.99,2363.488,2316.9939999999997,2337.82,20:54,2364.48,2351.26,15.497999999999957,0.65621370499417,0.022583559168925085,train
2024-05-14,long,10:10,2346.91,2332.37,2375.99,2355.99,20:54,2345.94,2334.83,14.539999999999964,0.6244841815680846,0.024071526822558517,train
2024-05-15,long,08:10,2361.56,2347.17,2390.3399999999997,2387.26,20:54,2360.94,2354.87,14.389999999999965,1.7859624739402595,0.024322446143155027,train
2024-05-16,short,08:15,2386.04,2401.194,2355.732,2379.42,20:54,2397.35,2386.55,15.153999999999906,0.43684835686946893,0.023096212221195865,train
2024-05-17,long,08:10,2385.78,2370.626,2416.088,2416.088,16:01,2382.36,2373.97,15.153999999999906,2.000000000000012,0.023096212221195865,train
2024-05-22,short,09:30,2410.74,2424.7259999999997,2382.768,2382.768,15:31,2426.51,2411.55,13.985999999999969,1.999999999999987,0.02502502502502508,train
2024-05-23,short,08:50,2356.49,2371.644,2326.182,2331.7,20:54,2383.7,2358.23,15.153999999999906,1.6358717170384134,0.023096212221195865,train
2024-05-24,long,10:00,2340.14,2324.986,2370.448,2333.54,20:54,2339.28,2325.39,15.153999999999906,-0.4355285733139732,0.023096212221195865,train
2024-05-29,short,09:05,2350.4,2364.386,2322.4280000000003,2336.91,20:54,2361.33,2354.42,13.985999999999969,0.9645359645359836,0.02502502502502508,train
2024-06-04,short,08:50,2342.6,2354.92,2317.96,2317.96,15:16,2352.78,2343.04,12.319999999999983,1.9999999999999925,0.028409090909090946,train
2024-06-07,short,09:05,2358.34,2371.138,2332.744,2332.744,11:50,2387.67,2369.39,12.797999999999957,2.000000000000007,0.027348023128613935,train
2024-06-14,long,08:05,2312.13,2299.732,2336.926,2332.7,20:54,2311.58,2301.52,12.397999999999957,1.659138570737198,0.028230359735441295,train
2024-06-18,short,08:05,2318.44,2330.448,2294.424,2330.448,17:56,2325.63,2319.16,12.007999999999994,-0.9999999999999848,0.02914723517654898,train
2024-06-21,short,08:05,2357.08,2368.296,2334.648,2368.296,12:39,2365.59,2357.1,11.215999999999987,-0.9999999999999918,0.031205420827389477,train
2024-06-24,long,08:40,2329.28,2317.2720000000004,2353.2960000000003,2332.03,20:54,2327.25,2317.68,12.007999999999994,0.22901399067288486,0.02914723517654898,train
2024-06-27,long,09:30,2303.57,2291.3100000000004,2328.09,2328.09,15:01,2301.12,2296.74,12.259999999999946,2.000000000000007,0.028548123980424268,train
2024-06-28,long,09:30,2329.26,2316.862,2354.056,2325.9,20:54,2328.25,2319.07,12.397999999999957,-0.27101145346024674,0.028230359735441295,train
2024-07-02,short,08:25,2324.49,2335.8759999999997,2301.718,2335.8759999999997,14:50,2334.34,2324.88,11.385999999999967,-1.0,0.030739504654839364,test
2024-07-03,long,09:00,2345.37,2334.832,2366.446,2354.48,20:54,2335.82,2326.91,10.53799999999992,0.8644904156386597,0.033213133421901936,test
2024-07-05,long,08:45,2366.83,2356.292,2387.906,2356.292,13:30,2365.02,2356.02,10.53799999999992,-1.0000000000000087,0.033213133421901936,test
2024-07-08,short,08:05,2377.35,2387.888,2356.274,2356.274,16:48,2391.08,2380.73,10.53799999999992,2.0000000000000173,0.033213133421901936,test
2024-07-16,long,08:05,2433.47,2422.79,2454.83,2454.83,16:06,2432.77,2420.0,10.68000000000002,2.0000000000000084,0.032771535580524286,test
2024-08-12,long,10:35,2441.67,2427.7760000000003,2469.458,2469.458,19:10,2435.08,2423.83,13.893999999999961,2.000000000000006,0.025190729811429464,test
2024-08-14,long,09:45,2477.75,2463.958,2505.334,2463.958,13:32,2472.52,2455.29,13.792000000000009,-0.9999999999999933,0.025377030162412974,test
2024-08-16,long,08:55,2461.61,2447.2960000000003,2490.238,2490.238,13:59,2460.03,2450.7,14.313999999999943,1.9999999999999871,0.0244515858599973,test
2024-08-20,long,08:45,2513.31,2498.996,2541.9379999999996,2514.43,20:54,2508.18,2498.71,14.313999999999943,0.07824507475198374,0.0244515858599973,test
2024-08-21,short,08:50,2509.83,2524.144,2481.202,2512.93,20:54,2519.98,2510.86,14.313999999999943,-0.21657118904568404,0.0244515858599973,test
2024-08-23,long,10:15,2499.26,2484.9460000000004,2527.888,2510.56,20:54,2495.78,2484.96,14.313999999999943,0.7894369149084652,0.0244515858599973,test
2024-08-26,long,08:20,2517.65,2503.418,2546.114,2518.74,20:54,2516.96,2508.74,14.23199999999988,0.07658797077007448,0.024592467678471258,test
2024-08-29,long,10:55,2523.51,2509.512,2551.506,2509.512,13:31,2519.93,2506.37,13.997999999999866,-1.0000000000000129,0.025003571938848643,test
2024-08-30,long,10:15,2526.16,2512.162,2554.1559999999995,2512.162,15:05,2520.95,2512.14,13.997999999999866,-1.0000000000000129,0.025003571938848643,test
2024-09-02,long,09:45,2505.21,2491.634,2532.362,2498.38,19:29,2505.07,2490.06,13.575999999999931,-0.503093694755448,0.025780789628756757,test
2024-09-03,long,09:05,2502.48,2489.286,2528.868,2489.286,12:49,2498.52,2489.66,13.194000000000052,-0.999999999999993,0.02652720933757758,test
2024-09-04,short,08:05,2487.0,2500.07,2460.86,2500.07,15:50,2496.89,2491.29,13.069999999999983,-1.0000000000000138,0.02677888293802605,test
2024-09-05,long,09:05,2506.79,2493.72,2532.93,2513.95,20:54,2502.32,2493.83,13.069999999999983,0.5478194338178932,0.02677888293802605,test
2024-09-10,short,10:05,2500.45,2512.8799999999997,2475.5899999999997,2512.8799999999997,13:57,2507.66,2500.83,12.43000000000002,-0.9999999999999852,0.028157683024939616,test
2024-09-11,long,09:05,2522.96,2510.53,2547.82,2510.53,13:30,2522.55,2514.92,12.43000000000002,-0.9999999999999852,0.028157683024939616,test
2024-09-13,long,10:30,2571.26,2559.6780000000003,2594.424,2582.52,20:54,2570.3,2556.68,11.581999999999972,0.972198238646157,0.030219305819374962,test
2024-09-17,short,10:45,2574.35,2585.88,2551.29,2568.39,20:54,2586.34,2574.57,11.530000000000019,0.5169124024284498,0.030355594102341666,test
2024-09-19,long,10:25,2589.88,2578.35,2612.94,2578.35,13:45,2574.6,2551.32,11.530000000000019,-1.0000000000000158,0.030355594102341666,test
2024-09-20,long,08:05,2605.58,2594.0499999999997,2628.64,2621.71,20:54,2595.23,2584.79,11.530000000000019,1.3989592367736412,0.030355594102341666,test
2024-09-23,short,08:40,2615.56,2627.09,2592.5,2627.09,13:57,2631.32,2616.07,11.530000000000019,-1.0000000000000158,0.030355594102341666,test
2024-09-25,short,08:05,2653.05,2664.8300000000004,2629.4900000000002,2664.8300000000004,14:09,2670.44,2654.38,11.780000000000019,-1.0000000000000153,0.02971137521222406,test
2024-09-26,long,08:05,2663.58,2652.0499999999997,2686.64,2673.09,20:54,2663.37,2655.44,11.530000000000019,0.824804856895074,0.030355594102341666,test
2024-09-27,short,10:10,2661.8,2673.5800000000004,2638.2400000000002,2673.5800000000004,13:46,2673.9,2662.29,11.780000000000019,-1.0000000000000153,0.02971137521222406,test
2024-10-01,long,08:05,2644.59,2632.5640000000003,2668.642,2668.642,14:50,2644.26,2633.97,12.025999999999932,1.9999999999999847,0.029103608847497252,test
2024-10-03,short,08:20,2651.39,2663.4159999999997,2627.338,2658.25,20:54,2662.82,2651.9,12.025999999999932,-0.5704307334109567,0.029103608847497252,test
2024-10-07,long,09:10,2654.97,2642.9959999999996,2678.9179999999997,2642.9959999999996,13:37,2652.4,2639.98,11.973999999999979,-1.000000000000015,0.02922999832971443,test
2024-10-08,short,08:05,2632.07,2644.0440000000003,2608.1220000000003,2644.0440000000003,11:38,2648.22,2633.74,11.973999999999979,-1.000000000000015,0.02922999832971443,test
2024-10-10,long,10:35,2617.61,2605.2520000000004,2642.326,2605.2520000000004,13:30,2616.92,2605.91,12.357999999999903,-0.9999999999999852,0.028321734908561477,test
2024-10-14,long,10:10,2662.44,2650.0820000000003,2687.156,2650.0820000000003,13:43,2660.74,2643.13,12.357999999999903,-0.9999999999999852,0.028321734908561477,test
2024-10-16,long,09:55,2678.63,2666.202,2703.486,2674.09,20:54,2670.47,2658.7,12.427999999999884,-0.3653041519150311,0.028162214354683236,test
2024-10-21,long,10:10,2733.38,2721.806,2756.5280000000002,2721.806,16:07,2732.77,2721.02,11.573999999999979,-1.0000000000000078,0.030240193537238693,test
2024-10-22,long,09:25,2736.61,2725.036,2759.7580000000003,2747.07,20:54,2735.89,2720.38,11.573999999999979,0.9037497839986224,0.030240193537238693,test
2024-10-23,long,10:10,2755.85,2744.38,2778.7899999999995,2744.38,13:23,2753.18,2737.91,11.469999999999892,-0.9999999999999919,0.030514385353095315,test
2024-10-25,short,09:20,2723.38,2734.85,2700.4400000000005,2734.85,15:10,2735.49,2723.92,11.469999999999892,-0.9999999999999919,0.030514385353095315,test
2024-10-31,short,08:35,2777.58,2788.492,2755.756,2755.756,13:50,2790.0,2779.67,10.91200000000008,1.9999999999999916,0.03207478005865079,test
2024-11-04,short,08:05,2735.38,2746.6620000000003,2712.8160000000003,2746.6620000000003,13:59,2743.62,2735.4,11.281999999999972,-1.000000000000016,0.03102286828576501,test
2024-11-05,long,09:00,2742.48,2731.198,2765.044,2741.96,20:54,2738.84,2724.68,11.281999999999972,-0.046091118595992124,0.03102286828576501,test
2024-11-08,short,08:05,2685.18,2696.462,2662.616,2696.462,13:32,2710.38,2685.95,11.281999999999972,-1.000000000000016,0.03102286828576501,test
2024-11-11,short,09:25,2666.49,2677.772,2643.926,2643.926,13:34,2686.15,2666.53,11.281999999999972,1.9999999999999918,0.03102286828576501,test
2024-11-12,short,08:05,2601.28,2612.75,2578.3400000000006,2612.75,13:24,2627.05,2603.5,11.469999999999892,-0.9999999999999919,0.030514385353095315,test
2024-11-14,short,09:35,2546.62,2558.22,2523.42,2558.22,13:39,2574.69,2551.91,11.599999999999909,-1.0,0.030172413793103682,test
2024-11-19,long,09:05,2627.24,2614.906,2651.908,2634.07,20:54,2626.68,2611.05,12.334000000000016,0.5537538511432117,0.02837684449489213,test
2024-11-20,short,08:05,2621.07,2633.404,2596.402,2633.404,13:03,2641.76,2628.55,12.334000000000016,-0.9999999999999851,0.02837684449489213,test
2024-11-21,long,08:25,2665.98,2653.646,2690.648,2670.77,20:54,2662.13,2650.34,12.334000000000016,0.3883573860872351,0.02837684449489213,test
2024-11-22,long,08:05,2695.18,2682.846,2719.848,2706.11,20:54,2693.21,2668.85,12.334000000000016,0.8861683152262264,0.02837684449489213,test
2024-11-27,long,08:20,2648.96,2634.142,2678.596,2634.142,19:40,2648.0,2626.98,14.81800000000003,-1.0000000000000122,0.023619921716830833,test
2024-11-28,long,08:40,2639.94,2625.122,2669.576,2637.6,19:29,2639.5,2620.88,14.81800000000003,-0.15791604804967882,0.023619921716830833,test
2024-12-05,short,09:00,2643.17,2656.2760000000003,2616.958,2630.41,20:54,2655.48,2644.66,13.10600000000004,0.9735998779185242,0.026705325804974735,test
2024-12-06,long,09:10,2644.7,2631.8559999999998,2670.388,2631.8559999999998,13:31,2644.58,2613.7,12.844000000000051,-1.0,0.027250077857365197,test
2024-12-09,long,09:55,2655.31,2642.466,2680.998,2657.99,20:54,2650.6,2627.52,12.844000000000051,0.20865773902209792,0.027250077857365197,test
2024-12-10,long,10:55,2675.11,2662.266,2700.7980000000002,2691.63,20:54,2673.86,2657.9,12.844000000000051,1.286203674867636,0.027250077857365197,test
2024-12-13,short,08:55,2678.43,2691.274,2652.7419999999997,2652.7419999999997,18:41,2692.7,2678.88,12.844000000000051,2.0,0.027250077857365197,test
2024-12-16,long,08:25,2658.12,2645.0139999999997,2684.332,2653.05,20:54,2655.68,2643.45,13.10600000000004,-0.3868457195177547,0.026705325804974735,test
2024-12-17,short,09:00,2644.09,2656.934,2618.402,2644.0,20:54,2658.66,2646.32,12.844000000000051,0.007007162877619524,0.027250077857365197,test
2024-12-18,short,08:05,2642.55,2655.3940000000002,2616.862,2616.862,19:09,2651.65,2642.59,12.844000000000051,2.0,0.027250077857365197,test
2024-12-19,long,09:05,2619.72,2606.8759999999997,2645.408,2606.8759999999997,12:52,2618.04,2587.78,12.844000000000051,-1.0,0.027250077857365197,test
2024-12-20,long,08:05,2605.36,2592.254,2631.572,2631.572,16:00,2605.35,2589.62,13.10600000000004,1.999999999999993,0.026705325804974735,test
2024-12-27,short,08:10,2628.63,2641.3920000000003,2603.1059999999998,2615.72,20:54,2636.97,2628.91,12.76200000000008,1.0115969283811495,0.02742516846889185,test
2024-12-30,short,08:05,2616.84,2629.6020000000003,2591.316,2608.88,20:54,2628.08,2618.2,12.76200000000008,0.6237266886068004,0.02742516846889185,test
2024-12-31,long,08:40,2616.38,2603.618,2641.9040000000005,2623.83,19:54,2611.53,2602.57,12.76200000000008,0.583764300266398,0.02742516846889185,test
2025-01-02,long,09:05,2638.42,2625.658,2663.9440000000004,2659.69,20:54,2636.54,2622.64,12.76200000000008,1.6666666666666548,0.02742516846889185,test
2025-01-03,short,08:05,2652.77,2665.578,2627.154,2637.69,20:54,2665.22,2655.89,12.807999999999993,1.1773891317926246,0.027326670830730808,test
2025-01-08,long,09:10,2653.31,2639.92,2680.09,2663.7,20:54,2653.0,2645.21,13.390000000000056,0.7759522031366565,0.026138909634055154,test
2025-01-09,long,10:45,2668.41,2655.7219999999998,2693.786,2669.6,20:54,2666.84,2655.41,12.688000000000011,0.09378940731400169,0.027585119798234525,test
2025-01-10,long,08:35,2678.72,2666.7859999999996,2702.5879999999997,2666.7859999999996,13:30,2678.57,2668.97,11.934000000000015,-1.000000000000015,0.029327970504441053,test
2025-01-14,short,09:45,2665.58,2677.514,2641.712,2674.9,20:54,2675.29,2666.3,11.934000000000015,-0.7809619574325584,0.029327970504441053,test
2025-01-15,long,08:10,2683.94,2672.98,2705.86,2695.89,20:54,2683.2,2669.29,10.959999999999946,1.0903284671532734,0.03193430656934322,test
2025-01-16,long,09:20,2702.94,2691.86,2725.1,2715.85,20:54,2702.17,2689.83,11.08000000000002,1.165162454873631,0.031588447653429545,test
2025-01-17,short,09:30,2706.24,2718.174,2682.372,2702.0,20:54,2717.41,2709.88,11.934000000000015,0.3552874141109248,0.029327970504441053,test
2025-01-23,short,09:25,2746.09,2756.822,2724.626,2756.822,16:46,2756.26,2749.49,10.731999999999971,-1.0,0.032612746925083945,test
2025-01-28,short,08:25,2737.17,2749.1040000000003,2713.302,2749.1040000000003,13:33,2745.1,2737.82,11.934000000000015,-1.000000000000015,0.029327970504441053,test
2025-01-30,long,08:05,2769.88,2758.1780000000003,2793.284,2793.284,15:50,2766.44,2758.71,11.701999999999954,2.0000000000000075,0.029909417193642228,test
2025-02-03,long,08:25,2796.89,2785.4159999999997,2819.8379999999997,2819.8379999999997,14:45,2796.16,2772.1,11.473999999999979,1.999999999999992,0.030503747603277027,test
2025-02-05,long,08:05,2865.25,2853.776,2888.198,2862.39,20:54,2861.88,2839.74,11.473999999999979,-0.24925919470107483,0.030503747603277027,test
2025-02-06,short,08:05,2855.14,2867.526,2830.368,2867.526,12:01,2873.24,2858.33,12.385999999999967,-1.0,0.028257710318101155,test
2025-02-10,long,08:05,2895.47,2882.294,2921.8219999999997,2905.36,20:54,2892.26,2865.76,13.176000000000023,0.7506071645416142,0.026563448694596186,test
2025-02-11,short,10:05,2905.39,2918.566,2879.038,2898.05,20:54,2942.69,2905.68,13.176000000000023,0.557073466909508,0.026563448694596186,test
2025-02-12,short,10:35,2883.65,2897.4680000000003,2856.014,2897.4680000000003,14:34,2898.83,2883.61,13.81800000000003,-1.000000000000013,0.025329280648429528,test
2025-02-14,long,08:20,2937.26,2922.782,2966.2160000000003,2922.782,13:43,2936.76,2923.29,14.477999999999975,-1.0000000000000062,0.024174609752728317,test
2025-02-19,long,08:40,2939.85,2924.39,2970.77,2924.39,16:00,2939.6,2924.15,15.459999999999946,-1.0000000000000058,0.022639068564036302,test
2025-02-20,long,08:05,2953.04,2937.58,2983.96,2937.58,13:46,2948.94,2933.85,15.459999999999946,-1.0000000000000058,0.022639068564036302,test
2025-02-21,short,08:15,2923.88,2939.34,2892.96,2939.34,17:18,2949.72,2924.23,15.459999999999946,-1.0000000000000058,0.022639068564036302,test
2025-02-24,long,08:55,2946.77,2931.31,2977.69,2931.31,15:10,2944.71,2921.33,15.459999999999946,-1.0000000000000058,0.022639068564036302,test
2025-02-25,short,08:05,2931.27,2945.8759999999997,2902.058,2902.058,15:31,2952.46,2933.43,14.60599999999995,2.000000000000006,0.023962755032178637,test
2025-02-27,short,08:10,2888.25,2903.938,2856.874,2874.54,20:54,2919.31,2888.71,15.688000000000011,0.8739163691993898,0.022310045894951537,test
2025-02-28,short,08:20,2854.49,2870.178,2823.1139999999996,2853.26,20:54,2885.07,2856.91,15.688000000000011,0.07840387557365901,0.022310045894951537,test
2025-03-04,long,08:05,2897.43,2881.7419999999997,2928.806,2916.34,20:54,2894.37,2881.96,15.688000000000011,1.2053799082101158,0.022310045894951537,test
2025-03-06,short,08:05,2908.2,2923.888,2876.8239999999996,2912.08,20:54,2926.53,2914.51,15.688000000000011,-0.2473227944926126,0.022310045894951537,test
2025-03-07,long,08:05,2917.51,2902.538,2947.454,2902.538,18:25,2914.79,2896.76,14.972000000000026,-1.0000000000000122,0.023376970344643293,test
2025-03-10,short,08:15,2906.79,2921.762,2876.846,2887.9,20:54,2918.26,2906.89,14.972000000000026,1.261688485172311,0.023376970344643293,test
2025-03-11,long,09:40,2909.48,2894.752,2938.936,2915.42,20:54,2902.78,2880.09,14.728000000000065,0.4033134166214033,0.023764258555132974,test
2025-03-12,long,09:05,2921.36,2906.632,2950.8160000000003,2906.632,13:25,2921.14,2910.81,14.728000000000065,-1.0,0.023764258555132974,test
2025-03-14,long,10:20,3004.43,2989.7019999999998,3033.886,2989.7019999999998,10:40,2993.86,2981.2,14.728000000000065,-1.0,0.023764258555132974,test
2025-03-17,long,09:45,2995.36,2981.196,3023.688,3001.02,20:54,2993.05,2982.22,14.164000000000033,0.39960463146002834,0.024710533747528886,test
2025-03-18,long,08:10,3018.91,3004.7459999999996,3047.238,3034.61,20:54,3017.57,2999.42,14.164000000000033,1.1084439423891723,0.024710533747528886,test
2025-03-20,short,08:05,3042.35,3056.514,3014.022,3044.61,20:54,3057.45,3044.83,14.164000000000033,-0.1595594464840591,0.024710533747528886,test
2025-03-24,long,08:50,3027.91,3013.182,3057.366,3013.182,14:32,3025.7,3013.68,14.728000000000065,-1.0,0.023764258555132974,test
2025-03-25,long,10:25,3022.78,3008.052,3052.2360000000003,3019.85,20:54,3021.02,3007.5,14.728000000000065,-0.1989407930472758,0.023764258555132974,test
2025-03-26,long,08:20,3028.63,3014.466,3056.958,3014.466,15:01,3027.08,3013.18,14.164000000000033,-1.0000000000000129,0.024710533747528886,test
2025-03-27,long,10:00,3040.02,3026.0699999999997,3067.92,3056.73,20:54,3038.6,3021.61,13.950000000000092,1.1978494623655862,0.02508960573476686,test
2025-03-31,long,08:05,3124.01,3110.2760000000003,3151.4780000000005,3110.2760000000003,14:34,3119.96,3076.78,13.734000000000107,-0.9999999999999867,0.025484199796126202,test
2025-04-04,short,09:25,3086.29,3099.896,3059.078,3099.896,11:07,3116.32,3086.95,13.60600000000004,-1.0000000000000133,0.025723945318241872,test
2025-04-08,long,08:05,3008.98,2994.48,3037.98,2994.48,17:23,3008.2,2978.6,14.5,-1.0,0.02413793103448276,test
2025-04-09,long,08:05,3041.99,3027.49,3070.99,3070.99,13:00,3020.52,2969.92,14.5,2.0,0.02413793103448276,test
2025-04-11,long,09:25,3223.08,3207.718,3253.8039999999996,3231.31,20:54,3220.14,3183.0,15.361999999999899,0.5357375341752423,0.022783491732847435,test
2025-04-16,long,08:05,3295.07,3275.86,3333.4900000000002,3333.4900000000002,19:22,3291.76,3238.31,19.209999999999948,2.0000000000000093,0.018219677251431594,test
2025-04-17,short,08:20,3318.39,3337.6059999999998,3279.958,3337.6059999999998,13:14,3356.16,3320.65,19.215999999999987,-0.9999999999999952,0.018213988343047473,test
2025-04-21,long,08:05,3394.16,3374.328,3433.8239999999996,3420.07,20:54,3385.93,3343.28,19.831999999999972,1.3064743848326112,0.01764824526018558,test
2025-04-30,short,09:15,3285.18,3319.642,3216.256,3319.642,14:39,3328.07,3301.21,34.46199999999999,-1.0,0.010156113980616334,test
2025-05-01,short,10:55,3220.54,3255.002,3151.616,3226.6,20:54,3285.13,3221.19,34.46199999999999,-0.17584585920724125,0.010156113980616334,test
2025-05-02,long,10:10,3261.38,3226.918,3330.304,3226.918,17:01,3258.64,3227.43,34.46199999999999,-1.0,0.010156113980616334,test
2025-05-05,long,09:50,3279.38,3245.732,3346.6760000000004,3332.14,20:54,3272.39,3238.88,33.648000000000046,1.5679980979552928,0.010401806942463133,test
2025-05-08,short,10:35,3337.38,3371.0280000000002,3270.084,3309.1,20:54,3414.59,3354.74,33.648000000000046,0.8404660009510272,0.010401806942463133,test
2025-05-12,short,08:05,3254.66,3285.8579999999997,3192.2639999999997,3235.74,20:54,3290.01,3258.78,31.19800000000005,0.6064491313545753,0.011218667863324554,test
2025-05-16,short,09:15,3197.3,3230.9480000000003,3130.004,3193.09,20:54,3251.22,3206.46,33.648000000000046,0.12511887779362907,0.010401806942463133,test
2025-05-20,long,10:00,3235.73,3202.082,3303.0260000000003,3292.88,20:54,3232.73,3204.57,33.648000000000046,1.6984664764621973,0.010401806942463133,test
2025-05-22,short,09:35,3314.53,3347.612,3248.366,3293.1,20:54,3345.25,3317.22,33.082000000000065,0.647784293573552,0.010579771476936077,test
2025-05-23,long,10:30,3332.0,3298.918,3398.164,3359.81,20:54,3325.69,3286.98,33.082000000000065,0.8406384136388335,0.010579771476936077,test
2025-05-26,short,10:30,3327.16,3359.402,3262.676,3342.16,19:29,3356.69,3331.45,32.24200000000001,-0.46523168537931875,0.010855405992184103,test
2025-05-27,short,08:55,3293.74,3324.098,3233.024,3306.63,20:54,3349.97,3315.98,30.357999999999993,-0.4245997760063354,0.011529086237565059,test
2025-05-28,long,08:45,3317.52,3287.162,3378.236,3297.45,20:54,3315.81,3291.56,30.357999999999993,-0.661110745108379,0.011529086237565059,test
2025-06-02,long,08:05,3345.81,3315.4519999999998,3406.526,3381.55,20:54,3325.72,3301.38,30.357999999999993,1.1772844060873655,0.011529086237565059,test
2025-06-03,short,08:15,3354.08,3384.438,3293.364,3352.03,20:54,3392.1,3356.3,30.357999999999993,0.06752750510572922,0.011529086237565059,test
2025-06-05,long,10:30,3387.91,3360.14,3443.45,3360.14,16:31,3384.14,3361.09,27.770000000000074,-0.9999999999999967,0.012603528988116638,test
2025-06-06,short,08:55,3355.98,3382.2400000000002,3303.46,3313.67,20:54,3375.46,3356.14,26.260000000000037,1.6111957349581068,0.013328255902513308,test
2025-06-09,long,08:45,3326.17,3300.286,3377.938,3327.59,20:54,3318.6,3293.44,25.884000000000015,0.05486014526348601,0.013521866790295154,test
2025-06-11,long,08:55,3346.3,3320.688,3397.5240000000003,3320.688,18:39,3343.12,3315.52,25.61200000000008,-1.0,0.013665469311260304,test
2025-06-12,short,08:40,3353.06,3377.65,3303.8799999999997,3377.65,11:28,3377.75,3357.64,24.590000000000057,-1.0000000000000036,0.014233428222854786,test
2025-06-16,short,10:35,3416.85,3440.744,3369.062,3387.28,20:54,3451.29,3417.68,23.89400000000005,1.2375491755252217,0.014648028793839425,test
2025-06-26,long,09:55,3347.74,3328.0939999999996,3387.0319999999997,3328.0939999999996,13:52,3343.13,3329.16,19.646000000000004,-1.0000000000000093,0.017815331365163386,test
2025-06-27,short,08:10,3287.95,3306.694,3250.462,3271.13,20:54,3323.62,3289.26,18.74399999999996,0.8973538198890175,0.01867264191207857,test
2025-06-30,long,08:05,3293.18,3274.4359999999997,3330.6679999999997,3307.73,20:54,3291.36,3259.52,18.74399999999996,0.7762483994878474,0.01867264191207857,test
2025-07-01,long,08:35,3336.25,3317.506,3373.738,3337.92,20:54,3332.37,3308.5,18.74399999999996,0.0890951771233502,0.01867264191207857,test
2025-07-07,short,08:50,3304.09,3322.3940000000002,3267.482,3322.3940000000002,17:12,3334.52,3305.21,18.304,-1.0000000000000049,0.019121503496503496,test
2025-07-08,short,09:25,3326.5,3344.804,3289.892,3289.892,16:11,3340.06,3327.48,18.304,2.0000000000000098,0.019121503496503496,test
2025-07-09,short,09:40,3284.26,3302.5640000000003,3247.652,3302.5640000000003,14:53,3307.84,3284.86,18.304,-1.0000000000000049,0.019121503496503496,test
2025-07-10,long,08:05,3327.08,3309.038,3363.1639999999998,3324.53,20:54,3326.29,3314.74,18.04200000000001,-0.14133688061189037,0.019399179691830165,test
2025-07-11,long,09:05,3342.7,3325.848,3376.404,3357.95,20:54,3341.71,3323.02,16.852000000000043,0.9049370994540684,0.020769048184191733,test
2025-07-16,long,09:05,3340.45,3323.598,3374.154,3323.598,14:48,3339.87,3325.06,16.852000000000043,-0.9999999999999892,0.020769048184191733,test
2025-07-17,short,08:05,3335.3,3353.206,3299.4880000000003,3339.99,20:54,3350.18,3335.84,17.90600000000004,-0.26192337763875734,0.019546520719311917,test
2025-07-18,long,09:05,3349.99,3332.084,3385.8019999999997,3348.15,20:54,3344.22,3333.37,17.90600000000004,-0.10275885178150823,0.019546520719311917,test
2025-07-24,short,08:55,3368.52,3386.896,3331.768,3371.56,20:54,3393.28,3374.49,18.376000000000023,-0.1654331737048302,0.0190465824989116,test
2025-07-25,short,08:40,3353.86,3372.2360000000003,3317.108,3338.89,20:54,3373.48,3355.14,18.376000000000023,0.8146495428820328,0.0190465824989116,test
2025-07-29,long,10:05,3324.15,3306.244,3359.962,3323.96,20:54,3320.74,3307.9,17.90600000000004,-0.01061096839048666,0.019546520719311917,test
2025-07-31,long,08:50,3306.8,3288.8940000000002,3342.612,3291.78,20:54,3301.52,3277.72,17.90600000000004,-0.8388249748687561,0.019546520719311917,test
2025-08-05,short,09:55,3366.74,3384.598,3331.024,3384.598,15:51,3382.38,3367.6,17.857999999999993,-1.0000000000000102,0.019599059245156238,test
2025-08-06,short,08:25,3369.79,3386.9139999999998,3335.542,3370.99,20:54,3385.25,3370.61,17.123999999999977,-0.07007708479326206,0.0204391497313712,test
2025-08-07,long,08:30,3392.15,3375.0260000000003,3426.398,3375.0260000000003,09:20,3384.13,3365.13,17.123999999999977,-0.9999999999999895,0.0204391497313712,test
2025-08-11,short,08:05,3362.45,3378.9779999999996,3329.394,3352.95,20:54,3396.97,3367.61,16.527999999999974,0.5747821878025179,0.021176185866408553,test
2025-08-13,long,10:00,3360.28,3343.7520000000004,3393.3360000000002,3357.8,20:54,3354.33,3342.7,16.527999999999974,-0.15004840271055314,0.021176185866408553,test
2025-08-14,short,08:50,3350.68,3366.8819999999996,3318.276,3338.95,20:54,3374.7,3355.63,16.201999999999952,0.7239846932477505,0.0216022713245279,test
2025-08-20,long,11:00,3326.06,3310.598,3356.984,3348.78,20:54,3323.79,3311.42,15.461999999999989,1.4694088733669817,0.022636140214719973,test
2025-08-22,short,08:50,3326.88,3341.3940000000002,3297.8520000000003,3341.3940000000002,15:00,3340.16,3327.13,14.513999999999943,-1.0000000000000124,0.024114647926140372,test
2025-08-28,long,09:40,3399.43,3385.346,3427.598,3422.05,20:54,3399.27,3384.48,14.084000000000016,1.6060778188014997,0.02485089463220673,test
2025-09-02,short,09:05,3472.62,3486.7039999999997,3444.4519999999998,3486.7039999999997,12:51,3508.58,3474.47,14.084000000000016,-0.999999999999987,0.02485089463220673,test
2025-09-08,long,08:20,3608.28,3592.596,3639.648,3639.648,15:55,3597.0,3579.53,15.684000000000015,1.999999999999994,0.02231573578168832,test
2025-09-10,long,08:05,3646.58,3629.694,3680.352,3641.21,20:54,3645.32,3620.46,16.88600000000006,-0.31801492360534594,0.020727229657704533,test
2025-09-11,short,10:05,3623.23,3640.116,3589.458,3640.116,13:32,3648.97,3623.3,16.88600000000006,-0.9999999999999946,0.020727229657704533,test
2025-09-16,long,08:05,3693.16,3675.674,3728.132,3690.17,20:54,3689.37,3674.62,17.486000000000057,-0.17099393800753585,0.020016012810248132,test
2025-09-17,short,08:05,3672.91,3690.3959999999997,3637.9379999999996,3690.3959999999997,19:00,3695.28,3674.26,17.486000000000057,-0.9999999999999897,0.020016012810248132,test
2025-09-22,long,10:35,3722.28,3702.786,3761.2680000000005,3748.02,20:54,3700.09,3685.58,19.494000000000053,1.3204062788550175,0.017954242330973584,test
2025-09-23,long,09:35,3764.17,3743.9,3804.71,3768.06,20:54,3759.07,3736.56,20.269999999999982,0.19190922545633332,0.017266896891958573,test
2025-09-25,long,08:40,3751.48,3730.504,3793.4320000000002,3730.504,14:40,3751.43,3729.48,20.976000000000024,-1.0000000000000042,0.016685736079328738,test
2025-09-30,short,09:35,3816.66,3837.6459999999997,3774.6879999999996,3837.6459999999997,15:09,3870.44,3828.03,20.98600000000006,-0.9999999999999912,0.016677785190126703,test
2025-10-02,long,08:10,3871.39,3850.496,3913.178,3850.496,15:37,3871.26,3852.82,20.893999999999963,-0.9999999999999911,0.0167512204460611,test
2025-10-03,long,09:05,3863.83,3842.3979999999997,3906.694,3886.92,20:54,3863.66,3837.98,21.432000000000063,1.0773609555804442,0.016330720418066394,test
2025-10-07,short,08:05,3954.46,3975.742,3911.8959999999997,3975.742,13:52,3977.39,3955.87,21.282000000000064,-1.0000000000000042,0.01644582276101865,test
2025-10-08,long,10:45,4040.31,4019.028,4082.8740000000003,4044.64,20:54,4036.96,3984.42,21.282000000000064,0.20345832158631305,0.01644582276101865,test
2025-10-10,long,10:50,4002.95,3980.252,4048.346,3980.252,13:48,3994.38,3946.89,22.69800000000005,-0.9999999999999919,0.015419860780685487,test
2025-10-21,short,08:40,4297.09,4326.38,4238.51,4238.51,13:10,4372.14,4317.28,29.289999999999964,2.0,0.011949470809149895,test
2025-10-24,short,08:55,4072.96,4104.15,4010.58,4104.15,14:07,4144.45,4102.75,31.189999999999966,-0.9999999999999882,0.011221545367104853,test
2025-10-27,short,09:00,4042.93,4076.35,3976.09,3976.09,15:07,4097.48,4053.8,33.419999999999895,1.9999999999999971,0.010472770795930612,test
2025-10-29,long,08:05,4006.28,3969.8840000000005,4079.072,3969.8840000000005,18:35,3984.71,3944.22,36.395999999999916,-0.9999999999999949,0.009616441367183228,test
2025-10-30,long,09:05,3989.13,3950.63,4066.13,4024.75,20:54,3982.31,3915.33,38.499999999999915,0.9251948051948045,0.009090909090909111,test
2025-11-05,long,08:10,3986.06,3945.62,4066.9399999999996,3982.43,20:54,3978.5,3929.64,40.43999999999988,-0.08976261127596737,0.008654797230464912,test
2025-11-06,long,08:20,4010.33,3969.89,4091.2099999999996,3969.89,17:23,3992.67,3964.45,40.43999999999988,-1.0000000000000044,0.008654797230464912,test
2025-11-07,long,09:00,4009.74,3971.24,4086.74,4001.2,20:54,4008.41,3984.39,38.499999999999915,-0.22181818181818136,0.009090909090909111,test
2025-11-10,long,08:10,4081.36,4042.86,4158.36,4109.15,20:54,4078.28,4011.07,38.499999999999915,0.7218181818181707,0.009090909090909111,test
2025-11-13,long,08:05,4224.47,4183.052000000001,4307.3060000000005,4183.052000000001,18:31,4219.23,4179.96,41.41799999999994,-0.9999999999999933,0.00845043217924575,test
2025-11-19,long,09:50,4103.6,4064.65,4181.500000000001,4064.65,17:03,4098.52,4055.51,38.950000000000095,-1.0000000000000047,0.008985879332477513,test
2025-11-28,short,08:25,4159.54,4188.164,4102.292,4188.164,14:03,4193.15,4162.98,28.62399999999998,-0.9999999999999936,0.01222750139742874,test
2025-12-02,short,09:30,4194.36,4223.505999999999,4136.067999999999,4223.505999999999,14:12,4229.66,4198.41,29.146000000000004,-0.9999999999999906,0.012008508886296574,test
2025-12-03,short,09:15,4199.85,4228.844,4141.862,4228.844,13:52,4228.77,4203.32,28.99399999999996,-0.9999999999999906,0.012071463061323048,test
2025-12-09,long,09:10,4202.27,4174.662,4257.486,4212.19,20:54,4198.79,4170.01,27.607999999999905,0.3593161402491741,0.012677484787018299,test
2025-12-10,short,08:40,4201.54,4229.148,4146.3240000000005,4229.148,20:10,4218.77,4201.79,27.607999999999905,-1.0000000000000098,0.012677484787018299,test
2025-12-12,long,08:05,4291.24,4264.97,4343.78,4343.78,13:31,4283.2,4264.57,26.269999999999893,2.0000000000000067,0.013323182337266898,test
2025-12-18,short,09:55,4321.32,4345.334,4273.2919999999995,4345.334,16:03,4342.78,4324.34,24.013999999999943,-1.0000000000000075,0.014574831348380146,test
2025-12-29,short,08:55,4457.71,4483.3,4406.53,4406.53,14:01,4527.76,4471.2,25.589999999999964,2.000000000000014,0.013677217663149686,test
2025-12-30,long,10:35,4387.68,4362.09,4438.860000000001,4362.09,14:46,4380.17,4324.31,25.589999999999964,-1.000000000000007,0.013677217663149686,test
2026-01-02,long,08:50,4394.82,4368.932,4446.596,4368.932,13:33,4381.59,4341.35,25.88799999999992,-1.0,0.013519777503090276,test
2026-01-05,long,09:50,4434.83,4408.706,4487.0779999999995,4408.706,12:42,4426.33,4370.13,26.12399999999998,-0.9999999999999929,0.013397642015005368,test
2026-01-20,long,09:00,4729.28,4700.798,4786.244,4755.34,20:54,4717.16,4659.41,28.482000000000156,0.9149638368092219,0.012288462888842007,test
2026-01-23,short,08:25,4920.72,4952.146,4857.868,4952.146,14:47,4967.31,4936.53,31.425999999999842,-0.9999999999999883,0.011137274867943796,test
2026-01-28,long,08:35,5305.33,5271.47,5373.05,5271.47,09:19,5271.32,5157.27,33.860000000000035,-0.9999999999999893,0.010336680448907254,test
2026-02-11,long,10:25,5075.44,5017.741999999999,5190.835999999999,5089.12,20:54,5064.48,5027.99,57.69799999999996,0.23709660646816702,0.0060660681479427405,test
2026-02-20,long,09:10,5039.21,4975.01,5167.61,5087.88,20:54,5029.96,4981.71,64.2,0.7580996884735214,0.005451713395638629,test
2026-02-23,short,08:30,5125.07,5189.2699999999995,4996.67,5189.2699999999995,14:44,5176.57,5129.62,64.2,-0.9999999999999971,0.005451713395638629,test
2026-03-03,short,09:30,5242.57,5292.447999999999,5142.813999999999,5142.813999999999,11:29,5379.66,5279.15,49.87800000000007,2.0000000000000036,0.007017121777136202,test
2026-03-04,long,10:15,5198.03,5148.152,5297.786,5148.152,14:48,5190.77,5106.08,49.87800000000007,-0.9999999999999926,0.007017121777136202,test
2026-03-12,long,08:05,5184.63,5138.258,5277.374000000001,5138.258,15:00,5175.03,5125.73,46.37200000000012,-1.0000000000000038,0.007547658069524693,test
2026-03-18,short,10:35,4980.45,5026.302,4888.746,4888.746,12:32,5016.24,4981.81,45.85200000000005,1.999999999999992,0.0076332548198551784,test
2026-04-06,long,08:55,4680.77,4621.3240000000005,4799.662,4654.25,20:54,4678.66,4600.77,59.44599999999991,-0.4461191669750778,0.0058876963967298135,test
2026-04-07,long,09:25,4684.33,4624.884,4803.222,4624.884,15:04,4664.42,4616.33,59.44599999999991,-1.0,0.0058876963967298135,test
2026-04-10,short,09:50,4735.58,4799.156,4608.428,4759.21,20:54,4776.96,4738.03,63.57600000000002,-0.37168113753617876,0.005505222096388572,test
2026-04-14,long,08:05,4786.85,4723.274,4914.002,4841.13,20:54,4777.01,4751.62,63.57600000000002,0.8537813011199151,0.005505222096388572,test
2026-05-01,short,08:10,4593.16,4633.6539999999995,4512.172,4633.6539999999995,15:00,4635.89,4602.85,40.49400000000006,-0.9999999999999909,0.008643255790981368,test
2026-05-06,long,09:55,4698.01,4659.094,4775.842000000001,4697.4,20:54,4663.72,4569.55,38.91599999999999,-0.01567478672013008,0.008993730085311956,test
