date,side,entry_time,entry,stop,target,exit,exit_time,range_high,range_low,stop_dist,r_gross,cost_r,period
2021-07-12,short,08:05,1.18629,1.18856,1.18175,1.1859,20:50,1.18801,1.18653,0.00226999999999995,0.17180616740093438,0.04405286343612432,train
2021-07-13,short,08:55,1.18482,1.18709,1.18028,1.18028,13:50,1.18751,1.18557,0.00226999999999995,2.000000000000039,0.04405286343612432,train
2021-07-14,long,08:05,1.17906,1.176612,1.183956,1.18362,20:50,1.17903,1.17719,0.0024480000000000057,1.8627450980391695,0.04084967320261428,train
2021-07-15,long,09:40,1.18497,1.182522,1.189866,1.182522,11:45,1.18433,1.18212,0.0024480000000000057,-1.0,0.04084967320261428,train
2021-07-16,short,08:35,1.18002,1.18229,1.17548,1.18054,20:50,1.1817,1.1802,0.00226999999999995,-0.2290748898677821,0.04405286343612432,train
2021-07-19,short,08:05,1.17941,1.181602,1.1750260000000001,1.181602,14:30,1.18138,1.17979,0.0021919999999999275,-1.0000000000000202,0.04562043795620589,train
2021-07-20,short,08:05,1.17781,1.180002,1.173426,1.180002,10:30,1.18021,1.17802,0.0021919999999999275,-1.0000000000000202,0.04562043795620589,train
2021-07-21,short,08:05,1.17618,1.178362,1.1718160000000002,1.178362,14:45,1.1783,1.17664,0.002181999999999951,-0.9999999999999796,0.04582951420715044,train
2021-07-22,long,08:20,1.18007,1.177922,1.184366,1.177922,09:15,1.18001,1.17867,0.0021479999999999945,-1.0000000000000207,0.046554934823091365,train
2021-07-26,long,08:20,1.17891,1.176728,1.1832739999999997,1.176728,09:15,1.17848,1.17633,0.002181999999999951,-0.9999999999999796,0.04582951420715044,train
2021-07-27,short,08:05,1.17868,1.1808619999999999,1.1743160000000001,1.1808619999999999,13:05,1.18121,1.17989,0.002181999999999951,-0.9999999999999796,0.04582951420715044,train
2021-07-28,short,08:05,1.18071,1.182902,1.176326,1.182902,09:55,1.18276,1.18124,0.0021919999999999275,-1.0000000000000202,0.04562043795620589,train
2021-07-29,long,08:10,1.18629,1.184098,1.190674,1.18909,20:50,1.18599,1.18407,0.0021919999999999275,1.2773722627737254,0.04562043795620589,train
2021-07-30,long,09:40,1.18982,1.1876280000000001,1.194204,1.1876280000000001,14:05,1.18944,1.18752,0.0021919999999999275,-1.0000000000000202,0.04562043795620589,train
2021-08-02,long,08:05,1.18856,1.186368,1.192944,1.18668,20:50,1.18753,1.18589,0.0021919999999999275,-0.8576642335767181,0.04562043795620589,train
2021-08-04,long,08:05,1.18778,1.1855980000000002,1.1921439999999999,1.1855980000000002,09:15,1.18757,1.18607,0.002181999999999951,-0.9999999999999796,0.04582951420715044,train
2021-08-05,long,08:10,1.18408,1.18189,1.1884599999999998,1.18361,20:50,1.18392,1.18316,0.002189999999999959,-0.21461187214610924,0.04566210045662186,train
2021-08-06,short,09:25,1.18152,1.18369,1.17718,1.17718,14:45,1.18343,1.18185,0.002169999999999961,2.000000000000041,0.04608294930875659,train
2021-08-10,short,08:35,1.17297,1.17514,1.16863,1.17185,20:50,1.17417,1.17321,0.002169999999999961,0.5161290322580784,0.04608294930875659,train
2021-08-11,short,08:05,1.17102,1.173158,1.166744,1.173158,13:30,1.17256,1.17118,0.0021379999999999733,-1.0,0.04677268475210536,train
2021-08-12,short,08:10,1.17341,1.17551,1.16921,1.17355,20:50,1.17457,1.17346,0.0020999999999999908,-0.06666666666668077,0.04761904761904783,train
2021-08-13,short,08:10,1.17327,1.175266,1.169278,1.175266,12:15,1.17425,1.17328,0.0019959999999999757,-0.9999999999999555,0.050100200400802215,train
2021-08-16,short,08:55,1.17822,1.18032,1.17402,1.17786,20:50,1.18008,1.17866,0.0020999999999999908,0.1714285714286379,0.04761904761904783,train
2021-08-17,short,08:15,1.17657,1.1785659999999998,1.172578,1.172578,15:15,1.17805,1.17668,0.0019959999999999757,2.000000000000022,0.050100200400802215,train
2021-08-18,long,08:15,1.17234,1.17024,1.17654,1.17024,16:25,1.17229,1.17054,0.0020999999999999908,-1.0,0.04761904761904783,train
2021-08-23,long,09:15,1.17261,1.170648,1.176534,1.17445,20:50,1.17237,1.16929,0.001961999999999975,0.937818552497496,0.05096839959225345,train
2021-08-24,short,08:40,1.17334,1.175302,1.169416,1.175302,13:50,1.17473,1.17342,0.001961999999999975,-1.0000000000000226,0.05096839959225345,train
2021-08-27,long,08:05,1.17691,1.175144,1.1804419999999998,1.175144,09:35,1.17642,1.17421,0.0017659999999999787,-0.9999999999999748,0.05662514156285459,train
2021-08-31,long,08:05,1.18287,1.1811040000000002,1.186402,1.1811040000000002,15:55,1.18278,1.17953,0.0017659999999999787,-0.9999999999999748,0.05662514156285459,train
2021-09-01,long,08:05,1.18126,1.179342,1.185096,1.185096,15:45,1.18117,1.17952,0.0019179999999999976,1.9999999999999767,0.05213764337851936,train
2021-09-02,long,08:35,1.18504,1.183122,1.188876,1.18737,20:50,1.18461,1.18343,0.0019179999999999976,1.2148070907194715,0.05213764337851936,train
2021-09-03,short,08:55,1.18727,1.1891880000000001,1.183434,1.1891880000000001,13:30,1.18843,1.18731,0.0019179999999999976,-1.0000000000000462,0.05213764337851936,train
2021-09-06,short,08:30,1.18627,1.188094,1.182622,1.18695,20:50,1.18864,1.18649,0.0018239999999999591,-0.37280701754387563,0.054824561403510004,train
2021-09-07,short,08:10,1.18695,1.188774,1.183302,1.18409,20:50,1.18852,1.18707,0.0018239999999999591,1.5679824561403106,0.054824561403510004,train
2021-09-08,short,09:25,1.18214,1.184048,1.178324,1.18198,20:50,1.18511,1.18353,0.0019079999999999766,0.0838574423479769,0.05241090146750589,train
2021-09-09,long,08:45,1.18264,1.1807219999999998,1.1864759999999999,1.1807219999999998,15:30,1.18253,1.18114,0.0019179999999999976,-1.0000000000000462,0.05213764337851936,train
2021-09-10,long,08:10,1.18339,1.1814719999999999,1.187226,1.1814719999999999,18:20,1.18338,1.18188,0.0019179999999999976,-1.0000000000000462,0.05213764337851936,train
2021-09-13,short,08:05,1.1782,1.180024,1.174552,1.180024,14:55,1.18128,1.17878,0.0018239999999999591,-1.0000000000000486,0.054824561403510004,train
2021-09-14,long,08:10,1.18196,1.180068,1.185744,1.180068,12:00,1.1819,1.18055,0.0018920000000000048,-1.0,0.05285412262156435,train
2021-09-15,long,09:45,1.18254,1.180688,1.1862439999999999,1.180688,17:30,1.1812,1.18007,0.0018520000000000092,-0.999999999999976,0.05399568034557209,train
2021-09-16,short,08:05,1.1795,1.181284,1.175932,1.175932,13:15,1.18206,1.18028,0.0017839999999999636,2.0000000000000497,0.05605381165919397,train
2021-09-17,long,08:05,1.17763,1.175846,1.181198,1.175846,14:25,1.17744,1.17587,0.0017839999999999636,-1.0000000000000249,0.05605381165919397,train
2021-09-20,short,08:20,1.17099,1.172842,1.167286,1.172842,15:45,1.17297,1.17098,0.0018520000000000092,-0.999999999999976,0.05399568034557209,train
2021-09-22,long,08:10,1.17319,1.171406,1.176758,1.171406,19:00,1.17305,1.17166,0.0017839999999999636,-1.0000000000000249,0.05605381165919397,train
2021-09-23,long,08:05,1.17194,1.170156,1.175508,1.17447,20:50,1.17132,1.16834,0.0017839999999999636,1.4181614349775633,0.05605381165919397,train
2021-09-24,short,08:05,1.17338,1.175232,1.1696760000000002,1.17167,20:50,1.17476,1.17356,0.0018520000000000092,0.9233261339093368,0.05399568034557209,train
2021-09-27,short,08:05,1.17044,1.1722899999999998,1.1667399999999999,1.16982,20:50,1.17251,1.17166,0.0018499999999999962,0.3351351351350509,0.05405405405405417,train
2021-09-28,short,08:05,1.16754,1.16939,1.16384,1.16939,15:15,1.17032,1.16851,0.0018499999999999962,-0.9999999999999519,0.05405405405405417,train
2021-09-29,short,08:05,1.16712,1.168904,1.163552,1.163552,14:35,1.16901,1.1678,0.0017839999999999636,2.0000000000000497,0.05605381165919397,train
2021-09-30,short,08:10,1.1594,1.161184,1.155832,1.15814,20:50,1.16086,1.15949,0.0017839999999999636,0.7062780269058658,0.05605381165919397,train
2021-10-01,long,08:05,1.15879,1.15694,1.16249,1.1596,20:50,1.15817,1.1563,0.0018499999999999962,0.43783783783782654,0.05405405405405417,train
2021-10-04,long,10:05,1.16156,1.15971,1.16526,1.16172,20:50,1.16137,1.15876,0.0018499999999999962,0.08648648648657316,0.05405405405405417,train
2021-10-06,short,08:05,1.1574,1.15925,1.1537,1.1537,11:00,1.15988,1.15816,0.0018499999999999962,2.000000000000024,0.05405405405405417,train
2021-10-07,long,08:05,1.15689,1.15504,1.16059,1.15504,14:25,1.15612,1.15493,0.0018499999999999962,-0.9999999999999519,0.05405405405405417,train
2021-10-08,long,10:40,1.15643,1.1545800000000002,1.16013,1.15681,20:50,1.156,1.15414,0.0018499999999999962,0.2054054054053112,0.05405405405405417,train
2021-10-11,long,08:10,1.15804,1.15619,1.16174,1.15619,10:05,1.15793,1.15636,0.0018499999999999962,-0.9999999999999519,0.05405405405405417,train
2021-10-13,long,10:50,1.15559,1.1537799999999998,1.1592099999999999,1.1537799999999998,13:40,1.15557,1.15299,0.0018100000000000006,-1.000000000000049,0.05524861878453037,train
2021-10-14,long,08:05,1.16044,1.158588,1.1641439999999998,1.158588,16:20,1.16011,1.15875,0.0018520000000000092,-0.999999999999976,0.05399568034557209,train
2021-10-15,long,08:05,1.1614,1.15959,1.16502,1.15959,13:20,1.16118,1.15881,0.0018100000000000006,-1.000000000000049,0.05524861878453037,train
2021-10-19,long,11:00,1.16659,1.16478,1.17021,1.16478,13:30,1.16555,1.16085,0.0018100000000000006,-1.000000000000049,0.05524861878453037,train
2021-10-20,short,08:35,1.16211,1.163962,1.158406,1.163962,13:40,1.16523,1.16277,0.0018520000000000092,-0.999999999999976,0.05399568034557209,train
2021-10-21,short,08:05,1.16429,1.1661000000000001,1.16067,1.16236,20:50,1.16674,1.16481,0.0018100000000000006,1.066298342541429,0.05524861878453037,train
2021-10-22,long,08:05,1.16376,1.1619499999999998,1.1673799999999999,1.1642,20:50,1.16318,1.16212,0.0018100000000000006,0.2430939226519314,0.05524861878453037,train
2021-10-25,short,10:25,1.16317,1.16495,1.15961,1.15961,13:35,1.16651,1.16357,0.0017799999999999817,2.000000000000025,0.05617977528089946,train
2021-10-26,short,08:25,1.15964,1.16145,1.15602,1.16145,10:25,1.16101,1.15969,0.0018100000000000006,-1.000000000000049,0.05524861878453037,train
2021-10-27,long,08:05,1.16097,1.15916,1.16459,1.15916,10:05,1.16051,1.15938,0.0018100000000000006,-1.000000000000049,0.05524861878453037,train
2021-10-28,short,09:55,1.15861,1.1603899999999998,1.15505,1.1603899999999998,11:45,1.16098,1.15893,0.0017799999999999817,-0.99999999999995,0.05617977528089946,train
2021-10-29,short,09:35,1.16564,1.16742,1.16208,1.16208,14:05,1.16899,1.16638,0.0017799999999999817,2.000000000000025,0.05617977528089946,train
2021-11-01,long,08:05,1.15662,1.15481,1.16024,1.16024,18:20,1.15638,1.15461,0.0018100000000000006,1.9999999999999754,0.05524861878453037,train
2021-11-02,short,09:00,1.15887,1.1606800000000002,1.15525,1.1606800000000002,12:55,1.16085,1.1595,0.0018100000000000006,-1.000000000000049,0.05524861878453037,train
2021-11-03,long,08:20,1.15887,1.15706,1.16249,1.15706,13:25,1.15872,1.15749,0.0018100000000000006,-1.000000000000049,0.05524861878453037,train
2021-11-04,short,08:05,1.15617,1.15798,1.15255,1.15539,20:50,1.16161,1.15779,0.0018100000000000006,0.43093922651933847,0.05524861878453037,train
2021-11-05,long,08:10,1.15599,1.154138,1.159694,1.154138,09:10,1.15576,1.15409,0.0018520000000000092,-0.999999999999976,0.05399568034557209,train
2021-11-08,short,08:25,1.15517,1.15712,1.15127,1.15712,08:45,1.15688,1.15531,0.0019499999999999852,-0.9999999999999544,0.051282051282051676,train
2021-11-10,short,08:05,1.1569,1.15885,1.153,1.153,15:25,1.15953,1.15767,0.0019499999999999852,2.0000000000000226,0.051282051282051676,train
2021-11-11,short,08:05,1.14616,1.14811,1.14226,1.14457,20:50,1.14876,1.14647,0.0019499999999999852,0.8153846153846115,0.051282051282051676,train
2021-11-12,long,08:05,1.14496,1.14301,1.14886,1.14444,20:50,1.14485,1.1436,0.0019499999999999852,-0.26666666666670763,0.051282051282051676,train
2021-11-15,short,08:45,1.14372,1.14567,1.13982,1.13982,17:20,1.1464,1.14412,0.0019499999999999852,2.0000000000000226,0.051282051282051676,train
2021-11-16,short,09:30,1.13616,1.138174,1.1321320000000001,1.1321320000000001,17:30,1.13857,1.13661,0.002014000000000005,1.9999999999999556,0.04965243296921537,train
2021-11-19,short,08:05,1.13403,1.136432,1.129226,1.129226,09:35,1.13691,1.13512,0.002401999999999971,2.000000000000037,0.04163197335553756,train
2021-11-23,long,08:05,1.12459,1.122188,1.129394,1.12511,20:50,1.12439,1.1226,0.002401999999999971,0.2164862614488269,0.04163197335553756,train
2021-11-24,long,08:15,1.1254,1.122998,1.130204,1.122998,08:55,1.12473,1.12326,0.002401999999999971,-1.0000000000000184,0.04163197335553756,train
2021-11-25,long,08:10,1.12195,1.119486,1.126878,1.12082,20:50,1.12183,1.12027,0.0024640000000000217,-0.45860389610392266,0.04058441558441523,train
2021-11-26,long,08:05,1.12368,1.121278,1.128484,1.128484,10:55,1.1233,1.12068,0.002401999999999971,2.000000000000037,0.04163197335553756,train
2021-11-29,short,08:05,1.12637,1.128772,1.121566,1.128772,09:15,1.12969,1.12716,0.002401999999999971,-1.0000000000000184,0.04163197335553756,train
2021-11-30,long,08:05,1.13376,1.1313700000000002,1.13854,1.1313700000000002,15:45,1.13273,1.12847,0.002389999999999981,-0.9999999999999628,0.04184100418410075,train
2021-12-01,long,08:05,1.13527,1.132868,1.140074,1.132868,08:15,1.13373,1.13165,0.002401999999999971,-1.0000000000000184,0.04163197335553756,train
2021-12-02,short,08:05,1.13137,1.133772,1.126566,1.133772,11:05,1.13392,1.1315,0.002401999999999971,-1.0000000000000184,0.04163197335553756,train
2021-12-03,long,10:50,1.13107,1.1286800000000001,1.13585,1.1286800000000001,14:10,1.13074,1.12823,0.002389999999999981,-0.9999999999999628,0.04184100418410075,train
2021-12-07,short,09:00,1.1275,1.1299,1.1227,1.12666,20:50,1.12966,1.12758,0.0024000000000000024,0.3499999999999796,0.04166666666666663,train
2021-12-08,long,10:40,1.12989,1.127346,1.134978,1.127346,11:45,1.12957,1.12728,0.0025440000000000133,-1.0000000000000349,0.03930817610062873,train
2021-12-09,short,08:05,1.13236,1.1349040000000001,1.127272,1.12949,20:50,1.13443,1.13268,0.0025440000000000133,1.1281446540880162,0.03930817610062873,train
2021-12-10,short,08:55,1.12858,1.131236,1.123268,1.131236,16:10,1.13028,1.1287,0.0026560000000000364,-0.9999999999999832,0.03765060240963804,train
2021-12-13,short,08:35,1.12847,1.131126,1.123158,1.12837,20:50,1.1314,1.1285,0.0026560000000000364,0.037650602409633895,0.03765060240963804,train
2021-12-14,short,08:05,1.1267,1.129224,1.121652,1.129224,09:25,1.12848,1.12714,0.0025240000000000154,-0.9999999999999823,0.03961965134706791,train
2021-12-16,long,08:05,1.13066,1.128136,1.135708,1.135708,13:55,1.1293,1.12811,0.0025240000000000154,1.9999999999999647,0.03961965134706791,train
2021-12-20,long,08:10,1.12562,1.122964,1.130932,1.12751,20:50,1.12561,1.12365,0.0026560000000000364,0.7115963855421391,0.03765060240963804,train
2021-12-21,long,08:05,1.12873,1.126046,1.134098,1.12823,20:50,1.12869,1.12731,0.0026839999999999976,-0.18628912071532988,0.03725782414307008,train
2021-12-22,long,10:25,1.12973,1.127046,1.135098,1.13351,20:50,1.12941,1.12647,0.0026839999999999976,1.4083457526080925,0.03725782414307008,train
2021-12-23,short,08:20,1.13219,1.134874,1.126822,1.13339,20:50,1.13422,1.13258,0.0026839999999999976,-0.4470938897167917,0.03725782414307008,train
2021-12-24,long,08:30,1.1335,1.130816,1.138868,1.130816,15:55,1.13349,1.13221,0.0026839999999999976,-0.9999999999999669,0.03725782414307008,train
2021-12-27,long,08:05,1.13294,1.130284,1.138252,1.13301,20:50,1.13248,1.13131,0.0026560000000000364,0.026355421686752086,0.03765060240963804,train
2021-12-28,short,08:05,1.13163,1.134286,1.126318,1.13091,20:50,1.13313,1.13181,0.0026560000000000364,0.2710843373493306,0.03765060240963804,train
2021-12-29,short,08:15,1.12917,1.131664,1.124182,1.131664,13:35,1.13134,1.12975,0.002494000000000041,-0.9999999999999821,0.040096230954289644,train
2021-12-30,short,08:05,1.13144,1.134096,1.126128,1.134096,12:45,1.13598,1.13149,0.0026560000000000364,-0.9999999999999832,0.03765060240963804,train
2021-12-31,long,09:20,1.13318,1.130524,1.138492,1.138492,17:20,1.13286,1.13079,0.0026560000000000364,1.9999999999999665,0.03765060240963804,train
2022-01-03,short,08:25,1.1336,1.136264,1.128272,1.136264,11:15,1.13756,1.13361,0.0026639999999999997,-1.0,0.037537537537537545,train
2022-01-05,long,08:10,1.13033,1.127666,1.135658,1.13116,20:50,1.13012,1.1277,0.0026639999999999997,0.31156156156151893,0.037537537537537545,train
2022-01-06,short,08:05,1.12897,1.131634,1.123642,1.131634,10:10,1.13206,1.12962,0.0026639999999999997,-1.0,0.037537537537537545,train
2022-01-07,long,08:05,1.1306,1.128028,1.135744,1.135744,17:00,1.13034,1.129,0.0025719999999999745,2.000000000000034,0.03888024883359292,train
2022-01-10,short,08:10,1.13239,1.135124,1.126922,1.13281,20:50,1.1358,1.13264,0.002734000000000014,-0.15362106803221828,0.03657644476956821,train
2022-01-11,long,08:10,1.13447,1.131678,1.1400540000000001,1.131678,14:45,1.13442,1.13284,0.0027920000000000392,-1.0000000000000318,0.03581661891117428,train
2022-01-12,short,08:05,1.13576,1.1384940000000001,1.130292,1.1384940000000001,13:35,1.1378,1.13642,0.002734000000000014,-1.0,0.03657644476956821,train
2022-01-13,long,08:05,1.14709,1.144356,1.152558,1.14536,20:50,1.14481,1.14358,0.002734000000000014,-0.6327724945135335,0.03657644476956821,train
2022-01-17,long,08:05,1.14257,1.139982,1.1477460000000002,1.139982,12:55,1.14225,1.14002,0.0025879999999999905,-1.000000000000017,0.03863987635239582,train
2022-01-20,long,08:05,1.1366,1.1341320000000001,1.141536,1.1341320000000001,11:10,1.13653,1.13428,0.0024680000000000036,-0.999999999999964,0.04051863857374387,train
2022-01-21,long,08:10,1.13353,1.130974,1.138642,1.13413,20:50,1.13351,1.13008,0.0025560000000000027,0.23474178403761944,0.03912363067292641,train
2022-01-25,short,08:40,1.12976,1.132316,1.124648,1.13021,20:50,1.1324,1.13051,0.0025560000000000027,-0.176056338028106,0.03912363067292641,train
2022-01-26,short,08:05,1.12902,1.131576,1.123908,1.123908,20:20,1.13107,1.12931,0.0025560000000000027,2.0,0.03912363067292641,train
2022-01-27,short,08:05,1.11961,1.122166,1.114498,1.114498,13:30,1.12432,1.12151,0.0025560000000000027,2.0,0.03912363067292641,train
2022-01-28,short,08:05,1.1133,1.116002,1.107896,1.116002,13:35,1.11558,1.1138,0.002702000000000027,-0.9999999999999835,0.037009622501850116,train
2022-01-31,long,08:10,1.11719,1.114634,1.122302,1.114634,12:20,1.11673,1.11441,0.0025560000000000027,-1.0,0.03912363067292641,train
2022-02-01,long,08:05,1.12641,1.123854,1.131522,1.123854,16:40,1.12451,1.1221,0.0025560000000000027,-1.0,0.03912363067292641,train
2022-02-02,long,08:05,1.12882,1.126264,1.133932,1.1305,20:50,1.12779,1.12667,0.0025560000000000027,0.6572769953052129,0.03912363067292641,train
2022-02-03,short,08:50,1.12888,1.1313920000000002,1.1238560000000002,1.1313920000000002,13:40,1.13083,1.12904,0.0025119999999999813,-1.0000000000000353,0.039808917197452526,train
2022-02-04,long,10:10,1.14726,1.144676,1.1524279999999998,1.144676,13:30,1.14719,1.14319,0.0025839999999999644,-0.9999999999999827,0.03869969040247732,train
2022-02-08,short,08:05,1.14061,1.143122,1.135586,1.143122,11:45,1.14488,1.14139,0.0025119999999999813,-1.0000000000000353,0.039808917197452526,train
2022-02-09,long,10:50,1.14419,1.141706,1.149158,1.14223,20:50,1.14324,1.14121,0.0024839999999999754,-0.7890499194846945,0.04025764895330153,train
2022-02-10,long,08:20,1.14332,1.1409259999999999,1.148108,1.1409259999999999,13:30,1.14314,1.14131,0.0023940000000000072,-1.0,0.04177109440267322,train
2022-02-14,short,08:05,1.13341,1.135894,1.1284420000000002,1.1284420000000002,19:20,1.13691,1.13389,0.0024839999999999754,1.999999999999964,0.04025764895330153,train
2022-02-15,long,08:10,1.13329,1.130706,1.1384579999999997,1.1361,20:50,1.13238,1.13032,0.0025839999999999644,1.0874613003096905,0.03869969040247732,train
2022-02-16,long,08:05,1.13754,1.13497,1.14268,1.13837,20:50,1.13636,1.1345,0.002569999999999961,0.32295719844362686,0.038910505836576466,train
2022-02-18,long,08:20,1.13721,1.134682,1.142266,1.134682,14:00,1.13719,1.13578,0.0025279999999999973,-1.000000000000035,0.0395569620253165,train
2022-02-21,long,08:05,1.13777,1.1352419999999999,1.142826,1.1352419999999999,11:20,1.13696,1.13132,0.0025279999999999973,-1.000000000000035,0.0395569620253165,train
2022-02-22,long,08:30,1.13217,1.1296,1.1373099999999998,1.13244,20:50,1.13198,1.1288,0.002569999999999961,0.10505836575875352,0.038910505836576466,train
2022-02-23,long,08:05,1.1341,1.131356,1.139588,1.131356,16:10,1.13389,1.132,0.0027439999999999912,-1.0000000000000322,0.03644314868804677,train
2022-02-24,short,10:05,1.11941,1.12198,1.11427,1.11427,15:05,1.1306,1.12086,0.002569999999999961,2.0,0.038910505836576466,train
2022-02-25,short,08:20,1.11814,1.1207099999999999,1.113,1.1207099999999999,12:10,1.12286,1.11864,0.002569999999999961,-1.0,0.038910505836576466,train
2022-02-28,long,11:00,1.12288,1.120136,1.128368,1.120136,11:45,1.11944,1.11421,0.0027439999999999912,-1.0000000000000322,0.03644314868804677,train
2022-03-01,long,08:05,1.12245,1.1197059999999999,1.1279379999999999,1.1197059999999999,09:35,1.12146,1.11907,0.0027439999999999912,-1.0000000000000322,0.03644314868804677,train
2022-03-02,short,08:05,1.10908,1.112098,1.1030440000000001,1.112098,16:30,1.11356,1.10969,0.00301800000000001,-0.9999999999999852,0.033134526176275575,train
2022-03-03,short,08:35,1.10889,1.112142,1.1023859999999999,1.10607,20:50,1.11156,1.109,0.0032519999999999884,0.8671586715866644,0.03075030750307514,train
2022-03-04,short,10:15,1.10091,1.104122,1.094486,1.094486,12:55,1.10665,1.101,0.0032120000000000373,1.9999999999999722,0.031133250311332142,train
2022-03-08,long,08:15,1.09091,1.087504,1.097722,1.087504,09:20,1.0885,1.08492,0.003405999999999976,-1.0000000000000129,0.02935995302407537,train
2022-03-09,long,08:20,1.09358,1.090086,1.100568,1.100568,13:45,1.09297,1.08965,0.003493999999999975,2.000000000000013,0.028620492272467293,train
2022-03-10,short,08:15,1.10417,1.1077180000000002,1.097074,1.1077180000000002,09:00,1.10737,1.10418,0.003548000000000018,-1.0000000000000249,0.028184892897406846,train
2022-03-11,short,08:10,1.09765,1.1011980000000001,1.090554,1.1011980000000001,11:20,1.10191,1.09805,0.003548000000000018,-1.0000000000000249,0.028184892897406846,train
2022-03-14,long,08:10,1.09402,1.090152,1.1017560000000002,1.09393,20:50,1.09377,1.09007,0.0038680000000000715,-0.023267838676298298,0.02585315408479787,train
2022-03-15,long,08:05,1.10026,1.09631,1.10816,1.09631,16:10,1.09853,1.09376,0.003950000000000032,-1.0000000000000224,0.02531645569620233,train
2022-03-16,long,08:20,1.09992,1.0959619999999999,1.107836,1.0959619999999999,18:00,1.09823,1.09551,0.00395800000000004,-1.0000000000000224,0.025265285497725873,train
2022-03-17,long,08:20,1.10634,1.102316,1.1143880000000002,1.1091,20:50,1.10523,1.10203,0.0040240000000000276,0.6858846918488705,0.02485089463220659,train
2022-03-18,short,08:05,1.1074,1.111586,1.099028,1.10497,20:50,1.11186,1.10757,0.004186000000000023,0.580506450071648,0.023889154323936804,train
2022-03-21,long,08:05,1.10555,1.1012680000000001,1.114114,1.1012680000000001,19:20,1.10537,1.10349,0.004281999999999986,-0.9999999999999791,0.023353573096683868,train
2022-03-23,short,08:05,1.10203,1.106312,1.093466,1.10088,20:50,1.10398,1.10209,0.004281999999999986,0.2685660906118608,0.023353573096683868,train
2022-03-24,short,08:10,1.09734,1.1016219999999999,1.088776,1.09976,20:50,1.10138,1.09753,0.004281999999999986,-0.5651564689397703,0.023353573096683868,train
2022-03-25,short,09:15,1.10012,1.104306,1.091748,1.09849,20:50,1.10377,1.10033,0.004186000000000023,0.3893932154801747,0.023889154323936804,train
2022-03-28,long,09:50,1.0992,1.095176,1.107248,1.095176,13:40,1.09846,1.09448,0.0040240000000000276,-1.0,0.02485089463220659,train
2022-03-29,long,08:05,1.10041,1.0966,1.10803,1.10803,12:45,1.09979,1.09695,0.0038100000000000026,1.9999999999999882,0.02624671916010497,train
2022-03-30,long,08:05,1.11251,1.1087,1.12013,1.11526,20:50,1.11214,1.1088,0.0038100000000000026,0.7217847769028363,0.02624671916010497,train
2022-03-31,short,09:05,1.11439,1.1182,1.10677,1.10677,19:15,1.11848,1.11562,0.0038100000000000026,1.9999999999999882,0.02624671916010497,train
2022-04-01,short,08:15,1.10579,1.10991,1.09755,1.10438,20:50,1.10745,1.10597,0.004119999999999991,0.342233009708771,0.02427184466019423,train
2022-04-04,short,08:10,1.10345,1.1072600000000001,1.09583,1.09727,20:50,1.10545,1.1041,0.0038100000000000026,1.6220472440945066,0.02624671916010497,train
2022-04-05,long,08:30,1.0984,1.0946500000000001,1.1059,1.0946500000000001,15:15,1.09798,1.09622,0.003750000000000009,-0.9999999999999762,0.026666666666666602,train
2022-04-07,short,09:15,1.08853,1.092164,1.081262,1.092164,13:45,1.09204,1.08952,0.003634000000000004,-0.9999999999999756,0.02751788662630707,train
2022-04-08,short,08:20,1.08525,1.088716,1.078318,1.088716,11:40,1.08755,1.08548,0.003465999999999969,-1.0,0.028851702250433035,train
2022-04-11,long,08:30,1.09027,1.0869140000000002,1.096982,1.08826,20:50,1.08947,1.08752,0.0033559999999999593,-0.5989272943981203,0.029797377830751256,train
2022-04-12,short,08:05,1.08556,1.088734,1.079212,1.088734,13:40,1.08873,1.08665,0.003173999999999966,-1.000000000000014,0.03150598613736644,train
2022-04-19,long,09:40,1.08083,1.077844,1.0868019999999998,1.07877,20:50,1.07875,1.07611,0.002985999999999978,-0.6898861352980462,0.033489618218352564,train
2022-04-20,long,09:40,1.08284,1.0801020000000001,1.088316,1.08506,20:50,1.08226,1.0784,0.002737999999999996,0.8108108108107713,0.03652300949598252,train
2022-04-21,long,08:05,1.08922,1.0864820000000002,1.0946960000000001,1.0864820000000002,15:05,1.08546,1.08236,0.002737999999999996,-0.9999999999999676,0.03652300949598252,train
2022-04-22,short,08:05,1.08227,1.085388,1.0760340000000002,1.07946,20:50,1.08515,1.08309,0.003117999999999999,0.9012187299550931,0.032071840923669034,train
2022-04-25,short,08:05,1.0723,1.0755620000000001,1.065776,1.0755620000000001,13:00,1.08121,1.07683,0.0032620000000000097,-1.000000000000027,0.030656039239730138,train
2022-04-26,short,08:05,1.07055,1.0738539999999999,1.063942,1.063942,20:30,1.07387,1.07069,0.0033039999999999736,2.0,0.030266343825666103,train
2022-04-27,short,08:05,1.06248,1.065784,1.0558720000000001,1.0558720000000001,13:40,1.06546,1.06339,0.0033039999999999736,2.0,0.030266343825666103,train
2022-04-29,long,08:15,1.05494,1.051636,1.061548,1.051636,13:30,1.05421,1.04949,0.0033039999999999736,-1.0,0.030266343825666103,train
2022-05-02,long,08:05,1.05541,1.052042,1.062146,1.052042,10:30,1.05532,1.05106,0.0033679999999999934,-1.000000000000013,0.02969121140142524,train
2022-05-03,short,10:15,1.04962,1.052924,1.043012,1.052924,12:50,1.05265,1.04979,0.0033039999999999736,-1.0,0.030266343825666103,train
2022-05-04,short,08:20,1.05107,1.054374,1.044462,1.054374,13:30,1.05341,1.05113,0.0033039999999999736,-1.0,0.030266343825666103,train
2022-05-05,short,08:05,1.05986,1.063228,1.0531240000000002,1.0531240000000002,15:55,1.06419,1.06038,0.003367999999999949,1.9999999999999867,0.029691211401425627,train
2022-05-06,short,08:05,1.0494,1.05282,1.0425600000000002,1.05282,08:50,1.05508,1.05158,0.0034199999999999786,-1.0,0.02923976608187153,train
2022-05-10,short,10:55,1.054,1.057816,1.046368,1.05329,20:50,1.05855,1.05533,0.0038159999999999973,0.1860587002096407,0.02620545073375264,train
2022-05-11,long,08:15,1.05575,1.051934,1.063382,1.051934,13:30,1.05503,1.05256,0.0038159999999999973,-1.0000000000000115,0.02620545073375264,train
2022-05-12,short,08:05,1.04955,1.053366,1.041918,1.041918,12:30,1.05293,1.04997,0.0038159999999999973,2.000000000000023,0.02620545073375264,train
2022-05-13,long,08:10,1.04023,1.036414,1.047862,1.036414,14:10,1.04016,1.03732,0.0038159999999999973,-1.0000000000000115,0.02620545073375264,train
2022-05-16,long,08:30,1.04215,1.0383339999999999,1.049782,1.04327,20:50,1.04172,1.03891,0.0038159999999999973,0.29350104821803213,0.02620545073375264,train
2022-05-17,long,08:05,1.04605,1.0422339999999999,1.053682,1.053682,12:35,1.04541,1.04319,0.0038159999999999973,2.000000000000023,0.02620545073375264,train
2022-05-18,short,08:05,1.05152,1.055424,1.043712,1.04657,20:50,1.05638,1.05245,0.0039039999999999964,1.267930327868856,0.02561475409836068,train
2022-05-19,short,08:15,1.04659,1.0505339999999999,1.0387019999999998,1.0505339999999999,09:50,1.05067,1.04681,0.003944000000000037,-0.9999999999999774,0.025354969574036275,train
2022-05-23,long,09:20,1.06262,1.058676,1.070508,1.06884,20:50,1.0614,1.05681,0.003944000000000037,1.5770791075050852,0.025354969574036275,train
2022-05-24,long,08:05,1.07188,1.067936,1.079768,1.07327,20:50,1.06896,1.0661,0.003944000000000037,0.3524340770791048,0.025354969574036275,train
2022-05-25,short,08:05,1.06887,1.072774,1.061062,1.06795,20:50,1.07387,1.07026,0.0039039999999999964,0.23565573770492643,0.02561475409836068,train
2022-05-26,long,11:00,1.07133,1.0674579999999998,1.0790739999999999,1.07233,20:50,1.07064,1.06672,0.003872000000000009,0.25826446280994564,0.025826446280991677,train
2022-05-30,long,10:05,1.07678,1.073102,1.0841360000000002,1.07788,20:50,1.07608,1.07262,0.003678000000000026,0.29907558455678934,0.02718868950516566,train
2022-05-31,short,10:00,1.0728,1.076478,1.0654439999999998,1.07332,20:50,1.07757,1.07344,0.003678000000000026,-0.14138118542688208,0.02718868950516566,train
2022-06-02,long,08:05,1.06813,1.064268,1.075854,1.07478,20:50,1.06655,1.0645,0.003861999999999988,1.7219057483169513,0.025893319523563003,train
2022-06-06,long,08:25,1.07357,1.0698919999999998,1.080926,1.0698919999999998,15:35,1.07362,1.07101,0.003678000000000026,-1.000000000000012,0.02718868950516566,train
2022-06-09,short,09:00,1.07023,1.0735240000000001,1.063642,1.0735240000000001,12:40,1.07337,1.07094,0.0032940000000000417,-1.0000000000000269,0.030358227079538173,train
2022-06-10,short,10:20,1.05993,1.0632240000000002,1.053342,1.053342,13:50,1.06422,1.06115,0.0032940000000000417,1.9999999999999862,0.030358227079538173,train
2022-06-14,long,08:05,1.0445,1.040638,1.052224,1.040638,20:10,1.04391,1.03971,0.003861999999999988,-1.0000000000000115,0.025893319523563003,train
2022-06-15,long,09:10,1.04858,1.044898,1.0559440000000002,1.044898,13:05,1.0475,1.04244,0.003682000000000052,-0.9999999999999759,0.027159152634437425,train
2022-06-16,short,08:05,1.0414,1.045082,1.034036,1.045082,14:00,1.04692,1.04248,0.003682000000000052,-0.9999999999999759,0.027159152634437425,train
2022-06-17,short,08:05,1.04943,1.053112,1.042066,1.053112,10:10,1.05522,1.05174,0.003682000000000052,-0.9999999999999759,0.027159152634437425,train
2022-06-20,long,10:15,1.05381,1.0499479999999999,1.061534,1.0499479999999999,19:05,1.05317,1.04848,0.003861999999999988,-1.0000000000000115,0.025893319523563003,train
2022-06-21,long,08:20,1.05467,1.050988,1.0620340000000001,1.05315,20:50,1.05424,1.05131,0.003682000000000052,-0.4128191200434395,0.027159152634437425,train
2022-06-22,short,08:05,1.04821,1.051892,1.040846,1.051892,10:55,1.05388,1.0486,0.003682000000000052,-0.9999999999999759,0.027159152634437425,train
2022-06-23,short,08:20,1.054,1.057688,1.046624,1.05259,20:50,1.05811,1.05558,0.0036880000000000025,0.38232104121478644,0.02711496746203903,train
2022-06-27,long,08:30,1.05817,1.05427,1.06597,1.0583,20:50,1.05748,1.05502,0.0038999999999999703,0.03333333333332422,0.025641025641025838,train
2022-06-28,long,08:10,1.05881,1.05491,1.06661,1.05491,13:15,1.05867,1.05705,0.0038999999999999703,-1.0000000000000113,0.025641025641025838,train
2022-06-29,short,08:35,1.04968,1.053698,1.0416439999999998,1.04423,20:50,1.05355,1.0501,0.004018000000000033,1.3563962170233723,0.024888003982080437,train
2022-06-30,short,08:20,1.04322,1.0471920000000001,1.035276,1.0471920000000001,16:45,1.04579,1.0433,0.003971999999999998,-1.0000000000000222,0.02517623363544815,train
2022-07-01,short,08:15,1.04413,1.048102,1.036186,1.04266,20:50,1.04795,1.04473,0.003971999999999998,0.3700906344411085,0.02517623363544815,train
2022-07-04,long,10:35,1.04559,1.041532,1.053706,1.04222,20:50,1.04443,1.04246,0.004058000000000029,-0.8304583538689185,0.024642681123706087,train
2022-07-05,short,08:10,1.04146,1.0455180000000002,1.033344,1.033344,09:25,1.04488,1.04231,0.004058000000000029,1.999999999999989,0.024642681123706087,train
2022-07-06,short,10:20,1.02353,1.0277020000000001,1.015186,1.0179,20:50,1.02714,1.02394,0.00417200000000002,1.3494726749760297,0.023969319271332577,train
2022-07-08,short,08:20,1.01336,1.017532,1.005016,1.017532,14:35,1.01914,1.01396,0.00417200000000002,-1.0000000000000107,0.023969319271332577,train
2022-07-11,short,08:05,1.01237,1.016542,1.0040259999999999,1.0040259999999999,20:45,1.01756,1.01351,0.00417200000000002,2.0000000000000213,0.023969319271332577,train
2022-07-12,short,10:05,1.00037,1.004542,0.992026,1.004542,12:15,1.00554,1.00049,0.00417200000000002,-1.0000000000000107,0.023969319271332577,train
2022-07-13,short,08:25,1.00119,1.005362,0.992846,1.005362,11:25,1.00472,1.00228,0.00417200000000002,-1.0000000000000107,0.023969319271332577,train
2022-07-14,short,08:05,1.00104,1.005212,0.9926959999999999,1.00147,20:50,1.00536,1.00137,0.00417200000000002,-0.10306807286676663,0.023969319271332577,train
2022-07-18,long,08:10,1.01341,1.0093759999999998,1.0214779999999999,1.01424,20:50,1.01142,1.00802,0.004034000000000005,0.20575111551812283,0.02478929102627662,train
2022-07-19,long,08:05,1.01773,1.01365,1.0258900000000002,1.0258900000000002,11:05,1.01544,1.01196,0.004080000000000039,2.0000000000000218,0.02450980392156839,train
2022-07-20,long,08:05,1.02554,1.0213679999999998,1.033884,1.0213679999999998,11:30,1.02485,1.023,0.00417200000000002,-1.0000000000000107,0.023969319271332577,train
2022-07-22,short,08:35,1.01436,1.0187579999999998,1.005564,1.0187579999999998,13:10,1.02305,1.01804,0.004397999999999991,-0.9999999999999797,0.02273760800363806,train
2022-07-26,short,09:10,1.0206,1.025182,1.011436,1.011436,16:50,1.025,1.02132,0.0045819999999999975,1.9999999999999902,0.0218245307725884,train
2022-07-28,short,10:55,1.01637,1.021112,1.0068860000000002,1.01876,20:50,1.02257,1.01804,0.0047419999999999355,-0.5040067482075383,0.02108814846056545,train
2022-07-29,long,08:05,1.02483,1.020036,1.0344179999999998,1.020036,10:20,1.02248,1.01888,0.004793999999999965,-1.0,0.02085940759282452,train
2022-08-01,long,09:40,1.02611,1.0213160000000001,1.035698,1.02558,20:50,1.02413,1.02054,0.004793999999999965,-0.11055486024199944,0.02085940759282452,train
2022-08-02,short,08:05,1.02419,1.028984,1.014602,1.01688,20:50,1.02938,1.02562,0.004793999999999965,1.524822695035457,0.02085940759282452,train
2022-08-04,long,08:10,1.01805,1.013256,1.0276379999999998,1.02493,20:50,1.0176,1.01544,0.004793999999999965,1.4351272423863262,0.02085940759282452,train
2022-08-05,short,09:20,1.02216,1.026954,1.012572,1.01813,20:50,1.0252,1.02274,0.004793999999999965,0.8406341259908234,0.02085940759282452,train
2022-08-08,long,08:25,1.01918,1.01442,1.0287,1.01892,20:50,1.01887,1.01591,0.004759999999999965,-0.05462184873948086,0.021008403361344696,train
2022-08-09,long,08:05,1.02028,1.0157200000000002,1.0293999999999999,1.02071,20:50,1.02011,1.01887,0.004559999999999942,0.09429824561402105,0.02192982456140379,train
2022-08-10,long,09:45,1.02238,1.0178200000000002,1.0314999999999999,1.0314999999999999,13:30,1.02192,1.02026,0.004559999999999942,1.9999999999999807,0.02192982456140379,train
2022-08-11,long,08:05,1.03079,1.0262300000000002,1.03991,1.03133,20:50,1.0304,1.02754,0.004559999999999942,0.11842105263157716,0.02192982456140379,train
2022-08-12,short,08:30,1.0304,1.0349599999999999,1.0212800000000002,1.02651,20:50,1.0325,1.03049,0.004559999999999942,0.8530701754385962,0.02192982456140379,train
2022-08-15,short,08:05,1.02386,1.02842,1.0147400000000002,1.01594,20:50,1.02682,1.02397,0.004559999999999942,1.7368421052631642,0.02192982456140379,train
2022-08-16,short,08:05,1.01454,1.01902,1.00558,1.01902,15:35,1.01699,1.01474,0.004479999999999995,-1.0000000000000098,0.022321428571428596,train
2022-08-17,short,08:05,1.01626,1.020632,1.0075159999999999,1.01804,20:50,1.01852,1.01661,0.004371999999999998,-0.40713632204943173,0.022872827081427273,train
2022-08-18,short,08:05,1.01568,1.0198319999999998,1.0073759999999998,1.00904,20:50,1.01931,1.0163,0.004152000000000023,1.599229287090545,0.024084778420038404,train
2022-08-22,short,08:05,1.00163,1.005396,0.9940979999999999,0.9940979999999999,16:25,1.00465,1.00234,0.003766000000000025,2.0000000000000115,0.026553372278279166,train
2022-08-23,short,08:05,0.99101,0.995162,0.9827059999999999,0.995162,14:35,0.99501,0.9915,0.004152000000000023,-1.0000000000000053,0.024084778420038404,train
2022-08-25,long,08:05,1.00098,0.9972099999999999,1.00852,0.9972099999999999,13:05,1.00086,0.9963,0.003770000000000007,-1.0000000000000118,0.026525198938991995,train
2022-08-26,short,08:05,0.99527,0.998834,0.988142,0.998834,09:55,0.99747,0.99576,0.003564000000000034,-0.9999999999999937,0.02805836139169446,train
2022-08-29,long,11:00,0.99625,0.992686,1.003378,0.99956,20:50,0.9952,0.99143,0.003564000000000034,0.9287317620650963,0.02805836139169446,train
2022-08-30,long,08:40,1.00171,0.99794,1.0092500000000002,1.00183,20:50,1.00133,0.9982,0.003770000000000007,0.03183023872676333,0.026525198938991995,train
2022-08-31,short,08:15,1.00076,1.0043240000000002,0.9936320000000001,1.0043240000000002,15:40,1.00458,1.00153,0.003564000000000034,-1.0000000000000249,0.02805836139169446,train
2022-09-02,long,08:05,0.9977,0.99376,1.0055800000000001,0.995,20:50,0.99755,0.99432,0.003940000000000033,-0.6852791878172623,0.025380710659898265,train
2022-09-06,long,08:05,0.99728,0.9936900000000001,1.0044600000000001,0.9936900000000001,10:20,0.99707,0.99401,0.0035900000000000046,-0.9999999999999937,0.027855153203342583,train
2022-09-07,long,08:05,0.99049,0.986528,0.998414,0.998414,18:00,0.99039,0.9877,0.003962000000000021,2.0,0.025239777889954434,train
2022-09-09,long,08:15,1.01008,1.0059500000000001,1.01834,1.0059500000000001,12:10,1.00842,1.00015,0.004130000000000011,-0.9999999999999893,0.02421307506053262,train
2022-09-12,long,08:05,1.01597,1.011578,1.0247540000000002,1.011578,14:15,1.00952,1.00624,0.004392000000000018,-0.9999999999999848,0.02276867030965382,train
2022-09-13,long,08:05,1.01488,1.010488,1.0236640000000001,1.010488,13:30,1.01464,1.01195,0.004392000000000018,-0.9999999999999848,0.02276867030965382,train
2022-09-15,short,08:05,0.99586,1.000364,0.9868520000000001,1.000364,13:40,0.99837,0.9959,0.004503999999999975,-1.0000000000000195,0.022202486678508118,train
2022-09-16,short,08:50,0.9947,0.9990920000000001,0.985916,0.9990920000000001,15:10,1.00122,0.99808,0.004392000000000018,-1.00000000000001,0.02276867030965382,train
2022-09-19,short,08:05,0.99724,1.001632,0.988456,1.001632,16:00,1.00293,0.99764,0.004392000000000018,-1.00000000000001,0.02276867030965382,train
2022-09-21,short,08:05,0.98971,0.993594,0.981942,0.993594,10:45,0.99751,0.99498,0.0038839999999999986,-1.0,0.025746652935118446,train
2022-09-22,long,08:35,0.9849,0.98077,0.99316,0.9841,20:50,0.98409,0.98077,0.004130000000000011,-0.19370460048426652,0.02421307506053262,train
2022-09-23,short,08:05,0.97816,0.9823120000000001,0.9698559999999999,0.9698559999999999,18:35,0.98518,0.98183,0.004152000000000023,2.0000000000000107,0.024084778420038404,train
2022-09-29,short,08:35,0.96459,0.9688599999999999,0.95605,0.9688599999999999,10:35,0.97242,0.96542,0.004269999999999996,-1.0,0.023419203747072622,train
2022-09-30,long,09:05,0.98489,0.98062,0.99343,0.98062,10:40,0.98383,0.97943,0.004269999999999996,-1.0,0.023419203747072622,train
2022-10-04,long,08:05,0.98741,0.9827940000000001,0.996642,0.996642,16:05,0.98493,0.98063,0.004615999999999998,2.000000000000005,0.021663778162911623,train
2022-10-05,short,08:20,0.99519,0.999806,0.985958,0.985958,15:00,0.99908,0.99596,0.004615999999999998,2.000000000000005,0.021663778162911623,train
2022-10-06,short,09:25,0.98848,0.993096,0.979248,0.979248,17:10,0.99264,0.98881,0.004615999999999998,2.000000000000005,0.021663778162911623,train
2022-10-07,short,08:05,0.97859,0.9836779999999999,0.968414,0.97352,20:50,0.98119,0.97864,0.005087999999999981,0.996462264150929,0.019654088050314537,train
2022-10-10,short,08:45,0.97043,0.975518,0.960254,0.97061,20:50,0.97532,0.97159,0.005087999999999981,-0.035377358490557904,0.019654088050314537,train
2022-10-13,short,08:05,0.96912,0.9732299999999999,0.9609,0.9732299999999999,10:25,0.97219,0.9695,0.004109999999999991,-0.9999999999999892,0.024330900243309056,train
2022-10-14,short,10:50,0.97255,0.977006,0.963638,0.977006,13:55,0.98087,0.97617,0.004455999999999994,-1.0000000000000049,0.02244165170556556,train
2022-10-18,long,08:05,0.987,0.981986,0.997028,0.981986,11:45,0.98663,0.98231,0.005014000000000008,-0.999999999999991,0.01994415636218585,train
2022-10-19,short,08:05,0.98195,0.986964,0.971922,0.97696,20:50,0.98724,0.98313,0.005014000000000008,0.9952134024730616,0.01994415636218585,train
2022-10-20,long,08:55,0.97929,0.974608,0.988654,0.97838,20:50,0.97891,0.97547,0.004682000000000008,-0.19436138402391387,0.021358393848782534,train
2022-10-21,long,08:25,0.97973,0.975048,0.989094,0.975048,10:15,0.97833,0.97633,0.004682000000000008,-0.9999999999999906,0.021358393848782534,train
2022-10-25,short,08:05,0.98584,0.990218,0.9770840000000001,0.990218,14:15,0.98985,0.98665,0.004377999999999993,-1.0,0.022841480127912327,train
2022-10-26,long,08:05,0.99817,0.993488,1.007534,1.007534,16:35,0.99711,0.99436,0.004682000000000008,1.9999999999999811,0.021358393848782534,train
2022-10-27,short,08:05,1.00607,1.010752,0.996706,0.996706,19:05,1.00936,1.00619,0.004682000000000008,2.000000000000005,0.021358393848782534,train
2022-10-28,short,08:15,0.9952,0.9998819999999999,0.9858359999999999,0.99638,20:50,0.99979,0.9958,0.004682000000000008,-0.25202904741564885,0.021358393848782534,train
2022-10-31,short,08:05,0.9924,0.9967779999999999,0.983644,0.98828,20:50,0.99658,0.9938,0.004377999999999993,0.9410689812699653,0.022841480127912327,train
2022-11-01,long,08:20,0.99437,0.989992,1.003126,0.989992,14:15,0.99383,0.98823,0.004377999999999993,-1.0,0.022841480127912327,train
2022-11-02,long,08:30,0.99012,0.986012,0.998336,0.986012,16:35,0.98997,0.98744,0.0041080000000000005,-1.0,0.0243427458617332,train
2022-11-03,short,08:05,0.97764,0.981748,0.969424,0.97483,20:50,0.98395,0.98098,0.0041080000000000005,0.6840311587146979,0.0243427458617332,train
2022-11-07,long,08:20,0.9962,0.991934,1.004732,1.00235,20:50,0.99553,0.99177,0.004265999999999992,1.4416315049226702,0.023441162681669056,train
2022-11-08,short,08:20,0.99875,1.003242,0.989766,1.003242,15:10,1.00311,0.99954,0.004492000000000007,-0.9999999999999851,0.022261798753339234,train
2022-11-09,short,09:10,1.00562,1.010248,0.9963639999999999,1.00114,20:50,1.00882,1.00561,0.00462800000000001,0.9680207433016487,0.021607605877268753,train
2022-11-10,short,08:05,1.00096,1.0055880000000001,0.991704,1.0055880000000001,13:30,1.0043,1.00102,0.00462800000000001,-1.0000000000000144,0.021607605877268753,train
2022-11-11,long,08:05,1.02381,1.019182,1.033066,1.033066,16:20,1.02348,1.01631,0.00462800000000001,1.999999999999981,0.021607605877268753,train
2022-11-15,long,08:05,1.03987,1.035242,1.049126,1.035242,17:00,1.03438,1.03122,0.00462800000000001,-1.0000000000000144,0.021607605877268753,train
2022-11-16,long,08:05,1.04075,1.035936,1.050378,1.035936,18:30,1.03871,1.03309,0.00481400000000003,-1.0000000000000138,0.020772746157041833,train
2022-11-17,long,08:05,1.03974,1.034926,1.049368,1.034926,10:45,1.03951,1.03598,0.00481400000000003,-1.0000000000000138,0.020772746157041833,train
2022-11-18,short,08:20,1.03508,1.039894,1.025452,1.03233,20:50,1.0391,1.03572,0.00481400000000003,0.5712505193186567,0.020772746157041833,train
2022-11-21,short,09:55,1.02384,1.028356,1.0148080000000002,1.02439,20:50,1.03329,1.02573,0.004516000000000009,-0.12178919397693254,0.022143489813994645,train
2022-11-22,long,08:30,1.0273,1.0227700000000002,1.0363600000000002,1.03039,20:50,1.02685,1.02419,0.004530000000000012,0.6821192052979705,0.022075055187637912,train
2022-11-24,short,10:35,1.03961,1.043966,1.0308979999999999,1.04096,20:50,1.04485,1.04051,0.004355999999999982,-0.3099173553719444,0.022956841138659416,train
2022-11-25,short,09:55,1.03873,1.0430499999999998,1.03009,1.04115,20:50,1.04293,1.03961,0.004319999999999969,-0.5601851851852098,0.023148148148148317,train
2022-11-28,long,08:10,1.0394,1.0350800000000002,1.04804,1.04804,10:40,1.03839,1.03413,0.004319999999999969,2.00000000000001,0.023148148148148317,train
2022-11-30,long,09:05,1.03725,1.032894,1.045962,1.032894,15:30,1.0361,1.03207,0.004355999999999982,-1.0000000000000102,0.022956841138659416,train
2022-12-01,short,08:05,1.04136,1.045716,1.032648,1.045716,13:15,1.04566,1.04189,0.004355999999999982,-1.0000000000000102,0.022956841138659416,train
2022-12-02,long,08:45,1.05369,1.04932,1.06243,1.04932,13:30,1.0536,1.05051,0.004369999999999985,-1.0,0.022883295194508088,train
2022-12-05,short,08:10,1.05357,1.0579399999999999,1.04483,1.0579399999999999,12:50,1.05849,1.05395,0.004369999999999985,-1.0,0.022883295194508088,train
2022-12-08,long,08:05,1.05207,1.0477500000000002,1.06071,1.05549,20:50,1.05188,1.04939,0.004319999999999969,0.7916666666666674,0.023148148148148317,train
2022-12-09,short,09:30,1.05498,1.059266,1.046408,1.05354,20:50,1.05867,1.0552,0.004286000000000012,0.335977601493258,0.023331777881474502,train
2022-12-12,long,08:10,1.05299,1.0488300000000002,1.0613100000000002,1.05343,20:50,1.0528,1.05058,0.004160000000000031,0.105769230769229,0.024038461538461363,train
2022-12-13,long,08:15,1.0555,1.0513400000000002,1.0638200000000002,1.0638200000000002,13:30,1.05548,1.05314,0.004160000000000031,2.00000000000001,0.024038461538461363,train
2022-12-14,long,09:05,1.06406,1.0599,1.07238,1.06843,20:50,1.06403,1.06196,0.004160000000000031,1.0504807692307578,0.024038461538461363,train
2022-12-15,short,08:05,1.06453,1.068286,1.057018,1.068286,14:05,1.06826,1.06455,0.003756000000000004,-1.0000000000000235,0.026624068157614457,train
2022-12-16,short,08:30,1.06325,1.06711,1.05553,1.05992,20:50,1.06624,1.06343,0.0038600000000000192,0.8626943005181447,0.02590673575129521,train
2022-12-19,long,08:05,1.06357,1.05971,1.0712899999999999,1.05971,15:45,1.06341,1.05817,0.0038600000000000192,-0.9999999999999885,0.02590673575129521,train
2022-12-21,long,08:05,1.06299,1.0596240000000001,1.069722,1.0596240000000001,15:00,1.06262,1.06069,0.00336599999999998,-1.0,0.02970885323826518,train
2022-12-22,long,08:20,1.06503,1.061798,1.071494,1.061798,11:45,1.06497,1.06057,0.0032319999999999905,-0.9999999999999725,0.030940594059406034,train
2022-12-23,long,08:05,1.06253,1.059166,1.0692579999999998,1.06208,19:55,1.06123,1.05865,0.0033639999999999673,-0.13376932223545357,0.02972651605231896,train
2022-12-27,long,10:30,1.0666,1.063236,1.0733279999999998,1.063236,12:55,1.06649,1.06344,0.0033639999999999673,-0.9999999999999867,0.02972651605231896,train
2022-12-29,long,08:30,1.06383,1.0605980000000002,1.070294,1.06704,20:50,1.06372,1.0611,0.0032319999999999905,0.9931930693069135,0.030940594059406034,train
2022-12-30,long,10:45,1.06736,1.064178,1.0737240000000001,1.06997,19:55,1.06694,1.06406,0.003182000000000018,0.8202388434946531,0.03142677561282195,train
2023-01-03,short,08:05,1.06037,1.063404,1.054302,1.054302,09:00,1.06802,1.06505,0.003034000000000026,1.9999999999999705,0.03295978905734975,train
2023-01-04,long,08:05,1.06031,1.057276,1.066378,1.06055,20:50,1.05783,1.05451,0.003034000000000026,0.07910349373764533,0.03295978905734975,train
2023-01-06,short,09:25,1.05061,1.053724,1.044382,1.053724,13:50,1.05365,1.05105,0.003114000000000017,-1.0000000000000142,0.032113037893384544,train
2023-01-09,long,08:10,1.06902,1.065838,1.0753840000000001,1.0753840000000001,16:45,1.06861,1.06514,0.003182000000000018,2.0,0.03142677561282195,train
2023-01-12,short,08:20,1.07526,1.0783740000000002,1.069032,1.0783740000000002,13:25,1.07753,1.07565,0.003114000000000017,-1.0000000000000142,0.032113037893384544,train
2023-01-16,short,08:10,1.08212,1.085302,1.075756,1.08195,20:50,1.08742,1.08211,0.003182000000000018,0.0534255185417984,0.03142677561282195,train
2023-01-18,long,08:20,1.08487,1.081688,1.091234,1.081688,11:55,1.07993,1.07662,0.003182000000000018,-1.0,0.03142677561282195,train
2023-01-19,long,08:05,1.0809,1.077586,1.087528,1.08338,20:50,1.08057,1.07824,0.003313999999999995,0.7483403741701996,0.03017501508750759,train
2023-01-20,long,08:05,1.0845,1.081186,1.091128,1.081186,13:50,1.08441,1.0824,0.003313999999999995,-1.0000000000000133,0.03017501508750759,train
2023-01-24,long,08:05,1.08925,1.0860480000000001,1.0956540000000001,1.0860480000000001,09:45,1.08918,1.08677,0.003202000000000016,-0.9999999999999722,0.031230480949406465,train
2023-01-25,short,08:50,1.08734,1.090542,1.080936,1.090542,15:00,1.09111,1.08809,0.003202000000000016,-0.9999999999999722,0.031230480949406465,train
2023-01-26,short,09:35,1.08987,1.0930719999999998,1.0834659999999998,1.08897,20:50,1.09295,1.0907,0.003202000000000016,0.2810743285446272,0.031230480949406465,train
2023-01-30,long,08:15,1.0884,1.085208,1.0947840000000002,1.085208,18:10,1.08795,1.08581,0.0031920000000000394,-1.0000000000000138,0.03132832080200463,train
2023-01-31,short,08:10,1.08249,1.085682,1.0761059999999998,1.085682,13:30,1.08602,1.08316,0.0031920000000000394,-1.0000000000000138,0.03132832080200463,train
2023-02-01,long,08:05,1.08793,1.084864,1.094062,1.094062,19:35,1.0877,1.08522,0.003066000000000013,2.0,0.032615786040443434,train
2023-02-02,short,08:05,1.09973,1.102796,1.093598,1.093598,14:00,1.10268,1.10046,0.003066000000000013,2.0,0.032615786040443434,train
2023-02-03,long,10:05,1.09281,1.089744,1.098942,1.089744,13:30,1.09052,1.08873,0.003066000000000013,-1.0,0.032615786040443434,train
2023-02-06,short,08:30,1.07756,1.080626,1.071428,1.071428,17:30,1.07989,1.07814,0.003066000000000013,2.0,0.032615786040443434,train
2023-02-07,short,08:05,1.07182,1.074886,1.065688,1.074886,17:50,1.07438,1.0728,0.003066000000000013,-1.0,0.032615786040443434,train
2023-02-08,long,08:05,1.07473,1.0715379999999999,1.0811140000000001,1.0715379999999999,15:30,1.07396,1.07234,0.0031920000000000394,-1.0000000000000138,0.03132832080200463,train
2023-02-09,long,08:25,1.07487,1.071678,1.0812540000000002,1.07355,20:50,1.07448,1.07093,0.0031920000000000394,-0.41353383458645726,0.03132832080200463,train
2023-02-10,long,08:05,1.07479,1.0715979999999998,1.081174,1.0715979999999998,09:15,1.07396,1.07174,0.0031920000000000394,-1.0000000000000138,0.03132832080200463,train
2023-02-13,long,08:05,1.06799,1.064798,1.0743740000000002,1.07207,20:50,1.06793,1.06555,0.0031920000000000394,1.278195488721815,0.03132832080200463,train
2023-02-14,long,09:00,1.07492,1.071728,1.0813040000000003,1.071728,14:30,1.0743,1.07255,0.0031920000000000394,-1.0000000000000138,0.03132832080200463,train
2023-02-16,long,08:30,1.07192,1.068728,1.0783040000000002,1.068728,13:30,1.0715,1.06845,0.0031920000000000394,-1.0000000000000138,0.03132832080200463,train
2023-02-20,long,08:05,1.06998,1.066736,1.076468,1.06859,20:50,1.06937,1.06731,0.0032440000000000246,-0.4284833538840912,0.030826140567200754,train
2023-02-21,short,09:25,1.06458,1.0677880000000002,1.0581639999999999,1.0677880000000002,15:30,1.0685,1.06622,0.0032080000000000554,-1.0000000000000138,0.031172069825435873,train
2023-02-22,short,08:40,1.06454,1.0677480000000001,1.0581239999999998,1.06023,20:50,1.06641,1.06485,0.0032080000000000554,1.3435162094762974,0.031172069825435873,train
2023-02-23,short,09:25,1.05921,1.062418,1.0527939999999998,1.05999,20:50,1.06278,1.06054,0.0032080000000000554,-0.2431421446384007,0.031172069825435873,train
2023-02-24,short,08:05,1.05886,1.06198,1.05262,1.05487,20:50,1.06144,1.05935,0.0031200000000000117,1.2788461538461293,0.03205128205128193,train
2023-02-27,long,10:40,1.05613,1.052936,1.062518,1.06073,20:50,1.056,1.0533,0.003194000000000008,1.4402003757044226,0.03130870381966179,train
2023-02-28,long,08:55,1.06181,1.058498,1.0684339999999999,1.058498,19:40,1.0615,1.0582,0.0033120000000000263,-0.9999999999999866,0.030193236714975608,train
2023-03-01,long,08:05,1.06288,1.059568,1.069504,1.06626,20:50,1.06148,1.05653,0.0033120000000000263,1.020531400966157,0.030193236714975608,train
2023-03-02,short,08:05,1.0632,1.066512,1.056576,1.05986,20:50,1.06728,1.06354,0.0033120000000000263,1.0084541062801546,0.030193236714975608,train
2023-03-03,long,08:45,1.06258,1.059268,1.069204,1.059268,15:00,1.06231,1.05967,0.0033120000000000263,-0.9999999999999866,0.030193236714975608,train
2023-03-06,long,08:20,1.06544,1.062246,1.071828,1.062246,11:20,1.06523,1.06241,0.003194000000000008,-0.9999999999999721,0.03130870381966179,train
2023-03-07,short,08:15,1.06719,1.070244,1.061082,1.061082,15:00,1.06933,1.0676,0.003053999999999979,2.0000000000000147,0.03274394237066165,train
2023-03-09,long,08:10,1.05561,1.052556,1.061718,1.05802,20:50,1.05556,1.0538,0.003053999999999979,0.7891290111329534,0.03274394237066165,train
2023-03-10,short,08:25,1.0576,1.060534,1.0517320000000001,1.060534,13:30,1.05992,1.05792,0.002933999999999992,-1.0,0.03408316291751884,train
2023-03-14,short,08:05,1.06912,1.072128,1.063104,1.072128,11:00,1.0724,1.06932,0.0030079999999999885,-0.9999999999999705,0.03324468085106396,train
2023-03-15,short,09:35,1.06965,1.072508,1.063934,1.063934,10:35,1.07599,1.07252,0.002857999999999983,2.000000000000031,0.034989503149055495,train
2023-03-16,long,08:05,1.06296,1.0601019999999999,1.068676,1.0601019999999999,10:30,1.06156,1.0573,0.002857999999999983,-1.0000000000000155,0.034989503149055495,train
2023-03-17,long,08:05,1.06639,1.063382,1.072406,1.063382,10:15,1.06629,1.06116,0.0030079999999999885,-0.9999999999999705,0.03324468085106396,train
2023-03-20,short,08:15,1.06485,1.067768,1.0590140000000001,1.067768,09:55,1.06899,1.06588,0.002917999999999976,-1.0,0.03427004797806745,train
2023-03-21,long,08:10,1.07288,1.0698420000000002,1.078956,1.07694,20:50,1.07261,1.07039,0.003037999999999963,1.3364055299539177,0.03291639236339737,train
2023-03-22,long,08:50,1.07808,1.074824,1.0845919999999998,1.0845919999999998,18:00,1.07768,1.07639,0.0032559999999999703,1.9999999999999725,0.030712530712530994,train
2023-03-24,short,08:10,1.0791,1.082538,1.0722239999999998,1.0722239999999998,09:55,1.08371,1.08173,0.003438000000000052,2.0,0.029086678301337546,train
2023-03-27,short,08:50,1.07471,1.078376,1.067378,1.078376,14:20,1.07789,1.07577,0.003666000000000036,-0.9999999999999758,0.027277686852154672,train
2023-03-28,long,08:30,1.08245,1.0788259999999998,1.089698,1.08472,20:50,1.08195,1.07988,0.0036240000000000274,0.6263796909492211,0.027593818984547255,train
2023-03-29,short,08:05,1.08247,1.0860940000000001,1.075222,1.0860940000000001,10:55,1.08496,1.08316,0.0036240000000000274,-1.0000000000000122,0.027593818984547255,train
2023-03-30,long,09:05,1.08612,1.08273,1.0929,1.09062,20:50,1.08467,1.08263,0.003390000000000004,1.3274336283185673,0.029498525073746278,train
2023-03-31,short,08:20,1.08938,1.09277,1.0826,1.08468,20:50,1.09258,1.08947,0.003390000000000004,1.3864306784660534,0.029498525073746278,train
2023-04-03,long,08:15,1.08239,1.079,1.08917,1.08917,14:45,1.08233,1.07883,0.003390000000000004,2.0,0.029498525073746278,train
2023-04-04,long,08:15,1.09163,1.087968,1.0989540000000002,1.09566,20:50,1.09099,1.08829,0.00366200000000001,1.1004915346804935,0.027307482250136465,train
2023-04-05,short,09:00,1.09502,1.0985300000000002,1.088,1.09032,20:50,1.09696,1.09513,0.0035100000000000357,1.3390313390313677,0.028490028490028203,train
2023-04-06,long,08:10,1.09139,1.08788,1.09841,1.09231,20:50,1.091,1.08846,0.0035100000000000357,0.26210826210820526,0.028490028490028203,train
2023-04-07,short,10:40,1.09135,1.0948600000000002,1.08433,1.0904,20:50,1.09241,1.09142,0.0035100000000000357,0.27065527065526973,0.028490028490028203,train
2023-04-10,long,09:00,1.09167,1.08828,1.09845,1.08828,13:05,1.09147,1.08909,0.003390000000000004,-1.0,0.029498525073746278,train
2023-04-11,long,08:15,1.08952,1.08613,1.0963,1.09121,20:50,1.08946,1.08639,0.003390000000000004,0.498525073746303,0.029498525073746278,train
2023-04-13,long,09:05,1.10176,1.09837,1.10854,1.10491,20:50,1.1005,1.09831,0.003390000000000004,0.9292035398230036,0.029498525073746278,train
2023-04-17,long,08:10,1.09957,1.096128,1.106454,1.096128,13:45,1.09946,1.09617,0.003442000000000034,-0.9999999999999741,0.029052876234746953,train
2023-04-18,long,08:05,1.0952,1.091758,1.102084,1.09705,20:50,1.09437,1.09223,0.003442000000000034,0.5374782103428563,0.029052876234746953,train
2023-04-19,short,09:15,1.09516,1.0986019999999999,1.0882759999999998,1.09553,20:50,1.09841,1.09601,0.003442000000000034,-0.10749564206855834,0.029052876234746953,train
2023-04-20,long,08:05,1.09686,1.093488,1.103604,1.093488,13:15,1.0964,1.09469,0.0033720000000000195,-0.9999999999999737,0.029655990510082865,train
2023-04-21,short,08:05,1.09447,1.097694,1.088022,1.097694,12:20,1.09733,1.09554,0.0032239999999999825,-0.9999999999999725,0.031017369727047318,train
2023-04-24,long,10:00,1.10086,1.0979539999999999,1.1066719999999999,1.1043,20:50,1.09962,1.09726,0.0029059999999999867,1.1837577426015573,0.034411562284927893,train
2023-04-25,short,08:05,1.1033,1.1065239999999998,1.096852,1.096852,17:00,1.10671,1.10452,0.0032239999999999825,2.0000000000000138,0.031017369727047318,train
2023-04-26,long,08:05,1.10088,1.0975400000000002,1.10756,1.10756,14:20,1.09906,1.09684,0.0033399999999999875,2.0000000000000133,0.029940119760479156,train
2023-04-28,short,08:15,1.10015,1.1034899999999999,1.09347,1.1034899999999999,15:50,1.10395,1.10056,0.0033399999999999875,-0.9999999999999734,0.029940119760479156,train
2023-05-01,short,08:40,1.09997,1.103306,1.0932979999999999,1.103306,13:55,1.10144,1.10009,0.0033360000000000056,-1.0,0.02997601918465223,train
2023-05-02,long,08:05,1.09978,1.09656,1.10622,1.09656,09:05,1.09945,1.09673,0.0032200000000000006,-1.0,0.03105590062111801,train
2023-05-03,long,08:15,1.10332,1.100322,1.109316,1.10554,20:50,1.10301,1.10049,0.0029979999999999677,0.7404936624415986,0.033355570380253864,train
2023-05-04,short,08:55,1.1055,1.1085779999999998,1.0993439999999999,1.0993439999999999,15:55,1.10878,1.10642,0.003078000000000003,2.000000000000014,0.03248862897985702,train
2023-05-08,long,08:05,1.10466,1.101324,1.111332,1.101324,15:50,1.10445,1.10142,0.0033360000000000056,-1.0,0.02997601918465223,train
2023-05-09,short,08:25,1.09827,1.1015400000000002,1.09173,1.09632,20:50,1.10024,1.09847,0.0032700000000000177,0.5963302752293907,0.03058103975535152,train
2023-05-10,long,08:05,1.09777,1.0944999999999998,1.10431,1.0944999999999998,13:20,1.09775,1.09623,0.0032700000000000177,-1.000000000000027,0.03058103975535152,train
2023-05-11,short,08:05,1.09285,1.095898,1.0867540000000002,1.09176,20:50,1.09982,1.09696,0.0030479999999999843,0.3576115485564439,0.03280839895013141,train
2023-05-12,long,08:10,1.09316,1.090112,1.0992559999999998,1.090112,10:15,1.09305,1.09115,0.0030479999999999843,-0.9999999999999853,0.03280839895013141,train
2023-05-15,long,08:05,1.08713,1.084082,1.0932259999999998,1.08768,20:50,1.08692,1.08478,0.0030479999999999843,0.18044619422573926,0.03280839895013141,train
2023-05-16,long,10:10,1.09011,1.0872579999999998,1.0958139999999998,1.0872579999999998,13:30,1.08846,1.08683,0.0028519999999999882,-1.000000000000031,0.03506311360448822,train
2023-05-17,short,08:25,1.08467,1.087522,1.078966,1.08398,20:50,1.08736,1.08524,0.0028519999999999882,0.2419354838709966,0.03506311360448822,train
2023-05-18,short,08:30,1.0821,1.0849520000000001,1.0763960000000001,1.0763960000000001,16:10,1.08481,1.08269,0.0028519999999999882,1.9999999999999842,0.03506311360448822,train
2023-05-19,long,08:05,1.07865,1.0756020000000002,1.084746,1.08033,20:50,1.07802,1.07599,0.0030479999999999843,0.551181102362176,0.03280839895013141,train
2023-05-22,short,08:05,1.0809,1.083948,1.074804,1.08143,20:50,1.08299,1.08101,0.0030479999999999843,-0.17388451443567,0.03280839895013141,train
2023-05-23,short,08:15,1.07961,1.082462,1.073906,1.07686,20:50,1.08205,1.08002,0.0028519999999999882,0.9642356241234368,0.03506311360448822,train
2023-05-24,long,09:10,1.07914,1.076336,1.084748,1.076336,11:05,1.07864,1.07677,0.0028039999999999845,-1.0000000000000158,0.035663338088445275,train
2023-05-25,short,08:05,1.07266,1.075356,1.0672679999999999,1.0717,20:50,1.07567,1.0733,0.0026959999999999875,0.3560830860533584,0.037091988130563976,train
2023-05-29,short,10:20,1.07172,1.074296,1.066568,1.07103,20:50,1.07383,1.07173,0.0025760000000000006,0.26785714285717366,0.038819875776397506,train
2023-05-30,short,08:30,1.06779,1.0702800000000001,1.06281,1.0702800000000001,09:40,1.07262,1.06812,0.0024900000000000148,-1.0000000000000355,0.04016064257028089,train
2023-05-31,short,08:05,1.0678,1.0702900000000002,1.06282,1.0702900000000002,14:40,1.07359,1.0685,0.0024900000000000148,-1.0000000000000355,0.04016064257028089,train
2023-06-01,short,08:20,1.06753,1.0700200000000002,1.06255,1.0700200000000002,10:50,1.06973,1.0676,0.0024900000000000148,-1.0000000000000355,0.04016064257028089,train
2023-06-02,long,08:05,1.07737,1.0748799999999998,1.08235,1.0748799999999998,13:30,1.07723,1.07583,0.0024900000000000148,-1.0000000000000355,0.04016064257028089,train
2023-06-05,short,08:10,1.06863,1.07112,1.06365,1.07112,15:00,1.07046,1.06904,0.0024900000000000148,-1.0000000000000355,0.04016064257028089,train
2023-06-06,short,09:05,1.07046,1.07295,1.06548,1.0692,20:50,1.07315,1.07076,0.0024900000000000148,0.5060240963855548,0.04016064257028089,train
2023-06-07,short,08:05,1.06816,1.070736,1.063008,1.070736,11:25,1.07044,1.06833,0.0025760000000000006,-0.9999999999999655,0.038819875776397506,train
2023-06-08,long,09:35,1.07175,1.069166,1.076918,1.076918,15:00,1.07175,1.06967,0.0025840000000000086,2.0000000000000173,0.03869969040247665,train
2023-06-09,short,08:15,1.07733,1.0799139999999998,1.0721619999999998,1.0744,20:50,1.07852,1.07747,0.0025840000000000086,1.1339009287925184,0.03869969040247665,train
2023-06-12,long,08:25,1.07522,1.07275,1.08016,1.07619,20:50,1.07515,1.07332,0.0024699999999999722,0.3927125506072576,0.04048582995951463,train
2023-06-13,long,08:05,1.07962,1.07715,1.08456,1.07956,20:50,1.07962,1.07594,0.0024699999999999722,-0.02429149797568812,0.04048582995951463,train
2023-06-19,short,08:05,1.0931,1.095588,1.0881239999999999,1.09199,20:50,1.09463,1.09318,0.0024880000000000015,0.44614147909965585,0.04019292604501606,train
2023-06-20,long,08:15,1.09279,1.0903019999999999,1.097766,1.0903019999999999,15:25,1.09262,1.09106,0.0024880000000000015,-1.0000000000000178,0.04019292604501606,train
2023-06-22,long,08:45,1.09984,1.097238,1.105044,1.097238,14:05,1.09949,1.09849,0.002602000000000038,-0.9999999999999828,0.038431975403535185,train
2023-06-23,short,08:05,1.09242,1.095022,1.087216,1.087216,08:30,1.0959,1.09273,0.002602000000000038,1.9999999999999656,0.038431975403535185,train
2023-06-26,short,08:20,1.08979,1.092536,1.084298,1.09058,20:50,1.091,1.08988,0.002746000000000004,-0.2876911871813792,0.036416605972323324,train
2023-06-27,long,08:05,1.09391,1.091164,1.099402,1.09621,20:50,1.09352,1.09022,0.002746000000000004,0.8375819373634251,0.036416605972323324,train
2023-06-28,short,08:05,1.09421,1.0969559999999998,1.0887179999999999,1.09149,20:50,1.09614,1.09423,0.002746000000000004,0.9905316824471339,0.036416605972323324,train
2023-06-29,long,08:25,1.09194,1.089318,1.097184,1.089318,13:50,1.09187,1.08808,0.002621999999999991,-0.9999999999999661,0.03813882532418015,train
2023-06-30,short,08:10,1.08588,1.0885019999999999,1.080636,1.0885019999999999,13:30,1.08756,1.08604,0.002621999999999991,-0.9999999999999661,0.03813882532418015,train
2023-07-03,short,08:05,1.08869,1.0913119999999998,1.083446,1.0913119999999998,14:20,1.09183,1.09004,0.002621999999999991,-0.9999999999999661,0.03813882532418015,train
2023-07-05,long,08:10,1.08963,1.0870380000000002,1.0948140000000002,1.0870380000000002,09:05,1.08908,1.08678,0.0025920000000000166,-0.9999999999999657,0.03858024691358,train
2023-07-06,long,08:05,1.08641,1.0838480000000001,1.0915340000000002,1.0838480000000001,15:35,1.08565,1.08338,0.002562000000000042,-0.9999999999999653,0.03903200624512036,train
2023-07-07,short,08:25,1.08811,1.0906719999999999,1.0829859999999998,1.0906719999999999,13:30,1.08963,1.08824,0.002562000000000042,-0.9999999999999653,0.03903200624512036,train
2023-07-10,long,10:25,1.09714,1.094548,1.102324,1.094548,13:35,1.09695,1.09462,0.0025920000000000166,-0.9999999999999657,0.03858024691358,train
2023-07-11,short,10:05,1.09995,1.102542,1.094766,1.10046,20:50,1.10222,1.10013,0.0025920000000000166,-0.19675925925926202,0.03858024691358,train
2023-07-13,long,08:05,1.11518,1.112598,1.120344,1.120344,17:05,1.11488,1.11299,0.0025819999999999958,1.9999999999999825,0.038729666924864514,train
2023-07-14,short,08:05,1.12126,1.123842,1.116096,1.123842,10:05,1.12431,1.12135,0.0025819999999999958,-1.0000000000000342,0.038729666924864514,train
2023-07-17,long,08:20,1.12389,1.121308,1.129054,1.121308,14:30,1.12346,1.12146,0.0025819999999999958,-1.0000000000000342,0.038729666924864514,train
2023-07-18,long,08:10,1.12664,1.124058,1.131804,1.124058,09:30,1.12641,1.12346,0.0025819999999999958,-1.0000000000000342,0.038729666924864514,train
2023-07-20,short,08:40,1.1199,1.12252,1.11466,1.11466,15:30,1.12291,1.12023,0.0026199999999999782,1.9999999999999827,0.03816793893129803,train
2023-07-21,short,08:45,1.11288,1.115528,1.1075840000000001,1.11246,20:50,1.11436,1.11297,0.0026479999999999837,0.15861027190335708,0.03776435045317244,train
2023-07-24,long,08:05,1.11413,1.11151,1.11937,1.11151,08:30,1.11329,1.11168,0.0026199999999999782,-1.0000000000000338,0.03816793893129803,train
2023-07-25,long,08:15,1.10826,1.105612,1.113556,1.105612,09:00,1.10816,1.10596,0.0026479999999999837,-1.0,0.03776435045317244,train
2023-07-26,long,08:05,1.10665,1.1040159999999999,1.111918,1.10941,20:50,1.10631,1.10378,0.002633999999999981,1.0478359908884265,0.03796507213363733,train
2023-07-27,long,08:35,1.11202,1.109366,1.1173279999999999,1.109366,13:25,1.11182,1.10774,0.002653999999999979,-0.9999999999999831,0.037678975131876714,train
2023-07-31,long,10:00,1.10338,1.100726,1.108688,1.100726,17:35,1.10284,1.10053,0.002653999999999979,-0.9999999999999831,0.037678975131876714,train
2023-08-01,short,08:10,1.09729,1.099944,1.0919820000000002,1.09836,20:50,1.10016,1.09804,0.002653999999999979,-0.4031650339110448,0.037678975131876714,train
2023-08-02,short,09:10,1.09779,1.100444,1.0924820000000002,1.0924820000000002,15:25,1.10169,1.09802,0.002653999999999979,1.9999999999999662,0.037678975131876714,train
2023-08-03,short,08:05,1.09186,1.094538,1.0865040000000001,1.094538,12:35,1.09493,1.09194,0.002678000000000003,-0.9999999999999833,0.03734129947722177,train
2023-08-04,short,08:10,1.09452,1.0971739999999999,1.089212,1.0971739999999999,13:30,1.09615,1.09464,0.002653999999999979,-0.9999999999999831,0.037678975131876714,train
2023-08-07,short,08:05,1.09768,1.100334,1.0923720000000001,1.100334,14:25,1.10118,1.09821,0.002653999999999979,-0.9999999999999831,0.037678975131876714,train
2023-08-09,long,08:10,1.09793,1.0952160000000002,1.103358,1.09763,20:50,1.09791,1.0952,0.002713999999999972,-0.11053795136329037,0.03684598378776752,train
2023-08-10,long,08:05,1.10055,1.097896,1.1058579999999998,1.1058579999999998,13:30,1.09881,1.09673,0.002653999999999979,1.9999999999999662,0.037678975131876714,train
2023-08-11,short,10:55,1.09774,1.1003939999999999,1.092432,1.1003939999999999,13:05,1.09978,1.09796,0.002653999999999979,-0.9999999999999831,0.037678975131876714,train
2023-08-14,long,08:25,1.09473,1.092076,1.1000379999999998,1.092076,13:25,1.09466,1.09292,0.002653999999999979,-0.9999999999999831,0.037678975131876714,train
2023-08-15,long,08:05,1.09289,1.090176,1.098318,1.090176,13:30,1.09175,1.09005,0.002713999999999972,-0.9999999999999672,0.03684598378776752,train
2023-08-16,long,08:05,1.09237,1.0896700000000001,1.09777,1.0896700000000001,14:20,1.09182,1.08989,0.0026999999999999694,-0.9999999999999835,0.03703703703703746,train
2023-08-17,long,08:05,1.08813,1.0854300000000001,1.09353,1.0873,20:50,1.08797,1.08617,0.0026999999999999694,-0.30740740740745104,0.03703703703703746,train
2023-08-18,short,08:05,1.08656,1.089142,1.081396,1.08756,20:50,1.08938,1.08716,0.0025819999999999958,-0.38729666924868844,0.038729666924864514,train
2023-08-21,long,09:00,1.08881,1.086228,1.093974,1.08957,20:50,1.08874,1.08695,0.0025819999999999958,0.29434546862892064,0.038729666924864514,train
2023-08-22,long,08:05,1.09185,1.089346,1.096858,1.089346,11:20,1.09168,1.08933,0.0025040000000000175,-1.0000000000000178,0.039936102236421446,train
2023-08-23,long,08:20,1.08652,1.0840159999999999,1.091528,1.0840159999999999,08:30,1.08633,1.08445,0.0025040000000000175,-1.0000000000000178,0.039936102236421446,train
2023-08-24,short,08:10,1.0856,1.088104,1.0805919999999998,1.0805919999999998,20:35,1.08765,1.08585,0.0025040000000000175,2.0000000000000355,0.039936102236421446,train
2023-08-25,short,09:05,1.07702,1.0795240000000002,1.072012,1.0795240000000002,11:10,1.08071,1.07769,0.0025040000000000175,-1.0000000000000178,0.039936102236421446,train
2023-08-28,long,08:05,1.08171,1.0792059999999999,1.086718,1.08172,20:50,1.08138,1.07933,0.0025040000000000175,0.003993610223668308,0.039936102236421446,train
2023-08-29,short,08:05,1.08106,1.083564,1.0760519999999998,1.083564,15:00,1.08382,1.08208,0.0025040000000000175,-1.0000000000000178,0.039936102236421446,train
2023-08-30,long,11:00,1.08888,1.08624,1.09416,1.09416,14:55,1.08848,1.08557,0.0026400000000000204,1.9999999999999662,0.03787878787878759,train
2023-08-31,short,08:05,1.09031,1.0929499999999999,1.08503,1.08503,14:40,1.09396,1.09169,0.0026400000000000204,1.9999999999999662,0.03787878787878759,train
2023-09-04,long,08:10,1.07939,1.076594,1.0849820000000001,1.07933,20:50,1.07903,1.07716,0.0027960000000000207,-0.02145922746787217,0.03576537911301834,train
2023-09-05,short,08:05,1.07692,1.0797160000000001,1.071328,1.071328,15:45,1.07983,1.07809,0.0027960000000000207,2.0,0.03576537911301834,train
2023-09-07,short,08:10,1.07129,1.074086,1.065698,1.06967,20:50,1.07318,1.07156,0.0027960000000000207,0.5793991416309603,0.03576537911301834,train
2023-09-12,short,08:05,1.0732,1.0756979999999998,1.068204,1.07297,20:50,1.07685,1.07357,0.002497999999999978,0.09207365892712349,0.04003202562049675,train
2023-09-13,short,08:05,1.07354,1.076064,1.068492,1.076064,13:50,1.07648,1.07419,0.0025240000000000154,-0.9999999999999823,0.03961965134706791,train
2023-09-15,long,08:05,1.06575,1.06311,1.07103,1.066,20:50,1.06565,1.06333,0.0026400000000000204,0.09469696969700059,0.03787878787878759,train
2023-09-18,short,08:15,1.06601,1.0686499999999999,1.06073,1.0686499999999999,16:30,1.06737,1.0661,0.0026400000000000204,-0.9999999999999831,0.03787878787878759,train
2023-09-20,short,08:15,1.06764,1.0699919999999998,1.0629359999999999,1.0699919999999998,10:00,1.06897,1.06783,0.0023519999999999986,-0.9999999999999623,0.042517006802721115,train
2023-09-22,long,08:10,1.06658,1.064356,1.071028,1.064356,08:15,1.06627,1.0641,0.0022240000000000038,-1.0,0.044964028776978346,train
2023-09-25,short,08:45,1.06361,1.065834,1.059162,1.059162,15:15,1.06555,1.06421,0.0022240000000000038,2.0,0.044964028776978346,train
2023-09-26,short,08:05,1.05714,1.05941,1.0526,1.05941,09:20,1.05953,1.05783,0.0022699999999999942,-1.0,0.04405286343612346,train
2023-09-28,long,08:20,1.05162,1.049396,1.056068,1.056068,15:45,1.05161,1.04959,0.0022240000000000038,2.0,0.044964028776978346,train
2023-09-29,long,08:05,1.05917,1.056946,1.063618,1.056946,18:05,1.05862,1.0558,0.0022240000000000038,-1.0,0.044964028776978346,train
2023-10-02,long,08:05,1.05842,1.056196,1.062868,1.056196,09:20,1.05712,1.05578,0.0022240000000000038,-1.0,0.044964028776978346,train
2023-10-03,long,09:05,1.04861,1.04634,1.05315,1.04634,13:40,1.04827,1.04598,0.0022699999999999942,-1.0,0.04405286343612346,train
2023-10-04,short,08:05,1.04555,1.047774,1.041102,1.047774,08:40,1.04756,1.04572,0.0022240000000000038,-1.0,0.044964028776978346,train
2023-10-06,long,08:35,1.05493,1.05266,1.05947,1.05266,13:30,1.05486,1.05335,0.0022699999999999942,-1.0,0.04405286343612346,train
2023-10-09,short,08:05,1.05393,1.056246,1.049298,1.056246,18:45,1.05743,1.05478,0.0023159999999999847,-1.0,0.04317789291882585,train
2023-10-10,short,08:20,1.0558,1.058116,1.051168,1.058116,09:10,1.05836,1.05588,0.0023159999999999847,-1.0,0.04317789291882585,train
2023-10-11,long,08:45,1.06217,1.059854,1.066802,1.059854,08:55,1.06143,1.06006,0.0023159999999999847,-1.0,0.04317789291882585,train
2023-10-12,long,08:05,1.06342,1.061104,1.068052,1.061104,13:30,1.06337,1.06188,0.0023159999999999847,-1.0,0.04317789291882585,train
2023-10-13,long,09:05,1.05548,1.053164,1.060112,1.053164,10:45,1.0551,1.05308,0.0023159999999999847,-1.0,0.04317789291882585,train
2023-10-16,long,08:05,1.0535,1.05106,1.05838,1.05615,20:50,1.05303,1.05155,0.0024399999999999977,1.0860655737704188,0.04098360655737709,train
2023-10-17,short,08:05,1.0538,1.05624,1.04892,1.05624,11:15,1.05608,1.05437,0.0024399999999999977,-1.0,0.04098360655737709,train
2023-10-18,long,10:10,1.05854,1.05604,1.06354,1.05604,11:10,1.05848,1.05604,0.0024999999999999914,-0.9999999999999821,0.04000000000000014,train
2023-10-19,long,08:05,1.05439,1.05189,1.0593899999999998,1.0593899999999998,17:00,1.0542,1.05303,0.0024999999999999914,1.9999999999999643,0.04000000000000014,train
2023-10-20,long,09:30,1.0587,1.056134,1.063832,1.05916,20:50,1.05867,1.05684,0.002566000000000024,0.17926734216684437,0.03897116134060759,train
2023-10-23,long,09:00,1.05977,1.057204,1.0649020000000002,1.0649020000000002,17:20,1.05935,1.05733,0.002566000000000024,2.0000000000000346,0.03897116134060759,train
2023-10-24,long,08:05,1.06874,1.066174,1.0738720000000002,1.066174,08:30,1.06873,1.06668,0.002566000000000024,-1.0000000000000173,0.03897116134060759,train
2023-10-25,short,08:10,1.05894,1.061666,1.053488,1.0568,20:50,1.06067,1.05896,0.002726000000000051,0.7850330154071866,0.03668378576669044,train
2023-10-30,short,08:05,1.05513,1.0576299999999998,1.05013,1.0576299999999998,09:15,1.05659,1.05551,0.0024999999999999914,-0.9999999999999821,0.04000000000000014,train
2023-10-31,long,08:05,1.06163,1.0591300000000001,1.06663,1.06663,09:55,1.06143,1.05906,0.0024999999999999914,1.9999999999999643,0.04000000000000014,train
2023-11-01,short,08:05,1.05624,1.0588060000000001,1.051108,1.05702,20:50,1.05806,1.05652,0.002566000000000024,-0.3039750584567403,0.03897116134060759,train
2023-11-02,long,08:45,1.06063,1.058092,1.0657059999999998,1.0657059999999998,12:30,1.06022,1.05837,0.002537999999999974,1.9999999999999647,0.039401103230890876,train
2023-11-06,long,08:10,1.07413,1.071546,1.079298,1.07211,20:50,1.07401,1.07223,0.0025840000000000086,-0.7817337461300797,0.03869969040247665,train
2023-11-07,short,08:10,1.06997,1.072554,1.064802,1.06948,20:50,1.07193,1.07001,0.0025840000000000086,0.18962848297217486,0.03869969040247665,train
2023-11-08,short,08:05,1.06772,1.070258,1.0626440000000001,1.070258,15:50,1.06992,1.06812,0.002537999999999974,-0.9999999999999823,0.039401103230890876,train
2023-11-09,short,08:20,1.06955,1.072088,1.0644740000000001,1.072088,14:55,1.07159,1.07014,0.002537999999999974,-0.9999999999999823,0.039401103230890876,train
2023-11-10,long,08:25,1.06751,1.064972,1.0725859999999998,1.06848,20:50,1.0675,1.06629,0.002537999999999974,0.38219070133969557,0.039401103230890876,train
2023-11-13,long,08:30,1.0693,1.066782,1.074336,1.066782,13:10,1.06924,1.06811,0.002517999999999976,-1.0000000000000175,0.03971405877680737,train
2023-11-14,long,08:05,1.07028,1.0677619999999999,1.075316,1.075316,13:30,1.07023,1.06929,0.002517999999999976,2.000000000000035,0.03971405877680737,train
2023-11-17,short,08:05,1.08298,1.0854920000000001,1.0779560000000001,1.0854920000000001,09:10,1.0857,1.08479,0.0025119999999999813,-1.0000000000000353,0.039808917197452526,train
2023-11-20,long,10:00,1.09369,1.0911060000000001,1.0988580000000001,1.09434,20:50,1.09359,1.08975,0.0025840000000000086,0.2515479876161135,0.03869969040247665,train
2023-11-22,short,08:40,1.0894,1.091912,1.084376,1.08876,20:50,1.09229,1.08955,0.0025119999999999813,0.2547770700636858,0.039808917197452526,train
2023-11-23,long,08:35,1.09228,1.0897,1.09744,1.0897,13:10,1.09177,1.08878,0.0025799999999999825,-1.000000000000017,0.03875968992248088,train
2023-11-24,long,08:45,1.09147,1.08889,1.09663,1.09414,20:50,1.09121,1.0895,0.0025799999999999825,1.0348837209302202,0.03875968992248088,train
2023-11-28,short,08:05,1.09407,1.096486,1.0892380000000002,1.096486,13:40,1.09628,1.0946,0.0024159999999999737,-1.0,0.041390728476821646,train
2023-11-29,short,08:05,1.09897,1.101386,1.094138,1.09726,20:50,1.10172,1.09963,0.0024159999999999737,0.7077814569536917,0.041390728476821646,train
2023-11-30,short,08:05,1.09537,1.0976519999999999,1.090806,1.090806,14:00,1.09839,1.09651,0.002281999999999984,2.0000000000000195,0.04382120946538155,train
2023-12-01,short,08:35,1.08878,1.091062,1.084216,1.084216,14:55,1.09128,1.08916,0.002281999999999984,2.0000000000000195,0.04382120946538155,train
2023-12-04,short,08:05,1.08627,1.088552,1.081706,1.081706,15:20,1.08867,1.08666,0.002281999999999984,2.0000000000000195,0.04382120946538155,train
2023-12-05,short,08:05,1.08122,1.083666,1.0763280000000002,1.083666,09:00,1.08474,1.08317,0.002445999999999993,-0.9999999999999818,0.04088307440719554,train
2023-12-06,short,08:10,1.0787,1.081308,1.0734839999999999,1.07627,20:50,1.08018,1.07877,0.0026080000000000326,0.9317484662576311,0.03834355828220811,train
2023-12-07,long,08:05,1.07823,1.075622,1.0834460000000001,1.07986,20:50,1.07724,1.0757,0.0026080000000000326,0.625,0.03834355828220811,train
2023-12-08,short,08:05,1.07786,1.08041,1.07276,1.07276,13:30,1.08007,1.07789,0.002550000000000008,2.0000000000000346,0.039215686274509685,train
2023-12-11,short,08:05,1.07548,1.078088,1.0702639999999999,1.0764,20:50,1.0774,1.0761,0.0026080000000000326,-0.35276073619632686,0.03834355828220811,train
2023-12-12,long,08:15,1.07819,1.075582,1.083406,1.07951,20:50,1.078,1.07611,0.0026080000000000326,0.5061349693251423,0.03834355828220811,train
2023-12-15,short,08:20,1.09699,1.099696,1.0915779999999997,1.0915779999999997,13:35,1.10038,1.09768,0.002706000000000053,2.000000000000033,0.03695491500369477,train
2023-12-18,long,08:05,1.09202,1.089314,1.0974320000000002,1.09167,20:50,1.092,1.08938,0.002706000000000053,-0.12934220251295847,0.03695491500369477,train
2023-12-20,short,11:00,1.09526,1.098056,1.0896679999999999,1.09361,20:50,1.09794,1.09554,0.0027960000000000207,0.5901287553647773,0.03576537911301834,train
2023-12-26,short,08:55,1.10153,1.1042779999999999,1.096034,1.1042779999999999,19:35,1.10287,1.10156,0.0027480000000000174,-0.9999999999999838,0.03639010189228507,train
2023-12-27,long,08:20,1.10528,1.102532,1.110776,1.110776,15:00,1.10452,1.10286,0.0027480000000000174,1.9999999999999676,0.03639010189228507,train
2023-12-28,long,09:40,1.11364,1.110892,1.119136,1.110892,13:40,1.11225,1.11048,0.0027480000000000174,-0.9999999999999838,0.03639010189228507,train
2023-12-29,short,08:50,1.10592,1.10876,1.10024,1.10399,20:50,1.10842,1.10609,0.0028399999999999983,0.6795774647887283,0.035211267605633825,train
2024-01-02,short,11:00,1.1007,1.103448,1.095204,1.095204,13:20,1.10433,1.10167,0.0027480000000000174,1.9999999999999676,0.03639010189228507,train
2024-01-03,long,08:10,1.09637,1.093622,1.101866,1.093622,09:15,1.09628,1.09411,0.0027480000000000174,-0.9999999999999838,0.03639010189228507,train
2024-01-04,long,08:05,1.09371,1.090962,1.099206,1.09461,20:50,1.09346,1.0916,0.0027480000000000174,0.32751091703061036,0.03639010189228507,train
2024-01-05,short,08:05,1.09231,1.094992,1.0869459999999997,1.094992,14:45,1.09559,1.09247,0.002682000000000029,-1.0000000000000164,0.037285607755406014,train
2024-01-09,short,08:15,1.09427,1.09708,1.0886500000000001,1.09275,20:50,1.09664,1.0948,0.002810000000000024,0.5409252669038979,0.03558718861209934,train
2024-01-10,long,08:25,1.09388,1.091198,1.099244,1.0965,20:50,1.09364,1.09236,0.002682000000000029,0.9768829231916624,0.037285607755406014,train
2024-01-11,short,09:05,1.09718,1.0998620000000001,1.091816,1.0998620000000001,13:30,1.09886,1.09729,0.002682000000000029,-1.0000000000000164,0.037285607755406014,train
2024-01-12,short,08:05,1.09691,1.099644,1.091442,1.0953,20:50,1.09853,1.09725,0.002734000000000014,0.5888807607900889,0.03657644476956821,train
2024-01-15,short,10:15,1.09383,1.0963180000000001,1.088854,1.0951,20:50,1.09675,1.09408,0.0024880000000000015,-0.5104501607716566,0.04019292604501606,train
2024-01-16,short,08:05,1.09131,1.093562,1.086806,1.086806,14:50,1.09462,1.09124,0.0022520000000000096,2.0000000000000195,0.0444049733570158,train
2024-01-19,short,08:20,1.08732,1.089572,1.082816,1.089572,18:20,1.08897,1.08755,0.0022520000000000096,-0.9999999999999605,0.0444049733570158,train
2024-01-22,short,08:45,1.08893,1.0911819999999999,1.084426,1.08824,20:50,1.09096,1.08912,0.0022520000000000096,0.30639431616334567,0.0444049733570158,train
2024-01-23,short,11:00,1.08697,1.089214,1.082482,1.082482,15:40,1.09143,1.08758,0.0022440000000000016,2.0000000000000195,0.04456327985739748,train
2024-01-24,long,08:05,1.08776,1.0855080000000001,1.0922640000000001,1.0922640000000001,13:50,1.08666,1.08513,0.0022520000000000096,2.0000000000000195,0.0444049733570158,train
2024-01-25,long,08:10,1.08902,1.0866900000000002,1.0936800000000002,1.0866900000000002,13:55,1.08866,1.08701,0.002330000000000032,-0.9999999999999618,0.04291845493562173,train
2024-01-26,short,08:05,1.08187,1.0842,1.07721,1.0842,08:55,1.08488,1.08284,0.002330000000000032,-0.9999999999999618,0.04291845493562173,train
2024-01-29,short,08:05,1.08368,1.08601,1.0790199999999999,1.08303,20:50,1.08489,1.08392,0.002330000000000032,0.27896995708155814,0.04291845493562173,train
2024-01-31,short,08:05,1.08139,1.083642,1.076886,1.083642,09:30,1.08482,1.0815,0.0022520000000000096,-0.9999999999999605,0.0444049733570158,train
2024-02-01,short,08:05,1.07864,1.080892,1.074136,1.080892,11:35,1.08219,1.07937,0.0022520000000000096,-0.9999999999999605,0.0444049733570158,train
2024-02-02,long,08:10,1.08847,1.08614,1.0931300000000002,1.08614,13:30,1.08825,1.08701,0.002330000000000032,-0.9999999999999618,0.04291845493562173,train
2024-02-05,short,09:00,1.07669,1.0790199999999999,1.0720299999999998,1.07426,20:50,1.07848,1.07672,0.002330000000000032,1.0429184549355788,0.04291845493562173,train
2024-02-06,long,08:15,1.07569,1.07323,1.08061,1.07323,09:50,1.07542,1.0741,0.0024600000000000403,-1.000000000000036,0.040650406504064374,train
2024-02-07,long,08:05,1.07715,1.07469,1.08207,1.07719,20:50,1.07665,1.0756,0.0024600000000000403,0.016260162601642012,0.040650406504064374,train
2024-02-08,short,08:25,1.07738,1.0798400000000001,1.07246,1.07763,20:50,1.07884,1.07744,0.0024600000000000403,-0.10162601626019488,0.040650406504064374,train
2024-02-09,long,08:05,1.07818,1.075894,1.082752,1.07868,20:50,1.07787,1.07694,0.002286000000000055,0.21872265966760934,0.04374453193350726,train
2024-02-12,short,08:20,1.07878,1.081066,1.074208,1.07744,20:50,1.07998,1.07894,0.002286000000000055,0.5861767279090493,0.04374453193350726,train
2024-02-14,short,08:05,1.07027,1.072556,1.065698,1.072556,16:05,1.07187,1.07033,0.002286000000000055,-0.9999999999999805,0.04374453193350726,train
2024-02-20,long,10:40,1.08063,1.0783179999999999,1.0852540000000002,1.08111,20:50,1.07768,1.07616,0.0023120000000000475,0.20761245674741613,0.04325259515570846,train
2024-02-21,short,09:00,1.07988,1.082192,1.0752559999999998,1.082192,19:00,1.08192,1.08055,0.0023120000000000475,-1.000000000000019,0.04325259515570846,train
2024-02-22,long,08:05,1.08567,1.083478,1.090054,1.083478,13:30,1.084,1.0819,0.0021920000000000607,-0.9999999999999595,0.045620437956203116,train
2024-02-23,long,08:15,1.08321,1.081018,1.0875940000000002,1.08218,20:50,1.08319,1.08151,0.0021920000000000607,-0.46989051094893153,0.045620437956203116,train
2024-02-26,long,08:05,1.08284,1.080764,1.086992,1.0851,20:50,1.08256,1.08127,0.0020760000000000114,1.0886319845857015,0.04816955684007681,train
2024-02-27,long,08:20,1.08564,1.0836999999999999,1.0895199999999998,1.0836999999999999,14:40,1.08554,1.08455,0.001939999999999964,-1.0000000000000457,0.051546391752578274,train
2024-02-28,short,08:10,1.08207,1.0840100000000001,1.0781900000000002,1.0840100000000001,16:55,1.08456,1.0822,0.001939999999999964,-1.0000000000000457,0.051546391752578274,train
2024-02-29,long,08:15,1.08406,1.082132,1.087916,1.082132,15:50,1.08402,1.08279,0.0019280000000000187,-0.9999999999999539,0.05186721991701195,train
2024-03-01,short,10:15,1.08049,1.0824179999999999,1.0766339999999999,1.0824179999999999,12:20,1.08218,1.08052,0.0019280000000000187,-0.9999999999999539,0.05186721991701195,train
2024-03-04,long,08:05,1.08575,1.083864,1.089522,1.083864,08:30,1.08481,1.08386,0.00188600000000001,-1.0000000000000235,0.05302226935312803,train
2024-03-05,short,08:50,1.08445,1.086292,1.080766,1.086292,15:00,1.08552,1.08446,0.0018420000000000326,-1.0000000000000482,0.054288816503799256,train
2024-03-06,long,08:05,1.0862,1.084358,1.089884,1.089884,15:50,1.08606,1.08421,0.0018420000000000326,1.9999999999999758,0.054288816503799256,train
2024-03-07,short,08:05,1.08929,1.0911760000000001,1.085518,1.0911760000000001,14:55,1.09073,1.08936,0.00188600000000001,-1.0000000000000235,0.05302226935312803,train
2024-03-08,short,08:05,1.09323,1.095152,1.0893859999999997,1.095152,13:30,1.09556,1.09442,0.0019220000000000682,-0.9999999999999537,0.05202913631633531,train
2024-03-13,long,08:45,1.09316,1.0913179999999998,1.096844,1.09477,20:50,1.09308,1.09221,0.0018420000000000326,0.8740499457112284,0.054288816503799256,train
2024-03-14,short,08:10,1.09369,1.0955320000000002,1.090006,1.090006,14:45,1.09547,1.0937,0.0018420000000000326,1.9999999999999758,0.054288816503799256,train
2024-03-15,long,09:15,1.08866,1.0868179999999998,1.092344,1.08886,20:50,1.08844,1.08728,0.0018420000000000326,0.10857763300758655,0.054288816503799256,train
2024-03-18,long,08:05,1.08924,1.087466,1.092788,1.087466,16:15,1.08917,1.08804,0.0017740000000000312,-0.9999999999999499,0.05636978579481299,train
2024-03-19,short,08:05,1.08518,1.086954,1.081632,1.08654,20:50,1.08765,1.0862,0.0017740000000000312,-0.7666290868094724,0.05636978579481299,train
2024-03-20,short,08:10,1.08582,1.087528,1.082404,1.087528,18:00,1.08711,1.08583,0.0017080000000000428,-1.0,0.05854800936768004,train
2024-03-21,short,08:05,1.09265,1.0944239999999998,1.0891019999999998,1.0891019999999998,08:50,1.09388,1.09307,0.0017740000000000312,2.000000000000025,0.05636978579481299,train
2024-03-22,short,08:05,1.08236,1.084134,1.0788119999999999,1.08086,20:50,1.0868,1.0827,0.0017740000000000312,0.8455467869222268,0.05636978579481299,train
2024-03-26,long,09:45,1.08526,1.083486,1.088808,1.083486,15:40,1.08519,1.08357,0.0017740000000000312,-0.9999999999999499,0.05636978579481299,train
2024-03-27,long,09:10,1.08342,1.081646,1.0869680000000002,1.081646,12:10,1.08326,1.08204,0.0017740000000000312,-0.9999999999999499,0.05636978579481299,train
2024-03-28,short,08:05,1.07965,1.081358,1.076234,1.081358,13:00,1.08266,1.08081,0.0017080000000000428,-1.0,0.05854800936768004,train
2024-03-29,short,08:20,1.07722,1.078928,1.073804,1.078928,11:20,1.0791,1.07738,0.0017080000000000428,-1.0,0.05854800936768004,train
2024-04-03,short,08:10,1.0765,1.078402,1.0726959999999999,1.078402,12:10,1.07794,1.07658,0.001902000000000026,-1.0000000000000233,0.05257623554153451,train
2024-04-04,long,08:20,1.08496,1.0830579999999999,1.088764,1.08382,20:50,1.08464,1.08347,0.001902000000000026,-0.5993690851734507,0.05257623554153451,train
2024-04-08,short,10:15,1.08223,1.083966,1.0787579999999999,1.083966,14:00,1.08433,1.08231,0.0017360000000000487,-0.9999999999999488,0.057603686635943084,train
2024-04-09,short,08:05,1.08532,1.087056,1.081848,1.087056,11:55,1.08635,1.08539,0.0017360000000000487,-0.9999999999999488,0.057603686635943084,train
2024-04-11,short,08:05,1.07308,1.074974,1.069292,1.074974,09:40,1.07489,1.07382,0.001894000000000018,-1.0000000000000233,0.05279831045406497,train
2024-04-12,short,08:05,1.06855,1.0704440000000002,1.064762,1.064762,11:45,1.07282,1.07105,0.001894000000000018,2.0000000000000466,0.05279831045406497,train
2024-04-17,long,09:25,1.06433,1.06219,1.06861,1.06703,20:50,1.06356,1.06098,0.0021400000000000308,1.261682242990601,0.046728971962616155,train
2024-04-18,long,08:45,1.06855,1.06641,1.0728300000000002,1.06641,13:30,1.0684,1.06641,0.0021400000000000308,-1.0,0.046728971962616155,train
2024-04-19,long,08:05,1.06464,1.06256,1.0688,1.06529,20:50,1.06446,1.06105,0.002079999999999993,0.31250000000002004,0.048076923076923246,train
2024-04-22,short,09:15,1.06521,1.06729,1.06105,1.06521,20:50,1.06705,1.06528,0.002079999999999993,-0.0,0.048076923076923246,train
2024-04-23,short,08:05,1.06466,1.06674,1.0605,1.06674,08:25,1.06606,1.06496,0.002079999999999993,-1.0000000000000426,0.048076923076923246,train
2024-04-24,short,08:05,1.06941,1.07155,1.06513,1.07017,20:50,1.07142,1.06996,0.0021400000000000308,-0.35514018691592664,0.046728971962616155,train
2024-04-25,long,08:05,1.07183,1.06969,1.0761100000000001,1.06969,13:30,1.0713,1.06967,0.0021400000000000308,-1.0,0.046728971962616155,train
2024-04-26,long,08:05,1.07352,1.071302,1.0779560000000001,1.071302,13:10,1.07302,1.07186,0.0022180000000000533,-1.0,0.04508566275924148,train
2024-04-30,long,10:05,1.07237,1.070152,1.0768060000000002,1.070152,13:30,1.07193,1.06951,0.0022180000000000533,-1.0,0.04508566275924148,train
2024-05-01,long,10:50,1.06697,1.0647,1.07151,1.07151,19:40,1.06676,1.06541,0.0022699999999999942,2.0,0.04405286343612346,train
2024-05-03,long,09:05,1.07408,1.07181,1.07862,1.07862,13:30,1.07394,1.07244,0.0022699999999999942,2.0,0.04405286343612346,train
2024-05-08,short,09:05,1.07366,1.076044,1.0688920000000002,1.07443,20:50,1.07543,1.07379,0.0023839999999999864,-0.3229865771811836,0.04194630872483246,train
2024-05-09,short,08:05,1.07379,1.07605,1.0692700000000002,1.07605,13:40,1.07516,1.0742,0.0022599999999999734,-0.9999999999999802,0.04424778761061999,train
2024-05-13,long,08:30,1.07762,1.075452,1.081956,1.07874,20:50,1.07753,1.07658,0.0021679999999999924,0.5166051660516668,0.04612546125461271,train
2024-05-14,short,09:10,1.07819,1.080358,1.073854,1.080358,13:40,1.07937,1.07837,0.0021679999999999924,-0.9999999999999793,0.04612546125461271,train
2024-05-15,long,08:05,1.08312,1.080826,1.0877080000000001,1.0877080000000001,18:10,1.0828,1.0813,0.0022940000000000182,2.0,0.0435919790758497,train
2024-05-16,short,08:05,1.08761,1.089904,1.083022,1.08686,20:50,1.08951,1.08793,0.0022940000000000182,0.3269398430688851,0.0435919790758497,train
2024-05-17,short,09:10,1.08514,1.087434,1.080552,1.087434,15:45,1.08688,1.08543,0.0022940000000000182,-1.0,0.0435919790758497,train
2024-05-20,short,10:40,1.08673,1.08878,1.08263,1.08602,20:50,1.08827,1.08689,0.0020500000000000184,0.3463414634146254,0.04878048780487761,train
2024-05-21,long,08:05,1.0862,1.0842100000000001,1.09018,1.08552,20:50,1.08618,1.08508,0.001989999999999981,-0.3417085427135781,0.050251256281407516,train
2024-05-22,short,10:05,1.08487,1.0866,1.08141,1.08215,20:50,1.08634,1.0852,0.001729999999999965,1.5722543352601797,0.05780346820809366,train
2024-05-23,short,08:20,1.0818,1.0835940000000002,1.0782120000000002,1.0835940000000002,09:05,1.08323,1.08218,0.0017939999999999846,-1.0000000000000495,0.055741360089186655,train
2024-05-24,long,08:05,1.08165,1.079856,1.085238,1.085238,13:50,1.08151,1.08055,0.0017939999999999846,1.9999999999999751,0.055741360089186655,train
2024-05-27,short,09:05,1.08455,1.086344,1.080962,1.086344,10:55,1.08521,1.08461,0.0017939999999999846,-1.0000000000000495,0.055741360089186655,train
2024-05-29,short,09:05,1.08381,1.085488,1.080454,1.085488,10:50,1.08571,1.08439,0.0016779999999999796,-1.0000000000000528,0.05959475566150251,train
2024-05-30,long,10:40,1.08123,1.0795519999999998,1.0845859999999998,1.08297,20:50,1.08044,1.07882,0.0016779999999999796,1.0369487485101883,0.05959475566150251,train
2024-05-31,long,10:00,1.0834,1.0817219999999999,1.0867559999999998,1.0867559999999998,13:35,1.08336,1.0811,0.0016779999999999796,1.9999999999999734,0.05959475566150251,train
2024-06-03,short,08:20,1.08482,1.086498,1.081464,1.086498,15:00,1.08587,1.08483,0.0016779999999999796,-1.0000000000000528,0.05959475566150251,train
2024-06-04,short,08:05,1.08959,1.09137,1.08603,1.08603,12:50,1.09159,1.09025,0.0017799999999999817,2.000000000000025,0.05617977528089946,train
2024-06-05,short,08:05,1.08757,1.089538,1.083634,1.0874,20:50,1.08862,1.08759,0.0019680000000000144,0.08638211382113935,0.05081300813008093,train
2024-06-11,short,09:30,1.07588,1.077906,1.0718279999999998,1.07425,20:50,1.07706,1.07611,0.002026000000000039,0.8045409674234891,0.04935834155972264,train
2024-06-12,long,09:45,1.075,1.0729739999999999,1.0790520000000001,1.0790520000000001,13:30,1.07461,1.07345,0.002026000000000039,2.0000000000000435,0.04935834155972264,train
2024-06-14,short,08:05,1.07268,1.0748080000000002,1.068424,1.068424,10:10,1.0745,1.07301,0.002128000000000041,1.9999999999999791,0.04699248120300662,train
2024-06-17,short,08:05,1.06987,1.072078,1.0654540000000001,1.072078,14:15,1.07074,1.06987,0.0022080000000000324,-0.9999999999999798,0.0452898550724631,train
2024-06-18,short,09:55,1.07169,1.073898,1.067274,1.073898,14:40,1.07411,1.07182,0.0022080000000000324,-0.9999999999999798,0.0452898550724631,train
2024-06-19,short,08:05,1.07347,1.075678,1.069054,1.07456,20:50,1.07424,1.07351,0.0022080000000000324,-0.49365942028986387,0.0452898550724631,train
2024-06-20,short,08:15,1.07309,1.075298,1.0686740000000001,1.07066,20:50,1.07488,1.07371,0.0022080000000000324,1.1005434782609234,0.0452898550724631,train
2024-06-21,short,08:20,1.0697,1.0718280000000002,1.065444,1.06935,20:50,1.07198,1.0702,0.002128000000000041,0.16447368421055722,0.04699248120300662,train
2024-06-24,long,08:05,1.0707,1.06859,1.07492,1.07359,20:50,1.06995,1.06837,0.002110000000000012,1.3696682464455179,0.047393364928909686,train
2024-06-25,short,08:10,1.07298,1.075196,1.068548,1.07171,20:50,1.07443,1.07307,0.0022160000000000404,0.5731046931408309,0.045126353790612896,train
2024-06-26,short,08:05,1.0694,1.071616,1.064968,1.06809,20:50,1.07179,1.07022,0.0022160000000000404,0.5911552346569939,0.045126353790612896,train
2024-07-01,long,08:05,1.07675,1.0746820000000001,1.080886,1.0746820000000001,12:25,1.07621,1.07338,0.0020680000000000034,-0.9999999999999784,0.04835589941972913,test
2024-07-02,short,08:05,1.07259,1.074658,1.068454,1.074658,14:40,1.07386,1.07268,0.0020680000000000034,-0.9999999999999784,0.04835589941972913,test
2024-07-03,long,08:30,1.0755,1.073446,1.079608,1.079608,15:00,1.07543,1.07363,0.0020540000000000003,2.0,0.0486854917234664,test
2024-07-04,long,10:30,1.07983,1.077762,1.083966,1.08131,20:50,1.0795,1.07835,0.0020680000000000034,0.7156673114119552,0.04835589941972913,test
2024-07-05,long,08:50,1.08252,1.080452,1.0866559999999998,1.080452,13:30,1.08246,1.08092,0.0020680000000000034,-0.9999999999999784,0.04835589941972913,test
2024-07-08,long,09:00,1.08369,1.081636,1.087798,1.08253,20:50,1.08362,1.0819,0.0020540000000000003,-0.5647517039922345,0.0486854917234664,test
2024-07-09,short,08:50,1.08191,1.083964,1.077802,1.08159,20:50,1.08334,1.08191,0.0020540000000000003,0.1557935735150321,0.0486854917234664,test
2024-07-10,long,08:05,1.08234,1.080322,1.0863760000000002,1.08291,20:50,1.08212,1.0811,0.002018000000000031,0.2824578790881817,0.04955401387512313,test
2024-07-11,long,10:10,1.08511,1.083132,1.089066,1.089066,13:30,1.08401,1.08309,0.0019780000000000353,2.0,0.050556117290191216,test
2024-07-12,long,09:50,1.08829,1.086312,1.092246,1.0906,20:50,1.08746,1.08634,0.0019780000000000353,1.1678463094034344,0.050556117290191216,test
2024-07-15,long,09:15,1.09021,1.088234,1.0941619999999999,1.08971,20:50,1.0896,1.08831,0.0019760000000000224,-0.2530364372469328,0.05060728744939214,test
2024-07-16,long,09:00,1.08992,1.088012,1.093736,1.088012,13:45,1.08987,1.0887,0.0019080000000000208,-1.0,0.05241090146750467,test
2024-07-17,long,08:50,1.09076,1.08893,1.09442,1.09442,10:00,1.0907,1.08954,0.0018299999999999983,2.0,0.05464480874316945,test
2024-07-18,short,08:20,1.09305,1.094958,1.089234,1.08952,20:50,1.0941,1.09317,0.0019080000000000208,1.8501048218029321,0.05241090146750467,test
2024-07-19,short,08:15,1.08822,1.090154,1.084352,1.0878,20:50,1.09018,1.08845,0.0019340000000000136,0.21716649431223473,0.05170630816959633,test
2024-07-23,short,08:05,1.08853,1.090238,1.085114,1.085114,14:25,1.08968,1.08869,0.0017079999999999986,2.000000000000052,0.05854800936768155,test
2024-07-24,short,08:35,1.08348,1.085188,1.080064,1.085188,13:45,1.08532,1.08417,0.0017079999999999986,-1.000000000000026,0.05854800936768155,test
2024-07-25,short,08:05,1.0832,1.0848019999999998,1.079996,1.0848019999999998,08:50,1.08456,1.0835,0.0016019999999999702,-0.9999999999999445,0.06242197253433325,test
2024-07-29,short,08:20,1.08504,1.0866419999999999,1.081836,1.081836,12:55,1.08699,1.08508,0.0016019999999999702,2.0000000000000275,0.06242197253433325,test
2024-07-30,long,09:10,1.08258,1.0809780000000002,1.085784,1.0809780000000002,13:35,1.08252,1.08142,0.0016019999999999702,-0.9999999999999445,0.06242197253433325,test
2024-08-01,short,08:05,1.08145,1.083052,1.078246,1.078246,09:15,1.08355,1.08218,0.0016019999999999702,2.0000000000000275,0.06242197253433325,test
2024-08-02,long,09:05,1.08078,1.0791300000000001,1.08408,1.08408,13:30,1.08041,1.07818,0.0016499999999999738,1.999999999999946,0.06060606060606157,test
2024-08-06,short,08:05,1.09356,1.095342,1.0899960000000002,1.09267,20:50,1.0963,1.09437,0.0017819999999999947,0.4994388327721998,0.05611672278338962,test
2024-08-08,long,08:05,1.09438,1.0924779999999998,1.098184,1.0924779999999998,11:05,1.09377,1.09235,0.001902000000000026,-1.0000000000000233,0.05257623554153451,test
2024-08-09,long,08:05,1.0927,1.090798,1.0965040000000001,1.09183,20:50,1.09245,1.09115,0.001902000000000026,-0.4574132492113115,0.05257623554153451,test
2024-08-12,long,08:10,1.09233,1.090548,1.095894,1.09303,20:50,1.09231,1.09117,0.0017819999999999947,0.39281705948368406,0.05611672278338962,test
2024-08-13,short,08:45,1.09288,1.094662,1.0893160000000002,1.094662,13:40,1.09412,1.09294,0.0017819999999999947,-0.999999999999975,0.05611672278338962,test
2024-08-14,long,08:10,1.09985,1.097948,1.1036540000000001,1.1036540000000001,14:05,1.09984,1.09885,0.001902000000000026,2.0000000000000466,0.05257623554153451,test
2024-08-21,short,08:45,1.11162,1.113892,1.107076,1.113892,16:25,1.11327,1.11163,0.0022720000000000075,-1.0000000000000195,0.04401408450704211,test
2024-08-22,short,08:35,1.11285,1.1151959999999999,1.108158,1.11061,20:50,1.11583,1.11404,0.002346000000000004,0.9548167092923248,0.042625745950554066,test
2024-08-23,long,08:05,1.11297,1.110558,1.117794,1.110558,14:30,1.11289,1.11129,0.0024119999999999923,-1.0000000000000366,0.04145936981757891,test
2024-08-26,short,08:30,1.11768,1.12018,1.1126800000000001,1.11616,20:50,1.12018,1.11775,0.0024999999999999914,0.6079999999999884,0.04000000000000014,test
2024-08-27,long,10:20,1.11779,1.115378,1.122614,1.115378,13:20,1.11726,1.11597,0.0024119999999999923,-1.0000000000000366,0.04145936981757891,test
2024-08-29,short,08:05,1.11222,1.11472,1.10722,1.10722,09:20,1.11381,1.11228,0.0024999999999999914,1.9999999999999643,0.04000000000000014,test
2024-08-30,long,08:35,1.10867,1.106122,1.113766,1.106122,13:50,1.10832,1.10698,0.0025479999999999947,-1.0,0.03924646781789647,test
2024-09-02,long,08:05,1.10651,1.1040100000000002,1.11151,1.10722,20:50,1.10566,1.10419,0.0024999999999999914,0.28399999999999637,0.04000000000000014,test
2024-09-03,short,10:10,1.10388,1.106292,1.099056,1.106292,14:30,1.10703,1.10539,0.0024119999999999923,-1.0000000000000366,0.04145936981757891,test
2024-09-04,long,08:30,1.10601,1.103672,1.1106859999999998,1.10814,20:50,1.106,1.10451,0.002337999999999996,0.9110350727117061,0.04277159965782728,test
2024-09-05,long,08:15,1.10859,1.106252,1.1132659999999999,1.11042,20:50,1.10856,1.10747,0.002337999999999996,0.7827202737382385,0.04277159965782728,test
2024-09-06,long,08:05,1.11187,1.109654,1.116302,1.109654,13:30,1.11186,1.11086,0.0022159999999999958,-1.0,0.045126353790613805,test
2024-09-09,short,08:05,1.10575,1.108088,1.101074,1.10388,20:50,1.10911,1.10688,0.002337999999999996,0.7998289136013865,0.04277159965782728,test
2024-09-10,long,08:10,1.10447,1.1021,1.10921,1.1021,14:50,1.10428,1.10283,0.0023699999999999832,-1.0,0.04219409282700452,test
2024-09-13,long,08:55,1.10916,1.106944,1.113592,1.10777,20:50,1.10901,1.10717,0.0022159999999999958,-0.6272563176895329,0.045126353790613805,test
2024-09-16,long,08:05,1.11107,1.108854,1.115502,1.11284,20:50,1.11049,1.1085,0.0022159999999999958,0.7987364620938866,0.045126353790613805,test
2024-09-17,short,08:10,1.11206,1.114224,1.1077320000000002,1.114224,09:50,1.11313,1.11218,0.002163999999999966,-1.000000000000041,0.04621072088724657,test
2024-09-19,long,08:05,1.11487,1.1127580000000001,1.119094,1.1127580000000001,13:45,1.11314,1.10684,0.0021119999999999806,-0.9999999999999579,0.047348484848485285,test
2024-09-20,long,08:05,1.11745,1.1153380000000002,1.121674,1.1153380000000002,09:15,1.11693,1.11573,0.0021119999999999806,-0.9999999999999579,0.047348484848485285,test
2024-09-23,short,08:05,1.11509,1.1171799999999998,1.1109099999999998,1.1109099999999998,08:30,1.11673,1.11558,0.002090000000000014,2.0000000000000213,0.04784688995215279,test
2024-09-24,long,09:55,1.1143,1.1121880000000002,1.118524,1.1176,20:50,1.11196,1.11034,0.0021119999999999806,1.5624999999999474,0.047348484848485285,test
2024-09-25,short,10:20,1.11797,1.120134,1.113642,1.120134,13:30,1.11988,1.11833,0.002163999999999966,-1.000000000000041,0.04621072088724657,test
2024-09-26,long,08:05,1.11568,1.113516,1.120008,1.113516,08:55,1.1152,1.11289,0.002163999999999966,-1.000000000000041,0.04621072088724657,test
2024-09-27,short,08:05,1.11403,1.1161940000000001,1.1097020000000002,1.1161940000000001,11:00,1.11776,1.11586,0.002163999999999966,-1.000000000000041,0.04621072088724657,test
2024-09-30,long,09:05,1.11788,1.115632,1.122376,1.115632,15:25,1.11739,1.11562,0.0022479999999999835,-1.0000000000000198,0.044483985765124884,test
2024-10-01,short,08:10,1.11129,1.1137039999999998,1.106462,1.106462,14:35,1.11441,1.11273,0.002413999999999961,1.999999999999963,0.04142502071251103,test
2024-10-04,short,10:25,1.1023,1.104896,1.0971080000000002,1.0971080000000002,13:30,1.10398,1.10253,0.0025959999999999542,1.9999999999999827,0.03852080123266632,test
2024-10-07,short,08:20,1.09628,1.098876,1.091088,1.09708,20:50,1.09778,1.09644,0.0025959999999999542,-0.30816640986138216,0.03852080123266632,test
2024-10-08,long,08:40,1.09873,1.096134,1.1039219999999998,1.096134,16:30,1.0987,1.09727,0.0025959999999999542,-1.000000000000034,0.03852080123266632,test
2024-10-09,short,08:05,1.09604,1.098636,1.090848,1.09382,20:50,1.0981,1.09621,0.0025959999999999542,0.8551617873651494,0.03852080123266632,test
2024-10-10,short,08:05,1.09364,1.096236,1.088448,1.09332,20:50,1.09462,1.09372,0.0025959999999999542,0.12326656394448443,0.03852080123266632,test
2024-10-11,long,09:00,1.09447,1.092108,1.099194,1.09352,20:50,1.09409,1.09296,0.0023619999999999752,-0.40220152413209836,0.042337002540220596,test
2024-10-14,long,08:40,1.09301,1.090648,1.097734,1.090648,14:05,1.09293,1.09154,0.0023619999999999752,-1.0,0.042337002540220596,test
2024-10-15,short,08:10,1.08878,1.091142,1.0840560000000001,1.091142,09:45,1.09105,1.08882,0.0023619999999999752,-1.0,0.042337002540220596,test
2024-10-16,short,08:05,1.08778,1.090142,1.083056,1.08573,20:50,1.08956,1.08821,0.0023619999999999752,0.8679085520744736,0.042337002540220596,test
2024-10-17,short,08:05,1.08498,1.08708,1.08078,1.08708,13:15,1.08652,1.08513,0.0021000000000000354,-0.9999999999999787,0.04761904761904682,test
2024-10-21,short,08:05,1.08507,1.08717,1.08087,1.0815,20:50,1.08699,1.08584,0.0021000000000000354,1.7000000000000062,0.04761904761904682,test
2024-10-22,long,08:05,1.08238,1.08028,1.0865799999999999,1.08028,14:40,1.08236,1.08141,0.0021000000000000354,-0.9999999999999787,0.04761904761904682,test
2024-10-23,short,08:05,1.0787,1.08068,1.0747399999999998,1.07864,20:50,1.08067,1.07923,0.0019800000000000486,0.030303030303003794,0.05050505050504927,test
2024-10-24,short,08:20,1.07769,1.079626,1.073818,1.079626,08:30,1.07936,1.07794,0.0019360000000000267,-0.999999999999954,0.051652892561982765,test
2024-10-25,short,08:05,1.08184,1.0837759999999999,1.0779679999999998,1.0837759999999999,13:40,1.08277,1.08201,0.0019360000000000267,-0.999999999999954,0.051652892561982765,test
2024-10-28,long,08:05,1.0803,1.078406,1.0840880000000002,1.08128,20:50,1.08014,1.07821,0.001894000000000018,0.5174234424498266,0.05279831045406497,test
2024-10-29,short,10:55,1.0806,1.082444,1.0769119999999999,1.0769119999999999,13:05,1.08195,1.08062,0.0018440000000000457,2.000000000000024,0.05422993492407675,test
2024-10-30,long,08:10,1.08327,1.081426,1.086958,1.081426,12:15,1.08263,1.08132,0.0018440000000000457,-0.9999999999999518,0.05422993492407675,test
2024-11-01,short,08:05,1.08667,1.088514,1.082982,1.088514,12:30,1.08889,1.08709,0.0018440000000000457,-0.9999999999999518,0.05422993492407675,test
2024-11-05,long,08:05,1.08867,1.086826,1.0923580000000002,1.0923580000000002,17:10,1.08824,1.08726,0.0018440000000000457,2.000000000000024,0.05422993492407675,test
2024-11-07,long,08:10,1.07561,1.073674,1.079482,1.079482,14:25,1.07507,1.07129,0.0019360000000000267,2.0000000000000226,0.051652892561982765,test
2024-11-08,short,08:05,1.07687,1.078806,1.072998,1.078806,09:05,1.07975,1.07729,0.0019360000000000267,-0.999999999999954,0.051652892561982765,test
2024-11-11,short,08:05,1.06913,1.071254,1.0648819999999999,1.0648819999999999,13:15,1.07279,1.07079,0.0021240000000000148,2.0,0.04708097928436879,test
2024-11-12,short,08:05,1.06272,1.065042,1.0580760000000002,1.06185,20:50,1.06631,1.06295,0.00232199999999998,0.3746770025840465,0.043066322136089956,test
2024-11-13,short,08:05,1.0603,1.062646,1.055608,1.062646,09:30,1.06293,1.06074,0.0023459999999999592,-1.0,0.04262574595055488,test
2024-11-15,long,08:35,1.05639,1.053944,1.0612819999999998,1.053944,14:30,1.05612,1.05237,0.002445999999999993,-0.9999999999999818,0.04088307440719554,test
2024-11-18,long,08:30,1.05535,1.0528,1.0604500000000001,1.0604500000000001,19:05,1.05507,1.05303,0.0025500000000000522,2.0,0.039215686274509005,test
2024-11-19,short,08:05,1.0581,1.0607460000000002,1.052808,1.052808,09:20,1.06008,1.05827,0.0026460000000000598,1.999999999999983,0.03779289493575123,test
2024-11-20,short,08:05,1.05726,1.060102,1.051576,1.051576,16:05,1.06099,1.0583,0.002842000000000011,2.0,0.0351864883884587,test
2024-11-21,short,08:05,1.05384,1.0568460000000002,1.0478280000000002,1.0478280000000002,16:15,1.0555,1.05421,0.0030059999999999757,1.999999999999985,0.03326679973386587,test
2024-11-22,long,08:05,1.04904,1.04597,1.05518,1.04597,08:45,1.04783,1.04614,0.003069999999999995,-0.999999999999971,0.032573289902280186,test
2024-11-25,short,08:05,1.04544,1.048528,1.039264,1.048528,09:00,1.04901,1.04736,0.0030879999999999797,-1.0,0.03238341968911938,test
2024-11-26,long,09:05,1.05084,1.047664,1.057192,1.047664,16:05,1.04906,1.04251,0.003175999999999979,-1.0000000000000278,0.03148614609571809,test
2024-11-27,long,08:05,1.05,1.046642,1.056716,1.056716,13:55,1.04966,1.04744,0.003358000000000017,1.9999999999999734,0.02977963073257877,test
2024-11-28,short,08:05,1.053,1.0565879999999999,1.0458239999999999,1.05542,20:50,1.05628,1.05428,0.0035880000000000135,-0.674470457079175,0.027870680044592984,test
2024-12-02,short,08:05,1.04984,1.053428,1.042664,1.053428,12:10,1.05464,1.05152,0.0035880000000000135,-0.9999999999999752,0.027870680044592984,test
2024-12-03,long,08:05,1.05084,1.047252,1.058016,1.05094,20:50,1.05014,1.04809,0.0035880000000000135,0.027870680044589913,0.027870680044592984,test
2024-12-04,short,09:05,1.04863,1.0522179999999999,1.0414539999999999,1.0522179999999999,15:10,1.05291,1.04881,0.0035880000000000135,-0.9999999999999752,0.027870680044592984,test
2024-12-05,long,08:05,1.05434,1.050892,1.061236,1.05816,20:50,1.05299,1.05082,0.003448000000000029,1.107888631090459,0.029002320185614605,test
2024-12-06,long,08:10,1.05927,1.0559239999999999,1.065962,1.0559239999999999,15:10,1.05866,1.0566,0.003346000000000027,-1.0000000000000133,0.029886431560071487,test
2024-12-09,long,10:25,1.05814,1.054794,1.0648320000000002,1.054794,20:25,1.05659,1.05322,0.003346000000000027,-1.0000000000000133,0.029886431560071487,test
2024-12-10,short,08:15,1.05425,1.0575059999999998,1.047738,1.05262,20:50,1.05683,1.05452,0.0032559999999999703,0.5006142506142615,0.030712530712530994,test
2024-12-11,short,08:05,1.04977,1.053026,1.0432580000000002,1.053026,13:30,1.05394,1.05205,0.0032559999999999703,-0.9999999999999862,0.030712530712530994,test
2024-12-12,long,08:10,1.05161,1.048434,1.0579619999999998,1.048434,13:10,1.05142,1.05009,0.0031759999999999345,-0.999999999999972,0.03148614609571854,test
2024-12-13,long,10:00,1.04878,1.045692,1.054956,1.04962,20:50,1.04807,1.04564,0.0030879999999999797,0.27202072538858724,0.03238341968911938,test
2024-12-16,short,08:05,1.0508,1.053888,1.044624,1.05081,20:50,1.0523,1.05092,0.0030879999999999797,-0.0032383419689331534,0.03238341968911938,test
2024-12-17,short,08:10,1.04965,1.052638,1.043674,1.04872,20:50,1.05342,1.04976,0.0029879999999999464,0.31124497991964256,0.03346720214190154,test
2024-12-18,short,08:10,1.04924,1.0521019999999999,1.043516,1.043516,19:00,1.05119,1.04929,0.002861999999999965,1.9999999999999687,0.03494060097833726,test
2024-12-19,long,08:10,1.0401,1.037238,1.0458239999999999,1.037238,16:10,1.03907,1.03505,0.002861999999999965,-0.9999999999999843,0.03494060097833726,test
2024-12-20,long,08:05,1.03818,1.03532,1.0439,1.0439,17:10,1.03775,1.0343,0.0028599999999999962,1.9999999999999842,0.034965034965035016,test
2024-12-23,short,08:05,1.04154,1.0444,1.03582,1.04072,20:50,1.04454,1.04267,0.0028599999999999962,0.28671328671322444,0.034965034965035016,test
2024-12-27,long,08:15,1.04246,1.039858,1.047664,1.0426,20:50,1.04239,1.04068,0.002601999999999993,0.05380476556496132,0.038431975403535844,test
2024-12-30,short,08:25,1.04197,1.044572,1.036766,1.044572,11:20,1.04316,1.04211,0.002601999999999993,-1.0,0.038431975403535844,test
2024-12-31,long,09:00,1.04182,1.039072,1.047316,1.039072,13:05,1.04148,1.03971,0.0027479999999999727,-1.0,0.03639010189228566,test
2025-01-02,short,10:35,1.03428,1.037028,1.0287840000000001,1.0287840000000001,15:25,1.03755,1.03446,0.0027479999999999727,2.0,0.03639010189228566,test
2025-01-03,long,08:05,1.02858,1.0257640000000001,1.034212,1.03055,20:50,1.02793,1.02647,0.0028159999999999743,0.6995738636363797,0.03551136363636396,test
2025-01-06,long,08:05,1.03338,1.030632,1.038876,1.038876,11:10,1.03183,1.02956,0.0027479999999999727,2.0,0.03639010189228566,test
2025-01-07,long,08:05,1.04186,1.039112,1.047356,1.039112,12:45,1.04045,1.03761,0.0027479999999999727,-1.0,0.03639010189228566,test
2025-01-08,short,08:05,1.03295,1.035698,1.027454,1.027454,11:40,1.03577,1.03416,0.0027479999999999727,2.0,0.03639010189228566,test
2025-01-09,short,08:05,1.0285,1.031316,1.022868,1.031316,09:15,1.03215,1.02971,0.0028159999999999743,-0.9999999999999841,0.03551136363636396,test
2025-01-10,long,08:40,1.03068,1.0279040000000002,1.036232,1.0279040000000002,13:30,1.03045,1.02812,0.0027759999999999786,-0.999999999999968,0.036023054755043506,test
2025-01-13,short,09:25,1.01926,1.0221200000000001,1.01354,1.0221200000000001,18:45,1.02499,1.02079,0.0028599999999999962,-1.0000000000000309,0.034965034965035016,test
2025-01-14,long,08:20,1.02656,1.0236759999999998,1.032328,1.03037,20:50,1.02639,1.02384,0.0028840000000000202,1.321081830790591,0.03467406380027715,test
2025-01-15,long,08:05,1.03106,1.028176,1.036828,1.028176,16:30,1.03062,1.02917,0.0028840000000000202,-1.0000000000000306,0.03467406380027715,test
2025-01-21,short,09:45,1.03461,1.037662,1.028506,1.037662,13:50,1.04345,1.03524,0.0030520000000000547,-1.0,0.03276539973787622,test
2025-01-23,short,08:05,1.03953,1.0425820000000001,1.033426,1.0425820000000001,16:45,1.0416,1.03969,0.0030520000000000547,-1.0,0.03276539973787622,test
2025-01-24,long,08:15,1.04772,1.044668,1.053824,1.04921,20:50,1.04708,1.04117,0.0030520000000000547,0.48820445609435276,0.03276539973787622,test
2025-01-27,long,09:00,1.04878,1.045482,1.055376,1.0489,20:50,1.04788,1.04559,0.003298000000000068,0.036385688295905244,0.030321406913280155,test
2025-01-29,short,08:05,1.04181,1.04501,1.0354099999999997,1.04124,20:50,1.04439,1.04259,0.0032000000000000474,0.17812499999998468,0.03124999999999954,test
2025-01-30,short,09:05,1.04047,1.04351,1.03439,1.04351,13:55,1.04289,1.04107,0.0030400000000000206,-0.9999999999999708,0.03289473684210504,test
2025-01-31,long,08:05,1.04042,1.03738,1.0465,1.03738,09:00,1.04025,1.03772,0.0030400000000000206,-0.9999999999999708,0.03289473684210504,test
2025-02-04,long,08:30,1.03316,1.030092,1.039296,1.03846,20:50,1.03312,1.02723,0.003067999999999982,1.7275097783572004,0.03259452411994804,test
2025-02-05,long,08:05,1.04042,1.0373519999999998,1.0465559999999998,1.04062,20:50,1.03941,1.03696,0.003067999999999982,0.06518904823996127,0.03259452411994804,test
2025-02-06,short,08:05,1.03801,1.040944,1.0321420000000001,1.03876,20:50,1.04056,1.03852,0.002933999999999948,-0.25562372188132915,0.03408316291751935,test
2025-02-07,long,08:05,1.0391,1.036166,1.044968,1.036166,13:30,1.0391,1.03727,0.002933999999999948,-1.000000000000015,0.03408316291751935,test
2025-02-11,long,09:15,1.03182,1.028886,1.037688,1.037688,19:40,1.03105,1.02922,0.002933999999999948,2.00000000000003,0.03408316291751935,test
2025-02-12,long,08:05,1.03779,1.034722,1.043926,1.034722,13:30,1.0368,1.0354,0.003067999999999982,-1.0000000000000289,0.03259452411994804,test
2025-02-14,long,08:05,1.04668,1.043454,1.053132,1.04934,20:50,1.0467,1.04473,0.003225999999999996,0.8245505269683472,0.030998140111593346,test
2025-02-17,short,08:05,1.04799,1.051216,1.041538,1.04828,20:50,1.05065,1.04848,0.003225999999999996,-0.08989460632365898,0.030998140111593346,test
2025-02-19,short,09:00,1.04406,1.046994,1.038192,1.04242,20:50,1.04615,1.04412,0.002933999999999948,0.5589638718473466,0.03408316291751935,test
2025-02-20,long,08:10,1.0439,1.040966,1.049768,1.049768,18:40,1.04377,1.04188,0.002933999999999948,2.00000000000003,0.03408316291751935,test
2025-02-21,short,08:20,1.04744,1.050508,1.041304,1.04611,20:50,1.0505,1.04845,0.003067999999999982,0.4335071707952539,0.03259452411994804,test
2025-02-28,long,09:05,1.04057,1.037636,1.046438,1.037636,18:15,1.04042,1.03806,0.002933999999999948,-1.000000000000015,0.03408316291751935,test
2025-03-03,short,08:25,1.03955,1.042352,1.033946,1.042352,09:55,1.04235,1.04024,0.002801999999999971,-1.0,0.03568879371877268,test
2025-03-04,long,08:30,1.05171,1.048908,1.0573139999999999,1.0573139999999999,18:25,1.0496,1.04712,0.002801999999999971,2.0,0.03568879371877268,test
2025-03-05,long,08:05,1.06623,1.063428,1.071834,1.071834,09:30,1.06391,1.06021,0.002801999999999971,2.0,0.03568879371877268,test
2025-03-07,long,08:05,1.08285,1.07965,1.08925,1.08466,20:50,1.08252,1.07812,0.003200000000000003,0.565624999999958,0.03124999999999997,test
2025-03-10,short,08:05,1.08227,1.0854700000000002,1.07587,1.0854700000000002,09:45,1.08713,1.08277,0.003200000000000003,-1.0000000000000278,0.03124999999999997,test
2025-03-11,long,08:05,1.08902,1.08582,1.09542,1.09182,20:50,1.0876,1.08359,0.003200000000000003,0.8749999999999721,0.03124999999999997,test
2025-03-12,long,08:55,1.09179,1.08859,1.09819,1.08859,12:35,1.09158,1.08919,0.003200000000000003,-1.0000000000000278,0.03124999999999997,test
2025-03-13,short,08:05,1.08676,1.0896599999999999,1.08096,1.0855,20:50,1.08973,1.08692,0.0028999999999999916,0.43448275862070435,0.03448275862068976,test
2025-03-14,long,10:25,1.08745,1.084562,1.093226,1.08821,20:50,1.08585,1.08344,0.0028880000000000463,0.2631578947367935,0.03462603878116288,test
2025-03-18,long,08:05,1.09391,1.090906,1.099918,1.090906,12:30,1.09214,1.09036,0.0030040000000000067,-1.0,0.03328894806924094,test
2025-03-19,short,08:05,1.0905,1.093504,1.084492,1.09045,20:50,1.09452,1.09205,0.0030040000000000067,0.016644474034655594,0.03328894806924094,test
2025-03-20,short,08:05,1.08832,1.091464,1.0820319999999999,1.0820319999999999,13:30,1.09174,1.08896,0.0031439999999999914,2.000000000000028,0.031806615776081515,test
2025-03-24,long,08:20,1.08462,1.0814759999999999,1.090908,1.0814759999999999,13:45,1.08448,1.08171,0.0031439999999999914,-1.000000000000014,0.031806615776081515,test
2025-03-25,short,08:05,1.07863,1.081794,1.0723019999999999,1.081794,10:25,1.0809,1.07929,0.0031640000000000335,-0.9999999999999719,0.03160556257901357,test
2025-03-26,long,09:00,1.0799,1.0767360000000001,1.0862280000000002,1.0767360000000001,17:15,1.07973,1.07779,0.0031640000000000335,-0.9999999999999719,0.03160556257901357,test
2025-03-28,short,08:25,1.07816,1.081296,1.071888,1.081296,13:50,1.08009,1.07827,0.0031360000000000277,-1.0,0.03188775510204054,test
2025-04-01,short,08:05,1.08047,1.0836000000000001,1.0742099999999999,1.07889,20:50,1.08303,1.08064,0.003130000000000033,0.504792332268409,0.031948881789137046,test
2025-04-02,short,08:15,1.07836,1.0813840000000001,1.072312,1.0813840000000001,13:40,1.08019,1.07861,0.0030240000000000492,-1.0000000000000293,0.03306878306878253,test
2025-04-03,long,08:05,1.09815,1.0951259999999998,1.104198,1.0951259999999998,08:25,1.09519,1.08377,0.0030240000000000492,-1.0000000000000293,0.03306878306878253,test
2025-04-04,short,08:40,1.10269,1.105714,1.096642,1.096642,11:05,1.11077,1.10367,0.0030240000000000492,1.9999999999999851,0.03306878306878253,test
2025-04-07,long,08:10,1.10269,1.0996659999999998,1.108738,1.0996659999999998,09:15,1.10205,1.09199,0.0030240000000000492,-1.0000000000000293,0.03306878306878253,test
2025-04-09,long,08:10,1.1072,1.1040699999999999,1.1134600000000001,1.1040699999999999,08:40,1.10689,1.09664,0.003130000000000033,-1.0000000000000142,0.031948881789137046,test
2025-04-10,long,08:35,1.10025,1.09704,1.10667,1.10667,11:00,1.09958,1.0943,0.003210000000000024,2.0000000000000138,0.03115264797507765,test
2025-04-11,long,09:55,1.14384,1.140596,1.150328,1.140596,10:00,1.13835,1.12134,0.0032440000000000246,-1.0,0.030826140567200754,test
2025-04-14,long,08:05,1.14155,1.13825,1.14815,1.13825,09:40,1.1409,1.13241,0.003299999999999992,-1.0000000000000269,0.030303030303030377,test
2025-04-15,long,09:05,1.1377,1.134152,1.144796,1.134152,10:10,1.13678,1.13158,0.0035479999999999735,-0.9999999999999749,0.0281848928974072,test
2025-04-16,long,08:30,1.13901,1.135096,1.146838,1.135096,09:35,1.13856,1.12833,0.003913999999999973,-1.0,0.025549310168625623,test
2025-04-21,long,08:45,1.15393,1.150004,1.1617819999999999,1.150004,15:35,1.15347,1.14332,0.003925999999999963,-0.9999999999999772,0.025471217524197894,test
2025-04-24,long,08:05,1.13597,1.130922,1.1460659999999998,1.13886,20:50,1.13576,1.13215,0.005047999999999941,0.5725039619651531,0.019809825673534304,test
2025-04-28,short,08:05,1.13384,1.138888,1.123744,1.138888,15:35,1.1381,1.13414,0.005047999999999941,-1.0,0.019809825673534304,test
2025-05-02,long,08:05,1.13268,1.127882,1.1422759999999998,1.13052,20:50,1.13154,1.12742,0.004797999999999947,-0.45018757815755805,0.020842017507294936,test
2025-05-06,long,08:05,1.13323,1.129026,1.141638,1.13749,20:50,1.13276,1.12799,0.004203999999999964,1.0133206470028466,0.023786869647954536,test
2025-05-07,long,08:15,1.13676,1.132604,1.1450719999999999,1.132604,19:45,1.13671,1.13253,0.00415599999999996,-1.0000000000000213,0.024061597690086853,test
2025-05-08,short,08:05,1.12797,1.1318959999999998,1.120118,1.1318959999999998,13:40,1.13363,1.1297,0.003925999999999963,-0.9999999999999772,0.025471217524197894,test
2025-05-09,long,08:05,1.12417,1.120244,1.1320219999999999,1.12532,20:50,1.12366,1.11967,0.003925999999999963,0.29291900152832834,0.025471217524197894,test
2025-05-12,short,08:05,1.11825,1.12208,1.11059,1.11059,08:40,1.12428,1.12138,0.00383,2.0,0.026109660574412535,test
2025-05-13,long,08:25,1.11196,1.10813,1.11962,1.119,20:50,1.11196,1.10896,0.00383,1.8381201044386253,0.026109660574412535,test
2025-05-14,long,08:40,1.12074,1.11691,1.1284,1.11691,20:00,1.12008,1.11823,0.00383,-1.0,0.026109660574412535,test
2025-05-15,long,08:05,1.12167,1.11784,1.12933,1.11784,15:40,1.12014,1.11761,0.00383,-1.0,0.026109660574412535,test
2025-05-19,long,08:05,1.12103,1.1172,1.12869,1.12869,11:50,1.1199,1.11723,0.00383,2.0,0.026109660574412535,test
2025-05-20,long,08:05,1.126,1.12217,1.13366,1.12801,20:50,1.12585,1.12181,0.00383,0.5248041775457095,0.026109660574412535,test
2025-05-22,short,08:35,1.13015,1.133564,1.123322,1.1285,20:50,1.1345,1.1311,0.003413999999999984,0.48330404217924344,0.029291154071470555,test
2025-05-23,long,08:25,1.13358,1.130028,1.140684,1.130028,12:50,1.13258,1.12791,0.0035519999999999996,-1.0,0.028153153153153157,test
2025-05-27,short,08:05,1.13669,1.140242,1.129586,1.13337,20:50,1.14072,1.13669,0.0035519999999999996,0.9346846846846819,0.028153153153153157,test
2025-05-30,short,08:05,1.13391,1.137618,1.1264939999999999,1.13538,20:50,1.13898,1.13428,0.0037080000000000004,-0.39644012944986035,0.026968716289104636,test
2025-06-02,long,08:05,1.14066,1.137108,1.147764,1.14421,20:50,1.13822,1.13509,0.0035519999999999996,0.9994369369369207,0.028153153153153157,test
2025-06-03,short,10:05,1.14026,1.143968,1.132844,1.13699,20:50,1.14547,1.14121,0.0037080000000000004,0.8818770226537502,0.026968716289104636,test
2025-06-06,short,08:05,1.14262,1.146208,1.135444,1.1395,20:50,1.14573,1.14308,0.0035880000000000135,0.8695652173913043,0.027870680044592984,test
2025-06-09,long,10:05,1.14348,1.139928,1.150584,1.139928,13:50,1.14254,1.13929,0.0035519999999999996,-1.0,0.028153153153153157,test
2025-06-10,short,08:10,1.13773,1.141212,1.130766,1.141212,10:05,1.14356,1.13862,0.003481999999999985,-1.0,0.028719126938541194,test
2025-06-12,long,09:20,1.15336,1.149966,1.160148,1.160148,11:50,1.15327,1.15018,0.003393999999999986,2.000000000000013,0.029463759575721987,test
2025-06-16,long,08:05,1.157,1.1535060000000001,1.163988,1.15588,20:50,1.15625,1.15237,0.003493999999999975,-0.3205495134516365,0.028620492272467293,test
2025-06-18,long,08:05,1.15192,1.1483320000000001,1.1590960000000001,1.1483320000000001,19:50,1.15082,1.14749,0.0035880000000000135,-0.9999999999999752,0.027870680044592984,test
2025-06-23,short,10:10,1.14632,1.149714,1.139532,1.149714,15:00,1.15144,1.14724,0.003393999999999986,-0.9999999999999738,0.029463759575721987,test
2025-06-24,short,08:55,1.15845,1.161968,1.151414,1.161968,15:20,1.16142,1.15867,0.003517999999999999,-0.9999999999999747,0.028425241614553735,test
2025-06-25,short,08:05,1.16041,1.1639279999999999,1.153374,1.1639279999999999,18:45,1.16319,1.16077,0.003517999999999999,-0.9999999999999747,0.028425241614553735,test
2025-06-27,long,08:05,1.17201,1.1685860000000001,1.178858,1.17055,20:50,1.17095,1.16834,0.0034239999999999605,-0.42640186915888834,0.029205607476635854,test
2025-07-01,short,08:05,1.17741,1.18067,1.1708900000000002,1.18067,09:50,1.18074,1.17781,0.003259999999999952,-1.000000000000027,0.030674846625767322,test
2025-07-02,short,08:05,1.17769,1.1807459999999999,1.171578,1.18005,20:50,1.181,1.17847,0.0030559999999999923,-0.7722513089005713,0.03272251308900532,test
2025-07-07,short,08:05,1.17549,1.17844,1.16959,1.16959,17:55,1.17903,1.17635,0.002950000000000008,2.0,0.03389830508474567,test
2025-07-08,long,08:15,1.17538,1.17238,1.18138,1.17238,11:45,1.17502,1.17308,0.003000000000000025,-1.0000000000000295,0.033333333333333055,test
2025-07-15,long,08:35,1.16882,1.166012,1.174436,1.166012,14:30,1.16863,1.16605,0.0028080000000000106,-0.9999999999999684,0.03561253561253548,test
2025-07-16,long,08:05,1.16257,1.1597620000000002,1.1681860000000002,1.1597620000000002,13:15,1.16207,1.16024,0.0028080000000000106,-0.9999999999999684,0.03561253561253548,test
2025-07-17,short,08:05,1.15775,1.160622,1.152006,1.15981,20:50,1.16401,1.16139,0.0028720000000000303,-0.7172701949860477,0.03481894150417791,test
2025-07-18,long,09:05,1.1637,1.160734,1.169632,1.16211,20:50,1.16344,1.16123,0.002966000000000024,-0.5360755225893349,0.033715441672285636,test
2025-07-21,long,08:05,1.16467,1.161704,1.1706020000000001,1.1706020000000001,16:10,1.16363,1.16145,0.002966000000000024,2.0,0.033715441672285636,test
2025-07-24,short,08:05,1.17587,1.178964,1.1696819999999999,1.17623,20:50,1.17801,1.1762,0.003094000000000019,-0.11635423400133671,0.032320620555914475,test
2025-07-28,short,08:05,1.17159,1.1744139999999998,1.1659419999999998,1.1659419999999998,10:35,1.17706,1.174,0.0028240000000000266,2.0000000000000155,0.035410764872520914,test
2025-07-29,short,08:05,1.15436,1.157362,1.148356,1.157362,10:00,1.15993,1.15749,0.003002000000000038,-0.9999999999999704,0.03331112591605554,test
2025-07-31,long,08:05,1.14505,1.1417579999999998,1.1516339999999998,1.1417579999999998,14:05,1.1443,1.14075,0.003291999999999984,-1.0000000000000269,0.030376670716889577,test
2025-08-01,short,10:30,1.14033,1.143572,1.1338460000000001,1.143572,13:30,1.1435,1.14049,0.003242000000000012,-0.9999999999999862,0.03084515731030217,test
2025-08-05,short,08:55,1.1541,1.1573419999999999,1.147616,1.1573419999999999,16:05,1.15882,1.15445,0.003242000000000012,-0.9999999999999862,0.03084515731030217,test
2025-08-07,long,08:40,1.16852,1.165278,1.175004,1.165278,12:10,1.16766,1.16496,0.003242000000000012,-0.9999999999999862,0.03084515731030217,test
2025-08-08,short,09:55,1.16382,1.167062,1.1573360000000001,1.16423,20:50,1.16794,1.16389,0.003242000000000012,-0.1264651449722455,0.03084515731030217,test
2025-08-12,short,10:25,1.16104,1.164342,1.154436,1.164342,13:30,1.16292,1.16119,0.003302000000000005,-0.999999999999973,0.03028467595396725,test
2025-08-13,long,08:05,1.16949,1.166188,1.176094,1.16984,20:50,1.16879,1.16706,0.003302000000000005,0.10599636583890731,0.03028467595396725,test
2025-08-14,short,08:05,1.16908,1.1723219999999999,1.162596,1.16472,20:50,1.17152,1.1697,0.003242000000000012,1.3448488587291498,0.03084515731030217,test
2025-08-15,long,08:05,1.16766,1.164418,1.1741439999999999,1.1702,20:50,1.16714,1.16462,0.003242000000000012,0.783466995681671,0.03084515731030217,test
2025-08-18,short,08:55,1.16859,1.171832,1.162106,1.16674,20:50,1.17145,1.16936,0.003242000000000012,0.5706354102405615,0.03084515731030217,test
2025-08-19,long,08:05,1.16756,1.164572,1.173536,1.164572,19:35,1.16703,1.16393,0.0029879999999999907,-1.0,0.03346720214190104,test
2025-08-21,short,08:05,1.16278,1.1653719999999999,1.157596,1.1653719999999999,08:35,1.16537,1.16412,0.0025919999999999724,-0.9999999999999828,0.03858024691358066,test
2025-08-25,long,08:05,1.1716,1.168612,1.177576,1.168612,11:30,1.17145,1.16936,0.0029879999999999907,-1.0,0.03346720214190104,test
2025-08-26,short,08:20,1.16033,1.163318,1.154354,1.163318,10:15,1.166,1.16103,0.0029879999999999907,-1.0,0.03346720214190104,test
2025-08-27,short,08:20,1.16108,1.1637279999999999,1.155784,1.1637279999999999,17:45,1.1644,1.1612,0.0026479999999999837,-1.0,0.03776435045317244,test
2025-08-28,short,08:35,1.16357,1.166218,1.158274,1.166218,11:25,1.16548,1.16357,0.0026479999999999837,-1.0,0.03776435045317244,test
2025-08-29,long,09:35,1.16865,1.1659,1.17415,1.1659,13:05,1.16821,1.16563,0.002749999999999986,-1.000000000000016,0.03636363636363655,test
2025-09-01,long,08:10,1.1721,1.169466,1.177368,1.17137,20:50,1.17157,1.1687,0.002633999999999981,-0.27714502657551354,0.03796507213363733,test
2025-09-02,short,08:15,1.16836,1.170994,1.163092,1.163092,10:20,1.17185,1.16873,0.002633999999999981,2.0000000000000338,0.03796507213363733,test
2025-09-03,short,08:20,1.16168,1.16443,1.15618,1.16443,09:05,1.16379,1.1622,0.002749999999999986,-1.000000000000016,0.03636363636363655,test
2025-09-04,short,08:25,1.16456,1.16731,1.15906,1.16509,20:50,1.16696,1.16484,0.002749999999999986,-0.1927272727272444,0.03636363636363655,test
2025-09-05,long,10:20,1.16907,1.166436,1.174338,1.174338,13:30,1.16777,1.16485,0.002633999999999981,2.0000000000000338,0.03796507213363733,test
2025-09-08,long,08:05,1.17257,1.1698199999999999,1.17807,1.17635,20:50,1.17211,1.17048,0.002749999999999986,1.374545454545504,0.03636363636363655,test
2025-09-09,short,08:45,1.1754,1.178034,1.170132,1.1706,20:50,1.17801,1.17623,0.002633999999999981,1.8223234624145597,0.03796507213363733,test
2025-09-11,short,10:45,1.16818,1.170814,1.162912,1.170814,13:30,1.1707,1.16894,0.002633999999999981,-1.0000000000000169,0.03796507213363733,test
2025-09-12,long,08:05,1.17446,1.171826,1.179728,1.171826,09:45,1.17401,1.17207,0.002633999999999981,-1.0000000000000169,0.03796507213363733,test
2025-09-15,long,08:20,1.17373,1.171228,1.178734,1.17671,20:50,1.17355,1.1722,0.0025020000000000042,1.1910471622701748,0.039968025579536305,test
2025-09-16,long,08:05,1.17925,1.176748,1.184254,1.184254,15:15,1.17869,1.17574,0.0025020000000000042,2.0,0.039968025579536305,test
2025-09-17,short,08:05,1.18479,1.187424,1.179522,1.187424,19:00,1.18731,1.18512,0.002633999999999981,-1.0000000000000169,0.03796507213363733,test
2025-09-18,long,08:45,1.18348,1.180714,1.1890120000000002,1.180714,13:30,1.18289,1.17853,0.002766000000000002,-1.000000000000016,0.03615328994938537,test
2025-09-19,short,08:05,1.17642,1.179302,1.170656,1.17495,20:50,1.17927,1.17702,0.002882000000000007,0.5100624566273695,0.03469812630117965,test
2025-09-22,long,08:05,1.17473,1.171964,1.1802620000000001,1.17995,20:50,1.17417,1.17262,0.002766000000000002,1.8872017353579171,0.03615328994938537,test
2025-09-23,short,08:05,1.1789,1.181666,1.173368,1.181666,18:35,1.182,1.17951,0.002766000000000002,-1.000000000000016,0.03615328994938537,test
2025-09-24,short,08:05,1.17905,1.181816,1.1735179999999998,1.1735179999999998,14:15,1.18175,1.17924,0.002766000000000002,2.000000000000032,0.03615328994938537,test
2025-09-25,short,08:50,1.17342,1.176272,1.167716,1.167716,15:35,1.17538,1.17405,0.0028519999999999882,1.9999999999999842,0.03506311360448822,test
2025-09-30,long,08:05,1.17374,1.170734,1.179752,1.17395,20:50,1.1737,1.17122,0.0030059999999999757,0.0698602794411328,0.03326679973386587,test
2025-10-01,long,08:05,1.17744,1.174674,1.1829720000000001,1.174674,08:40,1.17671,1.17297,0.002766000000000002,-1.000000000000016,0.03615328994938537,test
2025-10-02,long,08:05,1.17484,1.17229,1.1799400000000002,1.17229,14:45,1.1742,1.17237,0.002550000000000008,-1.0000000000000173,0.039215686274509685,test
2025-10-03,long,08:45,1.17305,1.170266,1.178618,1.17401,20:50,1.17294,1.1715,0.0027839999999999866,0.34482758620692405,0.035919540229885236,test
2025-10-06,short,08:05,1.16986,1.17241,1.1647599999999998,1.17134,20:50,1.17308,1.17063,0.002550000000000008,-0.5803921568628012,0.039215686274509685,test
2025-10-07,short,08:05,1.16833,1.171114,1.162762,1.16499,20:50,1.17144,1.16875,0.0027839999999999866,1.19971264367821,0.035919540229885236,test
2025-10-08,short,10:45,1.161,1.16362,1.15576,1.16362,11:55,1.16594,1.16119,0.0026200000000000225,-1.0000000000000169,0.038167938931297385,test
2025-10-09,short,08:05,1.16184,1.16446,1.1565999999999999,1.1565999999999999,16:05,1.16482,1.1628,0.0026200000000000225,2.0000000000000338,0.038167938931297385,test
2025-10-14,short,08:45,1.15443,1.1573520000000002,1.148586,1.1573520000000002,14:25,1.15936,1.15551,0.0029220000000000027,-1.0000000000000302,0.03422313483915124,test
2025-10-15,long,08:05,1.16347,1.16057,1.16927,1.16388,20:50,1.16268,1.16019,0.0028999999999999916,0.1413793103448354,0.03448275862068976,test
2025-10-21,short,09:05,1.16208,1.164686,1.156868,1.16057,20:50,1.16553,1.16243,0.0026060000000000198,0.579432079815767,0.038372985418265254,test
2025-10-22,short,09:20,1.1591,1.1617060000000001,1.153888,1.1617060000000001,17:30,1.16158,1.1599,0.0026060000000000198,-1.000000000000034,0.038372985418265254,test
2025-10-24,long,08:35,1.16263,1.16026,1.16737,1.16308,20:50,1.16216,1.16019,0.0023699999999999832,0.18987341772145258,0.04219409282700452,test
2025-10-27,short,08:05,1.16184,1.16421,1.1571,1.16421,10:10,1.16478,1.16207,0.0023699999999999832,-1.0,0.04219409282700452,test
2025-11-03,short,08:55,1.1511,1.15347,1.14636,1.15347,17:15,1.15414,1.15217,0.0023699999999999832,-1.0,0.04219409282700452,test
2025-11-04,long,08:05,1.15271,1.150436,1.157258,1.150436,09:50,1.15265,1.14985,0.002273999999999976,-0.9999999999999609,0.04397537379067768,test
2025-11-05,short,10:05,1.14788,1.150154,1.143332,1.14888,20:50,1.1498,1.14798,0.002273999999999976,-0.4397537379067284,0.04397537379067768,test
2025-11-06,long,09:00,1.1521,1.1499519999999999,1.156396,1.15467,20:50,1.15139,1.14932,0.0021479999999999945,1.1964618249535335,0.046554934823091365,test
2025-11-10,long,08:05,1.15721,1.155062,1.1615060000000001,1.155062,15:40,1.15668,1.15432,0.0021479999999999945,-1.0000000000000207,0.046554934823091365,test
2025-11-11,long,10:25,1.15727,1.155294,1.161222,1.15849,20:50,1.15653,1.15471,0.0019760000000000224,0.6174089068825835,0.05060728744939214,test
2025-11-12,short,10:20,1.15672,1.158696,1.152768,1.158696,15:45,1.1587,1.15699,0.0019760000000000224,-0.9999999999999774,0.05060728744939214,test
2025-11-13,long,08:05,1.16138,1.159404,1.165332,1.165332,17:25,1.15929,1.1579,0.0019760000000000224,1.9999999999999547,0.05060728744939214,test
2025-11-14,short,08:25,1.16251,1.164586,1.158358,1.164586,12:45,1.16486,1.1627,0.0020760000000000114,-0.9999999999999785,0.04816955684007681,test
2025-11-19,short,10:50,1.15714,1.159002,1.153416,1.159002,13:20,1.15917,1.15724,0.0018620000000000303,-1.0,0.053705692803436296,test
2025-11-21,long,08:20,1.15471,1.15278,1.1585699999999999,1.15278,09:55,1.15467,1.15281,0.0019300000000000317,-0.999999999999977,0.051813471502589824,test
2025-11-24,long,08:20,1.15297,1.15087,1.15717,1.15253,20:50,1.15284,1.15018,0.0020999999999999908,-0.20952380952380853,0.04761904761904783,test
2025-11-25,long,09:20,1.15346,1.15136,1.15766,1.15766,15:20,1.15304,1.15116,0.0020999999999999908,2.0,0.04761904761904783,test
2025-11-27,short,08:10,1.1588,1.1609960000000001,1.154408,1.15952,20:50,1.16135,1.15912,0.002195999999999998,-0.3278688524590413,0.04553734061930788,test
2025-11-28,short,08:35,1.15756,1.159608,1.1534639999999998,1.159608,15:50,1.1602,1.15809,0.0020480000000000055,-1.0000000000000215,0.04882812499999987,test
2025-12-01,long,08:20,1.16177,1.159742,1.165826,1.16092,20:50,1.1616,1.15894,0.0020280000000000077,-0.4191321499013877,0.049309664694279894,test
2025-12-02,long,08:35,1.16153,1.159406,1.165778,1.159406,15:25,1.16143,1.16039,0.0021240000000000148,-1.0,0.04708097928436879,test
2025-12-03,long,11:00,1.16608,1.164052,1.170136,1.16682,20:50,1.16476,1.16278,0.0020280000000000077,0.3648915187376529,0.049309664694279894,test
2025-12-04,long,08:20,1.16715,1.1650999999999998,1.17125,1.1650999999999998,19:10,1.16675,1.1653,0.0020500000000000184,-1.0000000000000433,0.04878048780487761,test
2025-12-05,long,08:05,1.16631,1.164336,1.170258,1.164336,11:30,1.16615,1.16433,0.001974000000000009,-0.9999999999999549,0.05065856129685894,test
2025-12-09,short,08:10,1.16358,1.165554,1.159632,1.165554,09:45,1.16502,1.1636,0.001974000000000009,-0.9999999999999549,0.05065856129685894,test
2025-12-10,long,08:05,1.16459,1.162642,1.1684860000000001,1.1684860000000001,20:00,1.16358,1.16219,0.0019480000000000166,2.0000000000000453,0.05133470225872647,test
2025-12-12,short,11:00,1.17274,1.1747139999999998,1.1687919999999998,1.1747139999999998,17:40,1.17464,1.17311,0.001974000000000009,-0.9999999999999549,0.05065856129685894,test
2025-12-16,long,08:20,1.17616,1.1741860000000002,1.1801080000000002,1.1801080000000002,15:00,1.17592,1.17466,0.001974000000000009,2.000000000000022,0.05065856129685894,test
2025-12-18,short,08:05,1.17351,1.1755600000000002,1.16941,1.1755600000000002,13:30,1.17472,1.17352,0.0020500000000000184,-1.0000000000000433,0.04878048780487761,test
2025-12-19,short,08:05,1.17111,1.1731800000000001,1.16697,1.1731800000000001,14:10,1.17288,1.17118,0.0020700000000000163,-1.0,0.04830917874396098,test
2025-12-22,long,08:05,1.17303,1.171014,1.177062,1.17575,20:50,1.17221,1.17095,0.0020160000000000178,1.3492063492063648,0.04960317460317417,test
2025-12-23,long,08:05,1.17813,1.1760599999999999,1.18227,1.17894,20:50,1.17805,1.1763,0.0020700000000000163,0.39130434782618023,0.04830917874396098,test
2025-12-24,short,08:15,1.17828,1.180296,1.174248,1.17808,19:50,1.1808,1.1786,0.0020160000000000178,0.0992063492063374,0.04960317460317417,test
2025-12-26,short,08:05,1.17693,1.1788020000000001,1.173186,1.1788020000000001,13:05,1.17935,1.17715,0.0018720000000000071,-1.0000000000000473,0.053418803418803215,test
2025-12-29,long,08:55,1.17869,1.176818,1.182434,1.176818,10:55,1.17863,1.17538,0.0018720000000000071,-1.0000000000000473,0.053418803418803215,test
2025-12-30,short,08:05,1.17672,1.178446,1.173268,1.17454,20:50,1.17799,1.17698,0.0017260000000000276,1.2630359212051192,0.0579374275782146,test
2025-12-31,short,08:30,1.17294,1.174638,1.1695440000000001,1.174638,11:45,1.17491,1.1733,0.0016980000000000218,-0.9999999999999738,0.058892815076559905,test
2026-01-02,short,08:05,1.17321,1.174908,1.1698140000000001,1.174908,15:55,1.17649,1.17414,0.0016980000000000218,-0.9999999999999738,0.058892815076559905,test
2026-01-07,short,08:05,1.16791,1.16978,1.16417,1.16978,14:55,1.17028,1.16854,0.0018700000000000383,-1.0,0.053475935828875915,test
2026-01-08,short,08:35,1.16722,1.168918,1.163824,1.16539,20:50,1.16831,1.16725,0.0016980000000000218,1.0777385159010453,0.058892815076559905,test
2026-01-09,short,08:10,1.16458,1.166242,1.1612559999999998,1.16353,20:50,1.16593,1.16461,0.001662000000000008,0.6317689530685862,0.060168471720818004,test
2026-01-12,long,08:05,1.16853,1.1668720000000001,1.171846,1.1668720000000001,17:20,1.16729,1.16216,0.0016579999999999818,-0.9999999999999732,0.06031363088057968,test
2026-01-13,long,09:05,1.16687,1.1652120000000001,1.170186,1.1652120000000001,13:15,1.16677,1.1654,0.0016579999999999818,-0.9999999999999732,0.06031363088057968,test
2026-01-14,long,08:05,1.16502,1.16332,1.16842,1.16439,20:50,1.16502,1.16362,0.0017000000000000348,-0.37058823529405616,0.058823529411763505,test
2026-01-16,long,10:35,1.16169,1.160032,1.1650059999999998,1.160032,15:30,1.16143,1.16023,0.0016579999999999818,-0.9999999999999732,0.06031363088057968,test
2026-01-20,long,08:05,1.1692,1.167542,1.172516,1.172516,09:05,1.16726,1.16326,0.0016579999999999818,1.9999999999999465,0.06031363088057968,test
2026-01-21,short,10:00,1.17035,1.172052,1.166946,1.172052,12:10,1.17345,1.17104,0.0017020000000000036,-1.0000000000000522,0.05875440658049341,test
2026-01-23,short,08:05,1.17366,1.1753799999999999,1.17022,1.1753799999999999,15:45,1.17541,1.17413,0.0017199999999999882,-0.9999999999999741,0.05813953488372133,test
2026-01-27,short,08:05,1.1863,1.1882199999999998,1.1824599999999998,1.1882199999999998,09:50,1.18995,1.18699,0.0019200000000000107,-0.9999999999999537,0.052083333333333044,test
2026-02-03,long,08:10,1.18171,1.178936,1.1872580000000001,1.178936,10:15,1.1817,1.1798,0.00277400000000001,-1.000000000000016,0.036049026676279614,test
2026-02-09,long,08:05,1.18612,1.183346,1.1916680000000002,1.1916680000000002,14:25,1.1858,1.1816,0.00277400000000001,2.000000000000032,0.036049026676279614,test
2026-02-12,long,09:05,1.18845,1.185412,1.194526,1.18691,20:50,1.18846,1.18522,0.0030380000000000077,-0.5069124423963439,0.03291639236339689,test
2026-02-17,short,08:05,1.18306,1.186098,1.176984,1.18497,20:50,1.18521,1.18356,0.0030380000000000077,-0.6287030941409063,0.03291639236339689,test
2026-02-18,short,08:05,1.1834,1.186174,1.177852,1.1784,20:50,1.18536,1.18394,0.00277400000000001,1.8024513338140222,0.036049026676279614,test
2026-02-19,long,08:05,1.18026,1.177392,1.185996,1.177392,12:15,1.1801,1.17847,0.0028680000000000042,-1.0000000000000309,0.0348675034867503,test
2026-02-20,short,08:10,1.17449,1.177232,1.169006,1.177232,13:25,1.17723,1.17501,0.002742000000000022,-1.0,0.03646973012399679,test
2026-02-23,short,09:55,1.18007,1.182664,1.174882,1.17882,20:50,1.18346,1.18152,0.00259400000000003,0.4818812644564221,0.038550501156514594,test
2026-02-26,short,08:05,1.18064,1.18282,1.17628,1.18014,20:50,1.18289,1.18118,0.002179999999999982,0.22935779816511426,0.04587155963302791,test
2026-02-27,long,08:05,1.18171,1.1796360000000001,1.185858,1.1796360000000001,09:55,1.18133,1.1789,0.002073999999999998,-0.9999999999999571,0.048216007714561276,test
2026-03-02,short,08:05,1.17161,1.173552,1.167726,1.173552,09:05,1.1796,1.17302,0.0019419999999999772,-0.9999999999999543,0.051493305870237475,test
2026-03-03,short,08:05,1.16409,1.166032,1.160206,1.160206,09:45,1.17069,1.1662,0.0019419999999999772,2.0000000000000226,0.051493305870237475,test
2026-03-04,long,10:10,1.16435,1.162286,1.168478,1.162286,14:35,1.16179,1.15745,0.002063999999999977,-1.000000000000043,0.04844961240310132,test
2026-03-06,short,09:05,1.1596,1.162018,1.154764,1.154764,14:05,1.16215,1.16018,0.002417999999999987,2.0000000000000364,0.04135649296939642,test
2026-03-10,long,08:05,1.16562,1.1631340000000001,1.170592,1.1631340000000001,10:35,1.16376,1.16071,0.0024859999999999882,-1.0,0.04022526146419971,test
2026-03-11,short,09:05,1.15945,1.161966,1.1544180000000002,1.15655,20:50,1.16408,1.16057,0.0025160000000000074,1.1526232114467871,0.03974562798092198,test
2026-03-12,long,10:35,1.1556,1.153084,1.1606319999999999,1.153084,13:15,1.15556,1.15319,0.0025160000000000074,-0.9999999999999822,0.03974562798092198,test
2026-03-13,short,08:05,1.14506,1.147576,1.140028,1.147576,12:45,1.15299,1.14824,0.0025160000000000074,-0.9999999999999822,0.03974562798092198,test
2026-03-16,long,10:25,1.14744,1.144846,1.152628,1.15066,20:50,1.14567,1.14241,0.00259400000000003,1.2413261372397701,0.038550501156514594,test
2026-03-17,long,08:45,1.15105,1.1483079999999999,1.156534,1.15409,20:50,1.1503,1.14661,0.002742000000000022,1.1086797957695584,0.03646973012399679,test
2026-03-18,short,08:05,1.15296,1.155904,1.1470719999999999,1.1470719999999999,19:20,1.15493,1.15319,0.0029440000000000134,2.00000000000003,0.03396739130434767,test
2026-03-19,short,08:05,1.14502,1.148142,1.138776,1.148142,09:50,1.14913,1.14611,0.0031219999999999807,-1.0000000000000284,0.03203074951953896,test
2026-03-20,short,09:55,1.15481,1.1580439999999999,1.148342,1.15709,20:50,1.15801,1.15523,0.003234000000000004,-0.7050092764378655,0.03092145949288803,test
2026-03-23,short,10:55,1.14888,1.1521139999999999,1.142412,1.1521139999999999,11:05,1.15642,1.15203,0.003234000000000004,-0.9999999999999862,0.03092145949288803,test
2026-03-26,short,08:05,1.155,1.158326,1.148348,1.15292,20:50,1.15725,1.15519,0.003326000000000029,0.6253758268190209,0.030066145520144055,test
2026-03-27,short,08:05,1.15181,1.155136,1.145158,1.15121,20:50,1.15462,1.15243,0.003326000000000029,0.18039687312084446,0.030066145520144055,test
2026-04-01,long,08:05,1.15866,1.155426,1.165128,1.15815,20:50,1.15789,1.1555,0.003234000000000004,-0.15769944341373218,0.03092145949288803,test
2026-04-03,long,08:25,1.15449,1.1513039999999999,1.160862,1.15145,20:50,1.15449,1.15293,0.0031860000000000447,-0.9541745134965125,0.03138731952291231,test
2026-04-06,long,08:05,1.15299,1.1498039999999998,1.159362,1.15438,20:50,1.15296,1.15064,0.0031860000000000447,0.43628374136848175,0.03138731952291231,test
2026-04-07,long,09:05,1.15499,1.151934,1.1611019999999999,1.15984,20:50,1.1544,1.15243,0.0030559999999999923,1.5870418848167647,0.03272251308900532,test
2026-04-09,long,10:05,1.16718,1.1640720000000002,1.173396,1.17045,20:50,1.16711,1.16504,0.0031079999999999775,1.0521235521235224,0.03217503217503241,test
2026-04-10,short,09:05,1.16786,1.1709679999999998,1.161644,1.1709679999999998,10:15,1.16966,1.16856,0.0031079999999999775,-0.9999999999999714,0.03217503217503241,test
2026-04-14,long,08:05,1.17887,1.175826,1.184958,1.17923,20:50,1.177,1.17562,0.003043999999999958,0.11826544021022369,0.03285151116951425,test
2026-04-16,short,09:10,1.17886,1.181766,1.173048,1.17818,20:50,1.1824,1.17967,0.0029059999999999867,0.23399862353751447,0.034411562284927893,test
2026-04-17,long,09:45,1.17912,1.1762519999999999,1.184856,1.184856,14:05,1.17865,1.17733,0.0028680000000000042,1.9999999999999842,0.0348675034867503,test
2026-04-20,long,08:05,1.17637,1.1734639999999998,1.1821819999999998,1.17863,20:50,1.17625,1.17364,0.0029059999999999867,0.7777013076394222,0.034411562284927893,test
2026-04-21,short,08:05,1.17719,1.180058,1.171454,1.17254,20:50,1.17911,1.17732,0.0028680000000000042,1.621338912133904,0.0348675034867503,test
2026-04-24,long,09:00,1.16909,1.16635,1.17457,1.17172,20:50,1.16892,1.16729,0.0027399999999999647,0.9598540145986008,0.03649635036496397,test
2026-04-27,long,08:05,1.17335,1.17061,1.1788299999999998,1.17225,20:50,1.17325,1.17054,0.0027399999999999647,-0.4014598540145595,0.03649635036496397,test
2026-04-28,short,08:05,1.16892,1.1714559999999998,1.163848,1.1714559999999998,16:35,1.1727,1.17053,0.0025359999999999606,-0.9999999999999649,0.039432176656152035,test
2026-04-29,short,09:10,1.16975,1.17214,1.16497,1.16762,20:50,1.17207,1.1698,0.002389999999999981,0.8912133891213314,0.04184100418410075,test
2026-04-30,long,09:10,1.16952,1.1671799999999999,1.1742,1.17382,20:50,1.16891,1.16551,0.0023399999999999645,1.8376068376069479,0.04273504273504339,test
2026-05-01,long,08:25,1.17382,1.17148,1.1785,1.1785,15:20,1.17365,1.17216,0.0023399999999999645,2.0000000000000377,0.04273504273504339,test
2026-05-04,short,09:05,1.17129,1.173708,1.1664539999999999,1.16961,20:50,1.17387,1.17202,0.002417999999999987,0.69478908188582,0.04135649296939642,test
2026-05-05,long,08:40,1.16952,1.1671799999999999,1.1742,1.16956,20:50,1.16939,1.16765,0.0023399999999999645,0.01709401709403445,0.04273504273504339,test
2026-05-06,long,09:55,1.1767,1.17439,1.1813200000000001,1.17439,17:55,1.1743,1.17053,0.00230999999999999,-1.000000000000019,0.04329004329004348,test
2026-05-07,long,08:15,1.17669,1.17438,1.18131,1.17438,18:30,1.17634,1.17463,0.00230999999999999,-1.000000000000019,0.04329004329004348,test
2026-05-08,long,08:05,1.17457,1.1722759999999999,1.179158,1.17804,20:50,1.17388,1.17246,0.002293999999999974,1.5126416739320503,0.04359197907585054,test
2026-05-12,short,08:05,1.17455,1.17679,1.1700700000000002,1.17424,20:50,1.17855,1.17521,0.002239999999999931,0.1383928571428759,0.044642857142858525,test
2026-05-13,short,08:05,1.17217,1.174464,1.167582,1.1709,20:50,1.1742,1.1732,0.002293999999999974,0.5536181342632506,0.04359197907585054,test
2026-05-14,short,09:00,1.17076,1.173054,1.166172,1.16698,20:50,1.17187,1.17096,0.002293999999999974,1.6477768090672011,0.04359197907585054,test
2026-05-15,short,10:10,1.16224,1.16446,1.1578,1.16446,11:40,1.16698,1.16328,0.002220000000000022,-1.00000000000004,0.045045045045044606,test
2026-05-18,long,08:30,1.16368,1.161554,1.167932,1.16546,20:50,1.16263,1.16083,0.0021259999999999834,0.8372530573847162,0.04703668861712172,test
2026-05-19,short,08:05,1.16334,1.165458,1.1591040000000001,1.16053,20:50,1.16586,1.16337,0.0021179999999999754,1.3267233238904683,0.04721435316336221,test
2026-05-21,short,08:20,1.15987,1.161988,1.155634,1.161988,09:10,1.16355,1.16156,0.0021179999999999754,-1.000000000000042,0.04721435316336221,test
2026-05-22,short,08:05,1.16055,1.162764,1.156122,1.16063,20:50,1.16192,1.16074,0.002213999999999983,-0.03613369467031645,0.04516711833785039,test
2026-05-25,short,08:20,1.16308,1.1652939999999998,1.158652,1.1642,20:50,1.16491,1.16353,0.002213999999999983,-0.5058717253839289,0.04516711833785039,test
2026-05-27,long,08:05,1.16469,1.162476,1.1691179999999999,1.162476,16:00,1.16446,1.16328,0.002213999999999983,-0.9999999999999798,0.04516711833785039,test
2026-06-01,long,08:05,1.16601,1.163892,1.170246,1.163892,14:10,1.16552,1.1641,0.0021179999999999754,-1.000000000000042,0.04721435316336221,test
2026-06-02,long,08:05,1.1649,1.162782,1.169136,1.162782,17:35,1.16392,1.1628,0.0021179999999999754,-1.000000000000042,0.04721435316336221,test
2026-06-03,short,08:05,1.1614,1.163518,1.157164,1.15975,20:50,1.16329,1.16181,0.0021179999999999754,0.7790368271954431,0.04721435316336221,test
2026-06-04,short,08:45,1.16008,1.162116,1.156008,1.162116,10:20,1.16123,1.1601,0.0020360000000000157,-0.9999999999999564,0.049115913555991764,test
2026-06-05,long,08:05,1.16225,1.160214,1.166322,1.160214,13:50,1.16188,1.16093,0.0020360000000000157,-0.9999999999999564,0.049115913555991764,test
2026-06-08,short,10:40,1.15084,1.152876,1.146768,1.152876,11:30,1.15393,1.15112,0.0020360000000000157,-0.9999999999999564,0.049115913555991764,test
2026-06-16,long,10:10,1.1607,1.158746,1.164608,1.158746,15:05,1.15946,1.15747,0.001953999999999967,-1.0000000000000226,0.05117707267144406,test
2026-06-17,short,08:30,1.16063,1.162458,1.1569740000000002,1.1569740000000002,19:00,1.16162,1.16078,0.0018279999999999408,2.0,0.0547045951859974,test
2026-06-18,short,09:35,1.14957,1.151398,1.145914,1.145914,11:55,1.15257,1.15032,0.0018279999999999408,2.0,0.0547045951859974,test
2026-06-22,short,08:35,1.14484,1.146794,1.140932,1.14243,20:50,1.14731,1.14522,0.001953999999999967,1.2333674513818136,0.05117707267144406,test
2026-06-23,long,08:10,1.14338,1.1412680000000002,1.147604,1.1412680000000002,08:40,1.14314,1.14183,0.0021119999999999806,-0.9999999999999579,0.047348484848485285,test
2026-06-24,short,08:05,1.13575,1.137932,1.131386,1.13564,20:50,1.13831,1.13608,0.002181999999999995,0.05041246562788943,0.04582951420714951,test
2026-06-25,long,09:35,1.13705,1.134798,1.141554,1.134798,11:45,1.13706,1.1347,0.0022520000000000096,-0.9999999999999605,0.0444049733570158,test
2026-06-26,long,09:05,1.13842,1.136236,1.142788,1.142788,13:55,1.13818,1.13537,0.0021840000000000084,1.9999999999999591,0.04578754578754561,test
2026-06-29,long,08:05,1.14074,1.1385560000000001,1.145108,1.14254,20:50,1.13948,1.13807,0.0021840000000000084,0.8241758241757302,0.04578754578754561,test
2026-07-01,short,08:10,1.13977,1.1419519999999999,1.135406,1.13774,20:50,1.14199,1.14013,0.002181999999999995,0.930339138405124,0.04582951420714951,test
2026-07-02,long,08:05,1.13925,1.1370660000000001,1.143618,1.143618,13:30,1.1388,1.13746,0.0021840000000000084,1.9999999999999591,0.04578754578754561,test
2026-07-06,short,08:05,1.14196,1.144144,1.1375920000000002,1.144144,19:35,1.14406,1.14224,0.0021840000000000084,-0.9999999999999796,0.04578754578754561,test
2026-07-07,short,08:25,1.14264,1.144822,1.138276,1.14152,20:50,1.14473,1.14276,0.002181999999999995,0.513290559120079,0.04582951420714951,test
2026-07-08,long,08:30,1.14275,1.140568,1.147114,1.140568,09:15,1.14202,1.13982,0.002181999999999995,-0.9999999999999593,0.04582951420714951,test
2026-07-13,long,08:40,1.14189,1.139718,1.146234,1.139718,16:10,1.14087,1.13838,0.002171999999999974,-1.0000000000000409,0.04604051565377588,test
2026-07-17,long,08:05,1.14509,1.142908,1.149454,1.142908,11:50,1.14477,1.14342,0.002181999999999995,-0.9999999999999593,0.04582951420714951,test
2026-07-20,long,08:35,1.14486,1.142688,1.149204,1.142688,13:00,1.14446,1.14233,0.002171999999999974,-1.0000000000000409,0.04604051565377588,test
2026-07-21,long,08:05,1.14246,1.140388,1.146604,1.140388,15:35,1.14214,1.14085,0.002071999999999985,-1.0000000000000429,0.04826254826254862,test
2026-07-22,long,08:05,1.14092,1.138952,1.1448559999999999,1.14098,20:50,1.14094,1.13976,0.0019680000000000144,0.03048780487813546,0.05081300813008093,test
2026-07-24,long,08:05,1.13878,1.136858,1.1426239999999999,1.136858,13:40,1.13871,1.13748,0.0019220000000000237,-0.9999999999999769,0.05202913631633651,test
2026-07-30,short,08:10,1.14461,1.1464599999999998,1.1409099999999999,1.1464599999999998,10:45,1.14746,1.14473,0.0018499999999999962,-0.9999999999999519,0.05405405405405417,test
2026-08-03,short,08:05,1.15253,1.154452,1.148686,1.15114,20:50,1.15554,1.15264,0.0019220000000000237,0.7232049947970787,0.05202913631633651,test
2026-08-04,long,08:25,1.15162,1.149618,1.1556240000000002,1.15298,20:50,1.15144,1.15018,0.002002000000000015,0.6793206793205773,0.04995004995004958,test
2026-08-05,long,08:05,1.15421,1.152208,1.158214,1.15498,20:50,1.15401,1.15261,0.002002000000000015,0.38461538461535044,0.04995004995004958,test
2026-08-06,short,08:05,1.15435,1.156352,1.1503459999999999,1.15246,20:50,1.15592,1.15442,0.002002000000000015,0.9440559440559106,0.04995004995004958,test
2026-08-07,long,11:00,1.15285,1.1508479999999999,1.156854,1.156854,13:30,1.15251,1.15174,0.002002000000000015,2.0000000000000444,0.04995004995004958,test
2026-08-10,long,08:40,1.15592,1.153858,1.160044,1.15421,20:50,1.15585,1.15475,0.0020620000000000083,-0.8292919495635759,0.048496605237633175,test
2026-08-12,long,10:25,1.15465,1.1528,1.15835,1.1528,17:35,1.15442,1.15317,0.0018499999999999962,-0.9999999999999519,0.05405405405405417,test
2026-08-14,long,08:05,1.15444,1.15268,1.1579599999999999,1.1579599999999999,14:35,1.15423,1.15308,0.0017599999999999838,2.0,0.056818181818182344,test
2026-08-17,long,08:05,1.15939,1.157546,1.1630779999999998,1.157546,19:05,1.15888,1.15721,0.0018440000000000012,-0.9999999999999759,0.05422993492407806,test
2026-08-19,long,08:05,1.15936,1.157594,1.1628919999999998,1.1628919999999998,13:35,1.15891,1.15696,0.0017659999999999787,1.9999999999999496,0.05662514156285459,test
2026-08-20,long,08:45,1.169,1.167076,1.1728480000000001,1.167076,15:15,1.16836,1.16696,0.0019239999999999926,-1.000000000000023,0.05197505197505218,test
2026-08-21,long,10:10,1.17094,1.1691740000000002,1.174472,1.1691740000000002,13:30,1.17005,1.16825,0.0017659999999999787,-0.9999999999999748,0.05662514156285459,test
2026-08-24,short,09:05,1.16659,1.168356,1.1630580000000001,1.16619,20:50,1.16868,1.16744,0.0017659999999999787,0.22650056625139342,0.05662514156285459,test
2026-08-27,short,09:30,1.16503,1.166712,1.161666,1.16478,20:50,1.16591,1.16515,0.0016820000000000058,0.14863258026164247,0.059453032104637135,test
2026-08-28,short,10:55,1.16402,1.16555,1.16096,1.16555,15:00,1.16549,1.16422,0.0015300000000000313,-1.0,0.06535947712418168,test
2026-08-31,long,08:25,1.15949,1.1579599999999999,1.16255,1.16178,20:50,1.1594,1.15831,0.0015300000000000313,1.4967320261438422,0.06535947712418168,test
2026-09-01,short,08:45,1.15918,1.1606260000000002,1.156288,1.1606260000000002,15:10,1.16239,1.16023,0.0014460000000000141,-1.0000000000000306,0.06915629322268259,test
2026-09-02,short,08:05,1.15671,1.1582459999999999,1.153638,1.1582459999999999,13:20,1.15928,1.15732,0.0015360000000000263,-0.999999999999971,0.06510416666666556,test
2026-09-03,long,08:05,1.16127,1.15965,1.1645100000000002,1.1627,20:50,1.16001,1.15832,0.0016200000000000437,0.8827160493827184,0.06172839506172673,test
2026-09-04,short,11:00,1.16167,1.16329,1.1584299999999998,1.16142,20:50,1.16328,1.16219,0.0016200000000000437,0.15432098765436836,0.06172839506172673,test
2026-09-07,long,08:55,1.16201,1.16039,1.1652500000000001,1.16211,20:50,1.16197,1.16069,0.0016200000000000437,0.06172839506171993,0.06172839506172673,test
2026-09-08,short,09:05,1.16127,1.16289,1.15803,1.16289,15:35,1.16341,1.16218,0.0016200000000000437,-0.9999999999999452,0.06172839506172673,test
2026-09-09,long,08:05,1.16392,1.1623,1.1671600000000002,1.1623,10:50,1.16363,1.16247,0.0016200000000000437,-0.9999999999999452,0.06172839506172673,test
2026-09-11,short,10:05,1.15983,1.1614499999999999,1.1565899999999998,1.1614499999999999,15:05,1.1617,1.15991,0.0016200000000000437,-0.9999999999999452,0.06172839506172673,test
2026-09-14,short,08:05,1.1555,1.15712,1.1522599999999998,1.1522599999999998,14:55,1.15952,1.15617,0.0016200000000000437,2.000000000000027,0.06172839506172673,test
2026-09-15,short,08:05,1.15325,1.15487,1.15001,1.15487,13:45,1.15515,1.1533,0.0016200000000000437,-0.9999999999999452,0.06172839506172673,test
2026-09-17,long,08:05,1.14751,1.14589,1.1507500000000002,1.14802,20:50,1.14727,1.14554,0.0016200000000000437,0.31481481481481277,0.06172839506172673,test
2026-09-22,short,08:05,1.14612,1.147656,1.143048,1.143048,16:45,1.14777,1.14624,0.0015360000000000263,1.999999999999942,0.06510416666666556,test
2026-09-23,short,08:05,1.1422,1.1438300000000001,1.13894,1.13894,15:25,1.14487,1.14228,0.0016300000000000203,2.0,0.06134969325153298,test
2026-09-24,long,08:05,1.13866,1.13697,1.14204,1.13697,11:05,1.13863,1.13683,0.0016900000000000138,-0.9999999999999737,0.05917159763313561,test
2026-09-25,long,08:35,1.13823,1.13654,1.14161,1.13966,20:50,1.13818,1.13678,0.0016900000000000138,0.8461538461537329,0.05917159763313561,test
2026-09-28,short,08:05,1.13727,1.13896,1.13389,1.13896,09:00,1.13908,1.13729,0.0016900000000000138,-0.9999999999999737,0.05917159763313561,test
2026-09-29,short,08:35,1.13431,1.136,1.13093,1.13377,11:15,1.13716,1.13544,0.0016900000000000138,0.3195266272189234,0.05917159763313561,test
