entry_time,close_time,year,side,vol,entry,sl,tp,riskpips,risk_usd,reason,net,gross,comm,pips,balance,r
2022-01-03 14:50:00,2022-01-03 19:39:59,2022,Sell,4.49,4771.0,4793.26,4325.8,22.3,100.12700000000001,StopLoss,-102.61,-100.53,-2.08,-22.4,99897.39,-1.02479850589751
2022-01-04 16:00:00,2022-01-04 20:43:37,2022,Sell,5.17,4797.7,4817.02,4411.3,19.3,99.781,StopLoss,-41.9,-39.5,-2.4,-7.6,99855.49,-0.4199196239765085
2022-01-06 15:05:00,2022-01-06 15:47:27,2022,Sell,3.27,4681.75,4712.33,4070.15,30.6,100.06200000000001,StopLoss,-101.71,-100.19,-1.52,-30.6,99753.78,-1.0164697887309866
2022-01-07 15:50:00,2022-01-07 16:54:34,2022,Sell,4.15,4672.95,4697.01,4191.75,24.1,100.01500000000001,StopLoss,-102.1,-100.18,-1.92,-24.1,99651.68,-1.0208468729690545
2022-01-10 14:55:00,2022-01-10 18:23:29,2022,Sell,4.05,4613.45,4638.14,4119.64,24.7,100.035,StopLoss,-38.9,-37.02,-1.88,-9.1,99612.78,-0.38886389763582746
2022-01-11 16:30:00,2022-01-11 20:50:00,2022,Buy,3.35,4683.59,4653.74,5280.59,29.9,100.16499999999999,Closed,87.42,88.98,-1.56,26.6,99700.2,0.8727599460889534
2022-01-12 16:10:00,2022-01-12 20:50:00,2022,Sell,4.66,4716.2,4737.64,4287.2,21.4,99.72399999999999,Closed,-55.24,-53.08,-2.16,-11.4,99644.96,-0.5539288436083591
2022-01-13 15:35:00,2022-01-13 16:37:28,2022,Sell,5.78,4722.95,4740.25,4376.95,17.3,99.99400000000001,StopLoss,-41.06,-38.38,-2.68,-6.6,99603.9,-0.4106246374782487
2022-01-13 17:05:00,2022-01-13 20:50:00,2022,Sell,4.2,4716.45,4740.25,4240.45,23.8,99.96000000000001,Closed,223.22,225.16,-1.94,53.6,99827.12,2.2330932372949177
2022-01-14 15:00:00,2022-01-14 15:52:17,2022,Buy,3.84,4660.74,4634.7,5181.54,26.0,99.84,StopLoss,-102.54,-100.76,-1.78,-26.2,99724.58,-1.0270432692307692
2022-01-18 17:50:00,2022-01-18 19:53:36,2022,Sell,3.46,4576.9,4605.75,3999.9,28.9,99.994,StopLoss,-101.56,-99.96,-1.6,-28.9,99623.02,-1.0156609396563794
2022-01-19 15:30:00,2022-01-19 20:50:00,2022,Sell,4.08,4580.4,4604.88,4090.8,24.5,99.96000000000001,Closed,104.65,106.53,-1.88,26.1,99727.67,1.0469187675070029
2022-01-20 15:00:00,2022-01-20 18:05:19,2022,Buy,4.09,4583.49,4559.08,5071.68,24.4,99.79599999999999,StopLoss,-39.28,-37.38,-1.9,-9.1,99688.39,-0.39360295001803686
2022-01-21 15:15:00,2022-01-21 15:35:36,2022,Sell,2.87,4435.1,4469.85,3739.9,34.8,99.87599999999999,StopLoss,-102.89,-101.57,-1.32,-35.4,99585.5,-1.0301774200008011
2022-01-21 17:50:00,2022-01-21 20:50:00,2022,Sell,3.33,4439.85,4469.85,3839.65,30.0,99.9,Closed,69.59,71.13,-1.54,21.4,99655.09,0.6965965965965966
2022-01-24 15:00:00,2022-01-24 15:36:07,2022,Sell,3.29,4306.1,4336.41,3699.9,30.3,99.687,StopLoss,-39.42,-37.9,-1.52,-11.5,99615.67,-0.39543772006379974
2022-01-24 15:50:00,2022-01-24 18:14:50,2022,Sell,2.61,4298.1,4336.41,3531.9,38.3,99.963,StopLoss,3.65,4.85,-1.2,1.9,99619.32,0.03651350999869952
2022-01-25 14:50:00,2022-01-25 15:27:10,2022,Sell,2.8,4313.4,4349.0,3601.4,35.6,99.67999999999999,StopLoss,-38.79,-37.49,-1.3,-13.4,99580.53,-0.38914526484751205
2022-01-25 16:10:00,2022-01-25 18:28:35,2022,Sell,3.62,4321.4,4349.0,3769.4,27.6,99.912,StopLoss,-101.74,-100.06,-1.68,-27.6,99478.79,-1.0182961005685
2022-01-26 14:55:00,2022-01-26 15:25:14,2022,Buy,4.05,4436.79,4412.14,4929.79,24.6,99.63,StopLoss,-102.68,-100.8,-1.88,-24.9,99376.11,-1.030613269095654
2022-01-26 17:45:00,2022-01-26 19:11:34,2022,Buy,4.16,4436.17,4412.14,4916.77,24.0,99.84,StopLoss,-40.48,-38.56,-1.92,-9.3,99335.63,-0.4054487179487179
2022-01-27 15:10:00,2022-01-27 15:28:22,2022,Buy,3.62,4424.49,4396.92,4975.89,27.6,99.912,StopLoss,-101.74,-100.06,-1.68,-27.6,99233.89,-1.0182961005685
2022-01-27 17:20:00,2022-01-27 20:50:00,2022,Sell,3.3,4371.23,4401.53,3765.23,30.3,99.99,Closed,111.47,112.99,-1.52,34.2,99345.36,1.114811481148115
2022-01-28 16:15:00,2022-01-28 19:23:10,2022,Buy,2.67,4354.99,4317.57,5103.39,37.4,99.85799999999999,StopLoss,-38.33,-37.09,-1.24,-13.9,99307.03,-0.383845059985179
2022-01-31 15:05:00,2022-01-31 20:50:00,2022,Buy,3.22,4453.79,4422.78,5073.99,31.0,99.82000000000001,Closed,157.6,159.1,-1.5,49.4,99464.63,1.578841915447806
2022-02-01 15:05:00,2022-02-01 15:25:27,2022,Sell,4.14,4489.7,4513.81,4007.5,24.1,99.774,StopLoss,-101.78,-99.86,-1.92,-24.1,99362.85,-1.0201054382905366
2022-02-02 16:15:00,2022-02-02 17:08:52,2022,Sell,4.28,4546.45,4569.78,4079.85,23.3,99.724,StopLoss,-104.23,-102.25,-1.98,-23.9,99258.62,-1.0451847097990454
2022-02-04 18:05:00,2022-02-04 20:50:00,2022,Buy,2.9,4509.84,4475.39,5198.64,34.4,99.75999999999999,Closed,17.83,19.17,-1.34,6.6,99276.45,0.17872894947874898
2022-02-07 17:40:00,2022-02-07 18:13:06,2022,Sell,4.82,4483.25,4503.97,4068.65,20.7,99.774,StopLoss,-104.13,-101.89,-2.24,-21.1,99172.32,-1.0436586685910156
2022-02-08 16:05:00,2022-02-08 19:28:04,2022,Buy,5.04,4499.59,4479.78,4895.79,19.8,99.792,StopLoss,7.03,9.37,-2.34,1.9,99179.35,0.07044652877986211
2022-02-10 15:05:00,2022-02-10 18:17:01,2022,Buy,2.61,4576.34,4538.09,5341.34,38.2,99.702,StopLoss,-104.01,-102.81,-1.2,-39.4,99075.34,-1.043208762111091
2022-02-11 16:35:00,2022-02-11 19:18:10,2022,Sell,5.1,4489.85,4509.42,4098.45,19.6,99.96,StopLoss,207.3,209.66,-2.36,41.1,99282.64,2.0738295318127253
2022-02-14 15:35:00,2022-02-14 16:35:05,2022,Sell,4.19,4388.7,4412.51,3912.5,23.8,99.72200000000001,StopLoss,-101.83,-99.89,-1.94,-23.8,99180.81,-1.0211387657688373
2022-02-16 14:55:00,2022-02-16 19:00:52,2022,Sell,5.78,4435.08,4452.38,4089.08,17.3,99.99400000000001,StopLoss,-103.14,-100.46,-2.68,-17.4,99077.67,-1.0314618877132626
2022-02-17 14:55:00,2022-02-17 20:50:00,2022,Sell,4.15,4415.93,4440.01,3934.33,24.1,100.01500000000001,Closed,124.74,126.66,-1.92,30.5,99202.41,1.2472129180622904
2022-02-18 16:05:00,2022-02-18 20:00:39,2022,Sell,3.18,4346.43,4377.8,3719.03,31.4,99.852,StopLoss,-101.9,-100.42,-1.48,-31.6,99100.51,-1.0205103553258823
2022-02-21 17:00:00,2022-02-21 20:50:00,2022,Sell,4.53,4302.88,4324.92,3862.08,22.0,99.66000000000001,Closed,40.35,42.45,-2.1,9.4,99140.86,0.40487658037326907
2022-02-22 14:50:00,2022-02-22 16:08:02,2022,Buy,3.59,4350.01,4322.17,4906.81,27.8,99.80199999999999,StopLoss,-101.75,-100.09,-1.66,-27.9,99039.11,-1.0195186469209034
2022-02-22 17:50:00,2022-02-22 19:32:16,2022,Sell,4.04,4301.38,4326.09,3807.18,24.7,99.788,StopLoss,4.66,6.54,-1.88,1.6,99043.77,0.04669900188399407
2022-02-23 15:05:00,2022-02-23 20:50:00,2022,Sell,4.8,4313.26,4334.09,3896.66,20.8,99.84,Closed,424.98,427.2,-2.22,89.0,99468.75,4.256610576923077
2022-02-24 15:00:00,2022-02-24 20:50:00,2022,Buy,2.78,4162.71,4126.77,4881.51,35.9,99.80199999999999,Closed,294.57,295.85,-1.28,106.4,99763.32,2.9515440572333222
2022-02-25 15:45:00,2022-02-25 20:50:00,2022,Buy,3.33,4332.61,4302.64,4931.81,30.0,99.9,Closed,136.22,137.76,-1.54,41.4,99899.54,1.3635635635635635
2022-02-28 15:45:00,2022-02-28 17:16:40,2022,Buy,3.43,4363.31,4334.2,4945.51,29.1,99.81300000000002,StopLoss,-42.33,-40.75,-1.58,-11.9,99857.21,-0.4240930540110005
2022-03-01 15:15:00,2022-03-01 17:48:37,2022,Sell,4.15,4344.33,4368.39,3863.13,24.1,100.01500000000001,StopLoss,105.44,107.36,-1.92,25.9,99962.65,1.0542418637204418
2022-03-02 15:40:00,2022-03-02 20:50:00,2022,Buy,4.1,4358.61,4334.22,4846.41,24.4,100.03999999999999,Closed,157.47,159.37,-1.9,38.9,100120.12,1.5740703718512596
2022-03-03 15:25:00,2022-03-03 17:12:24,2022,Sell,3.7,4381.03,4408.04,3840.83,27.0,99.9,StopLoss,4.16,5.88,-1.72,1.6,100124.28,0.04164164164164164
2022-03-03 17:40:00,2022-03-03 20:50:00,2022,Sell,3.99,4382.98,4408.04,3881.78,25.1,100.14900000000002,Closed,118.34,120.18,-1.84,30.1,100242.62,1.1816393573575372
2022-03-04 14:50:00,2022-03-04 14:59:09,2022,Sell,4.76,4301.43,4322.41,3881.83,21.0,99.96,StopLoss,-102.78,-100.58,-2.2,-21.1,100139.84,-1.0282112845138056
2022-03-04 15:15:00,2022-03-04 17:17:03,2022,Sell,3.7,4295.43,4322.41,3755.83,27.0,99.9,StopLoss,-102.1,-100.38,-1.72,-27.1,100037.74,-1.022022022022022
2022-03-07 15:15:00,2022-03-07 20:50:00,2022,Sell,2.87,4275.03,4309.84,3578.83,34.8,99.87599999999999,Closed,192.03,193.35,-1.32,67.4,100229.77,1.9226841283191158
2022-03-08 15:10:01,2022-03-08 16:04:35,2022,Sell,2.61,4164.43,4202.71,3398.83,38.3,99.963,StopLoss,-102.02,-100.82,-1.2,-38.6,100127.75,-1.0205776137170754
2022-03-08 16:30:00,2022-03-08 17:03:47,2022,Sell,3.24,4171.93,4202.71,3556.33,30.8,99.79200000000002,StopLoss,-101.55,-100.05,-1.5,-30.9,100026.2,-1.0176166426166424
2022-03-09 16:35:00,2022-03-09 20:50:00,2022,Buy,4.68,4272.21,4250.85,4699.41,21.4,100.15199999999999,Closed,59.94,62.1,-2.16,13.3,100086.14,0.598490294751977
2022-03-10 15:00:00,2022-03-10 15:33:41,2022,Buy,5.11,4249.56,4230.0,4640.76,19.6,100.15600000000002,StopLoss,-102.67,-100.31,-2.36,-19.6,99983.47,-1.0251008426854105
2022-03-10 16:30:00,2022-03-10 17:22:10,2022,Sell,4.95,4211.93,4232.12,3808.13,20.2,99.99,StopLoss,-104.42,-102.12,-2.3,-20.6,99879.05,-1.0443044304430444
2022-03-11 15:05:00,2022-03-11 20:50:00,2022,Sell,4.08,4260.23,4284.68,3771.03,24.5,99.96000000000001,Closed,192.41,194.29,-1.88,47.6,100071.46,1.9248699479791915
2022-03-14 14:15:00,2022-03-14 15:48:02,2022,Buy,3.7,4234.21,4207.18,4774.6,27.0,99.9,StopLoss,-103.03,-101.31,-1.72,-27.4,99968.43,-1.0313313313313313
2022-03-14 16:55:00,2022-03-14 19:50:00,2022,Sell,3.52,4183.33,4211.72,3615.53,28.4,99.96799999999999,Closed,30.48,32.1,-1.62,9.1,99998.91,0.3048975672215109
2022-03-15 14:45:00,2022-03-15 19:50:00,2022,Buy,3.62,4228.36,4200.8,4779.56,27.6,99.912,Closed,130.88,132.56,-1.68,36.6,100129.79,1.309952758427416
2022-03-16 14:20:00,2022-03-16 17:08:00,2022,Buy,3.36,4342.51,4312.82,4936.31,29.7,99.79199999999999,StopLoss,-101.96,-100.4,-1.56,-29.9,100027.83,-1.0217251883918552
2022-03-17 14:00:00,2022-03-17 19:50:00,2022,Buy,3.97,4365.71,4340.54,4869.1,25.2,100.044,Closed,164.38,166.22,-1.84,41.9,100192.21,1.6430770460997162
2022-03-18 14:10:00,2022-03-18 19:50:00,2022,Buy,4.43,4418.21,4395.68,4868.81,22.5,99.675,Closed,186.75,188.81,-2.06,42.6,100378.96,1.8735891647855532
2022-03-21 14:25:00,2022-03-21 15:25:29,2022,Sell,4.43,4450.53,4473.06,3999.93,22.5,99.675,StopLoss,-102.31,-100.25,-2.06,-22.6,100276.65,-1.0264359167293704
2022-03-21 16:40:00,2022-03-21 18:22:08,2022,Sell,4.53,4451.03,4473.06,4010.43,22.0,99.66000000000001,StopLoss,6.37,8.47,-2.1,1.9,100283.02,0.06391731888420629
2022-03-22 14:25:02,2022-03-22 19:50:00,2022,Buy,5.05,4502.66,4482.89,4898.06,19.8,99.99,Closed,86.64,88.98,-2.34,17.6,100369.66,0.8664866486648666
2022-03-24 15:15:00,2022-03-24 19:50:00,2022,Buy,4.85,4490.91,4470.3,4903.1,20.6,99.91,Closed,105.04,107.28,-2.24,22.1,100474.7,1.0513462115904315
2022-03-25 14:45:00,2022-03-25 15:09:18,2022,Buy,4.74,4546.41,4525.32,4968.21,21.1,100.01400000000001,StopLoss,-103.54,-101.34,-2.2,-21.4,100371.16,-1.0352550642909992
2022-03-25 15:30:00,2022-03-25 17:55:13,2022,Sell,5.2,4508.03,4527.24,4123.83,19.2,99.84,StopLoss,-103.18,-100.78,-2.4,-19.4,100267.98,-1.0334535256410258
2022-03-28 15:50:00,2022-03-28 17:27:34,2022,Sell,5.15,4522.38,4541.78,4134.38,19.4,99.91,StopLoss,-104.76,-102.38,-2.38,-19.9,100163.22,-1.0485436893203883
2022-03-29 14:10:00,2022-03-29 18:37:00,2022,Sell,4.75,4602.13,4623.18,4181.13,21.1,100.22500000000001,StopLoss,-102.57,-100.37,-2.2,-21.1,100060.65,-1.0233973559491143
2022-04-01 14:25:00,2022-04-01 18:06:09,2022,Sell,5.44,4529.08,4547.43,4162.08,18.4,100.096,StopLoss,-39.95,-37.43,-2.52,-6.9,100020.7,-0.399116847826087
2022-04-04 14:00:00,2022-04-04 19:50:00,2022,Buy,5.55,4563.31,4545.3,4923.51,18.0,99.89999999999999,Closed,86.91,89.47,-2.56,16.1,100107.61,0.86996996996997
2022-04-05 14:40:01,2022-04-05 19:50:00,2022,Sell,4.12,4555.73,4579.95,4071.33,24.2,99.704,Closed,155.15,157.05,-1.9,38.1,100262.76,1.5561060739789778
2022-04-06 14:10:00,2022-04-06 17:41:31,2022,Sell,4.67,4463.58,4484.97,4035.58,21.4,99.93799999999999,StopLoss,-103.17,-101.01,-2.16,-21.6,100159.59,-1.0323400508315157
2022-04-07 15:35:00,2022-04-07 17:28:33,2022,Sell,4.0,4457.83,4482.81,3958.23,25.0,100.0,StopLoss,-103.38,-101.52,-1.86,-25.4,100056.21,-1.0338
2022-04-08 15:00:00,2022-04-08 19:50:00,2022,Buy,3.78,4514.46,4488.04,5042.85,26.4,99.79199999999999,Closed,-76.91,-75.15,-1.76,-19.9,99979.3,-0.7707030623697291
2022-04-11 15:20:00,2022-04-11 19:50:00,2022,Sell,4.38,4434.43,4457.26,3977.83,22.8,99.864,Closed,71.87,73.89,-2.02,16.9,100051.17,0.7196787631178403
2022-04-12 13:55:00,2022-04-12 14:38:04,2022,Buy,4.21,4470.46,4446.72,4945.26,23.7,99.777,StopLoss,-102.47,-100.53,-1.94,-23.9,99948.7,-1.0269901881195065
2022-04-13 15:20:01,2022-04-13 19:50:00,2022,Buy,4.04,4427.16,4402.42,4921.96,24.7,99.788,Closed,107.48,109.36,-1.88,27.1,100056.18,1.0770834168437087
2022-04-14 14:10:00,2022-04-14 19:50:00,2022,Sell,3.28,4422.78,4453.22,3813.98,30.4,99.71199999999999,Closed,63.33,64.85,-1.52,19.8,100119.51,0.6351291720154044
2022-04-19 14:00:00,2022-04-19 19:50:00,2022,Buy,3.43,4429.91,4400.82,5011.71,29.1,99.81300000000002,Closed,114.77,116.35,-1.58,33.9,100234.28,1.1498502199112337
2022-04-21 14:50:01,2022-04-21 19:50:00,2022,Sell,4.68,4488.13,4509.46,4061.53,21.3,99.684,Closed,471.08,473.24,-2.16,101.1,100705.36,4.725733317282613
2022-04-22 14:45:00,2022-04-22 19:50:00,2022,Sell,3.31,4342.33,4372.51,3738.73,30.2,99.962,Closed,171.8,173.34,-1.54,52.4,100877.16,1.718653088173506
2022-04-25 14:00:01,2022-04-25 14:25:40,2022,Sell,3.81,4217.53,4243.75,3693.13,26.2,99.822,StopLoss,-102.27,-100.51,-1.76,-26.4,100774.89,-1.0245236521007393
2022-04-25 15:00:00,2022-04-25 16:08:01,2022,Sell,4.4,4221.03,4243.75,3766.63,22.7,99.88000000000001,StopLoss,-42.21,-40.17,-2.04,-9.1,100732.68,-0.4226071285542651
2022-04-26 14:20:00,2022-04-26 19:50:00,2022,Sell,3.16,4234.53,4266.14,3602.13,31.6,99.85600000000001,Closed,143.49,144.95,-1.46,45.9,100876.17,1.436969235699407
2022-04-27 14:30:00,2022-04-27 14:48:23,2022,Sell,3.09,4172.38,4204.7,3525.98,32.3,99.80699999999999,StopLoss,-103.81,-102.37,-1.44,-33.1,100772.36,-1.0401074072960816
2022-04-27 16:25:00,2022-04-27 18:58:08,2022,Buy,3.24,4230.09,4199.3,4845.89,30.8,99.79200000000002,StopLoss,-101.97,-100.47,-1.5,-31.0,100670.39,-1.0218253968253967
2022-04-28 14:30:00,2022-04-28 16:17:04,2022,Sell,3.12,4197.53,4229.54,3557.33,32.0,99.84,StopLoss,-102.47,-101.03,-1.44,-32.4,100567.92,-1.0263421474358974
2022-04-28 16:45:00,2022-04-28 19:50:00,2022,Buy,2.67,4261.41,4224.02,5009.21,37.4,99.85799999999999,Closed,71.84,73.08,-1.24,27.4,100639.76,0.7194215786416713
2022-04-29 14:30:00,2022-04-29 19:50:00,2022,Sell,3.58,4224.58,4252.43,3667.38,27.9,99.88199999999999,Closed,297.7,299.36,-1.66,83.6,100937.46,2.980517010071885
2022-05-02 14:30:00,2022-05-02 15:05:00,2022,Buy,2.73,4157.66,4121.14,4888.06,36.5,99.645,StopLoss,-101.94,-100.68,-1.26,-36.9,100835.52,-1.02303176275779
2022-05-03 15:10:00,2022-05-03 18:40:25,2022,Buy,3.23,4189.16,4158.22,4807.96,30.9,99.80699999999999,StopLoss,-102.86,-101.36,-1.5,-31.4,100732.66,-1.0305890368411035
2022-05-04 14:15:02,2022-05-04 16:22:48,2022,Sell,5.15,4160.28,4179.68,3772.28,19.4,99.91,StopLoss,-103.47,-101.09,-2.38,-19.6,100629.19,-1.0356320688619758
2022-05-04 17:05:00,2022-05-04 18:07:14,2022,Buy,6.04,4194.66,4178.12,4525.46,16.5,99.66,StopLoss,-39.83,-37.03,-2.8,-6.1,100589.36,-0.39965884005619107
2022-05-05 14:00:00,2022-05-05 16:28:00,2022,Sell,4.38,4226.78,4249.59,3770.58,22.8,99.864,StopLoss,304.01,306.03,-2.02,69.9,100893.37,3.044240166626612
2022-05-06 13:55:00,2022-05-06 14:18:04,2022,Sell,2.78,4075.33,4111.22,3357.53,35.9,99.80199999999999,StopLoss,-103.81,-102.53,-1.28,-36.9,100789.56,-1.040159515841366
2022-05-06 15:15:00,2022-05-06 18:05:08,2022,Buy,2.81,4140.21,4104.68,4850.6,35.5,99.755,StopLoss,-101.42,-100.12,-1.3,-35.6,100688.14,-1.0166908926870835
2022-05-09 14:10:00,2022-05-09 16:07:31,2022,Sell,4.04,4040.46,4065.21,3545.46,24.8,100.19200000000001,StopLoss,5.19,7.07,-1.88,1.8,100693.33,0.05180054295752156
2022-05-09 16:40:00,2022-05-09 19:50:00,2022,Sell,2.73,4028.71,4065.21,3298.71,36.5,99.645,Closed,109.31,110.57,-1.26,40.5,100802.64,1.0969943298710423
2022-05-10 13:50:00,2022-05-10 14:06:24,2022,Sell,3.55,4032.08,4060.17,3470.28,28.1,99.755,StopLoss,-101.5,-99.86,-1.64,-28.1,100701.14,-1.0174928575008773
2022-05-10 14:35:00,2022-05-10 17:30:16,2022,Sell,3.43,4031.08,4060.17,3449.28,29.1,99.81300000000002,StopLoss,103.45,105.03,-1.58,30.6,100804.59,1.0364381393205293
2022-05-11 13:50:00,2022-05-11 16:46:09,2022,Buy,2.31,4034.11,3990.86,4899.1,43.2,99.79200000000002,StopLoss,-101.27,-100.21,-1.06,-43.4,100703.32,-1.014810806477473
2022-05-12 14:15:00,2022-05-12 15:47:41,2022,Buy,2.95,3927.21,3893.33,4604.81,33.9,100.005,StopLoss,-42.31,-40.95,-1.36,-13.9,100661.01,-0.42307884605769713
2022-05-12 16:45:00,2022-05-12 17:32:56,2022,Buy,2.83,3928.59,3893.33,4633.79,35.3,99.899,StopLoss,-101.11,-99.79,-1.32,-35.3,100559.9,-1.0121222434659005
2022-05-13 13:55:00,2022-05-13 17:56:50,2022,Buy,3.94,3997.81,3972.44,4505.21,25.4,100.076,StopLoss,5.55,7.37,-1.82,1.9,100565.45,0.05545785203245534
2022-05-16 13:50:00,2022-05-16 14:11:29,2022,Sell,4.31,3988.68,4011.86,3525.08,23.2,99.99199999999999,StopLoss,-102.77,-100.77,-2.0,-23.4,100462.68,-1.0277822225778064
2022-05-17 14:40:00,2022-05-17 15:38:03,2022,Sell,4.34,4045.23,4068.24,3585.03,23.0,99.82,StopLoss,-102.38,-100.38,-2.0,-23.1,100360.3,-1.0256461630935685
2022-05-18 14:30:00,2022-05-18 19:50:00,2022,Sell,3.98,4010.58,4035.69,3508.38,25.1,99.89800000000001,Closed,371.76,373.6,-1.84,93.9,100732.06,3.7213958237402145
2022-05-19 15:45:00,2022-05-19 16:40:41,2022,Buy,3.2,3935.11,3903.9,4559.31,31.2,99.84,StopLoss,-101.9,-100.42,-1.48,-31.4,100630.16,-1.0206330128205128
2022-05-20 14:10:00,2022-05-20 17:46:13,2022,Sell,4.35,3911.98,3934.95,3452.58,23.0,100.05,StopLoss,306.26,308.28,-2.02,70.9,100936.42,3.0610694652673662
2022-05-23 14:40:00,2022-05-23 17:18:22,2022,Buy,4.26,3948.81,3925.36,4417.81,23.4,99.68399999999998,StopLoss,5.99,7.97,-1.98,1.9,100942.41,0.060089884033546016
2022-05-24 14:05:00,2022-05-24 15:59:14,2022,Sell,3.8,3905.98,3932.23,3380.98,26.2,99.55999999999999,StopLoss,-39.3,-37.54,-1.76,-9.9,100903.11,-0.39473684210526316
2022-05-24 16:35:00,2022-05-24 18:11:04,2022,Sell,3.88,3906.48,3932.23,3391.48,25.8,100.104,StopLoss,-109.97,-108.17,-1.8,-27.9,100793.14,-1.0985575001997923
2022-05-25 14:30:00,2022-05-25 16:36:12,2022,Buy,3.01,3970.71,3937.54,4634.1,33.2,99.932,StopLoss,-101.87,-100.47,-1.4,-33.4,100691.27,-1.0193931873674098
2022-05-26 14:15:00,2022-05-26 19:50:00,2022,Buy,2.93,4039.11,4005.02,4720.91,34.1,99.91300000000001,Closed,97.88,99.24,-1.36,33.9,100789.15,0.9796522974988239
2022-05-27 14:05:00,2022-05-27 19:50:00,2022,Buy,3.59,4120.21,4092.38,4676.81,27.8,99.80199999999999,Closed,89.78,91.44,-1.66,25.5,100878.93,0.8995811707180218
2022-05-31 16:05:01,2022-05-31 19:50:00,2022,Buy,2.63,4161.06,4123.16,4919.06,37.9,99.67699999999999,Closed,-43.96,-42.74,-1.22,-16.2,100834.97,-0.44102450916460173
2022-06-01 14:10:00,2022-06-01 19:17:19,2022,Sell,3.56,4131.63,4159.66,3571.03,28.0,99.68,StopLoss,2.35,3.99,-1.64,1.1,100837.32,0.023575441412520062
2022-06-02 15:05:00,2022-06-02 19:50:00,2022,Buy,4.39,4111.71,4088.94,4567.1,22.8,100.092,Closed,237.3,239.34,-2.04,54.5,101074.62,2.370818846661072
2022-06-03 15:05:00,2022-06-03 17:03:51,2022,Sell,4.25,4109.58,4133.06,3639.98,23.5,99.875,StopLoss,-101.96,-100.0,-1.96,-23.5,100972.66,-1.0208760951188987
2022-06-06 16:05:00,2022-06-06 19:50:00,2022,Sell,3.87,4125.78,4151.59,3609.58,25.8,99.846,Closed,34.46,36.26,-1.8,9.4,101007.12,0.34513150251387137
2022-06-07 14:30:00,2022-06-07 19:50:00,2022,Buy,3.34,4117.06,4087.16,4715.06,29.9,99.86599999999999,Closed,147.49,149.03,-1.54,44.6,101154.61,1.4768790178839648
2022-06-08 13:55:00,2022-06-08 14:15:04,2022,Buy,4.21,4160.31,4136.6,4634.31,23.7,99.777,StopLoss,-102.47,-100.53,-1.94,-23.9,101052.14,-1.0269901881195065
2022-06-08 15:20:01,2022-06-08 16:32:59,2022,Buy,4.77,4157.56,4136.6,4576.56,21.0,100.16999999999999,StopLoss,-107.76,-105.56,-2.2,-22.1,100944.38,-1.0757711889787362
2022-06-10 14:05:00,2022-06-10 19:50:00,2022,Sell,3.12,3915.63,3947.68,3274.63,32.0,99.84,Closed,12.97,14.41,-1.44,4.6,100957.35,0.12990785256410256
2022-06-13 14:20:00,2022-06-13 15:39:10,2022,Sell,3.07,3775.53,3808.0,3126.13,32.5,99.77499999999999,StopLoss,-38.66,-37.24,-1.42,-12.1,100918.69,-0.3874718115760461
2022-06-13 15:55:00,2022-06-13 16:35:55,2022,Sell,3.33,3778.03,3808.0,3178.63,30.0,99.9,StopLoss,-101.87,-100.33,-1.54,-30.1,100816.82,-1.0197197197197196
2022-06-14 16:15:00,2022-06-14 17:17:43,2022,Sell,3.67,3734.93,3762.11,3191.33,27.2,99.824,StopLoss,-102.18,-100.48,-1.7,-27.4,100714.64,-1.0236015387081263
2022-06-16 14:45:00,2022-06-16 19:50:00,2022,Sell,3.35,3668.33,3698.15,3071.93,29.8,99.83,Closed,54.95,56.51,-1.56,16.9,100769.59,0.5504357407592908
2022-06-17 14:35:00,2022-06-17 15:32:52,2022,Sell,2.53,3650.33,3689.72,2862.53,39.4,99.68199999999999,StopLoss,-101.44,-100.26,-1.18,-39.6,100668.15,-1.0176360827431232
2022-06-20 15:55:03,2022-06-20 19:50:00,2022,Buy,6.23,3717.44,3701.4,4038.24,16.0,99.68,Closed,-14.59,-11.71,-2.88,-1.9,100653.56,-0.14636837881219902
2022-06-21 14:05:00,2022-06-21 19:50:00,2022,Buy,4.26,3768.21,3744.74,4237.6,23.5,100.11,Closed,20.9,22.88,-1.98,5.4,100674.46,0.20877035261212665
2022-06-22 13:55:00,2022-06-22 16:08:04,2022,Buy,3.55,3757.41,3729.32,4319.21,28.1,99.755,StopLoss,4.64,6.28,-1.64,1.8,100679.1,0.046513959200040096
2022-06-23 16:05:00,2022-06-23 19:24:16,2022,Sell,3.68,3756.85,3784.02,3213.45,27.2,100.096,StopLoss,-102.31,-100.61,-1.7,-27.3,100576.79,-1.0221187659846547
2022-06-24 14:05:00,2022-06-24 19:50:00,2022,Buy,2.63,3877.49,3839.58,4635.68,37.9,99.67699999999999,Closed,61.53,62.75,-1.22,23.9,100638.32,0.6172938591651034
2022-06-28 14:35:00,2022-06-28 19:50:00,2022,Sell,3.01,3903.75,3936.94,3239.95,33.2,99.932,Closed,233.11,234.51,-1.4,77.9,100871.43,2.3326862266341113
2022-06-30 14:05:00,2022-06-30 14:58:06,2022,Sell,3.41,3742.75,3772.06,3156.55,29.3,99.91300000000001,StopLoss,-101.63,-100.05,-1.58,-29.3,100769.8,-1.0171849509072892
2022-06-30 15:55:00,2022-06-30 18:52:22,2022,Buy,3.44,3795.84,3766.84,4375.84,29.0,99.76,StopLoss,-38.89,-37.29,-1.6,-10.8,100730.91,-0.3898356054530874
2022-07-01 14:35:00,2022-07-01 15:17:01,2022,Sell,3.6,3760.95,3788.67,3206.55,27.7,99.72,StopLoss,-103.68,-102.02,-1.66,-28.3,100627.23,-1.0397111913357402
2022-07-06 15:45:00,2022-07-06 18:05:36,2022,Sell,3.61,3813.6,3841.27,3260.2,27.7,99.997,StopLoss,-102.18,-100.5,-1.68,-27.8,100525.05,-1.0218306549196476
2022-07-07 16:35:01,2022-07-07 19:50:00,2022,Buy,4.34,3898.12,3875.08,4358.92,23.0,99.82,Closed,30.68,32.68,-2.0,7.5,100555.73,0.3073532358244841
2022-07-08 14:40:00,2022-07-08 16:38:40,2022,Buy,4.78,3910.04,3889.15,4327.84,20.9,99.902,StopLoss,-103.03,-100.81,-2.22,-21.1,100452.7,-1.0313106844707813
2022-07-13 14:45:00,2022-07-13 19:50:00,2022,Buy,2.8,3809.14,3773.53,4521.34,35.6,99.67999999999999,Closed,-3.65,-2.35,-1.3,-0.8,100449.05,-0.036617174959871594
2022-07-14 15:45:00,2022-07-14 19:50:00,2022,Buy,3.66,3767.69,3740.38,4313.89,27.3,99.918,Closed,79.88,81.58,-1.7,22.3,100528.93,0.7994555535539141
2022-07-15 15:10:00,2022-07-15 19:50:00,2022,Buy,4.29,3859.54,3836.23,4325.74,23.3,99.95700000000001,Closed,-20.6,-18.62,-1.98,-4.3,100508.33,-0.2060886181057855
2022-07-19 14:30:00,2022-07-19 19:50:00,2022,Buy,4.65,3893.44,3871.98,4322.64,21.5,99.97500000000001,Closed,202.49,204.65,-2.16,44.0,100710.82,2.025406351587897
2022-07-20 14:35:00,2022-07-20 16:47:11,2022,Buy,4.58,3955.54,3933.72,4391.93,21.8,99.84400000000001,StopLoss,-39.17,-37.05,-2.12,-8.1,100671.65,-0.39231200673049954
2022-07-20 16:55:00,2022-07-20 19:50:00,2022,Buy,4.28,3957.04,3933.72,4423.43,23.3,99.724,Closed,26.52,28.5,-1.98,6.7,100698.17,0.2659339777786691
2022-07-21 15:35:00,2022-07-21 19:50:00,2022,Buy,4.2,3970.19,3946.39,4446.18,23.8,99.96000000000001,Closed,79.16,81.1,-1.94,19.3,100777.33,0.7919167667066825
2022-07-22 15:25:00,2022-07-22 19:50:00,2022,Sell,4.52,3979.95,4002.05,3537.95,22.1,99.892,Closed,110.49,112.59,-2.1,24.9,100887.82,1.1060945821487207
2022-07-26 15:25:00,2022-07-26 19:50:00,2022,Sell,5.36,3930.65,3949.28,3558.05,18.6,99.69600000000001,Closed,50.64,53.12,-2.48,9.9,100938.46,0.5079441502166586
2022-07-27 15:55:00,2022-07-27 19:50:00,2022,Buy,5.3,3978.69,3959.84,4355.68,18.8,99.64,Closed,288.46,290.92,-2.46,54.9,101226.92,2.89502207948615
2022-07-28 13:55:00,2022-07-28 15:01:26,2022,Sell,3.24,3999.2,4030.03,3382.6,30.8,99.79200000000002,StopLoss,-101.58,-100.08,-1.5,-30.9,101125.34,-1.0179172679172677
2022-07-28 15:30:00,2022-07-28 19:50:00,2022,Buy,3.82,4052.24,4026.07,4575.64,26.2,100.08399999999999,Closed,80.6,82.36,-1.76,21.6,101205.94,0.8053235282362815
2022-07-29 14:05:00,2022-07-29 19:50:00,2022,Buy,4.19,4111.59,4087.76,4588.18,23.8,99.72200000000001,Closed,118.15,120.09,-1.94,28.7,101324.09,1.1847937265598363
2022-08-01 14:10:00,2022-08-01 17:45:46,2022,Buy,3.26,4136.09,4105.49,4748.09,30.6,99.756,StopLoss,-102.04,-100.54,-1.5,-30.8,101222.05,-1.0228958659128273
2022-08-02 14:55:01,2022-08-02 17:51:05,2022,Buy,4.07,4125.04,4100.5,4615.84,24.5,99.715,StopLoss,-101.96,-100.08,-1.88,-24.6,101120.09,-1.0225141653713081
2022-08-03 15:40:00,2022-08-03 19:50:00,2022,Buy,4.21,4142.89,4119.18,4616.89,23.7,99.777,Closed,92.41,94.35,-1.94,22.4,101212.5,0.9261653487276627
2022-08-05 14:05:00,2022-08-05 15:27:23,2022,Buy,4.11,4140.64,4116.32,4627.04,24.3,99.873,StopLoss,-102.35,-100.45,-1.9,-24.4,101110.15,-1.0248014979023359
2022-08-05 17:15:00,2022-08-05 19:50:00,2022,Buy,3.71,4143.24,4116.32,4681.64,26.9,99.79899999999999,Closed,-0.64,1.08,-1.72,0.3,101109.51,-0.006412889908716521
2022-08-08 15:45:00,2022-08-08 19:50:00,2022,Sell,4.12,4147.9,4172.16,3662.7,24.3,100.116,Closed,26.12,28.02,-1.9,6.8,101135.63,0.2608973590634864
2022-08-09 15:05:02,2022-08-09 15:18:20,2022,Sell,5.32,4113.0,4131.78,3737.4,18.8,100.016,StopLoss,-102.48,-100.02,-2.46,-18.8,101033.15,-1.024636058230683
2022-08-10 15:05:01,2022-08-10 19:50:00,2022,Buy,5.04,4208.0,4188.18,4604.39,19.8,99.792,Closed,3.71,6.05,-2.34,1.2,101036.86,0.03717732884399551
2022-08-11 14:15:00,2022-08-11 15:06:27,2022,Buy,6.16,4250.8,4234.59,4575.0,16.2,99.792,StopLoss,-103.88,-101.02,-2.86,-16.4,100932.98,-1.0409652076318743
2022-08-12 16:10:00,2022-08-12 19:50:00,2022,Buy,5.1,4248.3,4228.71,4640.1,19.6,99.96,Closed,134.83,137.19,-2.36,26.9,101067.81,1.348839535814326
2022-08-15 13:55:00,2022-08-15 19:50:00,2022,Buy,5.91,4276.29,4259.38,4614.49,16.9,99.87899999999999,Closed,135.08,137.82,-2.74,23.3,101202.89,1.352436448102204
2022-08-16 15:50:00,2022-08-16 18:41:42,2022,Buy,5.87,4305.59,4288.58,4645.79,17.0,99.79,StopLoss,-43.69,-40.97,-2.72,-7.0,101159.2,-0.4378194207836456
2022-08-17 15:50:01,2022-08-17 16:38:25,2022,Sell,4.9,4254.21,4274.58,3846.81,20.4,99.96,StopLoss,-102.61,-100.35,-2.26,-20.5,101056.59,-1.0265106042416967
2022-08-18 15:50:01,2022-08-18 16:37:03,2022,Buy,5.96,4286.99,4270.22,4622.18,16.8,100.128,StopLoss,-102.77,-100.01,-2.76,-16.8,100953.82,-1.026386225631192
2022-08-19 14:15:01,2022-08-19 19:50:00,2022,Sell,5.33,4234.21,4252.95,3859.41,18.7,99.67099999999999,Closed,18.97,21.43,-2.46,4.0,100972.79,0.19032617310953034
2022-08-22 14:25:00,2022-08-22 19:50:00,2022,Sell,5.08,4152.86,4172.52,3759.66,19.7,100.076,Closed,93.75,96.11,-2.36,18.9,101066.54,0.9367880410887726
2022-08-23 14:10:00,2022-08-23 14:55:43,2022,Buy,4.94,4155.9,4135.68,4560.1,20.2,99.78800000000001,StopLoss,-102.56,-100.28,-2.28,-20.3,100963.98,-1.0277788912494488
2022-08-24 15:15:00,2022-08-24 19:50:00,2022,Buy,4.44,4147.14,4124.64,4596.93,22.5,99.9,Closed,2.25,4.31,-2.06,1.0,100966.23,0.02252252252252252
2022-08-25 14:00:00,2022-08-25 15:16:27,2022,Buy,5.34,4169.1,4150.39,4543.1,18.7,99.85799999999999,StopLoss,-40.93,-38.45,-2.48,-7.2,100925.3,-0.40988203248613037
2022-08-26 14:05:00,2022-08-26 14:09:55,2022,Sell,2.67,4159.7,4197.07,3412.3,37.4,99.85799999999999,StopLoss,-102.43,-101.19,-1.24,-37.9,100822.87,-1.0257565743355566
2022-08-26 14:25:00,2022-08-26 19:50:00,2022,Sell,3.37,4167.4,4197.07,3574.0,29.7,100.089,Closed,343.19,344.75,-1.56,102.3,101166.06,3.428848324990758
2022-08-29 16:55:00,2022-08-29 19:50:00,2022,Buy,3.81,4056.2,4030.01,4580.0,26.2,99.822,Closed,-46.72,-44.96,-1.76,-11.8,101119.34,-0.4680330989160706
2022-08-30 14:10:00,2022-08-30 19:50:00,2022,Sell,3.51,4009.1,4037.56,3439.9,28.5,100.035,Closed,106.49,108.11,-1.62,30.8,101225.83,1.0645274154046083
2022-08-31 17:25:00,2022-08-31 19:50:00,2022,Sell,3.56,3972.8,4000.84,3412.0,28.0,99.68,Closed,-19.8,-18.16,-1.64,-5.1,101206.03,-0.19863563402889245
2022-09-01 14:45:00,2022-09-01 17:26:14,2022,Sell,4.55,3908.0,3929.94,3469.2,21.9,99.645,StopLoss,-104.02,-101.92,-2.1,-22.4,101102.01,-1.043905865823674
2022-09-02 16:55:00,2022-09-02 19:50:00,2022,Sell,3.76,3968.3,3994.86,3437.1,26.6,100.016,Closed,200.55,202.29,-1.74,53.8,101302.56,2.005179171332587
2022-09-06 13:55:00,2022-09-06 14:40:09,2022,Sell,3.88,3909.1,3934.83,3394.5,25.7,99.716,StopLoss,-45.26,-43.46,-1.8,-11.2,101257.3,-0.45388904488748044
2022-09-06 16:25:00,2022-09-06 19:50:00,2022,Sell,3.96,3909.6,3934.83,3405.0,25.2,99.792,Closed,-11.74,-9.9,-1.84,-2.5,101245.56,-0.11764470097803431
2022-09-07 15:15:00,2022-09-07 19:50:00,2022,Buy,3.38,3944.5,3914.97,4535.1,29.5,99.71,Closed,141.75,143.31,-1.56,42.4,101387.31,1.4216227058469562
2022-09-08 14:20:00,2022-09-08 16:05:54,2022,Buy,3.33,3983.1,3953.15,4582.1,29.9,99.567,StopLoss,-39.84,-38.3,-1.54,-11.5,101347.47,-0.4001325740456176
2022-09-08 16:45:00,2022-09-08 19:50:00,2022,Buy,3.45,3982.1,3953.15,4561.1,28.9,99.705,Closed,22.9,24.5,-1.6,7.1,101370.37,0.22967754876886814
2022-09-09 14:05:00,2022-09-09 19:50:00,2022,Buy,5.46,4052.0,4033.69,4418.2,18.3,99.918,Closed,112.47,114.99,-2.52,21.1,101482.84,1.1256230108689125
2022-09-12 14:00:00,2022-09-12 15:56:26,2022,Buy,4.52,4113.09,4091.0,4554.89,22.1,99.892,StopLoss,-102.85,-100.75,-2.1,-22.3,101379.99,-1.0296119809394146
2022-09-12 17:10:00,2022-09-12 19:50:00,2022,Buy,5.76,4108.34,4091.0,4455.14,17.3,99.648,Closed,-15.56,-12.9,-2.66,-2.2,101364.43,-0.1561496467565832
2022-09-13 14:35:00,2022-09-13 19:50:00,2022,Sell,4.0,3997.3,4022.25,3498.3,24.9,99.6,Closed,274.14,276.0,-1.86,69.0,101638.57,2.7524096385542167
2022-09-15 13:55:00,2022-09-15 14:29:22,2022,Buy,4.72,3950.2,3929.05,4373.2,21.1,99.592,StopLoss,-102.72,-100.54,-2.18,-21.3,101535.85,-1.0314081452325488
2022-09-15 15:10:00,2022-09-15 17:01:21,2022,Sell,5.06,3911.9,3931.65,3516.9,19.8,100.188,StopLoss,-103.03,-100.69,-2.34,-19.9,101432.82,-1.0283666706591608
2022-09-19 14:30:00,2022-09-19 19:50:00,2022,Buy,3.74,3873.4,3846.7,4407.39,26.7,99.858,Closed,85.78,87.52,-1.74,23.4,101518.6,0.8590198081275411
2022-09-22 15:20:01,2022-09-22 19:11:22,2022,Sell,3.64,3751.6,3779.03,3203.0,27.4,99.736,StopLoss,-104.33,-102.65,-1.68,-28.2,101414.27,-1.0460616026309457
2022-09-23 15:40:00,2022-09-23 19:42:07,2022,Sell,4.35,3687.7,3710.64,3228.9,22.9,99.61499999999998,StopLoss,5.38,7.4,-2.02,1.7,101419.65,0.054007930532550326
2022-09-26 14:20:00,2022-09-26 15:09:14,2022,Buy,3.54,3713.9,3685.66,4278.7,28.2,99.828,StopLoss,-102.53,-100.89,-1.64,-28.5,101317.12,-1.0270665544736948
2022-09-26 16:25:00,2022-09-26 18:52:43,2022,Sell,3.96,3664.4,3689.64,3159.6,25.2,99.792,StopLoss,-39.46,-37.62,-1.84,-9.5,101277.66,-0.3954224787558121
2022-09-27 14:10:00,2022-09-27 19:50:00,2022,Sell,3.32,3675.9,3705.97,3074.5,30.1,99.932,Closed,103.04,104.58,-1.54,31.5,101380.7,1.0311011487811712
2022-09-28 14:25:00,2022-09-28 19:50:00,2022,Buy,4.58,3669.7,3647.9,4105.7,21.8,99.84400000000001,Closed,290.08,292.2,-2.12,63.8,101670.78,2.90533231841673
2022-09-29 14:05:00,2022-09-29 19:50:00,2022,Sell,2.8,3631.0,3666.63,2918.4,35.6,99.67999999999999,Closed,-21.46,-20.16,-1.3,-7.2,101649.32,-0.2152889245585875
2022-09-30 14:35:00,2022-09-30 17:43:15,2022,Buy,3.33,3654.9,3624.9,4254.89,30.0,99.9,StopLoss,-101.77,-100.23,-1.54,-30.1,101547.55,-1.0187187187187186
2022-10-03 14:05:00,2022-10-03 19:50:00,2022,Buy,4.11,3638.6,3614.29,4124.8,24.3,99.873,Closed,187.57,189.47,-1.9,46.1,101735.12,1.8780851681635675
2022-10-04 14:00:00,2022-10-04 19:50:00,2022,Buy,3.56,3773.7,3745.67,4334.3,28.0,99.68,Closed,31.11,32.75,-1.64,9.2,101766.23,0.3120987158908507
2022-10-05 14:10:00,2022-10-05 16:11:31,2022,Sell,4.45,3733.3,3755.75,3284.3,22.4,99.67999999999999,StopLoss,-104.41,-102.35,-2.06,-23.0,101661.82,-1.0474518459069022
2022-10-05 17:15:00,2022-10-05 19:50:00,2022,Buy,4.22,3776.44,3752.75,4250.24,23.7,100.014,Closed,64.13,66.09,-1.96,15.7,101725.95,0.6412102305677205
2022-10-06 14:15:00,2022-10-06 19:50:00,2022,Sell,3.24,3752.8,3783.57,3137.4,30.8,99.79200000000002,Closed,16.64,18.14,-1.5,5.6,101742.59,0.16674683341350005
2022-10-07 14:00:00,2022-10-07 19:50:00,2022,Sell,3.59,3665.4,3693.24,3108.6,27.8,99.80199999999999,Closed,109.63,111.29,-1.66,31.0,101852.22,1.0984749804613134
2022-10-10 14:10:00,2022-10-10 17:47:04,2022,Sell,4.12,3621.2,3645.43,3136.6,24.2,99.704,StopLoss,6.34,8.24,-1.9,2.0,101858.56,0.0635882211345583
2022-10-11 15:35:00,2022-10-11 18:45:21,2022,Buy,4.91,3609.0,3588.65,4016.0,20.3,99.673,StopLoss,7.54,9.82,-2.28,2.0,101866.1,0.07564736688972941
2022-10-13 13:55:00,2022-10-13 19:50:00,2022,Buy,3.59,3526.2,3498.4,4082.2,27.8,99.80199999999999,Closed,527.51,529.17,-1.66,147.4,102393.61,5.285565419530671
2022-10-14 14:05:00,2022-10-14 19:50:00,2022,Sell,2.47,3659.0,3699.4,2851.0,40.4,99.78800000000001,Closed,159.41,160.55,-1.14,65.0,102553.02,1.5974866717440972
2022-10-18 13:55:00,2022-10-18 17:55:55,2022,Sell,4.38,3735.6,3758.38,3280.0,22.8,99.864,StopLoss,6.3,8.32,-2.02,1.9,102559.32,0.06308579668348954
2022-10-19 16:50:02,2022-10-19 19:50:00,2022,Sell,3.32,3679.5,3709.62,3077.1,30.1,99.932,Closed,-22.12,-20.58,-1.54,-6.2,102537.2,-0.22135051835247968
2022-10-20 14:05:00,2022-10-20 16:01:27,2022,Buy,3.44,3715.5,3686.51,4295.3,29.0,99.76,StopLoss,-39.44,-37.84,-1.6,-11.0,102497.76,-0.3953488372093023
2022-10-21 13:55:00,2022-10-21 19:50:00,2022,Buy,2.93,3691.8,3657.75,4372.8,34.1,99.91300000000001,Closed,181.77,183.13,-1.36,62.5,102679.53,1.819282776015133
2022-10-24 14:25:00,2022-10-24 14:59:26,2022,Sell,3.11,3744.5,3776.65,3101.5,32.2,100.14200000000001,StopLoss,-101.58,-100.14,-1.44,-32.2,102577.95,-1.0143596093547163
2022-10-25 13:50:00,2022-10-25 19:50:00,2022,Buy,4.19,3827.8,3803.96,4304.6,23.8,99.72200000000001,Closed,138.84,140.78,-1.94,33.6,102716.79,1.392270512023425
2022-10-26 14:20:00,2022-10-26 16:56:51,2022,Buy,4.32,3854.3,3831.16,4317.1,23.1,99.79200000000002,StopLoss,6.21,8.21,-2.0,1.9,102723.0,0.06222943722943722
2022-10-27 13:55:00,2022-10-27 14:12:49,2022,Sell,3.64,3817.1,3844.53,3268.5,27.4,99.736,StopLoss,-102.51,-100.83,-1.68,-27.7,102620.49,-1.027813427448464
2022-10-27 15:45:00,2022-10-27 19:50:00,2022,Sell,4.32,3821.4,3844.53,3358.8,23.1,99.79200000000002,Closed,24.78,26.78,-2.0,6.2,102645.27,0.2483164983164983
2022-10-28 14:30:00,2022-10-28 19:50:00,2022,Buy,3.32,3850.3,3820.2,4452.3,30.1,99.932,Closed,164.99,166.53,-1.54,50.2,102810.26,1.6510226954328944
2022-11-01 13:55:00,2022-11-01 16:06:35,2022,Sell,5.19,3890.1,3909.34,3505.3,19.2,99.64800000000001,StopLoss,107.11,109.51,-2.4,21.1,102917.37,1.0748835902376364
2022-11-02 16:35:00,2022-11-02 17:48:29,2022,Sell,5.46,3826.71,3845.0,3460.91,18.3,99.918,StopLoss,-103.97,-101.45,-2.52,-18.6,102813.4,-1.0405532536680078
2022-11-03 15:00:00,2022-11-03 15:32:07,2022,Buy,4.33,3742.3,3719.24,4203.5,23.1,100.02300000000001,StopLoss,-102.46,-100.46,-2.0,-23.2,102710.94,-1.0243643961888764
2022-11-03 16:20:00,2022-11-03 19:50:00,2022,Buy,4.49,3741.5,3719.24,4186.7,22.3,100.12700000000001,Closed,-60.0,-57.92,-2.08,-12.9,102650.94,-0.5992389665125291
2022-11-04 15:55:00,2022-11-04 19:35:00,2022,Sell,2.55,3723.2,3762.39,2939.4,39.2,99.96,StopLoss,-101.14,-99.96,-1.18,-39.2,102549.8,-1.0118047218887556
2022-11-08 15:35:00,2022-11-08 18:30:01,2022,Buy,4.39,3832.9,3810.13,4288.3,22.8,100.092,StopLoss,-40.23,-38.19,-2.04,-8.7,102509.57,-0.40193022419374175
2022-11-09 15:10:00,2022-11-09 15:33:53,2022,Buy,5.26,3815.6,3796.61,4195.39,19.0,99.94,StopLoss,-102.38,-99.94,-2.44,-19.0,102407.19,-1.0244146487892736
2022-11-10 15:00:00,2022-11-10 20:50:00,2022,Buy,3.25,3906.7,3875.97,4521.3,30.7,99.77499999999999,Closed,137.28,138.78,-1.5,42.7,102544.47,1.3758957654723127
2022-11-11 15:20:00,2022-11-11 16:28:52,2022,Buy,4.11,3977.5,3953.19,4463.7,24.3,99.873,StopLoss,-103.01,-101.11,-1.9,-24.6,102441.46,-1.0314098905610125
2022-11-11 18:10:00,2022-11-11 20:50:00,2022,Buy,4.03,3977.99,3953.19,4473.99,24.8,99.944,Closed,86.84,88.7,-1.86,22.0,102528.3,0.8688865764828304
2022-11-14 17:40:03,2022-11-14 20:44:57,2022,Buy,4.52,3998.94,3976.83,4441.14,22.1,99.892,StopLoss,-102.62,-100.52,-2.1,-22.2,102425.68,-1.0273094942537941
2022-11-15 17:45:00,2022-11-15 19:10:17,2022,Sell,5.22,4005.1,4024.23,3622.5,19.1,99.702,StopLoss,105.11,107.53,-2.42,20.6,102530.79,1.0542416400874606
2022-11-16 15:55:00,2022-11-16 17:45:22,2022,Sell,5.14,3959.1,3978.54,3570.3,19.4,99.71599999999998,StopLoss,-102.3,-99.92,-2.38,-19.4,102428.49,-1.0259135946086888
2022-11-17 17:00:00,2022-11-17 20:50:00,2022,Buy,3.85,3937.2,3911.28,4455.6,25.9,99.715,Closed,15.93,17.71,-1.78,4.6,102444.42,0.15975530261244547
2022-11-18 15:15:01,2022-11-18 20:06:22,2022,Sell,4.57,3952.2,3974.06,3515.0,21.9,100.083,StopLoss,-39.59,-37.47,-2.12,-8.2,102404.83,-0.3955716755093273
2022-11-21 17:00:00,2022-11-21 18:14:09,2022,Sell,5.15,3936.6,3956.01,3548.4,19.4,99.91,StopLoss,-103.01,-100.63,-2.38,-19.5,102301.82,-1.0310279251326195
2022-11-22 17:45:01,2022-11-22 20:50:00,2022,Buy,4.89,3982.59,3962.17,4390.99,20.4,99.75599999999999,Closed,94.17,96.43,-2.26,19.7,102395.99,0.9440033682184532
2022-11-23 15:25:00,2022-11-23 16:56:25,2022,Buy,5.21,4022.94,4003.77,4406.34,19.2,100.032,StopLoss,-102.66,-100.24,-2.42,-19.2,102293.33,-1.026271593090211
2022-11-28 17:10:00,2022-11-28 20:50:00,2022,Sell,4.83,3983.8,4004.47,3570.4,20.7,99.981,Closed,127.74,129.98,-2.24,26.9,102421.07,1.2776427521229035
2022-11-29 16:10:00,2022-11-29 19:03:26,2022,Sell,5.65,3947.1,3964.79,3593.3,17.7,100.005,StopLoss,-103.19,-100.57,-2.62,-17.8,102317.88,-1.031848407579621
2022-11-30 17:40:01,2022-11-30 18:30:11,2022,Sell,5.26,3939.61,3958.61,3559.61,19.0,99.94,StopLoss,-108.11,-105.67,-2.44,-20.1,102209.77,-1.0817490494296578
2022-12-01 15:15:00,2022-12-01 15:58:16,2022,Sell,4.59,4067.5,4089.27,3632.1,21.8,100.062,StopLoss,-39.25,-37.13,-2.12,-8.1,102170.52,-0.3922568007835142
2022-12-01 16:15:00,2022-12-01 17:31:36,2022,Sell,6.0,4072.61,4089.27,3739.41,16.7,100.19999999999999,StopLoss,-40.46,-37.68,-2.78,-6.3,102130.06,-0.40379241516966075
2022-12-02 16:40:00,2022-12-02 20:50:00,2022,Buy,4.62,4053.29,4031.65,4486.09,21.6,99.79200000000002,Closed,39.99,42.13,-2.14,9.1,102170.05,0.40073352573352566
2022-12-05 15:10:01,2022-12-05 20:50:00,2022,Sell,5.28,4028.0,4046.93,3649.4,18.9,99.792,Closed,177.66,180.1,-2.44,34.1,102347.71,1.7803030303030303
2022-12-06 15:05:00,2022-12-06 20:50:00,2022,Sell,4.01,3968.4,3993.33,3469.8,24.9,99.84899999999999,Closed,100.64,102.5,-1.86,25.6,102448.35,1.0079219621628661
2022-12-08 15:05:00,2022-12-08 20:50:00,2022,Buy,4.54,3965.4,3943.4,4405.39,22.0,99.88,Closed,-52.45,-50.35,-2.1,-11.1,102395.9,-0.525130156187425
2022-12-12 17:05:04,2022-12-12 20:50:00,2022,Buy,5.84,3958.19,3941.08,4300.39,17.1,99.864,Closed,132.32,135.02,-2.7,23.1,102528.22,1.3250020027237042
2022-12-13 15:25:00,2022-12-13 20:50:00,2022,Sell,2.92,4058.7,4092.85,3375.7,34.2,99.864,Closed,107.26,108.62,-1.36,37.2,102635.48,1.0740607225827126
2022-12-14 15:20:01,2022-12-14 19:00:07,2022,Buy,4.83,4043.69,4022.99,4457.68,20.7,99.981,StopLoss,-103.62,-101.38,-2.24,-21.0,102531.86,-1.0363969154139288
2022-12-15 15:00:00,2022-12-15 20:50:00,2022,Sell,3.49,3912.2,3940.84,3339.4,28.6,99.81400000000001,Closed,73.07,74.69,-1.62,21.4,102604.93,0.7320616346404311
2022-12-16 15:15:00,2022-12-16 20:15:24,2022,Sell,4.67,3848.7,3870.1,3420.7,21.4,99.93799999999999,StopLoss,-39.99,-37.83,-2.16,-8.1,102564.94,-0.40014809181692657
2022-12-19 16:05:00,2022-12-19 20:50:00,2022,Sell,4.84,3829.01,3849.64,3416.41,20.6,99.70400000000001,Closed,93.2,95.44,-2.24,19.7,102658.14,0.9347669100537591
2022-12-20 15:25:00,2022-12-20 16:28:49,2022,Buy,3.9,3831.3,3805.69,4343.5,25.6,99.84,StopLoss,-102.03,-100.23,-1.8,-25.7,102556.11,-1.021935096153846
2022-12-20 17:05:00,2022-12-20 20:08:37,2022,Buy,5.27,3824.64,3805.69,4203.64,18.9,99.60299999999998,StopLoss,-39.49,-37.05,-2.44,-7.0,102516.62,-0.39647400178709485
2022-12-21 15:10:00,2022-12-21 20:50:00,2022,Buy,5.7,3863.39,3845.86,4213.99,17.5,99.75,Closed,72.71,75.35,-2.64,13.2,102589.33,0.728922305764411
2022-12-22 15:10:00,2022-12-22 20:20:30,2022,Sell,4.29,3815.0,3838.28,3349.4,23.3,99.95700000000001,StopLoss,6.17,8.15,-1.98,1.9,102595.5,0.06172654241323769
2022-12-23 15:40:00,2022-12-23 20:50:00,2022,Buy,3.12,3843.5,3811.5,4483.5,32.0,99.84,Closed,-4.22,-2.78,-1.44,-0.9,102591.28,-0.0422676282051282
2022-12-28 16:00:00,2022-12-28 20:50:00,2022,Sell,3.51,3809.0,3837.47,3239.6,28.5,100.035,Closed,80.72,82.34,-1.62,23.5,102672.0,0.8069175788474034
2022-12-29 15:20:00,2022-12-29 20:50:00,2022,Buy,3.61,3842.54,3814.91,4395.14,27.6,99.636,Closed,37.56,39.24,-1.68,10.9,102709.56,0.37697217873057937
2022-12-30 18:25:01,2022-12-30 20:15:42,2022,Sell,5.03,3803.51,3823.39,3405.91,19.9,100.097,StopLoss,-106.39,-104.07,-2.32,-20.7,102603.17,-1.0628690170534583
2023-01-03 15:00:00,2023-01-03 20:50:00,2023,Sell,2.86,3831.9,3866.8,3133.9,34.9,99.814,Closed,20.16,21.48,-1.32,7.5,102623.33,0.2019756747550444
2023-01-04 15:10:00,2023-01-04 16:10:39,2023,Sell,4.21,3823.3,3847.02,3348.9,23.7,99.777,StopLoss,-102.56,-100.62,-1.94,-23.9,102520.77,-1.0278921996051193
2023-01-04 16:45:00,2023-01-04 19:03:09,2023,Buy,4.07,3867.89,3843.38,4358.09,24.5,99.715,StopLoss,-102.37,-100.49,-1.88,-24.7,102418.4,-1.026625883768741
2023-01-06 15:50:00,2023-01-06 20:50:00,2023,Buy,2.7,3867.2,3830.28,4605.6,36.9,99.63000000000001,Closed,85.71,86.97,-1.26,32.2,102504.11,0.860283047274917
2023-01-09 15:05:01,2023-01-09 18:35:41,2023,Buy,4.97,3933.4,3913.3,4335.39,20.1,99.897,StopLoss,-40.52,-38.22,-2.3,-7.7,102463.59,-0.4056177863199095
2023-01-12 17:30:01,2023-01-12 20:50:00,2023,Buy,3.11,3991.69,3959.62,4633.09,32.1,99.831,Closed,-57.36,-55.92,-1.44,-18.0,102406.23,-0.5745710250323046
2023-01-13 15:10:00,2023-01-13 20:50:00,2023,Buy,5.74,3967.3,3949.9,4315.3,17.4,99.87599999999999,Closed,175.34,178.0,-2.66,31.0,102581.57,1.7555769153750653
2023-01-18 15:55:00,2023-01-18 20:50:00,2023,Sell,4.43,3982.0,4004.54,3531.2,22.5,99.675,Closed,226.57,228.63,-2.06,51.6,102808.14,2.273087534487083
2023-01-19 15:55:00,2023-01-19 18:22:02,2023,Sell,5.43,3891.6,3909.99,3523.8,18.4,99.91199999999999,StopLoss,-102.38,-99.86,-2.52,-18.4,102705.76,-1.0247017375290255
2023-01-20 16:05:00,2023-01-20 20:50:00,2023,Buy,4.17,3926.59,3902.61,4406.18,24.0,100.08,Closed,163.69,165.63,-1.94,39.7,102869.45,1.6355915267785772
2023-01-23 14:55:00,2023-01-23 19:40:12,2023,Buy,5.44,3992.5,3974.14,4359.7,18.4,100.096,StopLoss,107.37,109.89,-2.52,20.2,102976.82,1.07267023657289
2023-01-24 15:55:00,2023-01-24 20:50:00,2023,Buy,5.58,4014.7,3996.79,4372.89,17.9,99.88199999999999,Closed,-38.24,-35.66,-2.58,-6.4,102938.58,-0.3828517650827978
2023-01-25 15:40:00,2023-01-25 16:19:38,2023,Sell,4.49,3950.1,3972.37,3504.7,22.3,100.12700000000001,StopLoss,-103.11,-101.03,-2.08,-22.5,102835.47,-1.029792163951781
2023-01-25 18:10:00,2023-01-25 20:50:00,2023,Buy,4.6,3991.74,3970.03,4425.93,21.7,99.82,Closed,79.58,81.7,-2.12,17.8,102915.05,0.7972350230414746
2023-01-26 15:10:00,2023-01-26 15:24:42,2023,Sell,4.95,4024.8,4044.97,3621.4,20.2,99.99,StopLoss,-103.78,-101.48,-2.3,-20.5,102811.27,-1.037903790379038
2023-01-26 15:55:00,2023-01-26 18:41:41,2023,Sell,3.89,4019.3,4044.97,3505.9,25.7,99.973,StopLoss,-104.26,-102.46,-1.8,-26.3,102707.01,-1.0428815780260672
2023-01-27 15:05:00,2023-01-27 15:54:55,2023,Buy,5.06,4071.0,4051.25,4466.0,19.8,100.188,StopLoss,-102.53,-100.19,-2.34,-19.8,102604.48,-1.0233760530203218
2023-01-27 16:35:00,2023-01-27 20:50:00,2023,Buy,5.09,4070.89,4051.25,4463.68,19.6,99.76400000000001,Closed,41.46,43.82,-2.36,8.6,102645.94,0.41558077061866
2023-01-30 15:05:00,2023-01-30 15:36:18,2023,Buy,5.18,4062.2,4042.9,4448.2,19.3,99.974,StopLoss,-102.37,-99.97,-2.4,-19.3,102543.57,-1.0239662312201172
2023-01-31 16:05:00,2023-01-31 20:50:00,2023,Buy,5.0,4045.3,4025.3,4445.3,20.0,100.0,Closed,74.98,77.3,-2.32,15.5,102618.55,0.7498
2023-02-02 15:40:00,2023-02-02 19:31:49,2023,Buy,4.92,4173.5,4153.18,4579.7,20.3,99.876,StopLoss,-44.1,-41.82,-2.28,-8.5,102574.45,-0.4415475189234651
2023-02-03 15:20:00,2023-02-03 17:58:36,2023,Buy,3.92,4161.8,4136.34,4671.0,25.5,99.96,StopLoss,-39.06,-37.24,-1.82,-9.5,102535.39,-0.39075630252100846
2023-02-07 16:50:00,2023-02-07 18:15:41,2023,Buy,5.7,4117.94,4100.42,4468.34,17.5,99.75,StopLoss,106.57,109.21,-2.64,19.2,102641.96,1.0683709273182957
2023-02-08 16:25:00,2023-02-08 20:50:00,2023,Sell,4.07,4123.8,4148.37,3632.4,24.6,100.12200000000001,Closed,28.08,29.96,-1.88,7.4,102670.04,0.28045784143345115
2023-02-09 16:05:00,2023-02-09 20:50:00,2023,Sell,5.15,4130.5,4149.89,3742.7,19.4,99.91,Closed,251.52,253.9,-2.38,49.3,102921.56,2.5174657191472325
2023-02-10 15:25:00,2023-02-10 15:53:12,2023,Buy,5.44,4088.2,4069.85,4455.2,18.3,99.552,StopLoss,-103.16,-100.64,-2.52,-18.5,102818.4,-1.0362423657987785
2023-02-10 18:20:00,2023-02-10 20:50:00,2023,Buy,5.49,4088.04,4069.85,4451.84,18.2,99.918,Closed,19.75,22.29,-2.54,4.1,102838.15,0.19766208290798454
2023-02-13 15:30:00,2023-02-13 20:50:00,2023,Buy,4.44,4119.44,4096.96,4569.04,22.5,99.9,Closed,67.74,69.8,-2.06,15.7,102905.89,0.678078078078078
2023-02-14 15:00:00,2023-02-14 15:41:49,2023,Buy,3.24,4142.5,4111.68,4758.89,30.8,99.79200000000002,StopLoss,-101.62,-100.12,-1.5,-30.9,102804.27,-1.0183181016514349
2023-02-14 18:05:00,2023-02-14 20:50:00,2023,Buy,4.48,4134.0,4111.68,4580.39,22.3,99.90400000000001,Closed,43.17,45.25,-2.08,10.1,102847.44,0.4321148302370275
2023-02-15 16:50:00,2023-02-15 20:50:00,2023,Buy,5.05,4134.19,4114.39,4530.18,19.8,99.99,Closed,31.6,33.94,-2.34,6.7,102879.04,0.3160316031603161
2023-02-16 15:35:00,2023-02-16 20:16:11,2023,Buy,5.19,4113.2,4093.96,4498.0,19.2,99.64800000000001,StopLoss,5.9,8.3,-2.4,1.6,102884.94,0.05920841361592807
2023-02-17 14:55:00,2023-02-17 15:13:27,2023,Sell,5.25,4048.9,4067.94,3668.1,19.0,99.75,StopLoss,-102.72,-100.28,-2.44,-19.1,102782.22,-1.0297744360902255
2023-02-17 17:55:00,2023-02-17 19:23:06,2023,Sell,5.17,4048.6,4067.94,3661.8,19.3,99.781,StopLoss,-102.65,-100.25,-2.4,-19.4,102679.57,-1.0287529690021147
2023-02-21 15:15:00,2023-02-21 20:50:00,2023,Sell,5.34,4023.4,4042.12,3649.0,18.7,99.85799999999999,Closed,85.63,88.11,-2.48,16.5,102765.2,0.8575176750986401
2023-02-22 15:20:00,2023-02-22 17:17:03,2023,Sell,6.37,3988.5,4004.19,3674.7,15.7,100.009,StopLoss,-104.16,-101.22,-2.94,-15.9,102661.04,-1.0415062644362008
2023-02-23 15:50:00,2023-02-23 19:14:24,2023,Sell,4.58,3996.4,4018.23,3559.8,21.8,99.84400000000001,StopLoss,6.17,8.29,-2.12,1.8,102667.21,0.061796402387724846
2023-02-27 15:10:00,2023-02-27 15:37:01,2023,Buy,6.06,4017.4,4000.92,4347.0,16.5,99.99,StopLoss,-106.43,-103.63,-2.8,-17.1,102560.78,-1.0644064406440645
2023-02-27 16:35:00,2023-02-27 20:50:00,2023,Sell,5.32,3983.5,4002.29,3607.7,18.8,100.016,Closed,28.18,30.64,-2.46,5.8,102588.96,0.2817549192129259
2023-02-28 17:55:00,2023-02-28 20:32:28,2023,Buy,4.86,3994.39,3973.83,4405.59,20.6,100.11600000000001,StopLoss,-102.76,-100.5,-2.26,-20.7,102486.2,-1.0264093651364417
2023-03-01 16:15:00,2023-03-01 16:47:25,2023,Sell,5.72,3942.3,3959.77,3592.9,17.5,100.1,StopLoss,-103.88,-101.24,-2.64,-17.7,102382.32,-1.0377622377622377
2023-03-02 15:30:00,2023-03-02 20:50:00,2023,Buy,6.31,3945.0,3929.16,4261.8,15.8,99.698,Closed,254.53,257.45,-2.92,40.8,102636.85,2.5530100904732294
2023-03-03 15:25:00,2023-03-03 20:50:00,2023,Buy,6.39,4013.6,3997.96,4326.39,15.6,99.684,Closed,176.66,179.62,-2.96,28.1,102813.51,1.7722001524818427
2023-03-06 15:20:00,2023-03-06 18:36:38,2023,Buy,6.02,4071.8,4055.21,4403.6,16.6,99.932,StopLoss,-102.65,-99.87,-2.78,-16.6,102710.86,-1.0271984949765842
2023-03-09 17:50:01,2023-03-09 20:50:00,2023,Sell,4.54,3980.3,4002.29,3540.5,22.0,99.88,Closed,244.88,246.98,-2.1,54.4,102955.74,2.4517420905086103
2023-03-10 16:30:00,2023-03-10 17:05:53,2023,Buy,3.51,3925.8,3897.37,4494.39,28.4,99.68399999999998,StopLoss,-102.01,-100.39,-1.62,-28.6,102853.73,-1.0233337346013405
2023-03-10 18:20:00,2023-03-10 19:49:53,2023,Sell,3.15,3870.2,3901.93,3235.6,31.7,99.85499999999999,StopLoss,-39.26,-37.8,-1.46,-12.0,102814.47,-0.3931700966401282
2023-03-13 13:50:00,2023-03-13 14:17:10,2023,Buy,3.95,3843.8,3818.5,4349.8,25.3,99.935,StopLoss,5.29,7.11,-1.82,1.8,102819.76,0.05293440736478711
2023-03-14 14:50:00,2023-03-14 17:08:45,2023,Buy,4.09,3932.0,3907.56,4420.8,24.4,99.79599999999999,StopLoss,-102.51,-100.61,-1.9,-24.6,102717.25,-1.0271954787767046
2023-03-15 16:25:00,2023-03-15 17:55:28,2023,Sell,4.32,3843.1,3866.2,3381.1,23.1,99.79200000000002,StopLoss,-102.22,-100.22,-2.0,-23.2,102615.03,-1.024330607663941
2023-03-16 14:50:00,2023-03-16 19:50:00,2023,Buy,3.25,3901.2,3870.47,4515.8,30.7,99.77499999999999,Closed,191.55,193.05,-1.5,59.4,102806.58,1.9198195940866953
2023-03-17 14:25:00,2023-03-17 19:50:00,2023,Sell,4.29,3926.9,3950.19,3461.1,23.3,99.95700000000001,Closed,68.81,70.79,-1.98,16.5,102875.39,0.6883960102844223
2023-03-20 14:50:00,2023-03-20 16:12:59,2023,Buy,4.75,3944.5,3923.47,4365.1,21.0,99.75,StopLoss,-104.33,-102.13,-2.2,-21.5,102771.06,-1.0459147869674186
2023-03-20 17:00:00,2023-03-20 19:50:00,2023,Buy,4.43,3946.0,3923.47,4396.6,22.5,99.675,Closed,26.74,28.8,-2.06,6.5,102797.8,0.26827188362177073
2023-03-21 14:55:00,2023-03-21 18:56:24,2023,Sell,6.57,3976.5,3991.72,3672.1,15.2,99.864,StopLoss,-107.44,-104.4,-3.04,-15.9,102690.36,-1.0758631739165263
2023-03-23 14:45:00,2023-03-23 16:18:54,2023,Buy,5.63,3984.6,3966.86,4339.39,17.7,99.651,StopLoss,8.1,10.7,-2.6,1.9,102698.46,0.08128368004335129
2023-03-24 16:00:00,2023-03-24 19:50:00,2023,Buy,3.97,3946.0,3920.82,4449.6,25.2,100.044,Closed,73.59,75.43,-1.84,19.0,102772.05,0.7355763464075807
2023-03-27 15:00:00,2023-03-27 18:58:05,2023,Sell,5.74,3978.5,3995.92,3630.1,17.4,99.87599999999999,StopLoss,-103.05,-100.39,-2.66,-17.5,102669.0,-1.0317794064640156
2023-03-30 16:40:01,2023-03-30 19:37:51,2023,Sell,6.5,4036.31,4051.68,3728.91,15.4,100.10000000000001,StopLoss,-102.97,-99.97,-3.0,-15.4,102566.03,-1.0286713286713285
2023-03-31 15:25:01,2023-03-31 19:50:00,2023,Buy,4.84,4085.09,4064.45,4497.89,20.6,99.70400000000001,Closed,58.11,60.35,-2.24,12.5,102624.14,0.5828251624809435
2023-04-03 14:20:00,2023-04-03 14:58:35,2023,Buy,5.4,4124.84,4106.35,4494.64,18.5,99.9,StopLoss,-106.34,-103.84,-2.5,-19.2,102517.8,-1.0644644644644645
2023-04-04 15:10:00,2023-04-04 19:50:00,2023,Sell,4.48,4103.2,4125.52,3656.8,22.3,99.90400000000001,Closed,49.93,52.01,-2.08,11.6,102567.73,0.49977978859705313
2023-04-06 16:00:00,2023-04-06 19:50:00,2023,Buy,5.1,4093.89,4074.31,4485.49,19.6,99.96,Closed,45.68,48.04,-2.36,9.4,102613.41,0.45698279311724693
2023-04-10 16:40:00,2023-04-10 19:50:00,2023,Buy,5.08,4094.24,4074.58,4487.43,19.7,100.076,Closed,49.3,51.66,-2.36,10.2,102662.71,0.4926256045405492
2023-04-12 14:40:00,2023-04-12 16:01:04,2023,Sell,5.56,4111.0,4128.97,3751.4,18.0,100.08,StopLoss,-40.89,-38.31,-2.58,-6.9,102621.82,-0.40857314148681056
2023-04-13 14:20:00,2023-04-13 19:50:00,2023,Buy,5.66,4118.14,4100.47,4471.34,17.7,100.182,Closed,151.16,153.78,-2.62,27.2,102772.98,1.5088538859276117
2023-04-14 14:55:00,2023-04-14 19:40:02,2023,Sell,5.03,4129.3,4149.17,3731.9,19.9,100.097,StopLoss,-39.49,-37.17,-2.32,-7.4,102733.49,-0.3945173182013447
2023-04-18 14:05:00,2023-04-18 17:48:41,2023,Sell,6.73,4151.1,4165.93,3854.3,14.8,99.60400000000001,StopLoss,-40.74,-37.62,-3.12,-5.6,102692.75,-0.40901971808361104
2023-04-19 16:00:00,2023-04-19 19:50:00,2023,Buy,6.73,4149.99,4135.14,4446.79,14.8,99.60400000000001,Closed,-2.99,0.13,-3.12,0.0,102689.76,-0.030018874743986183
2023-04-20 16:50:00,2023-04-20 18:41:21,2023,Buy,6.2,4140.99,4124.88,4463.18,16.1,99.82000000000001,StopLoss,-103.82,-100.94,-2.88,-16.3,102585.94,-1.0400721298337006
2023-04-21 14:05:00,2023-04-21 14:18:00,2023,Sell,7.0,4117.3,4131.57,3831.9,14.3,100.10000000000001,StopLoss,-104.04,-100.8,-3.24,-14.4,102481.9,-1.0393606393606394
2023-04-21 14:45:00,2023-04-21 16:06:01,2023,Sell,6.34,4115.8,4131.57,3800.4,15.8,100.172,StopLoss,-103.68,-100.74,-2.94,-15.9,102378.22,-1.0350197660024758
2023-04-24 15:55:03,2023-04-24 19:11:41,2023,Sell,6.11,4119.71,4136.07,3792.51,16.4,100.204,StopLoss,-103.51,-100.69,-2.82,-16.5,102274.71,-1.0329926949023993
2023-04-25 14:35:00,2023-04-25 19:50:00,2023,Sell,6.05,4103.06,4119.58,3772.66,16.5,99.825,Closed,182.09,184.89,-2.8,30.6,102456.8,1.8240921612822438
2023-04-27 14:35:00,2023-04-27 19:50:00,2023,Buy,6.66,4095.39,4080.38,4395.59,15.0,99.9,Closed,270.11,273.19,-3.08,41.0,102726.91,2.7038038038038037
2023-04-28 14:10:00,2023-04-28 19:50:00,2023,Buy,4.68,4149.5,4128.16,4576.3,21.3,99.684,Closed,51.66,53.82,-2.16,11.5,102778.57,0.5182376309136872
2023-05-01 16:35:00,2023-05-01 18:34:10,2023,Buy,6.45,4183.84,4168.35,4493.64,15.5,99.97500000000001,StopLoss,-103.15,-100.17,-2.98,-15.5,102675.42,-1.0317579394848713
2023-05-02 14:15:00,2023-05-02 19:50:00,2023,Sell,4.24,4130.5,4154.08,3658.9,23.6,100.06400000000001,Closed,55.53,57.49,-1.96,13.6,102730.95,0.5549448353054045
2023-05-04 14:30:01,2023-05-04 15:09:06,2023,Sell,4.26,4048.5,4071.96,3579.3,23.5,100.11,StopLoss,-102.52,-100.54,-1.98,-23.6,102628.43,-1.024073519128958
2023-05-05 14:40:00,2023-05-05 19:50:00,2023,Buy,4.54,4125.29,4103.29,4565.29,22.0,99.88,Closed,53.38,55.48,-2.1,12.2,102681.81,0.5344413295955147
2023-05-10 17:00:00,2023-05-10 19:25:03,2023,Sell,3.68,4115.86,4143.03,3572.46,27.2,100.096,StopLoss,-102.31,-100.61,-1.7,-27.3,102579.5,-1.0221187659846547
2023-05-17 16:40:00,2023-05-17 19:50:00,2023,Buy,5.85,4143.39,4126.31,4484.99,17.1,100.035,Closed,98.04,100.74,-2.7,17.2,102677.54,0.9800569800569802
2023-05-18 14:25:00,2023-05-18 19:50:00,2023,Buy,5.43,4172.0,4153.6,4540.0,18.4,99.91199999999999,Closed,129.75,132.27,-2.52,24.4,102807.29,1.2986428056689887
2023-05-19 15:30:00,2023-05-19 19:50:00,2023,Sell,5.71,4190.7,4208.18,3840.9,17.5,99.925,Closed,-8.29,-5.65,-2.64,-1.0,102799.0,-0.08296222166624968
2023-05-22 14:10:00,2023-05-22 18:28:24,2023,Sell,4.81,4180.9,4201.68,3765.1,20.8,100.048,StopLoss,-102.7,-100.48,-2.22,-20.9,102696.3,-1.0265072765072765
2023-05-24 14:10:00,2023-05-24 19:20:13,2023,Sell,6.74,4110.5,4125.33,3813.9,14.8,99.75200000000001,StopLoss,-104.89,-101.77,-3.12,-15.1,102591.41,-1.051507739193199
2023-05-26 14:20:00,2023-05-26 19:50:00,2023,Buy,4.32,4188.3,4165.17,4650.89,23.1,99.79200000000002,Closed,81.85,83.85,-2.0,19.4,102673.26,0.8202060285393616
2023-05-30 15:20:00,2023-05-30 19:50:00,2023,Sell,5.2,4206.4,4225.6,3822.2,19.2,99.84,Closed,-15.09,-12.69,-2.4,-2.4,102658.17,-0.15114182692307693
2023-05-31 14:25:00,2023-05-31 17:40:04,2023,Sell,6.54,4172.7,4187.97,3867.3,15.3,100.06200000000001,StopLoss,-104.39,-101.37,-3.02,-15.5,102553.78,-1.0432531830265235
2023-06-01 14:45:00,2023-06-01 19:50:00,2023,Buy,5.28,4195.4,4176.47,4574.0,18.9,99.792,Closed,127.76,130.2,-2.44,24.7,102681.54,1.2802629469296136
2023-06-02 15:05:00,2023-06-02 19:50:00,2023,Buy,4.29,4278.4,4255.1,4744.2,23.3,99.95700000000001,Closed,28.31,30.29,-1.98,7.1,102709.85,0.2832217853677081
2023-06-06 14:45:02,2023-06-06 19:50:00,2023,Buy,6.72,4279.69,4264.81,4577.29,14.9,100.128,Closed,18.52,21.64,-3.12,3.2,102728.37,0.18496324704378395
2023-06-07 14:55:00,2023-06-07 19:50:00,2023,Sell,5.75,4275.5,4292.88,3927.9,17.4,100.05,Closed,37.02,39.68,-2.66,6.9,102765.39,0.37001499250374814
2023-06-08 15:00:00,2023-06-08 19:50:00,2023,Buy,6.76,4282.49,4267.7,4578.29,14.8,100.048,Closed,89.61,92.75,-3.14,13.7,102855.0,0.895670078362386
2023-06-09 14:20:00,2023-06-09 15:25:23,2023,Buy,5.82,4322.14,4304.97,4665.54,17.2,100.104,StopLoss,-103.04,-100.34,-2.7,-17.2,102751.96,-1.0293294973227844
2023-06-14 15:15:00,2023-06-14 18:00:01,2023,Buy,5.68,4386.09,4368.49,4738.09,17.6,99.968,StopLoss,-107.04,-104.4,-2.64,-18.4,102644.92,-1.070742637644046
2023-06-15 13:55:00,2023-06-15 19:50:00,2023,Buy,4.91,4386.4,4366.05,4793.39,20.3,99.673,Closed,219.65,221.93,-2.28,45.2,102864.57,2.20370611900916
2023-06-20 14:25:00,2023-06-20 16:38:58,2023,Sell,4.65,4372.1,4393.6,3942.1,21.5,99.97500000000001,StopLoss,-103.95,-101.79,-2.16,-21.9,102760.62,-1.0397599399849962
2023-06-22 14:15:00,2023-06-22 19:50:00,2023,Buy,4.95,4373.6,4353.43,4777.0,20.2,99.99,Closed,21.01,23.31,-2.3,4.7,102781.63,0.21012101210121015
2023-06-23 16:30:00,2023-06-23 18:45:53,2023,Buy,6.05,4361.79,4345.27,4692.18,16.5,99.825,StopLoss,-103.17,-100.37,-2.8,-16.6,102678.46,-1.0335086401202103
2023-06-27 15:55:00,2023-06-27 19:50:00,2023,Buy,6.13,4358.69,4342.39,4684.68,16.3,99.919,Closed,141.95,144.79,-2.84,23.6,102820.41,1.420650727088942
2023-06-28 14:50:00,2023-06-28 16:53:58,2023,Buy,6.45,4380.0,4364.51,4689.8,15.5,99.97500000000001,StopLoss,-103.6,-100.62,-2.98,-15.6,102716.81,-1.0362590647661913
2023-06-29 16:25:00,2023-06-29 19:50:00,2023,Buy,5.07,4395.59,4375.89,4789.39,19.7,99.879,Closed,-29.11,-26.77,-2.34,-5.3,102687.7,-0.2914526577158361
2023-06-30 16:50:00,2023-06-30 19:50:00,2023,Buy,5.64,4449.29,4431.56,4803.89,17.7,99.82799999999999,Closed,25.69,28.31,-2.62,5.0,102713.39,0.2573426293224346
2023-07-06 14:55:00,2023-07-06 16:56:00,2023,Sell,5.87,4387.41,4404.43,4047.01,17.0,99.79,StopLoss,-104.15,-101.43,-2.72,-17.3,102609.24,-1.0436917526806293
2023-07-07 16:05:00,2023-07-07 19:40:04,2023,Buy,5.73,4420.29,4402.85,4768.89,17.4,99.702,StopLoss,-40.42,-37.76,-2.66,-6.6,102568.82,-0.405408116186235
2023-07-18 14:50:00,2023-07-18 19:50:00,2023,Buy,5.37,4536.99,4518.39,4908.99,18.6,99.882,Closed,124.63,127.11,-2.48,23.7,102693.45,1.2477723713982498
2023-07-20 14:40:00,2023-07-20 16:11:59,2023,Sell,5.98,4541.66,4558.35,4207.66,16.7,99.866,StopLoss,-103.4,-100.64,-2.76,-16.8,102590.05,-1.03538741914165
2023-07-21 14:30:00,2023-07-21 15:08:41,2023,Sell,7.02,4536.0,4550.22,4251.39,14.2,99.68399999999998,StopLoss,-103.58,-100.32,-3.26,-14.3,102486.47,-1.0390835038722364
2023-07-25 15:45:00,2023-07-25 19:50:00,2023,Buy,6.77,4568.99,4554.22,4864.39,14.8,100.196,Closed,11.21,14.35,-3.14,2.1,102497.68,0.11188071380095015
2023-07-27 15:00:00,2023-07-27 19:50:00,2023,Sell,6.29,4586.9,4602.79,4269.1,15.9,100.01100000000001,Closed,343.03,345.95,-2.92,55.0,102840.71,3.429922708502064
2023-07-28 15:25:00,2023-07-28 17:35:40,2023,Buy,5.21,4587.59,4568.42,4970.99,19.2,100.032,StopLoss,-103.44,-101.02,-2.42,-19.4,102737.27,-1.0340690978886757
2023-08-02 14:50:00,2023-08-02 19:50:00,2023,Sell,5.13,4522.3,4541.79,4132.5,19.5,100.035,Closed,28.71,31.09,-2.38,6.1,102765.98,0.28699955015744494
2023-08-03 15:55:00,2023-08-03 19:50:00,2023,Buy,5.84,4507.39,4490.28,4849.59,17.1,99.864,Closed,-41.13,-38.43,-2.7,-6.6,102724.85,-0.41186012977649605
2023-08-04 14:10:01,2023-08-04 14:37:06,2023,Sell,5.12,4503.2,4522.72,4112.6,19.5,99.84,StopLoss,-103.76,-101.38,-2.38,-19.8,102621.09,-1.0392628205128205
2023-08-04 16:45:00,2023-08-04 17:55:48,2023,Buy,4.89,4540.79,4520.37,4949.18,20.4,99.75599999999999,StopLoss,-102.95,-100.69,-2.26,-20.6,102518.14,-1.0320181242231046
2023-08-08 14:25:01,2023-08-08 18:13:18,2023,Sell,5.29,4466.9,4485.79,4089.1,18.9,99.981,StopLoss,-102.9,-100.46,-2.44,-19.0,102415.24,-1.0291955471539593
2023-08-09 15:15:00,2023-08-09 17:15:21,2023,Sell,5.6,4479.8,4497.63,4123.2,17.8,99.67999999999999,StopLoss,-40.62,-38.02,-2.6,-6.8,102374.62,-0.4075040128410915
2023-08-10 14:00:00,2023-08-10 14:45:38,2023,Buy,4.0,4521.7,4496.72,5021.1,25.0,100.0,StopLoss,-101.86,-100.0,-1.86,-25.0,102272.76,-1.0186
2023-08-10 17:00:00,2023-08-10 19:50:00,2023,Sell,3.66,4472.7,4499.97,3927.3,27.3,99.918,Closed,20.63,22.33,-1.7,6.1,102293.39,0.20646930482996054
2023-08-11 14:20:00,2023-08-11 19:50:00,2023,Buy,4.84,4468.4,4447.76,4881.2,20.6,99.70400000000001,Closed,-22.08,-19.84,-2.24,-4.1,102271.31,-0.22145550830458152
2023-08-14 14:35:01,2023-08-14 19:50:00,2023,Buy,6.07,4474.0,4457.53,4803.39,16.5,100.155,Closed,49.44,52.26,-2.82,8.6,102320.75,0.49363486595776546
2023-08-15 14:10:00,2023-08-15 19:50:00,2023,Sell,4.72,4448.4,4469.55,4025.4,21.2,100.064,Closed,59.65,61.83,-2.18,13.1,102380.4,0.5961184841701311
2023-08-16 17:10:00,2023-08-16 19:50:00,2023,Sell,4.9,4419.8,4440.17,4012.4,20.4,99.96,Closed,37.92,40.18,-2.26,8.2,102418.32,0.3793517406962785
2023-08-17 15:30:00,2023-08-17 19:50:00,2023,Sell,6.15,4400.1,4416.34,4075.3,16.2,99.63,Closed,182.89,185.73,-2.84,30.2,102601.21,1.83569206062431
2023-08-18 15:15:00,2023-08-18 19:50:00,2023,Buy,4.59,4365.0,4343.25,4800.0,21.8,100.062,Closed,64.43,66.55,-2.12,14.5,102665.64,0.6439007815154605
2023-08-21 15:15:00,2023-08-21 17:26:14,2023,Sell,5.25,4368.5,4387.54,3987.7,19.0,99.75,StopLoss,-103.24,-100.8,-2.44,-19.2,102562.4,-1.0349874686716791
2023-08-22 14:35:00,2023-08-22 19:50:00,2023,Sell,5.53,4394.8,4412.87,4033.4,18.1,100.09300000000002,Closed,56.61,59.17,-2.56,10.7,102619.01,0.5655740161649665
2023-08-23 14:10:00,2023-08-23 19:50:00,2023,Buy,6.57,4415.4,4400.2,4719.39,15.2,99.864,Closed,148.79,151.83,-3.04,23.1,102767.8,1.4899262997676839
2023-08-24 14:30:00,2023-08-24 19:50:00,2023,Sell,4.74,4427.6,4448.68,4006.0,21.1,100.01400000000001,Closed,213.94,216.14,-2.2,45.6,102981.74,2.13910052592637
2023-08-25 14:35:00,2023-08-25 15:29:22,2023,Sell,5.39,4377.8,4396.34,4007.0,18.5,99.71499999999999,StopLoss,-40.23,-37.73,-2.5,-7.0,102941.51,-0.4034498320212606
2023-08-25 16:00:00,2023-08-25 16:38:54,2023,Sell,4.68,4375.0,4396.34,3948.2,21.3,99.684,StopLoss,-102.78,-100.62,-2.16,-21.5,102838.73,-1.0310581437342001
2023-08-29 14:05:00,2023-08-29 19:50:00,2023,Buy,4.51,4456.8,4434.67,4899.39,22.1,99.671,Closed,175.16,177.24,-2.08,39.3,103013.89,1.7573817860761904
2023-08-30 14:15:00,2023-08-30 14:24:19,2023,Buy,5.67,4520.7,4503.08,4873.1,17.6,99.792,StopLoss,-103.55,-100.93,-2.62,-17.8,102910.34,-1.037658329324996
2023-08-30 16:20:00,2023-08-30 19:50:00,2023,Buy,6.2,4519.2,4503.08,4841.6,16.1,99.82000000000001,Closed,-39.46,-36.58,-2.88,-5.9,102870.88,-0.395311560809457
2023-09-01 15:45:00,2023-09-01 19:50:00,2023,Sell,4.34,4508.3,4531.29,4048.5,23.0,99.82,Closed,-20.62,-18.62,-2.0,-4.3,102850.26,-0.20657182929272694
2023-09-06 14:25:01,2023-09-06 18:53:51,2023,Sell,6.15,4467.5,4483.75,4142.5,16.2,99.63,StopLoss,8.29,11.13,-2.84,1.8,102858.55,0.0832078691157282
2023-09-14 16:20:00,2023-09-14 19:50:00,2023,Buy,5.81,4504.6,4487.39,4848.6,17.2,99.93199999999999,Closed,3.17,5.87,-2.7,1.0,102861.72,0.03172157066805428
2023-09-15 14:55:00,2023-09-15 19:50:00,2023,Sell,5.24,4466.4,4485.46,4085.2,19.1,100.08400000000002,Closed,89.28,91.7,-2.42,17.5,102951.0,0.8920506774309579
2023-09-18 16:35:00,2023-09-18 19:50:00,2023,Buy,5.45,4465.89,4447.55,4832.68,18.3,99.73500000000001,Closed,-91.25,-88.73,-2.52,-16.3,102859.75,-0.9149245500576526
2023-09-19 14:35:00,2023-09-19 17:45:13,2023,Sell,6.3,4427.9,4443.75,4110.89,15.9,100.17,StopLoss,-43.81,-40.89,-2.92,-6.5,102815.94,-0.43735649396026754
2023-09-21 16:15:00,2023-09-21 19:50:00,2023,Sell,5.77,4351.5,4368.83,4004.9,17.3,99.821,Closed,82.72,85.4,-2.68,14.8,102898.66,0.8286833431842999
2023-09-22 15:00:00,2023-09-22 17:24:15,2023,Buy,5.84,4353.7,4336.6,4695.7,17.1,99.864,StopLoss,-103.73,-101.03,-2.7,-17.3,102794.93,-1.038712649202916
2023-09-25 15:20:00,2023-09-25 19:50:00,2023,Buy,4.36,4331.1,4308.21,4788.89,22.9,99.844,Closed,-2.02,0.0,-2.02,0.0,102792.91,-0.020231561235527423
2023-09-26 14:15:00,2023-09-26 19:50:00,2023,Sell,5.16,4289.8,4309.16,3902.6,19.4,100.104,Closed,96.69,99.07,-2.38,19.2,102889.6,0.965895468712539
2023-09-27 14:55:01,2023-09-27 18:31:26,2023,Sell,5.31,4268.4,4287.21,3892.2,18.8,99.828,StopLoss,5.51,7.97,-2.46,1.5,102895.11,0.05519493528869655
2023-09-28 14:05:00,2023-09-28 14:31:57,2023,Buy,5.31,4287.2,4268.37,4663.8,18.8,99.828,StopLoss,-103.35,-100.89,-2.46,-19.0,102791.76,-1.035280682774372
2023-09-28 14:50:00,2023-09-28 18:36:56,2023,Buy,5.09,4288.0,4268.37,4680.6,19.6,99.76400000000001,StopLoss,7.82,10.18,-2.36,2.0,102799.58,0.07838498857303235
2023-09-29 15:35:01,2023-09-29 19:50:00,2023,Sell,5.91,4311.4,4328.3,3973.4,16.9,99.87899999999999,Closed,103.05,105.79,-2.74,17.9,102902.63,1.0317484155828553
2023-10-02 16:10:00,2023-10-02 19:50:00,2023,Sell,4.95,4266.1,4286.3,3862.1,20.2,99.99,Closed,-49.33,-47.03,-2.3,-9.5,102853.3,-0.49334933493349337
2023-10-03 14:10:00,2023-10-03 19:50:00,2023,Sell,5.65,4250.8,4268.49,3897.0,17.7,100.005,Closed,141.46,144.08,-2.62,25.5,102994.76,1.4145292735363233
2023-10-04 14:30:00,2023-10-04 15:18:43,2023,Sell,4.82,4220.4,4241.13,3805.8,20.7,99.774,StopLoss,-103.46,-101.22,-2.24,-21.0,102891.3,-1.036943492292581
2023-10-05 14:40:00,2023-10-05 18:00:50,2023,Sell,3.63,4231.1,4258.59,3681.3,27.5,99.825,StopLoss,-101.51,-99.83,-1.68,-27.5,102789.79,-1.0168795391935888
2023-10-06 14:40:01,2023-10-06 19:50:00,2023,Buy,4.4,4253.8,4231.1,4707.6,22.7,99.88000000000001,Closed,275.16,277.2,-2.04,63.0,103064.95,2.7549058870644774
2023-10-09 16:25:00,2023-10-09 19:50:00,2023,Buy,5.47,4310.3,4292.05,4675.3,18.2,99.55399999999999,Closed,121.08,123.62,-2.54,22.6,103186.03,1.2162243606484924
2023-10-10 14:10:02,2023-10-10 18:55:01,2023,Buy,6.72,4356.3,4341.42,4653.89,14.9,100.128,StopLoss,8.98,12.1,-3.12,1.8,103195.01,0.0896852029402365
2023-10-11 15:20:01,2023-10-11 18:25:52,2023,Sell,6.09,4357.7,4374.1,4029.7,16.4,99.87599999999999,StopLoss,-55.8,-52.98,-2.82,-8.7,103139.21,-0.5586927790460171
2023-10-12 17:10:00,2023-10-12 19:50:00,2023,Sell,5.43,4358.4,4376.8,3990.4,18.4,99.91199999999999,Closed,37.12,39.64,-2.52,7.3,103176.33,0.37152694371046524
2023-10-13 14:50:00,2023-10-13 19:50:00,2023,Sell,4.94,4351.1,4371.33,3946.5,20.2,99.78800000000001,Closed,130.61,132.89,-2.28,26.9,103306.94,1.3088748146069669
2023-10-16 14:30:00,2023-10-16 19:50:00,2023,Buy,5.38,4372.7,4354.14,4743.89,18.6,100.06800000000001,Closed,10.41,12.91,-2.5,2.4,103317.35,0.10402926010312986
2023-10-17 14:20:00,2023-10-17 17:53:29,2023,Buy,6.23,4359.5,4343.47,4680.1,16.0,99.68,StopLoss,7.71,10.59,-2.88,1.7,103325.06,0.07734751203852328
2023-10-18 14:55:00,2023-10-18 19:50:00,2023,Sell,4.93,4334.7,4354.97,3929.3,20.3,100.079,Closed,128.36,130.64,-2.28,26.5,103453.42,1.282586756462395
2023-10-19 14:30:00,2023-10-19 16:01:25,2023,Sell,5.26,4301.5,4320.5,3921.5,19.0,99.94,StopLoss,-104.48,-102.04,-2.44,-19.4,103348.94,-1.0454272563538123
2023-10-19 16:35:00,2023-10-19 16:53:58,2023,Sell,4.38,4297.7,4320.5,3841.7,22.8,99.864,StopLoss,-102.76,-100.74,-2.02,-23.0,103246.18,-1.028999439237363
2023-10-20 14:15:00,2023-10-20 17:19:03,2023,Sell,4.26,4248.7,4272.14,3779.7,23.4,99.68399999999998,StopLoss,-39.47,-37.49,-1.98,-8.8,103206.71,-0.3959512058103608
2023-10-23 14:20:00,2023-10-23 19:22:21,2023,Buy,3.91,4223.4,4197.87,4734.0,25.5,99.705,StopLoss,4.83,6.65,-1.82,1.7,103211.54,0.04844290657439446
2023-10-24 16:30:00,2023-10-24 18:32:25,2023,Sell,5.56,4226.7,4244.68,3867.1,18.0,100.08,StopLoss,-104.88,-102.3,-2.58,-18.4,103106.66,-1.0479616306954436
2023-10-25 16:20:02,2023-10-25 19:50:00,2023,Sell,4.45,4200.5,4222.93,3751.9,22.4,99.67999999999999,Closed,39.77,41.83,-2.06,9.4,103146.43,0.3989767255216694
2023-10-26 14:10:00,2023-10-26 14:51:40,2023,Sell,5.05,4157.7,4177.49,3761.9,19.8,99.99,StopLoss,-107.38,-105.04,-2.34,-20.8,103039.05,-1.073907390739074
2023-10-26 15:15:00,2023-10-26 18:32:44,2023,Sell,4.76,4156.5,4177.49,3736.7,21.0,99.96,StopLoss,4.94,7.14,-2.2,1.5,103043.99,0.04941976790716287
2023-10-27 16:55:00,2023-10-27 19:50:00,2023,Sell,5.31,4130.5,4149.33,3753.9,18.8,99.828,Closed,111.71,114.17,-2.46,21.5,103155.7,1.119024722522739
2023-10-30 14:45:00,2023-10-30 17:25:31,2023,Sell,4.67,4133.3,4154.7,3705.3,21.4,99.93799999999999,StopLoss,-102.57,-100.41,-2.16,-21.5,103053.13,-1.0263363285236848
2023-11-01 14:20:00,2023-11-01 16:19:00,2023,Buy,6.31,4215.1,4199.27,4531.7,15.8,99.698,StopLoss,-40.78,-37.86,-2.92,-6.0,103012.35,-0.40903528656542765
2023-11-02 14:55:00,2023-11-02 19:50:00,2023,Buy,4.96,4302.29,4282.14,4705.09,20.1,99.69600000000001,Closed,67.74,70.04,-2.3,14.1,103080.09,0.679465575349061
2023-11-03 16:15:04,2023-11-03 19:50:00,2023,Buy,5.57,4363.89,4345.93,4722.89,18.0,100.26,Closed,-18.06,-15.48,-2.58,-2.8,103062.03,-0.18013165769000597
2023-11-06 18:20:00,2023-11-06 20:50:00,2023,Sell,5.74,4350.41,4367.83,4002.01,17.4,99.87599999999999,Closed,-57.08,-54.42,-2.66,-9.5,103004.95,-0.5715086707517322
2023-11-07 15:40:00,2023-11-07 20:50:00,2023,Buy,5.2,4379.69,4360.47,4764.09,19.2,99.84,Closed,14.34,16.74,-2.4,3.2,103019.29,0.14362980769230768
2023-11-08 17:00:00,2023-11-08 18:36:15,2023,Sell,6.22,4371.11,4387.17,4049.91,16.1,100.14200000000001,StopLoss,-40.08,-37.2,-2.88,-6.0,102979.21,-0.4002316710271414
2023-11-09 18:10:00,2023-11-09 20:50:00,2023,Sell,4.11,4363.9,4388.22,3877.3,24.3,99.873,Closed,76.64,78.54,-1.9,19.1,103055.85,0.767374565698437
2023-11-10 17:10:00,2023-11-10 20:50:00,2023,Buy,4.94,4383.09,4362.88,4787.29,20.2,99.78800000000001,Closed,155.85,158.13,-2.28,32.0,103211.7,1.5618110394035352
2023-11-13 16:30:00,2023-11-13 20:50:00,2023,Buy,6.26,4414.39,4398.43,4733.59,16.0,100.16,Closed,0.98,3.88,-2.9,0.6,103212.68,0.009784345047923323
2023-11-14 15:05:00,2023-11-14 20:50:00,2023,Buy,5.06,4493.3,4473.56,4888.1,19.7,99.68199999999999,Closed,31.11,33.45,-2.34,6.6,103243.79,0.3120924540037319
2023-11-20 16:05:00,2023-11-20 20:50:00,2023,Buy,5.68,4533.79,4516.21,4885.39,17.6,99.968,Closed,99.71,102.35,-2.64,18.0,103343.5,0.9974191741357233
2023-11-28 15:45:00,2023-11-28 18:02:26,2023,Buy,6.23,4559.3,4543.25,4880.3,16.1,100.30300000000001,StopLoss,-103.81,-100.93,-2.88,-16.2,103239.69,-1.0349640589015283
2023-11-29 16:15:00,2023-11-29 20:50:00,2023,Sell,5.29,4561.4,4580.28,4183.8,18.9,99.981,Closed,51.57,54.01,-2.44,10.2,103291.26,0.5157980016203079
2023-12-01 16:15:00,2023-12-01 20:50:00,2023,Buy,5.42,4576.6,4558.18,4945.0,18.4,99.728,Closed,84.82,87.32,-2.5,16.1,103376.08,0.8505133964383121
2023-12-04 15:55:02,2023-12-04 17:06:18,2023,Sell,5.71,4546.71,4564.21,4196.71,17.5,99.925,StopLoss,-103.02,-100.38,-2.64,-17.6,103273.06,-1.030973229922442
2023-12-05 15:05:00,2023-12-05 20:50:00,2023,Buy,5.5,4571.8,4553.64,4934.8,18.2,100.1,Closed,-32.19,-29.65,-2.54,-5.4,103240.87,-0.3215784215784216
2023-12-06 16:35:05,2023-12-06 20:50:00,2023,Sell,4.39,4563.7,4586.43,4109.1,22.7,99.65299999999999,Closed,51.12,53.16,-2.04,12.1,103291.99,0.5129800407413726
2023-12-07 17:20:01,2023-12-07 20:50:00,2023,Buy,7.16,4583.89,4569.93,4862.89,14.0,100.24000000000001,Closed,-17.5,-14.18,-3.32,-2.0,103274.49,-0.17458100558659218
2023-12-08 15:10:01,2023-12-08 17:15:23,2023,Buy,4.69,4601.0,4579.68,5027.2,21.3,99.897,StopLoss,-102.97,-100.79,-2.18,-21.5,103171.52,-1.030761684535071
2023-12-11 18:20:00,2023-12-11 20:50:00,2023,Buy,6.24,4616.09,4600.08,4936.29,16.0,99.84,Closed,9.72,12.6,-2.88,2.0,103181.24,0.09735576923076923
2023-12-12 16:05:02,2023-12-12 20:50:00,2023,Buy,5.68,4629.69,4612.09,4981.68,17.6,99.968,Closed,55.98,58.62,-2.64,10.3,103237.22,0.5599791933418693
2023-12-14 18:20:00,2023-12-14 20:50:00,2023,Sell,5.69,4712.81,4730.35,4361.81,17.5,99.575,Closed,-6.0,-3.36,-2.64,-0.6,103231.22,-0.06025608837559628
2023-12-18 17:15:00,2023-12-18 20:50:00,2023,Buy,6.77,4744.69,4729.93,5039.68,14.8,100.196,Closed,-4.36,-1.22,-3.14,-0.2,103226.86,-0.04351471116611442
2023-12-19 16:10:09,2023-12-19 20:50:00,2023,Buy,6.56,4763.29,4748.06,5067.89,15.2,99.71199999999999,Closed,-18.0,-14.96,-3.04,-2.3,103208.86,-0.18051989730423623
2023-12-20 17:45:01,2023-12-20 19:37:04,2023,Buy,6.48,4775.49,4760.08,5083.68,15.4,99.79200000000002,StopLoss,-106.87,-103.87,-3.0,-16.0,103101.99,-1.0709275292608624
2023-12-21 17:05:00,2023-12-21 20:28:12,2023,Sell,4.88,4715.1,4735.55,4306.1,20.4,99.55199999999999,StopLoss,-102.25,-99.99,-2.26,-20.5,102999.74,-1.0271014143362265
2023-12-29 15:55:00,2023-12-29 18:14:18,2023,Sell,6.96,4770.96,4785.32,4483.76,14.4,100.224,StopLoss,10.49,13.71,-3.22,2.0,103010.23,0.10466554916985951
2024-01-04 16:15:01,2024-01-04 19:24:40,2024,Buy,4.46,4725.34,4702.92,5173.74,22.4,99.904,StopLoss,-102.54,-100.48,-2.06,-22.5,102907.69,-1.02638532991672
2024-01-05 15:05:00,2024-01-05 17:09:10,2024,Buy,4.59,4715.0,4693.25,5150.0,21.8,100.062,StopLoss,-102.64,-100.52,-2.12,-21.9,102805.05,-1.0257640263036918
2024-01-08 15:35:00,2024-01-08 20:50:00,2024,Buy,5.86,4721.24,4704.18,5062.43,17.1,100.20600000000002,Closed,189.61,192.33,-2.72,32.8,102994.66,1.8922020637486776
2024-01-09 16:25:00,2024-01-09 20:50:00,2024,Buy,6.85,4749.99,4735.39,5041.79,14.6,100.00999999999999,Closed,-9.55,-6.37,-3.18,-0.9,102985.11,-0.09549045095490452
2024-01-11 15:05:00,2024-01-11 19:00:01,2024,Sell,3.88,4766.1,4791.84,4251.3,25.7,99.716,StopLoss,-41.14,-39.34,-1.8,-10.1,102943.97,-0.4125717036383329
2024-01-12 15:05:00,2024-01-12 19:13:59,2024,Sell,6.61,4783.0,4798.12,4480.6,15.1,99.811,StopLoss,-40.67,-37.61,-3.06,-5.7,102903.3,-0.4074701185240104
2024-01-19 16:20:00,2024-01-19 20:50:00,2024,Buy,6.12,4806.14,4789.82,5132.54,16.3,99.756,Closed,189.45,192.29,-2.84,31.4,103092.75,1.8991338866835077
2024-01-31 15:35:01,2024-01-31 19:39:12,2024,Sell,6.04,4883.9,4900.43,4553.3,16.5,99.66,StopLoss,-40.85,-38.05,-2.8,-6.3,103051.9,-0.4098936383704596
2024-02-01 17:10:00,2024-02-01 20:50:00,2024,Buy,4.58,4886.1,4864.31,5321.9,21.8,99.84400000000001,Closed,53.57,55.69,-2.12,12.2,103105.47,0.5365369977164376
2024-02-02 15:25:00,2024-02-02 20:50:00,2024,Buy,5.92,4928.2,4911.33,5265.6,16.9,100.04799999999999,Closed,207.42,210.16,-2.74,35.5,103312.89,2.0732048616664
2024-02-05 15:20:00,2024-02-05 17:38:18,2024,Sell,4.61,4925.8,4947.49,4492.0,21.7,100.037,StopLoss,-103.05,-100.91,-2.14,-21.9,103209.84,-1.0301188560232712
2024-02-06 17:15:00,2024-02-06 20:50:00,2024,Sell,6.51,4936.7,4952.06,4629.5,15.4,100.254,Closed,-62.2,-59.18,-3.02,-9.1,103147.64,-0.6204241227282702
2024-02-07 15:30:00,2024-02-07 20:50:00,2024,Buy,4.67,4995.14,4973.77,5422.54,21.4,99.93799999999999,Closed,-9.31,-7.15,-2.16,-1.5,103138.33,-0.09315775780984212
2024-02-09 17:45:07,2024-02-09 20:50:00,2024,Buy,6.65,5016.59,5001.56,5317.19,15.0,99.75,Closed,30.3,33.38,-3.08,5.0,103168.63,0.3037593984962406
2024-02-14 17:05:02,2024-02-14 18:36:03,2024,Sell,5.05,4959.0,4978.78,4563.39,19.8,99.99,StopLoss,-102.53,-100.19,-2.34,-19.8,103066.1,-1.0254025402540254
2024-02-15 18:20:00,2024-02-15 20:50:00,2024,Buy,5.73,5024.59,5007.16,5373.19,17.4,99.702,Closed,-5.41,-2.75,-2.66,-0.5,103060.69,-0.05426169986559949
2024-02-16 14:55:00,2024-02-16 16:09:34,2024,Sell,5.63,5006.2,5023.93,4651.39,17.7,99.651,StopLoss,-102.76,-100.16,-2.6,-17.8,102957.93,-1.0311988841055284
2024-02-20 17:05:00,2024-02-20 20:50:00,2024,Sell,4.29,4961.9,4985.18,4496.3,23.3,99.95700000000001,Closed,-34.58,-32.6,-1.98,-7.6,102923.35,-0.3459487579659253
2024-02-22 15:30:00,2024-02-22 20:50:00,2024,Buy,5.14,5064.1,5044.64,5453.1,19.5,100.22999999999999,Closed,111.52,113.9,-2.38,22.2,103034.87,1.112640925870498
2024-02-23 16:05:00,2024-02-23 20:50:00,2024,Sell,4.84,5085.6,5106.26,4672.39,20.7,100.18799999999999,Closed,-53.74,-51.5,-2.24,-10.6,102981.13,-0.5363915838224139
2024-02-26 18:20:01,2024-02-26 20:50:00,2024,Sell,7.15,5080.11,5094.08,4800.71,14.0,100.10000000000001,Closed,13.63,16.95,-3.32,2.4,102994.76,0.13616383616383615
2024-02-29 15:15:00,2024-02-29 18:02:05,2024,Sell,6.12,5076.9,5093.22,4750.3,16.3,99.756,StopLoss,-40.72,-37.88,-2.84,-6.2,102954.04,-0.4081959982356951
2024-03-01 15:55:00,2024-03-01 20:50:00,2024,Buy,6.09,5113.79,5097.39,5441.79,16.4,99.87599999999999,Closed,135.54,138.36,-2.82,22.7,103089.58,1.3570827826504865
2024-03-05 15:25:00,2024-03-05 20:50:00,2024,Sell,5.77,5089.3,5106.6,4743.1,17.3,99.821,Closed,100.6,103.28,-2.68,17.9,103190.18,1.0078039691046974
2024-03-06 17:15:00,2024-03-06 18:33:37,2024,Buy,5.76,5126.44,5109.1,5473.24,17.3,99.648,StopLoss,-102.54,-99.88,-2.66,-17.3,103087.64,-1.0290221579961465
2024-03-07 15:45:00,2024-03-07 20:50:00,2024,Buy,6.04,5154.24,5137.71,5484.84,16.5,99.66,Closed,10.61,13.41,-2.8,2.2,103098.25,0.1064619707003813
2024-03-08 15:00:00,2024-03-08 16:09:16,2024,Buy,5.16,5184.44,5165.09,5571.44,19.3,99.58800000000001,StopLoss,-102.69,-100.31,-2.38,-19.4,102995.56,-1.0311483311242318
2024-03-08 17:00:00,2024-03-08 19:34:51,2024,Sell,4.82,5146.7,5167.41,4732.5,20.7,99.774,StopLoss,7.4,9.64,-2.24,2.0,103002.96,0.07416761881852987
2024-03-11 14:05:00,2024-03-11 14:55:06,2024,Sell,6.44,5096.3,5111.82,4785.89,15.5,99.82000000000001,StopLoss,-104.73,-101.75,-2.98,-15.8,102898.23,-1.0491885393708675
2024-03-12 14:30:00,2024-03-12 19:50:00,2024,Buy,3.7,5157.04,5130.08,5696.24,27.0,99.9,Closed,57.18,58.9,-1.72,15.9,102955.41,0.5723723723723724
2024-03-14 13:50:00,2024-03-14 14:31:46,2024,Sell,5.33,5152.6,5171.33,4778.0,18.7,99.67099999999999,StopLoss,-39.77,-37.31,-2.46,-7.0,102915.64,-0.3990127519539285
2024-03-14 14:40:00,2024-03-14 18:03:04,2024,Sell,6.74,5156.5,5171.33,4859.89,14.8,99.75200000000001,StopLoss,8.07,11.19,-3.12,1.7,102923.71,0.08090063357125671
2024-03-15 16:55:00,2024-03-15 18:42:18,2024,Sell,4.6,5104.5,5126.21,4670.3,21.7,99.82,StopLoss,-102.35,-100.23,-2.12,-21.8,102821.36,-1.0253456221198156
2024-03-19 15:35:00,2024-03-19 19:50:00,2024,Buy,6.0,5152.19,5135.55,5484.99,16.6,99.60000000000001,Closed,140.08,142.86,-2.78,23.8,102961.44,1.406425702811245
2024-03-27 14:05:00,2024-03-27 19:38:15,2024,Sell,6.91,5220.5,5234.96,4931.3,14.5,100.19500000000001,StopLoss,-104.02,-100.82,-3.2,-14.6,102857.42,-1.038175557662558
2024-04-01 14:40:00,2024-04-01 19:50:00,2024,Sell,6.38,5240.96,5256.61,4927.96,15.6,99.52799999999999,Closed,26.83,29.79,-2.96,4.7,102884.25,0.26957238164134717
2024-04-03 14:05:00,2024-04-03 19:15:08,2024,Buy,4.94,5219.4,5199.18,5623.6,20.2,99.78800000000001,StopLoss,-103.06,-100.78,-2.28,-20.4,102781.19,-1.0327895137691907
2024-04-05 14:50:00,2024-04-05 18:01:31,2024,Buy,4.12,5188.4,5164.13,5673.8,24.3,100.116,StopLoss,5.1,7.0,-1.9,1.7,102786.29,0.05094090854608654
2024-04-09 14:30:00,2024-04-09 19:29:46,2024,Sell,3.6,5193.0,5220.76,4637.8,27.8,100.08,StopLoss,-39.82,-38.16,-1.66,-10.6,102746.47,-0.3978816946442846
2024-04-10 14:35:00,2024-04-10 15:42:20,2024,Buy,4.71,5170.65,5149.43,5595.05,21.2,99.85199999999999,StopLoss,-102.5,-100.32,-2.18,-21.3,102643.97,-1.026519248487762
2024-04-11 14:15:00,2024-04-11 15:58:34,2024,Sell,4.83,5147.15,5167.85,4733.14,20.7,99.981,StopLoss,-102.22,-99.98,-2.24,-20.7,102541.75,-1.0223942549084326
2024-04-11 17:15:00,2024-04-11 19:50:00,2024,Buy,4.31,5188.15,5164.95,5652.15,23.2,99.99199999999999,Closed,74.72,76.72,-2.0,17.8,102616.47,0.7472597807824627
2024-04-12 14:45:00,2024-04-12 19:50:00,2024,Sell,5.6,5144.45,5162.3,4787.45,17.9,100.23999999999998,Closed,112.76,115.36,-2.6,20.6,102729.23,1.1249002394253793
2024-04-15 14:10:00,2024-04-15 19:50:00,2024,Sell,5.39,5146.45,5164.97,4776.05,18.5,99.71499999999999,Closed,418.46,420.96,-2.5,78.1,103147.69,4.196560196560196
2024-04-17 14:15:01,2024-04-17 17:54:48,2024,Sell,6.13,5056.55,5072.84,4730.75,16.3,99.919,StopLoss,105.66,108.5,-2.84,17.7,103253.35,1.0574565397972358
2024-04-18 14:50:00,2024-04-18 16:52:13,2024,Buy,4.01,5047.05,5022.14,5545.05,24.9,99.84899999999999,StopLoss,-103.31,-101.45,-1.86,-25.3,103150.04,-1.034662340133602
2024-04-19 15:25:00,2024-04-19 17:04:10,2024,Sell,5.18,4991.15,5010.43,4605.55,19.3,99.974,StopLoss,7.44,9.84,-2.4,1.9,103157.48,0.074419349030748
2024-04-22 15:15:00,2024-04-22 16:00:00,2024,Sell,5.44,4971.15,4989.51,4603.95,18.4,100.096,StopLoss,-104.25,-101.73,-2.52,-18.7,103053.23,-1.0415001598465472
2024-04-22 17:15:00,2024-04-22 19:35:16,2024,Buy,5.33,5006.15,4987.39,5381.35,18.8,100.20400000000001,StopLoss,5.54,8.0,-2.46,1.5,103058.77,0.05528721408327013
2024-04-23 14:10:00,2024-04-23 19:50:00,2024,Buy,5.93,5048.75,5031.89,5385.75,16.9,100.21699999999998,Closed,134.84,137.58,-2.74,23.2,103193.61,1.3454803077322213
2024-04-24 15:05:00,2024-04-24 17:30:40,2024,Sell,5.11,5062.35,5081.89,4671.35,19.5,99.64500000000001,StopLoss,-40.69,-38.33,-2.36,-7.5,103152.92,-0.4083496412263535
2024-04-25 16:00:00,2024-04-25 19:50:00,2024,Buy,6.06,5018.15,5001.64,5348.15,16.5,99.99,Closed,148.09,150.89,-2.8,24.9,103301.01,1.481048104810481
2024-04-26 14:05:00,2024-04-26 19:50:00,2024,Buy,4.35,5102.45,5079.47,5562.05,23.0,100.05,Closed,5.81,7.83,-2.02,1.8,103306.82,0.05807096451774113
2024-04-30 15:15:00,2024-04-30 19:50:00,2024,Sell,4.07,5079.65,5104.18,4589.05,24.5,99.715,Closed,52.66,54.54,-1.88,13.4,103359.48,0.5281050995336709
2024-05-02 14:10:00,2024-05-02 17:13:50,2024,Sell,2.58,5011.65,5050.3,4238.64,38.7,99.846,StopLoss,-101.05,-99.85,-1.2,-38.7,103258.43,-1.012058570198105
2024-05-08 14:30:00,2024-05-08 19:50:00,2024,Buy,6.3,5184.45,5168.59,5501.65,15.9,100.17,Closed,37.78,40.7,-2.92,6.5,103296.21,0.3771588299890187
2024-05-09 14:40:00,2024-05-09 19:50:00,2024,Buy,5.1,5203.95,5184.35,5595.95,19.6,99.96,Closed,31.1,33.46,-2.36,6.6,103327.31,0.311124449779912
2024-05-10 14:55:00,2024-05-10 19:50:00,2024,Sell,5.15,5213.75,5233.14,4825.75,19.4,99.91,Closed,-40.7,-38.32,-2.38,-7.4,103286.61,-0.4073666299669703
2024-05-13 17:10:00,2024-05-13 19:50:00,2024,Sell,5.14,5213.75,5233.18,4825.14,19.4,99.71599999999998,Closed,-39.08,-36.7,-2.38,-7.1,103247.53,-0.3919130330137591
2024-05-15 15:10:05,2024-05-15 19:50:00,2024,Buy,5.91,5288.25,5271.34,5626.45,16.9,99.87899999999999,Closed,90.99,93.73,-2.74,15.9,103338.52,0.9110023127984862
2024-05-20 14:30:00,2024-05-20 18:08:21,2024,Buy,6.28,5323.39,5307.47,5641.79,15.9,99.852,StopLoss,-103.25,-100.35,-2.9,-16.0,103235.27,-1.0340303649401112
2024-05-23 13:55:00,2024-05-23 19:50:00,2024,Sell,3.86,5306.65,5332.52,4789.25,25.9,99.97399999999999,Closed,150.3,152.08,-1.78,39.4,103385.57,1.5033908816292239
2024-05-24 15:00:00,2024-05-24 19:02:13,2024,Buy,6.8,5300.39,5285.69,5594.39,14.7,99.96,StopLoss,-40.81,-37.67,-3.14,-5.5,103344.76,-0.4082633053221289
2024-05-29 14:40:01,2024-05-29 19:50:00,2024,Buy,6.11,5281.85,5265.51,5608.65,16.3,99.593,Closed,-51.09,-48.27,-2.82,-7.9,103293.67,-0.5129878605926119
2024-05-31 14:15:01,2024-05-31 18:44:45,2024,Sell,4.64,5226.85,5248.36,4796.64,21.5,99.75999999999999,StopLoss,6.68,8.82,-2.14,1.9,103300.35,0.0669607056936648
2024-06-03 14:40:00,2024-06-03 17:22:08,2024,Sell,6.72,5281.85,5296.72,4984.45,14.9,100.128,StopLoss,209.23,212.35,-3.12,31.6,103509.58,2.0896252796420582
2024-06-05 15:15:00,2024-06-05 19:50:00,2024,Buy,6.18,5326.39,5310.21,5649.99,16.2,100.11599999999999,Closed,101.09,103.95,-2.86,16.8,103610.67,1.0097287146909586
2024-06-06 16:35:00,2024-06-06 19:50:00,2024,Sell,6.28,5342.15,5358.06,5023.95,15.9,99.852,Closed,-71.35,-68.45,-2.9,-10.9,103539.32,-0.7145575451668469
2024-06-07 14:40:00,2024-06-07 19:50:00,2024,Buy,3.97,5361.95,5336.78,5865.35,25.2,100.044,Closed,-68.14,-66.3,-1.84,-16.7,103471.18,-0.6811003158610212
2024-06-10 15:30:00,2024-06-10 19:50:00,2024,Buy,5.9,5351.39,5334.45,5690.19,16.9,99.71,Closed,14.72,17.46,-2.74,3.0,103485.9,0.14762812155250227
2024-06-12 14:30:00,2024-06-12 18:00:01,2024,Buy,4.54,5446.1,5424.09,5886.3,22.0,99.88,StopLoss,-129.04,-126.94,-2.1,-28.0,103356.86,-1.2919503404084902
2024-06-13 14:20:00,2024-06-13 17:27:49,2024,Sell,6.64,5419.32,5434.36,5118.52,15.0,99.6,StopLoss,-40.8,-37.72,-3.08,-5.7,103316.06,-0.40963855421686746
2024-06-17 15:05:00,2024-06-17 19:50:00,2024,Buy,6.81,5438.09,5423.41,5731.69,14.7,100.10699999999999,Closed,273.05,276.21,-3.16,40.6,103589.11,2.7275814878080458
2024-06-20 16:25:01,2024-06-20 18:29:08,2024,Sell,4.39,5476.65,5499.4,5021.64,22.8,100.092,StopLoss,-39.36,-37.32,-2.04,-8.5,103549.75,-0.39323822083683013
2024-06-24 14:00:00,2024-06-24 17:09:12,2024,Buy,5.94,5478.55,5461.73,5814.95,16.8,99.79200000000002,StopLoss,-103.15,-100.39,-2.76,-16.9,103446.6,-1.0336499919833253
2024-06-26 15:55:01,2024-06-26 19:50:00,2024,Buy,4.94,5476.35,5456.12,5880.95,20.2,99.78800000000001,Closed,-40.52,-38.24,-2.28,-7.7,103406.08,-0.4060608489998797
2024-06-28 14:05:00,2024-06-28 16:06:16,2024,Buy,4.18,5516.25,5492.37,5993.85,23.9,99.90199999999999,StopLoss,-101.84,-99.9,-1.94,-23.9,103304.24,-1.0193990110308104
2024-07-01 14:15:00,2024-07-01 18:12:39,2024,Sell,3.52,5446.75,5475.1,4879.75,28.4,99.96799999999999,StopLoss,-101.94,-100.32,-1.62,-28.5,103202.3,-1.0197263124199745
2024-07-02 17:15:00,2024-07-02 19:50:00,2024,Buy,4.41,5487.85,5465.22,5940.45,22.6,99.66600000000001,Closed,49.38,51.42,-2.04,11.7,103251.68,0.4954548190957799
2024-07-03 16:00:04,2024-07-03 19:50:00,2024,Buy,6.49,5524.69,5509.3,5832.49,15.4,99.94600000000001,Closed,60.08,63.08,-3.0,9.7,103311.76,0.6011246072879354
2024-07-05 15:45:00,2024-07-05 19:50:00,2024,Buy,5.99,5555.45,5538.78,5888.85,16.7,100.033,Closed,66.7,69.48,-2.78,11.6,103378.46,0.666779962612338
2024-07-10 16:20:03,2024-07-10 19:50:00,2024,Buy,7.03,5603.29,5589.08,5887.49,14.2,99.826,Closed,155.76,159.02,-3.26,22.6,103534.22,1.5603149480095366
2024-07-11 14:20:00,2024-07-11 19:50:00,2024,Sell,5.42,5617.15,5635.58,5248.55,18.4,99.728,Closed,141.67,144.17,-2.5,26.6,103675.89,1.4205639339002085
2024-07-12 14:10:00,2024-07-12 19:31:21,2024,Buy,5.35,5613.75,5595.06,5987.55,18.7,100.04499999999999,StopLoss,107.2,109.68,-2.48,20.5,103783.09,1.071517816982358
2024-07-15 15:05:00,2024-07-15 16:20:14,2024,Buy,4.95,5660.85,5640.67,6064.45,20.2,99.99,StopLoss,-102.79,-100.49,-2.3,-20.3,103680.3,-1.028002800280028
2024-07-17 16:15:00,2024-07-17 19:50:00,2024,Sell,4.65,5591.35,5612.84,5161.55,21.5,99.97500000000001,Closed,-16.11,-13.95,-2.16,-3.0,103664.19,-0.1611402850712678
2024-07-18 14:40:00,2024-07-18 17:23:20,2024,Sell,6.01,5586.25,5602.87,5253.85,16.6,99.766,StopLoss,108.41,111.19,-2.78,18.5,103772.6,1.0866427440210091
2024-07-19 14:45:00,2024-07-19 19:50:00,2024,Sell,4.22,5524.55,5548.2,5051.55,23.6,99.592,Closed,84.97,86.93,-1.96,20.6,103857.57,0.8531809783918387
2024-07-22 15:50:00,2024-07-22 16:52:22,2024,Sell,5.01,5530.35,5550.29,5131.55,19.9,99.69899999999998,StopLoss,-102.52,-100.2,-2.32,-20.0,103755.05,-1.0282951684570558
2024-07-23 15:20:00,2024-07-23 16:26:01,2024,Buy,5.12,5584.35,5564.85,5974.35,19.5,99.84,StopLoss,-103.24,-100.86,-2.38,-19.7,103651.81,-1.034054487179487
2024-07-24 14:00:00,2024-07-24 19:50:00,2024,Sell,5.33,5483.65,5502.39,5108.85,18.7,99.67099999999999,Closed,246.45,248.91,-2.46,46.7,103898.26,2.4726349690481686
2024-07-25 14:05:00,2024-07-25 14:36:24,2024,Sell,4.17,5402.75,5426.69,4923.95,23.9,99.663,StopLoss,-102.44,-100.5,-1.94,-24.1,103795.82,-1.0278639013475412
2024-07-25 15:00:00,2024-07-25 17:23:40,2024,Buy,4.75,5445.35,5424.31,5866.15,21.0,99.75,StopLoss,106.1,108.3,-2.2,22.8,103901.92,1.0636591478696742
2024-07-26 15:50:00,2024-07-26 18:42:02,2024,Buy,4.18,5462.35,5438.48,5939.75,23.9,99.90199999999999,StopLoss,-40.81,-38.87,-1.94,-9.3,103861.11,-0.4085003303237173
2024-07-29 15:20:00,2024-07-29 15:56:58,2024,Sell,5.13,5452.55,5472.01,5063.35,19.5,100.035,StopLoss,-103.44,-101.06,-2.38,-19.7,103757.67,-1.0340380866696657
2024-07-30 14:30:00,2024-07-30 17:37:38,2024,Sell,5.37,5465.85,5484.47,5093.45,18.6,99.882,StopLoss,207.49,209.97,-2.48,39.1,103965.16,2.0773512745039144
2024-07-31 14:20:00,2024-07-31 19:19:47,2024,Buy,4.2,5522.85,5499.07,5998.45,23.8,99.96000000000001,StopLoss,6.04,7.98,-1.94,1.9,103971.2,0.06042416966786714
2024-08-01 14:25:00,2024-08-01 19:50:00,2024,Sell,3.55,5525.55,5553.71,4962.35,28.2,100.11,Closed,295.85,297.49,-1.64,83.8,104267.05,2.9552492258515635
2024-08-02 14:10:00,2024-08-02 19:50:00,2024,Sell,2.39,5330.35,5372.05,4496.35,41.7,99.66300000000001,Closed,0.33,1.43,-1.1,0.6,104267.38,0.0033111586044971553
2024-08-05 13:50:00,2024-08-05 14:29:21,2024,Buy,2.27,5184.05,5140.1,6063.05,43.9,99.65299999999999,StopLoss,-38.97,-37.91,-1.06,-16.7,104228.41,-0.39105696767784215
2024-08-05 14:35:00,2024-08-05 18:40:20,2024,Buy,2.12,5187.15,5140.1,6128.15,47.0,99.64,StopLoss,2.84,3.82,-0.98,1.8,104231.25,0.028502609393817744
2024-08-06 13:55:00,2024-08-06 19:47:55,2024,Buy,3.69,5231.85,5204.81,5772.65,27.0,99.63,StopLoss,104.94,106.64,-1.7,28.9,104336.19,1.053297199638663
2024-08-07 16:05:00,2024-08-07 19:50:00,2024,Sell,3.11,5275.65,5307.73,4634.05,32.1,99.831,Closed,151.88,153.32,-1.44,49.3,104488.07,1.5213711171880477
2024-08-08 14:05:00,2024-08-08 19:50:00,2024,Buy,3.65,5277.55,5250.2,5824.55,27.4,100.00999999999999,Closed,135.54,137.24,-1.7,37.6,104623.61,1.3552644735526447
2024-08-09 15:05:00,2024-08-09 16:18:42,2024,Buy,4.34,5337.05,5314.03,5797.45,23.0,99.82,StopLoss,-102.25,-100.25,-2.0,-23.1,104521.36,-1.0243438188739733
2024-08-09 17:15:00,2024-08-09 19:50:00,2024,Buy,3.46,5342.85,5314.03,5919.25,28.8,99.648,Closed,4.97,6.57,-1.6,1.9,104526.33,0.04987556197816313
2024-08-12 15:05:01,2024-08-12 15:24:11,2024,Buy,3.8,5369.55,5343.24,5895.75,26.3,99.94,StopLoss,-102.84,-101.08,-1.76,-26.6,104423.49,-1.0290174104462677
2024-08-13 15:05:00,2024-08-13 19:50:00,2024,Buy,5.16,5401.95,5382.59,5789.15,19.4,100.104,Closed,157.58,159.96,-2.38,31.0,104581.07,1.574162870614561
2024-08-14 14:35:00,2024-08-14 15:00:08,2024,Sell,4.43,5415.95,5438.5,4964.95,22.6,100.118,StopLoss,-102.18,-100.12,-2.06,-22.6,104478.89,-1.0205956970774488
2024-08-14 15:55:00,2024-08-14 16:25:48,2024,Buy,4.61,5457.35,5435.7,5890.35,21.7,100.037,StopLoss,-102.18,-100.04,-2.14,-21.7,104376.71,-1.021422073832682
2024-08-15 15:05:00,2024-08-15 19:50:00,2024,Buy,4.83,5527.45,5506.78,5940.85,20.7,99.981,Closed,50.89,53.13,-2.24,11.0,104427.6,0.5089967093747813
2024-08-16 14:20:00,2024-08-16 14:49:25,2024,Buy,5.66,5546.25,5528.61,5899.05,17.6,99.61600000000001,StopLoss,-103.37,-100.75,-2.62,-17.8,104324.23,-1.0376847092836492
2024-08-16 16:00:00,2024-08-16 19:50:00,2024,Buy,5.72,5546.09,5528.61,5895.69,17.5,100.1,Closed,14.86,17.5,-2.64,3.1,104339.09,0.14845154845154845
2024-08-19 14:55:00,2024-08-19 19:50:00,2024,Buy,6.02,5578.35,5561.75,5910.35,16.6,99.932,Closed,89.33,92.11,-2.78,15.3,104428.42,0.8939078573429932
2024-08-20 14:45:00,2024-08-20 18:23:25,2024,Sell,6.01,5591.85,5608.48,5259.25,16.6,99.766,StopLoss,-102.79,-100.01,-2.78,-16.6,104325.63,-1.0303109275705151
2024-08-21 14:40:02,2024-08-21 14:51:02,2024,Buy,5.62,5625.35,5607.57,5980.95,17.8,100.036,StopLoss,-103.2,-100.6,-2.6,-17.9,104222.43,-1.0316286136990684
2024-08-21 16:05:00,2024-08-21 16:34:10,2024,Sell,7.0,5594.45,5608.73,5308.85,14.3,100.10000000000001,StopLoss,-104.04,-100.8,-3.24,-14.4,104118.39,-1.0393606393606394
2024-08-22 14:10:00,2024-08-22 19:50:00,2024,Sell,5.54,5620.55,5638.57,5260.15,18.0,99.72,Closed,253.39,255.95,-2.56,46.2,104371.78,2.5410148415563576
2024-08-23 14:05:00,2024-08-23 14:48:32,2024,Buy,3.79,5628.95,5602.62,6155.55,26.3,99.677,StopLoss,-102.57,-100.81,-1.76,-26.6,104269.21,-1.0290237467018468
2024-08-23 15:10:00,2024-08-23 15:54:16,2024,Buy,6.31,5618.45,5602.62,5935.05,15.8,99.698,StopLoss,-40.15,-37.23,-2.92,-5.9,104229.06,-0.40271620293285726
2024-08-26 14:20:00,2024-08-26 19:50:00,2024,Sell,5.62,5628.45,5646.24,5272.65,17.8,100.036,Closed,90.69,93.29,-2.6,16.6,104319.75,0.9065736334919429
2024-08-27 14:25:00,2024-08-27 19:50:00,2024,Buy,4.79,5619.25,5598.39,6036.45,20.9,100.11099999999999,Closed,37.35,39.57,-2.22,8.3,104357.1,0.37308587467910626
2024-08-28 15:00:00,2024-08-28 18:59:02,2024,Sell,6.06,5606.25,5622.73,5276.65,16.5,99.99,StopLoss,108.1,110.9,-2.8,18.3,104465.2,1.0811081108110812
2024-08-29 14:40:00,2024-08-29 18:30:27,2024,Buy,4.94,5632.55,5612.31,6037.35,20.2,99.78800000000001,StopLoss,-103.55,-101.27,-2.28,-20.5,104361.65,-1.0376999238385376
2024-08-30 15:25:00,2024-08-30 18:27:10,2024,Sell,4.73,5601.75,5622.87,5179.35,21.1,99.80300000000001,StopLoss,-39.76,-37.56,-2.2,-7.9,104321.89,-0.39838481809164045
2024-09-03 14:05:00,2024-09-03 19:50:00,2024,Sell,3.67,5582.65,5609.87,5038.25,27.2,99.824,Closed,237.58,239.28,-1.7,65.2,104559.47,2.379988780253246
2024-09-04 14:45:00,2024-09-04 17:39:04,2024,Buy,3.85,5544.35,5518.39,6063.55,26.0,100.10000000000001,StopLoss,-101.88,-100.1,-1.78,-26.0,104457.59,-1.0177822177822176
2024-09-05 14:25:00,2024-09-05 14:47:21,2024,Buy,4.34,5543.95,5520.92,6004.55,23.0,99.82,StopLoss,-106.59,-104.59,-2.0,-24.1,104351.0,-1.0678220797435385
2024-09-05 15:15:00,2024-09-05 17:46:22,2024,Sell,4.6,5501.55,5523.28,5066.95,21.7,99.82,StopLoss,-42.14,-40.02,-2.12,-8.7,104308.86,-0.4221598877980365
2024-09-06 14:10:00,2024-09-06 19:50:00,2024,Sell,3.47,5481.15,5509.93,4905.55,28.8,99.936,Closed,207.29,208.89,-1.6,60.2,104516.15,2.074227505603586
2024-09-09 15:15:01,2024-09-09 15:32:01,2024,Sell,5.49,5436.25,5454.46,5072.05,18.2,99.918,StopLoss,-103.01,-100.47,-2.54,-18.3,104413.14,-1.0309453752076703
2024-09-09 16:05:00,2024-09-09 18:39:25,2024,Buy,5.43,5471.15,5452.74,5839.35,18.4,99.91199999999999,StopLoss,-104.06,-101.54,-2.52,-18.7,104309.08,-1.0415165345504045
2024-09-10 14:15:00,2024-09-10 17:16:06,2024,Sell,4.23,5466.05,5489.69,4993.25,23.6,99.82800000000002,StopLoss,-39.18,-37.22,-1.96,-8.8,104269.9,-0.39247505709820885
2024-09-11 14:00:00,2024-09-11 15:41:44,2024,Sell,3.59,5452.75,5480.59,4895.95,27.8,99.80199999999999,StopLoss,1.93,3.59,-1.66,1.0,104271.83,0.019338289813831386
2024-09-11 15:55:00,2024-09-11 16:39:49,2024,Sell,3.26,5449.95,5480.59,4837.14,30.6,99.756,StopLoss,-101.91,-100.41,-1.5,-30.8,104169.92,-1.0215926861542162
2024-09-12 13:50:00,2024-09-12 14:12:23,2024,Sell,5.8,5539.35,5556.57,5194.95,17.2,99.75999999999999,StopLoss,-103.6,-100.92,-2.68,-17.4,104066.32,-1.0384923817161187
2024-09-12 15:15:00,2024-09-12 15:26:14,2024,Buy,6.16,5571.35,5555.13,5895.75,16.2,99.792,StopLoss,-104.5,-101.64,-2.86,-16.5,103961.82,-1.0471781305114638
2024-09-13 14:25:00,2024-09-13 19:50:00,2024,Buy,4.29,5629.25,5605.96,6095.05,23.3,99.95700000000001,Closed,-23.0,-21.02,-1.98,-4.9,103938.82,-0.23009894254529445
2024-09-17 16:25:00,2024-09-17 18:12:05,2024,Sell,5.87,5639.45,5656.48,5298.85,17.0,99.79,StopLoss,9.02,11.74,-2.72,2.0,103947.84,0.0903898186191001
2024-09-18 16:00:00,2024-09-18 16:52:08,2024,Sell,5.58,5621.01,5638.93,5262.61,17.9,99.88199999999999,StopLoss,-104.02,-101.44,-2.58,-18.2,103843.82,-1.0414288860855812
2024-09-20 15:00:00,2024-09-20 16:26:23,2024,Sell,6.2,5686.55,5702.67,5364.15,16.1,99.82000000000001,StopLoss,-103.94,-101.06,-2.88,-16.3,103739.88,-1.0412742937287116
2024-09-24 14:05:00,2024-09-24 15:32:35,2024,Sell,4.9,5703.95,5724.35,5295.95,20.4,99.96,StopLoss,-102.42,-100.16,-2.26,-20.4,103637.46,-1.024609843937575
2024-09-25 17:05:00,2024-09-25 19:50:00,2024,Sell,5.99,5720.45,5737.13,5386.85,16.7,100.033,Closed,-4.82,-2.04,-2.78,-0.3,103632.64,-0.04818409924724841
2024-09-26 14:55:00,2024-09-26 19:50:00,2024,Sell,4.42,5741.75,5764.34,5289.95,22.6,99.89200000000001,Closed,-15.03,-12.99,-2.04,-2.9,103617.61,-0.1504624994994594
2024-09-27 16:15:00,2024-09-27 18:57:30,2024,Sell,6.9,5740.35,5754.83,5450.75,14.5,100.05000000000001,StopLoss,-40.46,-37.26,-3.2,-5.4,103577.15,-0.4043978010994502
2024-10-01 14:10:00,2024-10-01 19:50:00,2024,Sell,2.43,5697.95,5738.99,4877.14,41.0,99.63000000000001,Closed,-32.95,-31.83,-1.12,-13.1,103544.2,-0.33072367760714644
2024-10-02 14:45:00,2024-10-02 19:50:00,2024,Buy,3.91,5708.75,5683.23,6219.15,25.5,99.705,Closed,19.92,21.74,-1.82,5.6,103564.12,0.19978937866706786
2024-10-03 14:05:00,2024-10-03 14:14:12,2024,Buy,5.18,5714.45,5695.18,6099.85,19.3,99.974,StopLoss,-103.41,-101.01,-2.4,-19.5,103460.71,-1.03436893592334
2024-10-03 17:05:00,2024-10-03 19:50:00,2024,Sell,5.21,5677.85,5697.02,5294.45,19.2,100.032,Closed,-79.01,-76.59,-2.42,-14.7,103381.7,-0.7898472488803584
2024-10-04 14:00:00,2024-10-04 16:38:25,2024,Sell,4.99,5721.25,5741.27,5320.85,20.0,99.80000000000001,StopLoss,-39.75,-37.43,-2.32,-7.5,103341.95,-0.3982965931863727
2024-10-08 14:45:00,2024-10-08 19:50:00,2024,Buy,4.81,5740.35,5719.6,6155.35,20.8,100.048,Closed,61.08,63.3,-2.22,13.2,103403.03,0.6105069566608028
2024-10-09 15:00:00,2024-10-09 19:50:00,2024,Buy,5.21,5769.49,5750.32,6152.89,19.2,100.032,Closed,108.34,110.76,-2.42,21.3,103511.37,1.0830534229046707
2024-10-10 16:00:01,2024-10-10 17:09:19,2024,Buy,5.88,5788.99,5772.0,6128.79,17.0,99.96,StopLoss,-105.27,-102.55,-2.72,-17.4,103406.1,-1.0531212484993997
2024-10-11 14:10:00,2024-10-11 19:50:00,2024,Buy,4.12,5807.15,5782.93,6291.55,24.2,99.704,Closed,47.79,49.69,-1.9,12.1,103453.89,0.4793187835994544
2024-10-14 14:00:00,2024-10-14 19:50:00,2024,Buy,5.06,5853.69,5833.93,6248.89,19.8,100.188,Closed,83.28,85.62,-2.34,16.9,103537.17,0.831237273925021
2024-10-15 14:30:00,2024-10-15 19:50:00,2024,Sell,6.84,5850.85,5865.46,5558.65,14.6,99.86399999999999,Closed,246.5,249.66,-3.16,36.5,103783.67,2.4683569654730437
2024-10-16 14:35:00,2024-10-16 19:50:00,2024,Buy,6.12,5828.95,5812.62,6155.55,16.3,99.756,Closed,81.37,84.21,-2.84,13.8,103865.04,0.8156902842936766
2024-10-21 14:50:00,2024-10-21 15:56:01,2024,Sell,6.48,5842.95,5858.37,5534.55,15.4,99.79200000000002,StopLoss,8.66,11.66,-3.0,1.8,103873.7,0.0867805034471701
2024-10-22 15:35:01,2024-10-22 19:50:00,2024,Buy,6.13,5841.59,5825.28,6167.79,16.3,99.919,Closed,94.75,97.59,-2.84,15.9,103968.45,0.9482680971586985
2024-10-23 15:15:00,2024-10-23 18:41:13,2024,Sell,4.63,5810.15,5831.72,5378.75,21.6,100.00800000000001,StopLoss,106.67,108.81,-2.14,23.5,104075.12,1.0666146708263338
2024-10-24 15:50:00,2024-10-24 17:44:21,2024,Sell,4.0,5788.72,5813.67,5289.72,24.9,99.6,StopLoss,-101.74,-99.88,-1.86,-25.0,103973.38,-1.0214859437751005
2024-10-25 14:05:00,2024-10-25 15:39:04,2024,Buy,4.77,5859.08,5838.14,6277.88,20.9,99.69299999999998,StopLoss,-103.13,-100.93,-2.2,-21.2,103870.25,-1.0344758408313524
2024-10-29 14:25:00,2024-10-29 19:50:00,2024,Buy,3.73,5834.88,5808.12,6370.08,26.8,99.964,Closed,24.5,26.22,-1.72,7.0,103894.75,0.24508823176343483
2024-10-30 14:20:00,2024-10-30 17:41:06,2024,Buy,3.76,5846.98,5820.39,6378.78,26.6,100.016,StopLoss,-102.36,-100.62,-1.74,-26.8,103792.39,-1.0234362501999679
2024-10-31 14:05:00,2024-10-31 19:50:00,2024,Sell,5.37,5748.42,5767.02,5376.42,18.6,99.882,Closed,75.06,77.54,-2.48,14.4,103867.45,0.7514867543701568
2024-11-01 14:15:00,2024-11-01 17:43:35,2024,Buy,3.71,5761.18,5734.28,6299.18,26.9,99.79899999999999,StopLoss,-101.74,-100.02,-1.72,-27.0,103765.71,-1.0194490926762794
2024-11-04 17:10:00,2024-11-04 17:49:20,2024,Sell,3.63,5695.12,5722.64,5144.72,27.5,99.825,StopLoss,-101.76,-100.08,-1.68,-27.6,103663.95,-1.0193839218632608
2024-11-05 15:00:00,2024-11-05 20:50:00,2024,Buy,3.7,5758.22,5731.25,6297.62,27.0,99.9,Closed,57.0,58.72,-1.72,15.9,103720.95,0.5705705705705706
2024-11-06 14:50:00,2024-11-06 15:24:12,2024,Sell,4.58,5883.19,5905.01,5446.79,21.8,99.84400000000001,StopLoss,-102.1,-99.98,-2.12,-21.8,103618.85,-1.0225952485877967
2024-11-06 16:05:00,2024-11-06 16:32:25,2024,Sell,4.99,5884.99,5905.01,5484.59,20.0,99.80000000000001,StopLoss,-102.77,-100.45,-2.32,-20.1,103516.08,-1.029759519038076
2024-11-07 15:50:02,2024-11-07 20:50:00,2024,Buy,6.26,5967.19,5951.24,6286.19,15.9,99.53399999999999,Closed,57.32,60.22,-2.9,9.6,103573.4,0.5758836176582877
2024-11-08 15:50:00,2024-11-08 20:32:06,2024,Buy,6.42,5994.39,5978.83,6305.59,15.6,100.152,StopLoss,8.7,11.68,-2.98,1.8,103582.1,0.08686796069973639
2024-11-11 18:00:00,2024-11-11 20:50:00,2024,Sell,6.41,5999.51,6015.11,5687.51,15.6,99.996,Closed,-0.27,2.69,-2.96,0.4,103581.83,-0.0027001080043201732
2024-11-12 16:00:00,2024-11-12 18:50:56,2024,Sell,5.95,5989.22,6006.0,5653.62,16.8,99.96000000000001,StopLoss,8.72,11.48,-2.76,1.9,103590.55,0.08723489395758303
2024-11-13 15:10:00,2024-11-13 16:09:51,2024,Sell,7.02,5976.02,5990.25,5691.42,14.2,99.68399999999998,StopLoss,-104.07,-100.81,-3.26,-14.4,103486.48,-1.0439990369567835
2024-11-13 17:15:00,2024-11-13 19:40:08,2024,Buy,6.58,6004.28,5989.09,6308.08,15.2,100.01599999999999,StopLoss,-104.11,-101.07,-3.04,-15.4,103382.37,-1.0409334506478964
2024-11-14 17:35:00,2024-11-14 20:50:00,2024,Sell,4.01,5960.42,5985.3,5462.82,24.9,99.84899999999999,Closed,61.26,63.12,-1.86,15.7,103443.63,0.6135264249016015
2024-11-15 15:05:00,2024-11-15 20:19:27,2024,Sell,5.85,5893.82,5910.9,5552.22,17.1,100.035,StopLoss,108.68,111.38,-2.7,19.0,103552.31,1.08641975308642
2024-11-18 15:30:00,2024-11-18 18:44:07,2024,Buy,6.1,5886.18,5869.8,6213.78,16.4,100.03999999999999,StopLoss,8.95,11.77,-2.82,1.9,103561.26,0.08946421431427429
2024-11-19 15:35:01,2024-11-19 20:50:00,2024,Buy,5.54,5880.78,5862.76,6241.18,18.0,99.72,Closed,193.17,195.73,-2.56,35.3,103754.43,1.9371239470517447
2024-11-20 15:10:00,2024-11-20 20:32:49,2024,Sell,2.82,5880.15,5915.52,5172.75,35.4,99.82799999999999,StopLoss,-101.55,-100.25,-1.3,-35.5,103652.88,-1.0172496694314221
2024-11-25 16:10:00,2024-11-25 20:50:00,2024,Sell,4.35,5988.82,6011.79,5529.42,23.0,100.05,Closed,32.04,34.06,-2.02,7.8,103684.92,0.32023988005997
2024-11-27 15:40:00,2024-11-27 20:50:00,2024,Sell,5.72,5997.82,6015.28,5648.62,17.5,100.1,Closed,-13.34,-10.7,-2.64,-1.9,103671.58,-0.13326673326673327
2024-11-29 15:15:01,2024-11-29 20:50:00,2024,Buy,5.1,6027.39,6007.79,6419.39,19.6,99.96,Closed,35.48,37.84,-2.36,7.4,103707.06,0.35494197679071626
2024-12-09 15:40:00,2024-12-09 20:50:00,2024,Sell,6.6,6068.51,6083.64,5765.91,15.1,99.66,Closed,99.37,102.43,-3.06,15.5,103806.43,0.9970901063616296
2024-12-11 15:15:02,2024-12-11 20:50:00,2024,Buy,7.07,6079.99,6065.86,6362.59,14.1,99.687,Closed,44.94,48.22,-3.28,6.8,103851.37,0.45081103855066357
2024-12-13 15:35:00,2024-12-13 20:50:00,2024,Sell,6.34,6057.01,6072.77,5741.81,15.8,100.172,Closed,17.47,20.41,-2.94,3.2,103868.84,0.1744000319450545
2024-12-16 18:25:01,2024-12-16 20:50:00,2024,Buy,5.81,6084.39,6067.19,6428.39,17.2,99.93199999999999,Closed,-64.17,-61.47,-2.7,-10.6,103804.67,-0.6421366529239884
2024-12-18 15:20:00,2024-12-18 16:22:02,2024,Buy,6.92,6057.39,6042.95,6346.19,14.4,99.648,StopLoss,-43.13,-39.93,-3.2,-5.8,103761.54,-0.4328235388567759
2024-12-18 16:30:00,2024-12-18 19:00:58,2024,Buy,5.17,6062.28,6042.95,6448.88,19.3,99.781,StopLoss,-102.49,-100.09,-2.4,-19.4,103659.05,-1.027149457311512
2024-12-19 15:05:00,2024-12-19 18:57:27,2024,Sell,3.9,5897.02,5922.61,5385.22,25.6,99.84,StopLoss,-39.47,-37.67,-1.8,-9.7,103619.58,-0.39533253205128205
2024-12-20 15:25:00,2024-12-20 20:31:01,2024,Buy,3.42,5873.78,5844.56,6458.18,29.2,99.86399999999999,StopLoss,204.78,206.36,-1.58,60.3,103824.36,2.050588800769046
2024-12-23 15:10:00,2024-12-23 16:41:22,2024,Sell,3.47,5907.32,5936.08,5332.12,28.8,99.936,StopLoss,-101.4,-99.8,-1.6,-28.8,103722.96,-1.0146493756003843
2024-12-23 17:50:00,2024-12-23 20:50:00,2024,Buy,4.97,5954.08,5933.96,6356.48,20.1,99.897,Closed,66.98,69.28,-2.3,13.9,103789.94,0.6704906053234831
2024-12-24 15:15:06,2024-12-24 20:50:00,2024,Buy,4.64,6005.68,5984.15,6436.28,21.5,99.75999999999999,Closed,136.74,138.88,-2.14,29.9,103926.68,1.370689655172414
2024-12-26 14:55:00,2024-12-26 14:59:40,2024,Sell,5.82,6003.92,6021.1,5660.32,17.2,100.104,StopLoss,-110.72,-108.02,-2.7,-18.6,103815.96,-1.1060497083033645
2024-12-26 16:45:01,2024-12-26 20:50:00,2024,Buy,5.57,6037.89,6019.94,6396.89,18.0,100.26,Closed,4.77,7.35,-2.58,1.3,103820.73,0.04757630161579891
2024-12-27 15:05:00,2024-12-27 19:19:22,2024,Sell,4.26,5967.72,5991.16,5498.92,23.4,99.68399999999998,StopLoss,5.86,7.84,-1.98,1.8,103826.59,0.058785763011115134
2024-12-30 15:25:00,2024-12-30 15:45:28,2024,Sell,3.78,5865.12,5891.55,5336.52,26.4,99.79199999999999,StopLoss,-101.78,-100.02,-1.76,-26.5,103724.81,-1.0199214365881033
2024-12-30 16:45:00,2024-12-30 20:50:00,2024,Buy,3.53,5916.08,5887.79,6481.88,28.3,99.899,Closed,17.21,18.85,-1.64,5.3,103742.02,0.17227399673670407
2024-12-31 16:20:00,2024-12-31 20:50:00,2024,Sell,3.8,5891.22,5917.53,5365.02,26.3,99.94,Closed,4.09,5.85,-1.76,1.5,103746.11,0.0409245547328397
2025-01-02 15:05:00,2025-01-02 15:23:05,2025,Buy,3.09,5930.08,5897.74,6576.88,32.3,99.80699999999999,StopLoss,-101.74,-100.3,-1.44,-32.5,103644.37,-1.0193673790415503
2025-01-02 17:30:00,2025-01-02 20:50:00,2025,Sell,2.71,5866.62,5903.5,5129.02,36.9,99.999,Closed,-5.49,-4.23,-1.26,-1.6,103638.88,-0.05490054900549006
2025-01-03 16:45:00,2025-01-03 20:50:00,2025,Buy,3.43,5929.68,5900.53,6512.68,29.2,100.156,Closed,10.91,12.49,-1.58,3.6,103649.79,0.10893006909221614
2025-01-06 15:15:00,2025-01-06 18:02:03,2025,Buy,4.37,6012.08,5989.2,6469.68,22.9,100.073,StopLoss,-103.67,-101.65,-2.02,-23.3,103546.12,-1.0359437610544304
2025-01-07 15:05:00,2025-01-07 20:50:00,2025,Sell,3.12,5959.62,5991.61,5319.82,32.0,99.84,Closed,174.34,175.78,-1.44,56.3,103720.46,1.7461939102564101
2025-01-08 16:45:01,2025-01-08 17:09:04,2025,Buy,4.92,5919.78,5899.46,6326.18,20.3,99.876,StopLoss,-102.94,-100.66,-2.28,-20.5,103617.52,-1.0306780407705554
2025-01-08 17:30:00,2025-01-08 18:02:10,2025,Sell,4.22,5878.32,5901.98,5405.12,23.7,100.014,StopLoss,-103.07,-101.11,-1.96,-24.0,103514.45,-1.0305557221988921
2025-01-10 15:05:00,2025-01-10 20:50:00,2025,Sell,2.09,5822.12,5869.92,4866.12,47.8,99.90199999999999,Closed,1.63,2.59,-0.96,1.2,103516.08,0.01631598966987648
2025-01-13 15:40:00,2025-01-13 16:58:11,2025,Buy,4.38,5803.38,5780.56,6259.78,22.8,99.864,StopLoss,-103.46,-101.44,-2.02,-23.2,103412.62,-1.0360089722021948
2025-01-13 17:20:00,2025-01-13 20:50:00,2025,Buy,4.44,5803.08,5780.56,6253.48,22.5,99.9,Closed,86.92,88.98,-2.06,20.0,103499.54,0.8700700700700701
2025-01-14 16:00:00,2025-01-14 18:24:39,2025,Sell,4.25,5839.72,5863.2,5370.12,23.5,99.875,StopLoss,6.28,8.24,-1.96,1.9,103505.82,0.06287859824780977
2025-01-15 15:15:00,2025-01-15 16:32:03,2025,Buy,4.14,5946.08,5921.94,6428.88,24.1,99.774,StopLoss,-101.94,-100.02,-1.92,-24.2,103403.88,-1.0217090624812075
2025-01-16 15:05:00,2025-01-16 16:02:06,2025,Sell,5.66,5940.12,5957.78,5586.92,17.7,100.182,StopLoss,-103.71,-101.09,-2.62,-17.9,103300.17,-1.0352159070491704
2025-01-17 16:15:00,2025-01-17 20:50:00,2025,Buy,4.88,6004.38,5983.91,6413.78,20.5,100.03999999999999,Closed,-4.99,-2.73,-2.26,-0.6,103295.18,-0.04988004798080768
2025-01-20 15:45:00,2025-01-20 20:50:00,2025,Sell,4.26,6011.7,6035.17,5542.3,23.5,100.11,Closed,-39.89,-37.91,-1.98,-8.9,103255.29,-0.3984616921386475
2025-01-21 17:55:02,2025-01-21 20:50:00,2025,Buy,4.81,6044.29,6023.5,6460.09,20.8,100.048,Closed,7.5,9.72,-2.22,2.0,103262.79,0.07496401727170958
2025-01-22 15:20:01,2025-01-22 20:50:00,2025,Buy,7.25,6091.59,6077.81,6367.19,13.8,100.05000000000001,Closed,-33.67,-30.31,-3.36,-4.2,103229.12,-0.3365317341329335
2025-01-23 16:25:00,2025-01-23 20:50:00,2025,Buy,6.3,6094.88,6079.03,6411.88,15.9,100.17,Closed,47.73,50.65,-2.92,8.0,103276.85,0.47648996705600477
2025-01-24 18:10:00,2025-01-24 20:50:00,2025,Sell,6.6,6105.31,6120.44,5802.71,15.1,99.66,Closed,87.56,90.62,-3.06,13.7,103364.41,0.8785871964679912
2025-01-28 15:25:00,2025-01-28 20:50:00,2025,Buy,3.53,6040.38,6012.11,6605.78,28.3,99.899,Closed,93.07,94.71,-1.64,26.8,103457.48,0.9316409573669405
2025-01-29 18:05:00,2025-01-29 20:25:37,2025,Sell,3.07,6020.72,6053.24,5370.32,32.5,99.77499999999999,StopLoss,-101.69,-100.27,-1.42,-32.7,103355.79,-1.0191931846654974
2025-01-30 14:50:00,2025-01-30 15:02:38,2025,Buy,5.29,6077.88,6059.01,6455.28,18.9,99.981,StopLoss,-102.74,-100.3,-2.44,-19.0,103253.05,-1.0275952430961883
2025-01-30 15:55:00,2025-01-30 16:29:56,2025,Sell,5.34,6042.42,6061.13,5668.22,18.7,99.85799999999999,StopLoss,-39.65,-37.17,-2.48,-7.0,103213.4,-0.3970638306395081
2025-01-31 15:30:00,2025-01-31 18:20:02,2025,Buy,6.2,6109.28,6093.17,6431.48,16.1,99.82000000000001,StopLoss,-105.55,-102.67,-2.88,-16.6,103107.85,-1.057403325986776
2025-02-03 15:20:00,2025-02-03 15:23:05,2025,Sell,3.58,5923.02,5950.95,5364.42,27.9,99.88199999999999,StopLoss,-102.47,-100.81,-1.66,-28.2,103005.38,-1.025910574477884
2025-02-03 15:30:00,2025-02-03 20:50:00,2025,Buy,2.89,5981.48,5946.99,6671.28,34.5,99.705,Closed,66.98,68.32,-1.34,23.6,103072.36,0.6717817561807332
2025-02-04 15:05:00,2025-02-04 20:50:00,2025,Buy,4.95,6017.38,5997.2,6420.98,20.2,99.99,Closed,68.19,70.49,-2.3,14.2,103140.55,0.681968196819682
2025-02-05 15:05:00,2025-02-05 15:36:30,2025,Sell,5.07,6006.62,6026.34,5612.22,19.7,99.879,StopLoss,-102.52,-100.18,-2.34,-19.8,103038.03,-1.0264419948137244
2025-02-05 16:50:00,2025-02-05 20:50:00,2025,Buy,6.1,6041.29,6024.9,6369.09,16.4,100.03999999999999,Closed,52.87,55.69,-2.82,9.1,103090.9,0.5284886045581767
2025-02-07 15:05:00,2025-02-07 16:19:47,2025,Sell,3.95,6066.12,6091.38,5560.92,25.3,99.935,StopLoss,5.84,7.66,-1.82,1.9,103096.74,0.05843798469004853
2025-02-10 15:50:01,2025-02-10 17:10:41,2025,Buy,4.99,6071.68,6051.64,6472.48,20.0,99.80000000000001,StopLoss,-102.92,-100.6,-2.32,-20.2,102993.82,-1.0312625250501002
2025-02-11 15:50:00,2025-02-11 20:50:00,2025,Buy,4.86,6066.98,6046.41,6478.38,20.6,100.11600000000001,Closed,-0.61,1.65,-2.26,0.3,102993.21,-0.006092932198649565
2025-02-12 15:25:00,2025-02-12 20:50:00,2025,Buy,3.72,6037.78,6010.96,6574.18,26.8,99.69600000000001,Closed,33.77,35.49,-1.72,9.5,103026.98,0.33872973840475046
2025-02-13 15:20:00,2025-02-13 20:50:00,2025,Buy,4.65,6079.78,6058.29,6509.58,21.5,99.97500000000001,Closed,146.31,148.47,-2.16,31.9,103173.29,1.4634658664666165
2025-02-19 16:45:01,2025-02-19 20:50:00,2025,Buy,5.57,6132.69,6114.75,6491.49,17.9,99.703,Closed,42.7,45.28,-2.58,8.1,103215.99,0.4282719677442003
2025-02-20 14:55:00,2025-02-20 15:17:51,2025,Sell,5.49,6108.32,6126.53,5744.12,18.2,99.918,StopLoss,7.01,9.55,-2.54,1.7,103223.0,0.07015752917392261
2025-02-21 15:25:00,2025-02-21 20:50:00,2025,Sell,4.18,6086.22,6110.13,5608.02,23.9,99.90199999999999,Closed,285.81,287.75,-1.94,68.8,103508.81,2.8609036856119
2025-02-24 14:55:00,2025-02-24 15:17:00,2025,Sell,4.04,6009.32,6034.04,5514.92,24.7,99.788,StopLoss,5.15,7.03,-1.88,1.7,103513.96,0.05160941195334109
2025-02-24 16:40:00,2025-02-24 20:50:00,2025,Sell,3.81,6007.82,6034.04,5483.42,26.2,99.822,Closed,7.54,9.3,-1.76,2.4,103521.5,0.07553445132335557
2025-02-25 14:55:00,2025-02-25 17:39:07,2025,Sell,3.66,5958.42,5985.74,5412.02,27.3,99.918,StopLoss,5.03,6.73,-1.7,1.8,103526.53,0.05034127984947657
2025-02-25 18:15:00,2025-02-25 20:02:10,2025,Sell,4.14,5961.62,5985.74,5479.22,24.1,99.774,StopLoss,-39.01,-37.09,-1.92,-9.0,103487.52,-0.39098362298795275
2025-02-26 14:55:00,2025-02-26 17:40:17,2025,Buy,4.7,5990.89,5969.62,6416.29,21.3,100.11000000000001,StopLoss,-39.69,-37.51,-2.18,-8.0,103447.83,-0.3964638897213065
2025-02-27 14:55:01,2025-02-27 15:21:57,2025,Sell,3.33,5950.71,5980.74,5350.11,30.0,99.9,StopLoss,-39.1,-37.56,-1.54,-11.3,103408.73,-0.3913913913913914
2025-02-27 15:55:00,2025-02-27 18:23:46,2025,Sell,3.5,5952.21,5980.74,5381.61,28.5,99.75,StopLoss,-39.35,-37.73,-1.62,-10.8,103369.38,-0.3944862155388471
2025-02-28 15:15:00,2025-02-28 17:47:20,2025,Buy,3.36,5886.95,5857.25,6480.95,29.7,99.79199999999999,StopLoss,-101.69,-100.13,-1.56,-29.8,103267.69,-1.0190195606862276
2025-03-03 15:00:00,2025-03-03 20:50:00,2025,Sell,3.1,5942.75,5974.99,5297.95,32.2,99.82000000000001,Closed,343.59,345.03,-1.44,111.3,103611.28,3.442095772390302
2025-03-04 15:00:00,2025-03-04 17:21:27,2025,Sell,2.96,5768.15,5801.83,5094.55,33.7,99.75200000000001,StopLoss,-38.97,-37.59,-1.38,-12.7,103572.31,-0.39066885876974894
2025-03-04 18:00:00,2025-03-04 18:10:36,2025,Sell,3.79,5775.45,5801.83,5247.85,26.4,100.056,StopLoss,-104.47,-102.71,-1.76,-27.1,103467.84,-1.0441152954345567
2025-03-05 16:15:00,2025-03-05 17:21:29,2025,Sell,3.3,5759.45,5789.7,5154.45,30.2,99.66,StopLoss,-105.8,-104.28,-1.52,-31.6,103362.04,-1.0616094722054987
2025-03-05 17:55:00,2025-03-05 20:50:00,2025,Buy,3.78,5811.75,5785.3,6340.75,26.4,99.79199999999999,Closed,105.21,106.97,-1.76,28.3,103467.25,1.0542929292929293
2025-03-06 15:10:00,2025-03-06 16:50:07,2025,Buy,3.32,5784.45,5754.39,6385.65,30.1,99.932,StopLoss,-39.06,-37.52,-1.54,-11.3,103428.19,-0.3908657887363407
2025-03-06 17:40:00,2025-03-06 19:48:25,2025,Sell,4.0,5733.15,5758.11,5233.95,25.0,100.0,StopLoss,-42.66,-40.8,-1.86,-10.2,103385.53,-0.4266
2025-03-07 15:40:00,2025-03-07 17:43:17,2025,Sell,2.52,5699.95,5739.57,4907.55,39.6,99.792,StopLoss,-38.71,-37.55,-1.16,-14.9,103346.82,-0.38790684624017957
2025-03-10 14:35:00,2025-03-10 19:27:01,2025,Sell,2.85,5655.42,5690.48,4954.22,35.1,100.03500000000001,StopLoss,103.39,104.71,-1.32,36.7,103450.21,1.033538261608437
2025-03-11 14:05:00,2025-03-11 14:09:29,2025,Sell,3.48,5577.62,5606.33,5003.42,28.7,99.87599999999999,StopLoss,-102.4,-100.78,-1.62,-29.0,103347.81,-1.025271336457207
2025-03-11 14:25:00,2025-03-11 15:09:39,2025,Sell,3.67,5579.12,5606.33,5034.92,27.2,99.824,StopLoss,-40.09,-38.39,-1.7,-10.5,103307.72,-0.4016068280173105
2025-03-12 14:25:00,2025-03-12 15:46:00,2025,Sell,3.0,5593.22,5626.45,4928.62,33.2,99.60000000000001,StopLoss,2.64,4.02,-1.38,1.3,103310.36,0.02650602409638554
2025-03-12 16:05:00,2025-03-12 18:48:35,2025,Sell,3.18,5595.02,5626.45,4966.42,31.4,99.852,StopLoss,-102.16,-100.68,-1.48,-31.7,103208.2,-1.0231142090293635
2025-03-13 13:55:00,2025-03-13 14:19:08,2025,Sell,4.0,5562.92,5587.87,5063.92,24.9,99.6,StopLoss,-102.1,-100.24,-1.86,-25.1,103106.1,-1.0251004016064258
2025-03-13 14:50:00,2025-03-13 18:37:57,2025,Sell,4.98,5567.82,5587.87,5166.82,20.1,100.09800000000001,StopLoss,107.46,109.76,-2.3,22.0,103213.56,1.073547923035425
2025-03-14 13:55:00,2025-03-14 14:00:05,2025,Buy,3.53,5601.58,5573.29,6167.38,28.3,99.899,StopLoss,-110.05,-108.41,-1.64,-30.7,103103.51,-1.1016126287550425
2025-03-14 15:00:00,2025-03-14 19:50:00,2025,Buy,2.79,5609.08,5573.29,6324.88,35.8,99.88199999999999,Closed,58.24,59.54,-1.3,21.3,103161.75,0.5830880438917924
2025-03-18 14:15:00,2025-03-18 19:50:00,2025,Sell,3.22,5610.62,5641.63,4990.42,31.0,99.82000000000001,Closed,0.56,2.06,-1.5,0.6,103162.31,0.005610098176718092
2025-03-19 13:55:01,2025-03-19 17:14:01,2025,Buy,4.89,5649.08,5628.64,6057.88,20.4,99.75599999999999,StopLoss,-39.23,-36.97,-2.26,-7.6,103123.08,-0.3932595533100766
2025-03-20 14:00:00,2025-03-20 16:25:18,2025,Buy,3.43,5671.58,5642.5,6253.18,29.1,99.81300000000002,StopLoss,5.07,6.65,-1.58,1.9,103128.15,0.05079498662498872
2025-03-20 16:40:00,2025-03-20 18:30:39,2025,Buy,3.25,5673.18,5642.5,6286.78,30.7,99.77499999999999,StopLoss,-101.8,-100.3,-1.5,-30.9,103026.35,-1.0202956652468054
2025-03-21 15:00:00,2025-03-21 15:43:27,2025,Buy,3.79,5637.28,5610.94,6164.08,26.3,99.677,StopLoss,-101.66,-99.9,-1.76,-26.4,102924.69,-1.019894258454809
2025-03-21 16:15:00,2025-03-21 19:50:00,2025,Buy,4.1,5635.28,5610.94,6122.08,24.3,99.63,Closed,40.9,42.8,-1.9,10.4,102965.59,0.41051892000401485
2025-03-24 14:50:00,2025-03-24 19:50:00,2025,Buy,3.85,5759.98,5734.04,6278.78,25.9,99.715,Closed,39.18,40.96,-1.78,10.6,103004.77,0.39291982149125004
2025-03-26 14:00:00,2025-03-26 19:50:00,2025,Sell,5.02,5758.92,5778.83,5360.72,19.9,99.89799999999998,Closed,240.35,242.67,-2.32,48.3,103245.12,2.4059540731546183
2025-03-27 14:15:00,2025-03-27 19:50:00,2025,Buy,3.39,5711.68,5682.21,6301.08,29.5,100.00500000000001,Closed,-11.93,-10.37,-1.56,-3.1,103233.19,-0.11929403529823507
2025-03-28 14:10:00,2025-03-28 19:50:00,2025,Sell,3.06,5643.32,5675.96,4990.52,32.6,99.756,Closed,184.75,186.17,-1.42,60.8,103417.94,1.852018926179879
2025-03-31 14:35:00,2025-03-31 19:50:00,2025,Buy,3.26,5537.88,5507.28,6149.88,30.6,99.756,Closed,232.37,233.87,-1.5,71.7,103650.31,2.3293836962187737
2025-04-01 14:15:00,2025-04-01 14:38:35,2025,Sell,3.72,5562.62,5589.48,5025.42,26.9,100.068,StopLoss,-101.64,-99.92,-1.72,-26.9,103548.67,-1.0157093176639884
2025-04-01 14:55:00,2025-04-01 16:43:51,2025,Buy,3.88,5612.48,5586.76,6126.88,25.7,99.716,StopLoss,5.34,7.14,-1.8,1.8,103554.01,0.05355208792972041
2025-04-02 14:05:00,2025-04-02 19:50:00,2025,Buy,2.39,5626.38,5584.57,6462.58,41.8,99.902,Closed,111.56,112.66,-1.1,47.1,103665.57,1.1166943604732638
2025-04-03 14:05:00,2025-04-03 16:02:30,2025,Sell,2.88,5449.32,5484.01,4755.52,34.7,99.936,StopLoss,-38.66,-37.32,-1.34,-13.0,103626.91,-0.38684758245276973
2025-04-03 16:10:00,2025-04-03 19:50:00,2025,Sell,3.31,5453.82,5484.01,4850.02,30.2,99.962,Closed,177.33,178.87,-1.54,54.0,103804.24,1.7739741101618616
2025-04-04 14:25:00,2025-04-04 15:01:29,2025,Sell,1.92,5194.92,5247.0,4153.32,52.1,100.032,StopLoss,2.84,3.72,-0.88,1.9,103807.08,0.028390914907229687
2025-04-04 15:30:00,2025-04-04 19:50:00,2025,Sell,1.46,5178.72,5247.0,3813.12,68.3,99.71799999999999,Closed,92.82,93.5,-0.68,64.0,103899.9,0.9308249262921439
2025-04-07 13:55:00,2025-04-07 14:19:14,2025,Buy,1.35,4939.48,4865.57,6417.68,73.9,99.76500000000001,StopLoss,300.44,301.06,-0.62,223.0,104200.34,3.011476970881571
2025-04-08 14:10:00,2025-04-08 14:54:53,2025,Buy,2.24,5260.08,5215.52,6151.28,44.6,99.90400000000001,StopLoss,-101.53,-100.49,-1.04,-44.9,104098.81,-1.0162756245996156
2025-04-08 15:15:00,2025-04-08 19:50:00,2025,Sell,2.19,5177.02,5222.52,4267.02,45.5,99.645,Closed,580.95,581.97,-1.02,265.7,104679.76,5.830197200060215
2025-04-09 17:05:00,2025-04-09 19:50:00,2025,Buy,1.13,5075.28,4987.43,6832.28,87.8,99.21399999999998,Closed,430.7,431.22,-0.52,381.6,105110.46,4.341121212732075
2025-04-10 15:00:00,2025-04-10 16:32:32,2025,Sell,1.99,5280.42,5330.54,4278.02,50.1,99.699,StopLoss,199.55,200.47,-0.92,100.7,105310.01,2.001524589012929
2025-04-11 13:50:00,2025-04-11 14:20:01,2025,Buy,2.44,5290.68,5249.74,6109.48,40.9,99.79599999999999,StopLoss,-101.55,-100.43,-1.12,-41.2,105208.46,-1.017575854743677
2025-04-11 16:15:00,2025-04-11 19:50:00,2025,Buy,2.12,5296.88,5249.74,6239.68,47.1,99.852,Closed,142.42,143.4,-0.98,67.6,105350.88,1.4263109401914833
2025-04-14 15:40:00,2025-04-14 17:53:55,2025,Sell,2.15,5394.32,5440.77,4465.32,46.5,99.975,StopLoss,-38.32,-37.32,-1.0,-17.4,105312.56,-0.38329582395598905
2025-04-15 17:25:00,2025-04-15 19:50:00,2025,Sell,3.44,5398.52,5427.52,4818.52,29.0,99.76,Closed,8.86,10.46,-1.6,3.0,105321.42,0.088813151563753
2025-04-16 13:55:00,2025-04-16 14:43:19,2025,Sell,4.23,5322.32,5345.93,4850.12,23.6,99.82800000000002,StopLoss,-103.73,-101.77,-1.96,-24.1,105217.69,-1.0390872300356613
2025-04-16 17:05:00,2025-04-16 19:50:00,2025,Sell,4.18,5322.02,5345.93,4843.82,23.9,99.90199999999999,Closed,318.0,319.94,-1.94,76.5,105535.69,3.183119457067927
2025-04-17 14:35:00,2025-04-17 15:06:51,2025,Sell,4.07,5268.22,5292.77,4777.22,24.6,100.12200000000001,StopLoss,-102.25,-100.37,-1.88,-24.7,105433.44,-1.0212540700345576
2025-04-17 16:30:00,2025-04-17 19:14:24,2025,Buy,4.14,5313.48,5289.37,5795.68,24.1,99.774,StopLoss,-102.36,-100.44,-1.92,-24.3,105331.08,-1.0259185759817187
2025-04-21 14:00:00,2025-04-21 19:50:00,2025,Sell,3.26,5191.72,5222.38,4578.52,30.7,100.082,Closed,157.39,158.89,-1.5,48.7,105488.47,1.5726104594232728
2025-04-22 14:10:02,2025-04-22 17:23:15,2025,Buy,3.31,5247.58,5217.39,5851.18,30.2,99.962,StopLoss,4.22,5.76,-1.54,1.7,105492.69,0.04221604209599648
2025-04-23 15:35:00,2025-04-23 19:50:00,2025,Sell,2.39,5402.02,5443.83,4565.82,41.8,99.902,Closed,74.76,75.86,-1.1,31.7,105567.45,0.7483333666993655
2025-04-24 14:00:00,2025-04-24 19:50:00,2025,Buy,3.39,5410.58,5381.09,6000.38,29.5,100.00500000000001,Closed,267.4,268.96,-1.56,79.3,105834.85,2.673866306684665
2025-04-25 14:30:00,2025-04-25 15:08:35,2025,Sell,3.97,5461.62,5486.8,4958.02,25.2,100.044,StopLoss,-102.12,-100.28,-1.84,-25.3,105732.73,-1.0207508696173684
2025-04-25 16:45:02,2025-04-25 17:47:08,2025,Buy,3.86,5508.78,5482.94,6025.58,25.8,99.588,StopLoss,-40.23,-38.45,-1.78,-10.0,105692.5,-0.40396433305217494
2025-04-28 15:10:00,2025-04-28 19:01:44,2025,Sell,3.52,5511.72,5540.1,4944.12,28.4,99.96799999999999,StopLoss,5.21,6.83,-1.62,1.9,105697.71,0.05211667733674776
2025-04-29 14:05:00,2025-04-29 16:56:41,2025,Buy,4.8,5531.38,5510.58,5947.38,20.8,99.84,StopLoss,-40.91,-38.69,-2.22,-8.1,105656.8,-0.4097556089743589
2025-04-29 17:05:00,2025-04-29 19:50:00,2025,Buy,4.58,5532.38,5510.58,5968.38,21.8,99.84400000000001,Closed,171.19,173.31,-2.12,37.8,105827.99,1.7145747365890789
2025-04-30 15:10:00,2025-04-30 19:50:00,2025,Buy,2.42,5503.78,5462.48,6329.78,41.3,99.94599999999998,Closed,96.02,97.14,-1.12,40.1,105924.01,0.9607187881455987
2025-05-01 14:30:00,2025-05-01 15:55:17,2025,Buy,4.37,5638.58,5615.7,6096.18,22.9,100.073,StopLoss,-39.43,-37.41,-2.02,-8.6,105884.58,-0.3940123709691925
2025-05-02 16:05:00,2025-05-02 19:50:00,2025,Buy,3.04,5695.48,5662.65,6352.08,32.8,99.71199999999999,Closed,-50.83,-49.43,-1.4,-16.3,105833.75,-0.509768132220796
2025-05-05 14:40:00,2025-05-05 19:44:11,2025,Buy,5.07,5660.28,5640.57,6054.48,19.7,99.879,StopLoss,6.99,9.33,-2.34,1.8,105840.74,0.06998468146457214
2025-05-06 14:30:00,2025-05-06 16:21:46,2025,Buy,4.43,5623.28,5600.72,6074.48,22.6,100.118,StopLoss,4.76,6.82,-2.06,1.5,105845.5,0.047543898200123856
2025-05-06 16:35:00,2025-05-06 17:49:15,2025,Buy,3.66,5627.98,5600.72,6173.18,27.3,99.918,StopLoss,-102.57,-100.87,-1.7,-27.6,105742.93,-1.026541764246682
2025-05-08 14:15:00,2025-05-08 14:32:49,2025,Sell,4.72,5645.92,5667.09,5222.52,21.2,100.064,StopLoss,-103.47,-101.29,-2.18,-21.5,105639.46,-1.034038215542053
2025-05-08 14:55:00,2025-05-08 15:20:53,2025,Sell,4.45,5644.62,5667.09,5195.22,22.5,100.125,StopLoss,-124.26,-122.2,-2.06,-27.5,105515.2,-1.2410486891385768
2025-05-09 14:30:00,2025-05-09 19:50:00,2025,Sell,4.08,5660.22,5684.72,5170.22,24.5,99.96000000000001,Closed,-4.16,-2.28,-1.88,-0.6,105511.04,-0.041616646658663464
2025-05-13 14:05:00,2025-05-13 19:50:00,2025,Buy,4.56,5873.68,5851.78,6311.68,21.9,99.86399999999999,Closed,105.68,107.8,-2.12,23.6,105616.72,1.0582392053192344
2025-05-14 15:05:00,2025-05-14 15:38:03,2025,Sell,4.27,5876.62,5900.03,5408.42,23.4,99.91799999999998,StopLoss,-102.15,-100.17,-1.98,-23.5,105514.57,-1.022338317420285
2025-05-14 17:25:00,2025-05-14 19:50:00,2025,Sell,3.98,5874.92,5900.03,5372.72,25.1,99.89800000000001,Closed,-57.0,-55.16,-1.84,-13.9,105457.57,-0.5705819936335061
2025-05-15 15:15:00,2025-05-15 19:50:00,2025,Buy,5.4,5891.28,5872.79,6261.08,18.5,99.9,Closed,85.2,87.7,-2.5,16.2,105542.77,0.8528528528528528
2025-05-16 16:40:00,2025-05-16 19:50:00,2025,Buy,5.36,5936.69,5918.06,6309.29,18.6,99.69600000000001,Closed,82.37,84.85,-2.48,15.8,105625.14,0.8262116835178943
2025-05-19 14:05:00,2025-05-19 19:50:00,2025,Buy,3.34,5933.68,5903.82,6530.88,29.9,99.86599999999999,Closed,77.08,78.62,-1.54,23.5,105702.22,0.7718342579055936
2025-05-21 15:10:00,2025-05-21 17:16:33,2025,Buy,3.62,5930.58,5903.02,6481.78,27.6,99.912,StopLoss,-101.81,-100.13,-1.68,-27.7,105600.41,-1.0189967171110577
2025-05-21 17:25:00,2025-05-21 19:50:00,2025,Sell,3.03,5872.42,5905.42,5212.42,33.0,99.99,Closed,54.78,56.18,-1.4,18.5,105655.19,0.5478547854785479
2025-05-22 14:05:00,2025-05-22 14:38:36,2025,Buy,4.02,5859.78,5834.94,6356.58,24.8,99.696,StopLoss,-101.8,-99.94,-1.86,-24.9,105553.39,-1.021104156636174
2025-05-22 16:15:00,2025-05-22 19:50:00,2025,Buy,3.63,5862.48,5834.94,6413.28,27.5,99.825,Closed,9.36,11.04,-1.68,3.0,105562.75,0.0937640871525169
2025-05-23 15:35:00,2025-05-23 19:50:00,2025,Buy,3.9,5802.98,5777.36,6315.38,25.6,99.84,Closed,29.95,31.75,-1.8,8.1,105592.7,0.29997996794871795
2025-05-26 15:05:00,2025-05-26 16:10:01,2025,Sell,6.28,5859.01,5874.92,5540.81,15.9,99.852,StopLoss,-103.88,-100.98,-2.9,-16.1,105488.82,-1.040339702760085
2025-05-27 14:20:00,2025-05-27 19:50:00,2025,Buy,3.91,5888.68,5863.13,6399.68,25.6,100.096,Closed,83.18,85.0,-1.82,21.7,105572.0,0.8310022378516625
2025-05-28 14:30:00,2025-05-28 19:50:00,2025,Sell,5.05,5913.32,5933.1,5517.72,19.8,99.99,Closed,75.63,77.97,-2.34,15.4,105647.63,0.7563756375637564
2025-05-29 14:10:00,2025-05-29 17:02:06,2025,Sell,3.19,5902.52,5933.85,5275.92,31.3,99.847,StopLoss,-45.06,-43.58,-1.48,-13.7,105602.57,-0.4512904744258716
2025-05-30 16:30:00,2025-05-30 18:18:42,2025,Sell,3.01,5860.12,5893.27,5197.12,33.2,99.932,StopLoss,-102.42,-101.02,-1.4,-33.6,105500.15,-1.0248969299123405
2025-06-02 14:05:00,2025-06-02 14:33:22,2025,Sell,3.34,5867.82,5897.71,5270.02,29.9,99.86599999999999,StopLoss,-101.61,-100.07,-1.54,-30.0,105398.54,-1.017463400957283
2025-06-03 15:00:00,2025-06-03 19:50:00,2025,Buy,5.33,5954.38,5935.64,6329.18,18.7,99.67099999999999,Closed,53.19,55.65,-2.46,10.4,105451.73,0.5336557273429583
2025-06-05 14:00:00,2025-06-05 14:41:49,2025,Sell,3.89,5951.92,5977.62,5437.92,25.7,99.973,StopLoss,-103.17,-101.37,-1.8,-26.1,105348.56,-1.0319786342312425
2025-06-05 16:05:00,2025-06-05 16:45:05,2025,Buy,3.86,5999.28,5973.42,6516.48,25.9,99.97399999999999,StopLoss,-103.14,-101.36,-1.78,-26.3,105245.42,-1.0316682337407728
2025-06-09 16:55:00,2025-06-09 19:50:00,2025,Buy,5.06,6018.98,5999.22,6414.18,19.8,100.188,Closed,-31.49,-29.15,-2.34,-5.8,105213.93,-0.3143090988940791
2025-06-10 16:35:00,2025-06-10 18:00:18,2025,Buy,6.47,6028.69,6013.25,6337.49,15.4,99.638,StopLoss,-107.62,-104.62,-3.0,-16.2,105106.31,-1.0801099981934603
2025-06-12 14:15:03,2025-06-12 19:50:00,2025,Buy,5.17,6028.78,6009.46,6415.18,19.3,99.781,Closed,32.45,34.85,-2.4,6.7,105138.76,0.32521221475030315
2025-06-13 14:30:00,2025-06-13 14:55:34,2025,Sell,3.71,5974.72,6001.65,5436.12,26.9,99.79899999999999,StopLoss,-101.74,-100.02,-1.72,-27.0,105037.02,-1.0194490926762794
2025-06-13 15:55:02,2025-06-13 17:44:12,2025,Buy,3.89,6023.88,5998.19,6537.68,25.7,99.973,StopLoss,-103.95,-102.15,-1.8,-26.3,104933.07,-1.0397807408000161
2025-06-16 13:55:00,2025-06-16 17:59:03,2025,Buy,5.04,6035.38,6015.57,6431.58,19.8,99.792,StopLoss,-39.99,-37.65,-2.34,-7.5,104893.08,-0.4007335257335257
2025-06-18 14:05:00,2025-06-18 17:28:02,2025,Buy,5.46,6001.78,5983.47,6367.98,18.3,99.918,StopLoss,-40.03,-37.51,-2.52,-6.9,104853.05,-0.40062851538261374
2025-06-19 16:00:00,2025-06-19 19:50:00,2025,Sell,5.25,5919.22,5938.24,5538.82,19.0,99.75,Closed,-17.98,-15.54,-2.44,-3.0,104835.07,-0.18025062656641605
2025-06-20 14:25:00,2025-06-20 19:50:00,2025,Sell,3.45,5979.72,6008.63,5401.52,28.9,99.705,Closed,71.33,72.93,-1.6,21.1,104906.4,0.7154104608595356
2025-06-23 14:05:00,2025-06-23 16:26:12,2025,Buy,3.41,5998.08,5968.83,6583.08,29.2,99.572,StopLoss,-101.7,-100.12,-1.58,-29.4,104804.7,-1.021371469891134
2025-06-23 17:25:00,2025-06-23 19:50:00,2025,Buy,4.04,5993.58,5968.83,6488.58,24.8,100.19200000000001,Closed,98.43,100.31,-1.88,24.8,104903.13,0.9824137655701054
2025-06-24 16:30:06,2025-06-24 19:50:00,2025,Buy,4.83,6089.59,6068.91,6503.19,20.7,99.981,Closed,45.19,47.43,-2.24,9.8,104948.32,0.45198587731669015
2025-06-25 16:50:00,2025-06-25 19:50:00,2025,Sell,6.34,6088.91,6104.67,5773.71,15.8,100.172,Closed,-5.98,-3.04,-2.94,-0.5,104942.34,-0.059697320608553296
2025-06-26 14:35:01,2025-06-26 19:50:00,2025,Buy,7.06,6128.69,6114.54,6411.69,14.1,99.54599999999999,Closed,78.78,82.04,-3.26,11.6,105021.12,0.7913929238743898
2025-06-27 14:05:01,2025-06-27 18:19:00,2025,Buy,4.95,6175.08,6154.9,6578.68,20.2,99.99,StopLoss,-103.63,-101.33,-2.3,-20.5,104917.49,-1.0364036403640364
2025-07-01 16:15:00,2025-07-01 19:50:00,2025,Buy,6.43,6202.99,6187.45,6513.79,15.5,99.66499999999999,Closed,26.73,29.71,-2.98,4.6,104944.22,0.2681984648572719
2025-07-02 14:30:00,2025-07-02 19:50:00,2025,Buy,5.46,6209.68,6191.38,6575.68,18.3,99.918,Closed,60.98,63.5,-2.52,11.6,105005.2,0.6103004463660201
2025-07-03 14:05:00,2025-07-03 19:50:00,2025,Buy,4.92,6268.79,6248.5,6674.59,20.3,99.876,Closed,13.07,15.35,-2.28,3.1,105018.27,0.13086226921382513
2025-07-07 15:20:01,2025-07-07 19:50:00,2025,Sell,5.69,6239.01,6256.58,5887.61,17.6,100.14400000000002,Closed,106.15,108.79,-2.64,19.1,105124.42,1.0599736379613356
2025-07-09 14:55:00,2025-07-09 18:57:34,2025,Sell,4.74,6237.12,6258.2,5815.52,21.1,100.01400000000001,StopLoss,-102.55,-100.35,-2.2,-21.2,105021.87,-1.0253564500969863
2025-07-10 15:30:00,2025-07-10 19:50:00,2025,Buy,5.92,6276.29,6259.41,6613.89,16.9,100.04799999999999,Closed,20.47,23.21,-2.74,3.9,105042.34,0.2046017911402527
2025-07-11 17:20:01,2025-07-11 19:50:00,2025,Buy,4.59,6266.29,6244.53,6701.49,21.8,100.062,Closed,-10.29,-8.17,-2.12,-1.8,105032.05,-0.10283624153025124
2025-07-14 16:10:01,2025-07-14 19:50:00,2025,Buy,5.08,6264.79,6245.13,6657.99,19.7,100.076,Closed,20.6,22.96,-2.36,4.5,105052.65,0.20584355889523964
2025-07-15 14:55:00,2025-07-15 19:50:00,2025,Sell,3.78,6264.82,6291.26,5736.02,26.4,99.79199999999999,Closed,24.44,26.2,-1.76,6.9,105077.09,0.2449094115760783
2025-07-16 14:55:00,2025-07-16 15:42:02,2025,Sell,5.9,6239.82,6256.76,5901.02,16.9,99.71,StopLoss,108.42,111.16,-2.74,18.8,105185.51,1.0873533246414604
2025-07-16 16:05:00,2025-07-16 17:08:21,2025,Sell,5.01,6236.82,6256.76,5838.02,19.9,99.69899999999998,StopLoss,-102.37,-100.05,-2.32,-20.0,105083.14,-1.0267906398258762
2025-07-17 15:25:04,2025-07-17 19:50:00,2025,Buy,4.99,6288.29,6268.28,6688.49,20.0,99.80000000000001,Closed,64.15,66.47,-2.32,13.3,105147.29,0.6427855711422845
2025-07-18 14:30:00,2025-07-18 19:50:00,2025,Sell,6.26,6292.81,6308.77,5973.61,16.0,100.16,Closed,-10.91,-8.01,-2.9,-1.3,105136.38,-0.10892571884984026
2025-07-21 14:00:00,2025-07-21 19:43:00,2025,Buy,6.03,6326.99,6310.41,6658.59,16.6,100.09800000000001,StopLoss,-103.98,-101.18,-2.8,-16.8,105032.4,-1.0387819936462266
2025-07-22 13:55:00,2025-07-22 17:28:01,2025,Sell,4.31,6285.02,6308.22,5821.02,23.2,99.99199999999999,StopLoss,-102.29,-100.29,-2.0,-23.3,104930.11,-1.022981838547084
2025-07-23 16:05:01,2025-07-23 19:50:00,2025,Buy,6.64,6346.28,6331.22,6647.48,15.1,100.264,Closed,41.61,44.69,-3.08,6.7,104971.72,0.4150043884145855
2025-07-25 16:25:01,2025-07-25 19:50:00,2025,Buy,6.05,6386.39,6369.87,6716.79,16.5,99.825,Closed,31.2,34.0,-2.8,5.6,105002.92,0.3125469571750563
2025-07-29 14:55:01,2025-07-29 17:04:41,2025,Sell,6.21,6387.91,6403.99,6066.31,16.1,99.98100000000001,StopLoss,7.8,10.68,-2.88,1.7,105010.72,0.0780148228163351
2025-07-31 15:00:00,2025-07-31 19:50:00,2025,Sell,4.28,6385.02,6408.38,5917.82,23.4,100.152,Closed,181.38,183.36,-1.98,42.8,105192.1,1.8110472082434699
2025-08-01 14:05:00,2025-08-01 16:02:50,2025,Sell,2.74,6227.42,6263.84,5499.02,36.4,99.736,StopLoss,-101.16,-99.9,-1.26,-36.5,105090.94,-1.0142776931098099
2025-08-01 17:05:00,2025-08-01 19:50:00,2025,Sell,2.8,6228.22,6263.84,5515.82,35.6,99.67999999999999,Closed,-57.47,-56.17,-1.3,-20.1,105033.47,-0.5765449438202247
2025-08-04 14:00:00,2025-08-04 19:50:00,2025,Buy,3.87,6310.48,6284.65,6827.08,25.8,99.846,Closed,44.76,46.56,-1.8,12.0,105078.23,0.44829036716543474
2025-08-05 14:25:00,2025-08-05 19:50:00,2025,Sell,4.46,6314.82,6337.23,5866.62,22.4,99.904,Closed,56.1,58.16,-2.06,13.0,105134.33,0.5615390775144139
2025-08-06 14:10:01,2025-08-06 14:23:21,2025,Buy,5.39,6325.28,6306.75,6695.88,18.5,99.71499999999999,StopLoss,-103.08,-100.58,-2.5,-18.7,105031.25,-1.0337461766033196
2025-08-06 14:55:00,2025-08-06 19:50:00,2025,Buy,5.2,6325.98,6306.75,6710.58,19.2,99.84,Closed,104.36,106.76,-2.4,20.5,105135.61,1.045272435897436
2025-08-07 14:15:00,2025-08-07 19:50:00,2025,Sell,5.47,6365.42,6383.67,6000.42,18.2,99.55399999999999,Closed,166.15,168.69,-2.54,30.8,105301.76,1.6689434879562852
2025-08-08 14:00:00,2025-08-08 19:50:00,2025,Buy,5.72,6377.78,6360.3,6727.38,17.5,100.1,Closed,14.18,16.82,-2.64,2.9,105315.94,0.14165834165834165
2025-08-11 16:10:00,2025-08-11 17:12:58,2025,Buy,6.35,6405.98,6390.24,6720.78,15.7,99.695,StopLoss,-103.71,-100.77,-2.94,-15.9,105212.23,-1.040272832138021
2025-08-12 15:40:00,2025-08-12 19:50:00,2025,Buy,4.4,6427.58,6404.9,6881.18,22.7,99.88000000000001,Closed,48.25,50.29,-2.04,11.4,105260.48,0.48307969563476166
2025-08-13 15:10:00,2025-08-13 19:50:00,2025,Sell,5.71,6451.12,6468.63,6100.92,17.5,99.925,Closed,-76.7,-74.06,-2.64,-13.0,105183.78,-0.7675756817613211
2025-08-14 14:20:00,2025-08-14 16:12:14,2025,Buy,5.81,6462.98,6445.77,6807.18,17.2,99.93199999999999,StopLoss,-103.56,-100.86,-2.7,-17.4,105080.22,-1.0363046871872874
2025-08-14 17:15:02,2025-08-14 19:50:00,2025,Buy,5.58,6463.69,6445.77,6822.09,17.9,99.88199999999999,Closed,41.06,43.64,-2.58,7.8,105121.28,0.411085080394866
2025-08-15 13:50:00,2025-08-15 19:50:00,2025,Sell,5.64,6453.42,6471.14,6099.02,17.7,99.82799999999999,Closed,-21.63,-19.01,-2.62,-3.4,105099.65,-0.21667267700444767
2025-08-19 15:55:00,2025-08-19 19:50:00,2025,Sell,5.12,6423.42,6442.93,6033.22,19.5,99.84,Closed,80.72,83.1,-2.38,16.2,105180.37,0.8084935897435898
2025-08-20 13:55:00,2025-08-20 19:50:00,2025,Sell,2.81,6369.42,6404.97,5658.42,35.6,100.036,Closed,-97.57,-96.27,-1.3,-34.3,105082.8,-0.975348874405214
2025-08-21 14:20:00,2025-08-21 15:12:45,2025,Buy,5.62,6388.88,6371.1,6744.48,17.8,100.036,StopLoss,-103.54,-100.94,-2.6,-18.0,104979.26,-1.03502739013955
2025-08-21 17:25:00,2025-08-21 17:45:48,2025,Sell,5.28,6354.22,6373.14,5975.82,18.9,99.792,StopLoss,-102.55,-100.11,-2.44,-19.0,104876.71,-1.0276374859708193
2025-08-22 14:05:00,2025-08-22 19:50:00,2025,Buy,2.04,6443.58,6394.65,7422.18,48.9,99.756,Closed,41.35,42.29,-0.94,20.7,104918.06,0.4145114078351177
2025-08-27 15:25:00,2025-08-27 19:50:00,2025,Buy,5.76,6479.29,6461.94,6826.29,17.4,100.22399999999999,Closed,34.9,37.56,-2.66,6.5,104952.96,0.3482199872286079
2025-08-28 14:05:00,2025-08-28 15:16:38,2025,Sell,5.03,6469.12,6488.98,6071.92,19.9,100.097,StopLoss,-105.28,-102.96,-2.32,-20.5,104847.68,-1.051779773619589
2025-08-29 14:00:00,2025-08-29 19:50:00,2025,Sell,5.27,6468.32,6487.29,6088.92,19.0,100.13,Closed,37.82,40.26,-2.44,7.6,104885.5,0.3777089783281734
2025-09-02 13:55:00,2025-09-02 15:16:22,2025,Buy,3.92,6403.18,6377.69,6912.98,25.5,99.96,StopLoss,-102.02,-100.2,-1.82,-25.6,104783.48,-1.020608243297319
2025-09-04 15:55:01,2025-09-04 19:50:00,2025,Buy,5.69,6475.69,6458.12,6827.09,17.6,100.14400000000002,Closed,87.38,90.02,-2.64,15.8,104870.86,0.8725435373062788
2025-09-05 14:10:00,2025-09-05 15:22:50,2025,Sell,4.99,6507.72,6527.73,6107.52,20.0,99.80000000000001,StopLoss,206.46,208.78,-2.32,41.8,105077.32,2.0687374749498995
2025-09-09 14:35:00,2025-09-09 17:01:40,2025,Sell,6.14,6486.02,6502.3,6160.42,16.3,100.082,StopLoss,-103.35,-100.51,-2.84,-16.4,104973.97,-1.032653224356028
2025-09-11 14:00:00,2025-09-11 19:50:00,2025,Buy,6.41,6566.58,6551.0,6878.18,15.6,99.996,Closed,144.02,146.98,-2.96,22.9,105117.99,1.4402576103044122
2025-09-16 15:05:00,2025-09-16 19:50:00,2025,Sell,5.53,6603.72,6621.79,6242.32,18.1,100.09300000000002,Closed,-48.85,-46.29,-2.56,-8.4,105069.14,-0.48804611711108664
2025-09-17 16:35:00,2025-09-17 18:00:01,2025,Sell,6.16,6594.41,6610.62,6270.21,16.2,99.792,StopLoss,-114.85,-111.99,-2.86,-18.2,104954.29,-1.1508938592271925
2025-09-18 14:10:00,2025-09-18 19:50:00,2025,Buy,4.59,6643.78,6622.03,7078.78,21.8,100.062,Closed,-62.98,-60.86,-2.12,-13.3,104891.31,-0.629409765945114
2025-09-22 14:10:00,2025-09-22 19:50:00,2025,Buy,7.18,6663.39,6649.48,6941.59,13.9,99.80199999999999,Closed,249.56,252.88,-3.32,35.2,105140.87,2.500551091160498
2025-09-23 16:00:00,2025-09-23 19:50:00,2025,Sell,6.95,6681.51,6695.88,6394.11,14.4,100.08,Closed,174.84,178.06,-3.22,25.6,105315.71,1.7470023980815348
2025-09-24 15:15:02,2025-09-24 19:50:00,2025,Sell,5.7,6650.01,6667.53,6299.61,17.5,99.75,Closed,67.01,69.65,-2.64,12.2,105382.72,0.6717794486215539
2025-09-25 14:25:00,2025-09-25 17:49:35,2025,Buy,3.49,6616.38,6587.76,7188.78,28.6,99.81400000000001,StopLoss,-101.99,-100.37,-1.62,-28.8,105280.73,-1.0218005490211792
2025-09-29 17:05:01,2025-09-29 19:50:00,2025,Sell,5.25,6650.37,6669.39,6269.97,19.0,99.75,Closed,-60.03,-57.59,-2.44,-11.0,105220.7,-0.6018045112781955
2025-10-01 15:35:00,2025-10-01 19:50:00,2025,Buy,3.95,6689.14,6663.85,7194.94,25.3,99.935,Closed,103.72,105.54,-1.82,26.7,105324.42,1.0378746185020262
2025-10-02 14:55:00,2025-10-02 19:50:00,2025,Sell,4.87,6702.07,6722.59,6291.67,20.5,99.83500000000001,Closed,-83.93,-81.67,-2.26,-16.8,105240.49,-0.8406871337707217
2025-10-03 16:00:02,2025-10-03 17:05:43,2025,Buy,4.91,6749.54,6729.21,7156.14,20.3,99.673,StopLoss,-103.28,-101.0,-2.28,-20.6,105137.21,-1.0361883358582564
2025-10-07 14:40:00,2025-10-07 19:50:00,2025,Sell,6.01,6734.07,6750.69,6401.67,16.6,99.766,Closed,97.77,100.55,-2.78,16.7,105234.98,0.9799931840506785
2025-10-08 14:10:00,2025-10-08 19:50:00,2025,Buy,5.72,6739.73,6722.25,7089.33,17.5,100.1,Closed,78.18,80.82,-2.64,14.1,105313.16,0.7810189810189812
2025-10-09 14:25:00,2025-10-09 19:50:00,2025,Sell,5.21,6738.37,6757.55,6354.77,19.2,100.032,Closed,6.07,8.49,-2.42,1.6,105319.23,0.060680582213691624
2025-10-10 15:00:00,2025-10-10 19:50:00,2025,Sell,2.56,6712.37,6751.34,5932.97,39.0,99.84,Closed,338.89,340.07,-1.18,132.8,105658.12,3.3943309294871793
2025-10-13 14:00:00,2025-10-13 14:22:34,2025,Buy,4.3,6652.13,6628.92,7116.33,23.2,99.75999999999999,StopLoss,-103.31,-101.31,-2.0,-23.6,105554.81,-1.0355854049719329
2025-10-13 15:30:00,2025-10-13 18:56:36,2025,Buy,4.52,6651.03,6628.92,7093.23,22.1,99.892,StopLoss,-39.44,-37.34,-2.1,-8.3,105515.37,-0.3948264125255276
2025-10-14 14:20:00,2025-10-14 19:50:00,2025,Buy,2.78,6607.93,6572.06,7325.33,35.9,99.80199999999999,Closed,81.12,82.4,-1.28,29.6,105596.49,0.812809362537825
2025-10-15 14:05:00,2025-10-15 15:34:13,2025,Buy,4.74,6712.83,6691.75,7134.43,21.1,100.01400000000001,StopLoss,-102.5,-100.3,-2.2,-21.2,105493.99,-1.0248565200871878
2025-10-15 15:50:00,2025-10-15 17:35:42,2025,Sell,4.19,6670.17,6693.99,6193.77,23.8,99.72200000000001,StopLoss,105.91,107.85,-1.94,25.7,105599.9,1.062052505966587
2025-10-16 15:45:00,2025-10-16 16:58:01,2025,Sell,5.09,6672.57,6692.18,6280.37,19.6,99.76400000000001,StopLoss,106.77,109.13,-2.36,21.4,105706.67,1.0702257327292408
2025-10-17 14:15:00,2025-10-17 14:58:12,2025,Buy,2.71,6654.03,6617.2,7390.63,36.8,99.728,StopLoss,-101.69,-100.43,-1.26,-37.1,105604.98,-1.0196735119525109
2025-10-17 16:05:00,2025-10-17 19:50:00,2025,Buy,3.11,6649.33,6617.2,7291.93,32.1,99.831,Closed,62.13,63.57,-1.44,20.4,105667.11,0.6223517744989031
2025-10-20 14:30:00,2025-10-20 19:50:00,2025,Buy,4.35,6726.43,6703.46,7185.83,23.0,100.05,Closed,70.32,72.34,-2.02,16.6,105737.43,0.7028485757121439
2025-10-21 16:50:00,2025-10-21 17:01:04,2025,Buy,5.8,6751.04,6733.81,7095.64,17.2,99.75999999999999,StopLoss,-105.17,-102.49,-2.68,-17.7,105632.26,-1.0542301523656776
2025-10-22 14:30:00,2025-10-22 16:37:11,2025,Sell,5.14,6716.17,6735.6,6327.57,19.4,99.71599999999998,StopLoss,106.79,109.17,-2.38,21.2,105739.05,1.0709414737855512
2025-10-23 16:10:00,2025-10-23 19:50:00,2025,Buy,4.41,6729.83,6707.19,7182.63,22.6,99.66600000000001,Closed,43.96,46.0,-2.04,10.4,105783.01,0.44107318443601623
2025-10-30 13:55:00,2025-10-30 18:37:58,2025,Buy,3.34,6877.53,6847.6,7476.13,29.9,99.86599999999999,StopLoss,-101.61,-100.07,-1.54,-30.0,105681.4,-1.017463400957283
2025-10-31 16:05:00,2025-10-31 18:59:15,2025,Sell,4.34,6839.77,6862.79,6379.37,23.0,99.82,StopLoss,-40.89,-38.89,-2.0,-9.0,105640.51,-0.40963734722500506
2025-11-03 15:20:00,2025-11-03 16:33:55,2025,Sell,3.75,6841.27,6867.92,6308.27,26.6,99.75,StopLoss,-38.71,-36.97,-1.74,-9.9,105601.8,-0.3880701754385965
2025-11-04 14:55:00,2025-11-04 18:03:52,2025,Buy,3.76,6803.93,6777.37,7335.13,26.6,100.016,StopLoss,-102.73,-100.99,-1.74,-26.9,105499.07,-1.027135658294673
2025-11-05 14:55:00,2025-11-05 20:50:00,2025,Buy,3.86,6792.93,6767.08,7309.93,25.9,99.97399999999999,Closed,65.54,67.32,-1.78,17.4,105564.61,0.6555704483165624
2025-11-06 15:00:00,2025-11-06 20:50:00,2025,Sell,3.8,6760.17,6786.46,6234.37,26.3,99.94,Closed,118.47,120.23,-1.76,31.6,105683.08,1.1854112467480489
2025-11-07 16:00:00,2025-11-07 19:06:50,2025,Sell,3.17,6650.97,6682.47,6020.97,31.5,99.855,StopLoss,-101.51,-100.05,-1.46,-31.6,105581.57,-1.016574032346903
2025-11-10 16:05:01,2025-11-10 17:36:00,2025,Sell,4.24,6777.07,6800.62,6306.07,23.6,100.06400000000001,StopLoss,-102.32,-100.36,-1.96,-23.7,105479.25,-1.0225455708346656
2025-11-10 18:20:01,2025-11-10 20:50:00,2025,Buy,4.52,6819.44,6797.32,7261.84,22.1,99.892,Closed,86.18,88.28,-2.1,19.5,105565.43,0.8627317502903137
2025-11-11 17:50:00,2025-11-11 20:50:00,2025,Buy,6.54,6836.24,6820.95,7142.04,15.3,100.06200000000001,Closed,78.27,81.29,-3.02,12.4,105643.7,0.7822150266834561
2025-11-12 15:35:01,2025-11-12 17:37:34,2025,Sell,5.07,6844.87,6864.59,6450.47,19.7,99.879,StopLoss,-39.66,-37.32,-2.34,-7.4,105604.04,-0.3970804673655122
2025-11-13 15:50:00,2025-11-13 20:50:00,2025,Sell,3.04,6780.57,6813.36,6124.77,32.8,99.71199999999999,Closed,130.05,131.45,-1.4,43.2,105734.09,1.3042562580231067
2025-11-14 14:50:00,2025-11-14 20:50:00,2025,Buy,3.2,6695.23,6663.99,7320.03,31.2,99.84,Closed,107.13,108.61,-1.48,33.9,105841.22,1.0730168269230769
2025-11-18 14:55:00,2025-11-18 16:19:51,2025,Sell,3.14,6612.47,6644.28,5976.27,31.8,99.852,StopLoss,3.06,4.52,-1.46,1.4,105844.28,0.030645355125585867
2025-11-18 17:15:00,2025-11-18 17:43:44,2025,Sell,3.35,6614.47,6644.28,6018.27,29.8,99.83,StopLoss,-105.61,-104.05,-1.56,-31.1,105738.67,-1.057898427326455
2025-11-19 14:55:00,2025-11-19 15:56:00,2025,Buy,3.21,6660.73,6629.62,7282.93,31.1,99.831,StopLoss,-39.23,-37.75,-1.48,-11.8,105699.44,-0.39296410934479264
2025-11-19 17:40:00,2025-11-19 17:56:16,2025,Sell,3.43,6605.67,6634.82,6022.67,29.1,99.81300000000002,StopLoss,-102.28,-100.7,-1.58,-29.4,105597.16,-1.0247162193301471
2025-11-20 15:40:00,2025-11-20 15:55:07,2025,Buy,4.68,6768.73,6747.4,7195.33,21.3,99.684,StopLoss,-102.12,-99.96,-2.16,-21.4,105495.04,-1.0244372216203204
2025-11-20 16:10:00,2025-11-20 17:41:03,2025,Sell,4.02,6725.17,6750.04,6227.77,24.9,100.09799999999998,StopLoss,505.62,507.48,-1.86,126.2,106000.66,5.051249775220285
2025-11-21 15:35:00,2025-11-21 16:27:39,2025,Sell,3.67,6540.07,6567.29,5995.67,27.2,99.824,StopLoss,-102.11,-100.41,-1.7,-27.4,105898.55,-1.0229003045359832
2025-11-21 16:50:00,2025-11-21 18:10:29,2025,Buy,3.74,6590.13,6563.45,7123.73,26.7,99.858,StopLoss,5.52,7.26,-1.74,1.9,105904.07,0.055278495463558244
2025-11-24 15:45:00,2025-11-24 20:50:00,2025,Buy,3.17,6683.43,6651.97,7312.63,31.5,99.855,Closed,57.63,59.09,-1.46,18.6,105961.7,0.5771368484302238
2025-11-25 14:50:00,2025-11-25 14:59:02,2025,Sell,2.53,6662.17,6701.61,5873.37,39.4,99.68199999999999,StopLoss,-101.27,-100.09,-1.18,-39.6,105860.43,-1.015930659497201
2025-11-25 16:45:00,2025-11-25 20:50:00,2025,Buy,3.49,6725.73,6697.13,7297.73,28.6,99.81400000000001,Closed,156.62,158.24,-1.62,45.3,106017.05,1.569118560522572
2025-11-26 16:05:00,2025-11-26 20:50:00,2025,Buy,4.89,6814.33,6793.91,7222.73,20.4,99.75599999999999,Closed,23.31,25.57,-2.26,5.2,106040.36,0.2336701551786359
2025-11-28 16:10:02,2025-11-28 20:50:00,2025,Buy,5.54,6842.14,6824.12,7202.54,18.0,99.72,Closed,9.18,11.74,-2.56,2.1,106049.54,0.09205776173285199
2025-12-01 15:00:00,2025-12-01 15:34:01,2025,Buy,4.61,6829.23,6807.58,7262.23,21.6,99.57600000000001,StopLoss,-101.99,-99.85,-2.14,-21.7,105947.55,-1.024242789427171
2025-12-01 15:55:00,2025-12-01 20:50:00,2025,Buy,4.24,6831.13,6807.58,7302.13,23.6,100.06400000000001,Closed,-54.37,-52.41,-1.96,-12.4,105893.18,-0.5433522545570834
2025-12-02 16:25:00,2025-12-02 17:20:24,2025,Sell,4.24,6814.27,6837.85,6342.67,23.6,100.06400000000001,StopLoss,-102.28,-100.32,-1.96,-23.7,105790.9,-1.0221458266709305
2025-12-02 18:00:00,2025-12-02 19:51:33,2025,Sell,4.25,6814.37,6837.85,6344.77,23.5,99.875,StopLoss,-102.94,-100.98,-1.96,-23.8,105687.96,-1.0306883604505632
2025-12-03 15:35:00,2025-12-03 20:50:00,2025,Buy,4.65,6840.23,6818.76,7269.63,21.5,99.97500000000001,Closed,73.31,75.47,-2.16,16.2,105761.27,0.7332833208302075
2025-12-05 15:05:00,2025-12-05 16:16:03,2025,Buy,5.37,6888.43,6869.83,7260.43,18.6,99.882,StopLoss,-103.22,-100.74,-2.48,-18.8,105658.05,-1.033419434933221
2025-12-08 15:45:00,2025-12-08 20:50:00,2025,Sell,5.07,6852.17,6871.87,6458.17,19.7,99.879,Closed,73.36,75.7,-2.34,14.9,105731.41,0.7344887313649515
2025-12-09 16:20:00,2025-12-09 18:45:57,2025,Buy,5.06,6865.08,6845.33,7260.08,19.8,100.188,StopLoss,-102.78,-100.44,-2.34,-19.9,105628.63,-1.0258713618397413
2025-12-11 14:55:00,2025-12-11 15:12:42,2025,Sell,3.77,6836.77,6863.23,6307.57,26.5,99.905,StopLoss,-101.87,-100.13,-1.74,-26.6,105526.76,-1.0196686852509884
2025-12-11 17:20:00,2025-12-11 20:50:00,2025,Buy,5.08,6880.78,6861.11,7274.18,19.7,100.076,Closed,63.93,66.29,-2.36,13.1,105590.69,0.6388145009792559
2025-12-12 15:05:00,2025-12-12 17:00:57,2025,Sell,5.76,6876.67,6894.01,6529.87,17.3,99.648,StopLoss,308.03,310.69,-2.66,53.9,105898.72,3.091180956968529
2025-12-15 15:00:00,2025-12-15 16:16:34,2025,Sell,4.12,6834.17,6858.41,6349.37,24.2,99.704,StopLoss,5.68,7.58,-1.9,1.8,105904.4,0.056968627136323516
2025-12-15 16:25:00,2025-12-15 20:50:00,2025,Sell,4.3,6835.17,6858.41,6370.37,23.2,99.75999999999999,Closed,55.58,57.58,-2.0,13.4,105959.98,0.5571371291098637
2025-12-16 16:25:00,2025-12-16 18:45:06,2025,Sell,4.15,6779.87,6803.92,6298.87,24.1,100.01500000000001,StopLoss,-39.1,-37.18,-1.92,-9.0,105920.88,-0.3909413587961805
2025-12-17 15:40:00,2025-12-17 20:50:00,2025,Sell,3.69,6776.37,6803.46,6234.57,27.1,99.99900000000001,Closed,138.11,139.81,-1.7,37.9,106058.99,1.3811138111381114
2025-12-18 15:40:00,2025-12-18 17:09:00,2025,Buy,3.2,6812.23,6780.98,7437.23,31.2,99.84,StopLoss,-101.51,-100.03,-1.48,-31.3,105957.48,-1.0167267628205128
2025-12-19 17:20:00,2025-12-19 20:50:00,2025,Buy,3.34,6834.58,6804.65,7433.18,29.9,99.86599999999999,Closed,-18.07,-16.53,-1.54,-5.0,105939.41,-0.1809424629002864
2025-12-23 16:20:01,2025-12-23 20:50:00,2025,Buy,4.5,6896.18,6873.97,7340.38,22.2,99.89999999999999,Closed,53.5,55.58,-2.08,12.3,105992.91,0.5355355355355356
2025-12-24 16:10:00,2025-12-24 20:50:00,2025,Buy,6.35,6925.08,6909.34,7239.88,15.7,99.695,Closed,24.68,27.62,-2.94,4.3,106017.59,0.24755504288078642
2025-12-31 15:55:00,2025-12-31 20:50:00,2025,Sell,4.48,6870.83,6893.15,6424.43,22.3,99.90400000000001,Closed,68.93,71.01,-2.08,15.8,106086.52,0.6899623638693145
2026-01-02 15:25:00,2026-01-02 20:50:00,2026,Sell,3.14,6846.27,6878.11,6209.47,31.8,99.852,Closed,-8.4,-6.94,-1.46,-2.2,106078.12,-0.08412450426631414
2026-01-05 15:35:03,2026-01-05 20:50:00,2026,Buy,5.55,6914.13,6896.13,7274.13,18.0,99.89999999999999,Closed,-61.94,-59.38,-2.56,-10.7,106016.18,-0.6200200200200201
2026-01-06 14:55:00,2026-01-06 20:50:00,2026,Buy,6.1,6923.38,6907.0,7250.98,16.4,100.03999999999999,Closed,134.74,137.56,-2.82,22.6,106150.92,1.346861255497801
2026-01-07 17:10:07,2026-01-07 18:29:30,2026,Buy,5.71,6964.38,6946.87,7314.58,17.5,99.925,StopLoss,-103.99,-101.35,-2.64,-17.8,106046.93,-1.040680510382787
2026-01-08 17:55:00,2026-01-08 20:50:00,2026,Buy,4.46,6930.58,6908.18,7378.58,22.4,99.904,Closed,-50.23,-48.17,-2.06,-10.8,105996.7,-0.5027826713645099
2026-01-09 16:15:00,2026-01-09 20:50:00,2026,Buy,4.26,6960.18,6936.74,7428.98,23.4,99.68399999999998,Closed,45.52,47.5,-1.98,11.2,106042.22,0.45664299185425955
2026-01-12 16:10:00,2026-01-12 20:50:00,2026,Buy,3.85,6967.18,6941.23,7486.18,26.0,100.10000000000001,Closed,44.23,46.01,-1.78,11.9,106086.45,0.44185814185814176
2026-01-13 15:05:00,2026-01-13 16:42:26,2026,Sell,5.45,6962.67,6980.99,6596.27,18.3,99.73500000000001,StopLoss,-42.09,-39.57,-2.52,-7.3,106044.36,-0.4220183486238532
2026-01-13 17:45:00,2026-01-13 20:50:00,2026,Sell,5.17,6961.68,6980.99,6575.48,19.3,99.781,Closed,67.65,70.05,-2.4,13.6,106112.01,0.6779847866828355
2026-01-14 15:05:00,2026-01-14 15:15:01,2026,Sell,4.07,6907.07,6931.58,6416.87,24.5,99.715,StopLoss,-101.84,-99.96,-1.88,-24.6,106010.17,-1.02131073559645
2026-01-14 15:35:00,2026-01-14 20:05:37,2026,Sell,3.84,6905.57,6931.58,6385.37,26.0,99.84,StopLoss,-39.26,-37.48,-1.78,-9.8,105970.91,-0.39322916666666663
2026-01-16 15:00:00,2026-01-16 16:10:24,2026,Sell,5.54,6943.13,6961.17,6582.33,18.0,99.72,StopLoss,-39.96,-37.4,-2.56,-6.8,105930.95,-0.40072202166064985
2026-01-16 18:00:00,2026-01-16 19:05:44,2026,Sell,5.49,6942.98,6961.17,6579.18,18.2,99.918,StopLoss,-102.46,-99.92,-2.54,-18.2,105828.49,-1.0254408615064352
2026-01-19 16:10:01,2026-01-19 20:50:00,2026,Buy,6.33,6870.88,6855.1,7186.48,15.8,100.01400000000001,Closed,29.66,32.6,-2.94,5.2,105858.15,0.29655848181254624
2026-01-20 15:35:00,2026-01-20 17:30:40,2026,Buy,3.66,6869.63,6842.34,7415.43,27.3,99.918,StopLoss,-102.2,-100.5,-1.7,-27.5,105755.95,-1.0228387277567605
2026-01-21 15:00:00,2026-01-21 16:42:14,2026,Buy,3.47,6848.83,6820.04,7424.63,28.8,99.936,StopLoss,-40.67,-39.07,-1.6,-11.3,105715.28,-0.4069604546910022
2026-01-22 14:50:00,2026-01-22 16:25:26,2026,Sell,4.82,6902.47,6923.2,6487.87,20.7,99.774,StopLoss,-102.3,-100.06,-2.24,-20.8,105612.98,-1.0253172169102172
2026-01-23 15:40:00,2026-01-23 17:59:06,2026,Buy,4.93,6919.73,6899.45,7325.33,20.3,100.079,StopLoss,-102.85,-100.57,-2.28,-20.4,105510.13,-1.0276881263801596
2026-01-26 15:25:02,2026-01-26 20:50:00,2026,Buy,3.95,6957.03,6931.77,7462.23,25.3,99.935,Closed,7.26,9.08,-1.82,2.3,105517.39,0.07264722069345074
2026-01-27 15:40:01,2026-01-27 20:50:00,2026,Buy,5.64,6979.83,6962.12,7334.03,17.7,99.82799999999999,Closed,14.3,16.92,-2.62,3.0,105531.69,0.1432463837801018
2026-01-28 15:45:00,2026-01-28 20:50:00,2026,Sell,6.29,6981.13,6997.02,6663.33,15.9,100.01100000000001,Closed,55.58,58.5,-2.92,9.3,105587.27,0.5557388687244402
2026-01-29 15:00:00,2026-01-29 17:24:14,2026,Sell,2.53,6937.67,6977.09,6149.27,39.4,99.68199999999999,StopLoss,3.48,4.66,-1.18,1.8,105590.75,0.034911017034168663
2026-01-30 17:05:00,2026-01-30 18:51:04,2026,Sell,3.3,6917.47,6947.72,6312.47,30.2,99.66,StopLoss,-38.68,-37.16,-1.52,-11.3,105552.07,-0.38811960666265305
2026-02-02 15:05:00,2026-02-02 20:50:00,2026,Buy,3.36,6960.43,6930.68,7555.43,29.8,100.128,Closed,59.09,60.65,-1.56,18.1,105611.16,0.5901446148929371
2026-02-03 15:00:00,2026-02-03 20:30:57,2026,Sell,3.79,6957.07,6983.41,6430.27,26.3,99.677,StopLoss,205.14,206.9,-1.76,54.6,105816.3,2.0580474934036936
2026-02-04 15:05:00,2026-02-04 15:23:39,2026,Sell,3.24,6893.97,6924.82,6276.97,30.8,99.79200000000002,StopLoss,-102.13,-100.63,-1.5,-31.1,105714.17,-1.023428731762065
2026-02-04 16:05:00,2026-02-04 19:43:22,2026,Sell,3.04,6891.97,6924.82,6234.97,32.8,99.71199999999999,StopLoss,3.89,5.29,-1.4,1.7,105718.06,0.03901235558408216
2026-02-05 15:15:00,2026-02-05 16:55:36,2026,Sell,2.13,6788.27,6835.05,5852.67,46.8,99.68399999999998,StopLoss,-101.0,-100.02,-0.98,-47.0,105617.06,-1.0132017174270698
2026-02-06 16:05:00,2026-02-06 20:50:00,2026,Buy,2.36,6890.63,6848.28,7737.63,42.4,100.064,Closed,96.25,97.35,-1.1,41.2,105713.31,0.9618843939878479
2026-02-09 15:20:00,2026-02-09 20:50:00,2026,Buy,3.29,6947.98,6917.62,7555.18,30.4,100.01599999999999,Closed,67.57,69.09,-1.52,21.0,105780.88,0.6755919052951528
2026-02-11 15:00:00,2026-02-11 15:52:52,2026,Sell,4.52,6961.87,6983.97,6519.87,22.1,99.892,StopLoss,105.66,107.76,-2.1,23.8,105886.54,1.0577423617506907
2026-02-12 15:00:00,2026-02-12 18:43:27,2026,Sell,5.05,6947.87,6967.67,6551.87,19.8,99.99,StopLoss,407.42,409.76,-2.34,81.1,106293.96,4.074607460746075
2026-02-13 15:35:00,2026-02-13 20:50:00,2026,Buy,2.17,6859.73,6813.8,7778.33,45.9,99.603,Closed,-64.49,-63.49,-1.0,-29.3,106229.47,-0.6474704577171371
2026-02-17 14:55:00,2026-02-17 16:11:21,2026,Sell,2.6,6795.87,6834.19,6029.47,38.3,99.58,StopLoss,-101.46,-100.26,-1.2,-38.6,106128.01,-1.018879293030729
2026-02-18 15:05:00,2026-02-18 20:16:36,2026,Buy,2.58,6895.33,6856.66,7668.73,38.7,99.846,StopLoss,-101.05,-99.85,-1.2,-38.7,106026.96,-1.012058570198105
2026-02-20 15:05:00,2026-02-20 20:50:00,2026,Buy,2.64,6885.53,6847.77,7640.73,37.8,99.792,Closed,43.79,45.01,-1.22,17.1,106070.75,0.4388127304793971
2026-02-23 15:05:00,2026-02-23 20:50:00,2026,Sell,2.74,6869.97,6906.43,6140.77,36.5,100.01,Closed,91.05,92.31,-1.26,33.7,106161.8,0.9104089591040895
2026-02-24 15:30:00,2026-02-24 20:50:00,2026,Buy,2.21,6879.63,6834.45,7783.23,45.2,99.89200000000001,Closed,28.93,29.95,-1.02,13.6,106190.73,0.2896127818043487
2026-02-25 17:55:01,2026-02-25 20:50:00,2026,Buy,5.11,6942.08,6922.53,7333.08,19.6,100.15600000000002,Closed,27.53,29.89,-2.36,5.8,106218.26,0.27487120092655454
2026-02-26 15:15:00,2026-02-26 20:50:00,2026,Sell,2.63,6901.27,6939.21,6142.47,37.9,99.67699999999999,Closed,-20.84,-19.62,-1.22,-7.5,106197.42,-0.20907531326183573
2026-02-27 15:45:00,2026-02-27 20:50:00,2026,Buy,3.31,6871.73,6841.56,7475.13,30.2,99.962,Closed,-8.09,-6.55,-1.54,-2.0,106189.33,-0.08093075368640083
2026-03-02 15:05:00,2026-03-02 20:50:00,2026,Buy,2.22,6858.33,6813.38,7757.33,44.9,99.67800000000001,Closed,49.02,50.04,-1.02,22.5,106238.35,0.4917835430084873
2026-03-03 15:05:00,2026-03-03 16:15:45,2026,Sell,2.95,6735.17,6768.97,6059.17,33.8,99.71,StopLoss,-101.25,-99.89,-1.36,-33.9,106137.1,-1.015444789890683
2026-03-03 17:25:00,2026-03-03 20:50:00,2026,Buy,2.9,6797.23,6762.77,7486.43,34.5,100.05,Closed,63.97,65.31,-1.34,22.5,106201.07,0.6393803098450774
2026-03-04 15:20:00,2026-03-04 20:50:00,2026,Buy,3.29,6859.23,6828.84,7467.03,30.4,100.01599999999999,Closed,53.49,55.01,-1.52,16.7,106254.56,0.5348144296912495
2026-03-05 15:30:00,2026-03-05 20:50:00,2026,Sell,3.87,6821.57,6847.39,6305.17,25.8,99.846,StopLoss,3.0,4.8,-1.8,1.2,106257.56,0.030046271257736915
2026-03-06 15:40:00,2026-03-06 20:32:16,2026,Buy,2.67,6768.83,6731.42,7517.03,37.4,99.85799999999999,StopLoss,-101.53,-100.29,-1.24,-37.6,106156.03,-1.0167437761621503
2026-03-09 15:15:00,2026-03-09 19:50:00,2026,Buy,2.8,6701.43,6665.76,7414.83,35.7,99.96000000000001,Closed,251.65,252.95,-1.3,90.3,106407.68,2.5175070028011204
2026-03-10 14:45:00,2026-03-10 18:14:50,2026,Buy,3.21,6813.38,6782.23,7436.38,31.2,100.152,StopLoss,-38.75,-37.27,-1.48,-11.6,106368.93,-0.3869118939212397
2026-03-11 14:25:00,2026-03-11 14:57:56,2026,Sell,5.49,6772.97,6791.18,6408.77,18.2,99.918,StopLoss,-103.06,-100.52,-2.54,-18.3,106265.87,-1.0314457855441461
2026-03-11 15:15:00,2026-03-11 17:27:45,2026,Sell,4.62,6769.57,6791.18,6337.37,21.6,99.79200000000002,StopLoss,-40.3,-38.16,-2.14,-8.3,106225.57,-0.4038399871733204
2026-03-12 14:00:00,2026-03-12 14:04:06,2026,Sell,4.84,6699.07,6719.72,6286.07,20.7,100.18799999999999,StopLoss,-104.17,-101.93,-2.24,-21.1,106121.4,-1.0397452788757138
2026-03-12 14:30:00,2026-03-12 16:21:36,2026,Sell,3.46,6690.87,6719.72,6113.87,28.9,99.994,StopLoss,-102.15,-100.55,-1.6,-29.1,106019.25,-1.0215612936776206
2026-03-13 14:45:00,2026-03-13 19:50:00,2026,Sell,2.89,6681.37,6715.94,5989.97,34.6,99.99400000000001,Closed,150.21,151.55,-1.34,52.4,106169.46,1.5021901314078843
2026-03-16 14:00:00,2026-03-16 14:38:52,2026,Buy,4.3,6719.03,6695.81,7183.43,23.2,99.75999999999999,StopLoss,-102.45,-100.45,-2.0,-23.4,106067.01,-1.0269647153167603
2026-03-17 15:40:00,2026-03-17 19:50:00,2026,Sell,4.22,6717.73,6741.38,6244.73,23.7,100.014,Closed,-21.58,-19.62,-1.96,-4.7,106045.43,-0.21576979222908793
2026-03-18 14:30:00,2026-03-18 19:50:00,2026,Sell,3.53,6668.47,6696.76,6102.67,28.3,99.899,Closed,137.41,139.05,-1.64,39.4,106182.84,1.3754892441365778
2026-03-19 13:55:00,2026-03-19 14:28:09,2026,Buy,3.68,6596.13,6569.0,7138.73,27.1,99.72800000000001,StopLoss,-102.02,-100.32,-1.7,-27.3,106080.82,-1.0229825124338199
2026-03-19 15:10:00,2026-03-19 15:45:29,2026,Buy,3.71,6595.93,6569.0,7134.53,26.9,99.79899999999999,StopLoss,-102.11,-100.39,-1.72,-27.1,105978.71,-1.0231565446547561
2026-03-20 14:00:00,2026-03-20 19:50:00,2026,Sell,3.68,6555.27,6582.39,6012.87,27.1,99.72800000000001,Closed,247.22,248.92,-1.7,67.6,106225.93,2.4789427242098507
2026-03-23 14:20:00,2026-03-23 15:52:15,2026,Buy,2.68,6639.23,6601.95,7384.83,37.3,99.964,StopLoss,-101.36,-100.12,-1.24,-37.4,106124.57,-1.0139650274098675
2026-03-23 16:30:00,2026-03-23 17:37:04,2026,Sell,2.43,6566.47,6607.59,5744.07,41.1,99.873,StopLoss,-101.38,-100.26,-1.12,-41.3,106023.19,-1.0150891632373114
2026-03-24 14:55:00,2026-03-24 17:05:01,2026,Buy,3.0,6570.13,6536.84,7235.93,33.3,99.89999999999999,StopLoss,-38.46,-37.08,-1.38,-12.4,105984.73,-0.384984984984985
2026-03-25 13:55:00,2026-03-25 19:50:00,2026,Sell,3.06,6592.07,6624.7,5939.47,32.6,99.756,Closed,6.05,7.47,-1.42,2.4,105990.78,0.06064798107382012
2026-03-26 13:55:00,2026-03-26 14:53:53,2026,Buy,3.56,6569.43,6541.36,7130.83,28.1,100.036,StopLoss,-103.31,-101.67,-1.64,-28.6,105887.47,-1.032728217841577
2026-03-26 16:30:00,2026-03-26 19:50:00,2026,Sell,3.78,6518.63,6545.08,5989.63,26.4,99.79199999999999,Closed,136.4,138.16,-1.76,36.5,106023.87,1.3668430335097004
2026-03-27 16:40:00,2026-03-27 19:50:00,2026,Sell,3.28,6406.33,6436.79,5797.13,30.5,100.03999999999999,Closed,147.06,148.58,-1.52,45.3,106170.93,1.4700119952019193
2026-03-30 13:55:00,2026-03-30 19:50:00,2026,Sell,3.14,6382.37,6414.13,5747.17,31.8,99.852,Closed,147.03,148.49,-1.46,47.3,106317.96,1.4724792693185915
2026-03-31 13:50:00,2026-03-31 14:50:00,2026,Buy,3.74,6444.03,6417.34,6977.83,26.7,99.858,StopLoss,-102.57,-100.83,-1.74,-27.0,106215.39,-1.0271585651625308
2026-03-31 15:15:00,2026-03-31 19:50:00,2026,Buy,3.69,6444.43,6417.34,6986.23,27.1,99.99900000000001,Closed,331.88,333.58,-1.7,90.4,106547.27,3.318833188331883
2026-04-01 15:40:00,2026-04-01 18:19:36,2026,Buy,3.82,6596.18,6570.07,7118.38,26.1,99.702,StopLoss,-102.42,-100.66,-1.76,-26.4,106444.85,-1.0272612384907023
2026-04-02 13:55:00,2026-04-02 14:50:05,2026,Buy,3.87,6509.43,6483.62,7025.63,25.8,99.846,StopLoss,205.01,206.81,-1.8,53.4,106649.86,2.053262023516215
2026-04-07 14:05:00,2026-04-07 16:02:23,2026,Sell,3.38,6558.37,6587.92,5967.37,29.6,100.048,StopLoss,-38.94,-37.38,-1.56,-11.1,106610.92,-0.3892131776747161
2026-04-08 14:35:00,2026-04-08 15:46:24,2026,Sell,4.13,6763.37,6787.58,6279.17,24.2,99.946,StopLoss,-39.34,-37.42,-1.92,-9.1,106571.58,-0.39361255077741986
2026-04-09 15:35:00,2026-04-09 19:50:00,2026,Buy,4.12,6797.63,6773.41,7282.03,24.2,99.704,Closed,107.69,109.59,-1.9,26.6,106679.27,1.0800970873786409
2026-04-10 16:00:00,2026-04-10 19:50:00,2026,Sell,5.33,6818.48,6837.22,6443.68,18.7,99.67099999999999,Closed,28.99,31.45,-2.46,5.9,106708.26,0.29085691926437984
2026-04-13 14:00:00,2026-04-13 19:50:00,2026,Buy,3.74,6820.58,6793.89,7354.38,26.7,99.858,Closed,161.32,163.06,-1.74,43.6,106869.58,1.6154940014821044
2026-04-14 14:30:00,2026-04-14 19:50:00,2026,Buy,4.03,6934.73,6909.92,7430.93,24.8,99.944,Closed,121.46,123.32,-1.86,30.6,106991.04,1.2152805571119827
2026-04-15 15:15:01,2026-04-15 19:50:00,2026,Buy,4.28,6998.13,6974.78,7465.13,23.4,100.152,Closed,96.89,98.87,-1.98,23.1,107087.93,0.9674295071491333
2026-04-16 13:55:00,2026-04-16 15:08:55,2026,Sell,5.04,7012.13,7031.96,6615.53,19.8,99.792,StopLoss,-102.38,-100.04,-2.34,-19.9,106985.55,-1.025933942600609
2026-04-16 16:05:05,2026-04-16 16:33:44,2026,Buy,5.68,7047.68,7030.09,7399.48,17.6,99.968,StopLoss,-106.3,-103.66,-2.64,-18.2,106879.25,-1.0633402688860434
2026-04-17 14:05:00,2026-04-17 17:24:44,2026,Buy,4.19,7113.18,7089.33,7590.18,23.9,100.141,StopLoss,5.56,7.5,-1.94,1.8,106884.81,0.055521714382720355
2026-04-20 15:05:00,2026-04-20 19:50:00,2026,Sell,4.45,7089.83,7112.29,6640.63,22.5,100.125,Closed,-60.8,-58.74,-2.06,-13.2,106824.01,-0.6072409488139825
2026-04-21 15:00:00,2026-04-21 17:43:54,2026,Sell,4.98,7100.03,7120.09,6698.83,20.1,100.09800000000001,StopLoss,7.66,9.96,-2.3,2.0,106831.67,0.07652500549461527
2026-04-22 14:30:00,2026-04-22 19:50:00,2026,Buy,5.25,7129.93,7110.89,7510.73,19.0,99.75,Closed,7.54,9.98,-2.44,1.9,106839.21,0.07558897243107769
2026-04-23 15:00:00,2026-04-23 17:01:46,2026,Buy,4.89,7141.58,7121.17,7549.78,20.4,99.75599999999999,StopLoss,-103.04,-100.78,-2.26,-20.6,106736.17,-1.0329203255944506
2026-04-23 17:10:00,2026-04-23 17:53:25,2026,Sell,4.67,7101.97,7123.38,6673.77,21.4,99.93799999999999,StopLoss,106.84,109.0,-2.16,23.3,106843.01,1.0690628189477478
2026-04-24 15:45:00,2026-04-24 19:50:00,2026,Buy,3.17,7156.63,7125.11,7787.03,31.5,99.855,Closed,15.18,16.64,-1.46,5.2,106858.19,0.15202042962295328
2026-04-28 14:55:00,2026-04-28 19:07:00,2026,Sell,4.35,7119.87,7142.84,6660.47,23.0,100.05,StopLoss,-102.33,-100.31,-2.02,-23.1,106755.86,-1.0227886056971514
2026-05-01 14:00:00,2026-05-01 18:35:16,2026,Buy,3.67,7263.33,7236.15,7806.93,27.2,99.824,StopLoss,-103.36,-101.66,-1.7,-27.7,106652.5,-1.0354223433242506
2026-05-04 14:20:00,2026-05-04 15:19:10,2026,Buy,5.26,7238.48,7219.48,7618.48,19.0,99.94,StopLoss,-102.64,-100.2,-2.44,-19.1,106549.86,-1.0270162097258355
2026-05-04 15:25:00,2026-05-04 16:19:47,2026,Sell,4.88,7200.67,7221.12,6791.67,20.4,99.55199999999999,StopLoss,7.21,9.47,-2.26,1.9,106557.07,0.07242446158791387
2026-05-05 15:15:00,2026-05-05 19:50:00,2026,Buy,6.0,7259.73,7243.07,7592.93,16.7,100.19999999999999,Closed,38.32,41.1,-2.78,6.8,106595.39,0.382435129740519
2026-05-06 14:35:01,2026-05-06 19:50:00,2026,Buy,4.1,7333.83,7309.45,7821.43,24.4,100.03999999999999,Closed,106.95,108.85,-1.9,26.6,106702.34,1.0690723710515795
2026-05-07 16:15:00,2026-05-07 19:50:00,2026,Sell,4.79,7349.58,7370.42,6932.78,20.8,99.632,Closed,52.87,55.09,-2.22,11.5,106755.21,0.53065280231251
2026-05-08 14:00:00,2026-05-08 19:50:00,2026,Buy,5.45,7389.18,7370.86,7755.58,18.3,99.73500000000001,Closed,30.18,32.7,-2.52,6.0,106785.39,0.30260189502180773
2026-05-11 14:20:00,2026-05-11 19:50:00,2026,Buy,4.42,7417.63,7395.03,7869.63,22.6,99.89200000000001,Closed,-44.69,-42.65,-2.04,-9.7,106740.7,-0.4473831738277339
2026-05-12 14:35:00,2026-05-12 17:24:08,2026,Sell,3.95,7360.43,7385.7,6855.03,25.3,99.935,StopLoss,-39.54,-37.72,-1.82,-9.6,106701.16,-0.39565717716515736
2026-05-13 15:35:00,2026-05-13 19:50:00,2026,Buy,4.21,7417.63,7393.88,7892.63,23.8,100.19800000000001,Closed,151.51,153.45,-1.94,36.5,106852.67,1.51210603006048
2026-05-14 14:40:01,2026-05-14 17:15:31,2026,Buy,4.29,7488.13,7464.87,7953.33,23.3,99.95700000000001,StopLoss,6.6,8.58,-1.98,2.0,106859.27,0.06602839220864971
2026-05-14 17:25:00,2026-05-14 19:50:00,2026,Buy,4.07,7489.43,7464.87,7980.63,24.6,100.12200000000001,Closed,56.93,58.81,-1.88,14.4,106916.2,0.5686063003136173
2026-05-18 15:10:00,2026-05-18 19:01:43,2026,Sell,4.21,7387.07,7410.78,6912.87,23.7,99.777,StopLoss,6.23,8.17,-1.94,1.9,106922.43,0.062439239504094135
2026-05-19 14:35:00,2026-05-19 16:26:15,2026,Sell,4.17,7340.97,7364.9,6862.37,23.9,99.663,StopLoss,-101.85,-99.91,-1.94,-24.0,106820.58,-1.0219439511152584
2026-05-19 17:05:00,2026-05-19 18:55:06,2026,Buy,4.23,7384.98,7361.34,7857.78,23.6,99.82800000000002,StopLoss,-102.0,-100.04,-1.96,-23.6,106718.58,-1.0217574227671593
2026-05-20 14:20:00,2026-05-20 19:50:00,2026,Buy,4.24,7392.23,7368.66,7863.63,23.6,100.06400000000001,Closed,150.47,152.43,-1.96,36.0,106869.05,1.5037376079309241
2026-05-21 14:00:00,2026-05-21 14:20:10,2026,Buy,5.33,7416.03,7397.27,7791.23,18.8,100.20400000000001,StopLoss,-102.98,-100.52,-2.46,-18.9,106766.07,-1.0277034848908226
2026-05-21 15:50:00,2026-05-21 18:52:18,2026,Buy,5.58,7415.18,7397.27,7773.38,17.9,99.88199999999999,StopLoss,108.41,110.99,-2.58,19.9,106874.48,1.0853807492841554
2026-05-26 14:40:01,2026-05-26 15:29:32,2026,Buy,4.89,7535.18,7514.74,7943.98,20.4,99.75599999999999,StopLoss,-102.26,-100.0,-2.26,-20.4,106772.22,-1.0251012470427845
2026-05-28 14:15:00,2026-05-28 19:50:00,2026,Buy,2.93,7548.53,7514.41,8230.93,34.1,99.91300000000001,Closed,40.69,42.05,-1.36,14.3,106812.91,0.4072543112507881
2026-06-01 16:55:00,2026-06-01 19:50:00,2026,Buy,4.14,7595.38,7571.28,8077.38,24.1,99.774,Closed,31.61,33.53,-1.92,8.1,106844.52,0.3168160041694229
2026-06-02 14:45:03,2026-06-02 19:50:00,2026,Buy,5.1,7607.23,7587.65,7998.83,19.6,99.96,Closed,17.79,20.15,-2.36,4.0,106862.31,0.17797118847539015
2026-06-03 13:50:00,2026-06-03 19:50:00,2026,Sell,3.7,7567.43,7594.43,7027.43,27.0,99.9,Closed,-14.67,-12.95,-1.72,-3.5,106847.64,-0.14684684684684685
2026-06-04 15:05:02,2026-06-04 19:50:00,2026,Buy,4.52,7560.83,7538.74,8002.63,22.1,99.892,Closed,149.55,151.65,-2.1,33.5,106997.19,1.4971168862371362
2026-06-05 14:00:00,2026-06-05 19:50:00,2026,Sell,3.28,7499.33,7529.76,6890.73,30.4,99.71199999999999,Closed,323.2,324.72,-1.52,99.0,107320.39,3.241335044929397
2026-06-08 17:20:00,2026-06-08 19:50:00,2026,Sell,3.31,7414.13,7444.3,6810.73,30.2,99.962,Closed,29.57,31.11,-1.54,9.4,107349.96,0.29581240871531184
2026-06-09 13:50:00,2026-06-09 14:00:01,2026,Buy,3.81,7478.63,7452.44,8002.43,26.2,99.822,StopLoss,-101.81,-100.05,-1.76,-26.3,107248.15,-1.0199154495001101
2026-06-09 14:15:00,2026-06-09 17:02:34,2026,Sell,3.69,7428.67,7455.72,6887.67,27.1,99.99900000000001,StopLoss,504.35,506.05,-1.7,137.1,107752.5,5.043550435504355
2026-06-10 14:25:00,2026-06-10 14:55:56,2026,Buy,2.06,7395.83,7347.31,8366.23,48.5,99.91,StopLoss,-101.2,-100.24,-0.96,-48.7,107651.3,-1.0129116204584125
2026-06-10 15:20:00,2026-06-10 19:50:00,2026,Sell,2.47,7314.47,7354.83,6507.27,40.4,99.78800000000001,Closed,81.33,82.47,-1.14,33.4,107732.63,0.8150278590612097
2026-06-11 13:55:00,2026-06-11 14:16:32,2026,Buy,2.79,7323.43,7287.69,8038.23,35.7,99.60300000000001,StopLoss,-101.35,-100.05,-1.3,-35.9,107631.28,-1.0175396323403911
2026-06-12 15:00:00,2026-06-12 19:50:00,2026,Buy,2.19,7435.23,7389.75,8344.83,45.5,99.645,Closed,-26.97,-25.95,-1.02,-11.8,107604.31,-0.27066084600331175
2026-06-15 15:05:00,2026-06-15 19:50:00,2026,Buy,4.48,7559.68,7537.36,8006.08,22.3,99.90400000000001,Closed,-19.33,-17.25,-2.08,-3.9,107584.98,-0.19348574631646376
2026-06-16 14:30:00,2026-06-16 19:50:00,2026,Sell,5.18,7542.23,7561.53,7156.23,19.3,99.974,Closed,102.5,104.9,-2.4,20.2,107687.48,1.02526656930802
2026-06-17 15:10:00,2026-06-17 15:39:06,2026,Sell,4.7,7497.88,7519.12,7073.08,21.2,99.64,StopLoss,-102.53,-100.35,-2.18,-21.4,107584.95,-1.02900441589723
2026-06-22 14:30:00,2026-06-22 15:45:29,2026,Sell,4.1,7493.37,7517.73,7006.17,24.4,100.03999999999999,StopLoss,6.26,8.16,-1.9,2.0,107591.21,0.0625749700119952
2026-06-23 13:50:00,2026-06-23 15:19:00,2026,Buy,3.35,7390.83,7361.04,7986.63,29.8,99.83,StopLoss,-38.58,-37.02,-1.56,-11.1,107552.63,-0.3864569768606631
2026-06-23 16:05:00,2026-06-23 19:50:00,2026,Buy,2.91,7395.33,7361.04,8081.13,34.3,99.813,Closed,-55.76,-54.42,-1.34,-18.7,107496.87,-0.5586446655245308
2026-06-24 14:50:00,2026-06-24 16:55:11,2026,Buy,3.39,7413.78,7384.36,8002.18,29.4,99.666,StopLoss,-101.57,-100.01,-1.56,-29.5,107395.3,-1.0191038067144262
2026-06-24 17:25:00,2026-06-24 19:50:00,2026,Sell,3.44,7360.03,7389.08,6779.03,29.1,100.104,Closed,48.45,50.05,-1.6,14.6,107443.75,0.48399664349076965
2026-06-25 13:50:00,2026-06-25 14:05:25,2026,Sell,2.31,7356.17,7399.41,6491.37,43.2,99.79200000000002,StopLoss,-38.62,-37.56,-1.06,-16.3,107405.13,-0.3870049703383036
2026-06-25 15:15:00,2026-06-25 19:50:00,2026,Sell,2.4,7357.87,7399.41,6527.07,41.5,99.6,Closed,24.54,25.66,-1.12,10.7,107429.67,0.2463855421686747
2026-06-26 14:00:00,2026-06-26 19:50:00,2026,Buy,3.3,7334.83,7304.53,7940.83,30.3,99.99,Closed,70.75,72.27,-1.52,21.9,107500.42,0.7075707570757076
2026-06-29 14:15:00,2026-06-29 14:34:09,2026,Sell,1.91,7350.77,7402.89,6308.37,52.1,99.511,StopLoss,-100.51,-99.63,-0.88,-52.2,107399.91,-1.0100390911557517
2026-06-29 17:20:01,2026-06-29 19:50:00,2026,Buy,2.92,7430.83,7396.65,8114.43,34.2,99.864,Closed,14.55,15.91,-1.36,5.5,107414.46,0.1456981494832973
2026-06-30 14:00:00,2026-06-30 19:50:00,2026,Buy,4.04,7466.48,7441.76,7960.88,24.7,99.788,Closed,105.99,107.87,-1.88,26.7,107520.45,1.062151761734878
2026-07-01 14:10:00,2026-07-01 19:50:00,2026,Buy,3.7,7487.33,7460.32,8027.53,27.0,99.9,Closed,21.41,23.13,-1.72,6.2,107541.86,0.2143143143143143
2026-07-02 15:05:00,2026-07-02 19:50:00,2026,Sell,3.51,7486.77,7515.24,6917.37,28.5,100.035,Closed,92.59,94.21,-1.62,26.8,107634.45,0.925576048383066
2026-07-06 15:30:00,2026-07-06 19:50:00,2026,Buy,3.77,7536.05,7509.54,8066.25,26.5,99.905,Closed,27.29,29.03,-1.74,7.7,107661.74,0.27315950152645013
2026-07-07 14:15:00,2026-07-07 19:50:00,2026,Sell,3.16,7497.95,7529.54,6866.15,31.6,99.85600000000001,Closed,-7.62,-6.16,-1.46,-1.9,107654.12,-0.0763098862361801
2026-07-08 14:50:00,2026-07-08 16:40:44,2026,Sell,3.82,7438.35,7464.5,6915.35,26.1,99.702,StopLoss,-102.61,-100.85,-1.76,-26.4,107551.51,-1.0291669174138933
2026-07-09 15:10:00,2026-07-09 19:50:00,2026,Buy,3.56,7523.8,7495.72,8085.4,28.1,100.036,Closed,45.53,47.17,-1.64,13.2,107597.04,0.4551361509856452
2026-07-13 16:00:00,2026-07-13 19:50:00,2026,Sell,4.94,7537.35,7557.58,7132.75,20.2,99.78800000000001,Closed,101.95,104.23,-2.28,21.1,107698.99,1.0216659317753636
2026-07-14 15:10:00,2026-07-14 16:01:57,2026,Buy,3.85,7554.0,7528.04,8073.2,26.0,100.10000000000001,StopLoss,-102.46,-100.68,-1.78,-26.1,107596.53,-1.0235764235764235
2026-07-14 17:25:00,2026-07-14 19:50:00,2026,Buy,4.21,7551.75,7528.04,8025.95,23.7,99.777,Closed,-9.52,-7.58,-1.94,-1.8,107587.01,-0.0954127704781663
2026-07-15 14:55:00,2026-07-15 17:29:38,2026,Sell,5.01,7556.45,7576.4,7157.45,19.9,99.69899999999998,StopLoss,7.2,9.52,-2.32,1.9,107594.21,0.07221737429663287
2026-07-17 13:55:00,2026-07-17 15:14:01,2026,Buy,4.24,7462.0,7438.43,7933.4,23.6,100.06400000000001,StopLoss,6.1,8.06,-1.96,1.9,107600.31,0.060960984969619436
2026-07-20 14:00:00,2026-07-20 15:55:54,2026,Sell,4.32,7481.6,7504.71,7019.4,23.1,99.79200000000002,StopLoss,-39.58,-37.58,-2.0,-8.7,107560.73,-0.3966249799583132
2026-07-20 16:35:01,2026-07-20 19:50:00,2026,Sell,4.8,7483.9,7504.71,7067.7,20.8,99.84,Closed,137.22,139.44,-2.22,29.1,107697.95,1.3743990384615383
2026-07-21 15:30:00,2026-07-21 19:50:00,2026,Buy,3.53,7506.85,7478.57,8072.45,28.3,99.899,Closed,1.18,2.82,-1.64,0.8,107699.13,0.011811930049349842
2026-07-22 14:00:00,2026-07-22 14:42:01,2026,Buy,5.17,7513.1,7493.79,7899.3,19.3,99.781,StopLoss,-102.7,-100.3,-2.4,-19.4,107596.43,-1.029254066405428
2026-07-22 15:15:01,2026-07-22 19:50:00,2026,Buy,4.86,7514.35,7493.79,7925.55,20.6,100.11600000000001,Closed,-31.91,-29.65,-2.26,-6.1,107564.52,-0.3187302728834551
2026-07-23 15:10:00,2026-07-23 19:50:00,2026,Sell,2.65,7394.95,7432.65,6640.95,37.7,99.905,Closed,19.05,20.27,-1.22,7.7,107583.57,0.19068114708973524
2026-07-24 15:00:00,2026-07-24 16:53:32,2026,Buy,5.35,7429.35,7410.67,7802.95,18.7,100.04499999999999,StopLoss,6.08,8.56,-2.48,1.6,107589.65,0.0607726523064621
2026-07-24 17:15:00,2026-07-24 18:31:27,2026,Buy,4.63,7432.25,7410.67,7863.85,21.6,100.00800000000001,StopLoss,-102.15,-100.01,-2.14,-21.6,107487.5,-1.021418286537077
2026-07-27 14:00:00,2026-07-27 19:50:00,2026,Sell,3.22,7438.4,7469.38,6818.8,31.0,99.82000000000001,Closed,70.31,71.81,-1.5,22.3,107557.81,0.7043678621518733
2026-07-28 15:20:00,2026-07-28 19:50:00,2026,Buy,3.62,7429.85,7402.28,7981.25,27.6,99.912,Closed,16.78,18.46,-1.68,5.1,107574.59,0.16794779405877172
2026-07-29 14:00:00,2026-07-29 16:59:31,2026,Sell,4.16,7396.25,7420.28,6915.65,24.0,99.84,StopLoss,105.41,107.33,-1.92,25.8,107680.0,1.0557892628205128
2026-07-30 13:55:00,2026-07-30 15:00:44,2026,Buy,4.1,7401.65,7377.28,7889.05,24.4,100.03999999999999,StopLoss,-102.56,-100.66,-1.9,-24.6,107577.44,-1.025189924030388
2026-07-30 16:05:00,2026-07-30 19:50:00,2026,Buy,3.41,7406.6,7377.28,7993.0,29.3,99.91300000000001,Closed,115.72,117.3,-1.58,34.4,107693.16,1.1582076406473631
2026-07-31 14:05:00,2026-07-31 16:35:24,2026,Sell,2.15,7424.95,7471.33,6497.35,46.4,99.75999999999999,StopLoss,-101.08,-100.08,-1.0,-46.5,107592.08,-1.0132317562149158
2026-08-03 14:00:00,2026-08-03 19:50:00,2026,Buy,3.11,7558.4,7526.31,8200.2,32.1,99.831,Closed,145.2,146.64,-1.44,47.1,107737.28,1.454458034077591
2026-08-04 13:55:00,2026-08-04 19:50:00,2026,Buy,4.3,7660.25,7637.02,8124.85,23.2,99.75999999999999,Closed,391.02,393.02,-2.0,91.4,108128.3,3.9196070569366483
2026-08-05 14:40:00,2026-08-05 19:50:00,2026,Sell,4.33,7763.5,7786.55,7302.5,23.1,100.02300000000001,Closed,97.81,99.81,-2.0,23.1,108226.11,0.9778750887295922
2026-08-06 16:05:00,2026-08-06 19:50:00,2026,Sell,4.72,7703.15,7724.3,7280.15,21.2,100.064,Closed,-13.51,-11.33,-2.18,-2.4,108212.6,-0.135013591301567
2026-08-07 14:30:00,2026-08-07 16:30:24,2026,Buy,5.03,7754.55,7734.7,8151.55,19.9,100.097,StopLoss,-102.17,-99.85,-2.32,-19.9,108110.43,-1.0207099113859557
2026-08-10 14:50:00,2026-08-10 16:31:59,2026,Buy,4.99,7773.25,7753.23,8173.65,20.0,99.80000000000001,StopLoss,-114.1,-111.78,-2.32,-22.4,107996.33,-1.1432865731462925
2026-08-11 15:40:00,2026-08-11 19:50:00,2026,Sell,4.94,7741.05,7761.26,7336.85,20.2,99.78800000000001,Closed,80.22,82.5,-2.28,16.7,108076.55,0.8039042770673828
2026-08-13 14:00:00,2026-08-13 19:50:00,2026,Buy,3.83,7800.65,7774.55,8322.65,26.1,99.96300000000001,Closed,-2.93,-1.15,-1.78,-0.3,108073.62,-0.02931084501265468
2026-08-14 15:15:01,2026-08-14 19:50:00,2026,Sell,5.71,7785.55,7803.06,7435.35,17.5,99.925,Closed,2.5,5.14,-2.64,0.9,108076.12,0.02501876407305479
2026-08-17 17:15:00,2026-08-17 19:50:00,2026,Sell,5.14,7763.25,7782.68,7374.65,19.4,99.71599999999998,Closed,44.39,46.77,-2.38,9.1,108120.51,0.4451642665169081
2026-08-19 15:00:00,2026-08-19 16:51:10,2026,Buy,4.06,7742.15,7717.56,8233.95,24.6,99.87599999999999,StopLoss,-101.76,-99.88,-1.88,-24.6,108018.75,-1.0188633906043496
